"valeur_actuelle";"valeur_canonique_proposée";"actions";"pistes";"albums";"versions";"justifications";"validation"
"[VIDE]";"Minimatic";"update · no-change";"e4634d446f840997aa4a01086dc78f5d · 334e54b441787d3a9be0ff4653d32893 · c80e462881843eb2e52be2419c3cdf8b · 236727f04eb5e4573ba639882f392278 · aaa4a04cbdf0f49b0fce3a33c78e5b40 · 8dbf80ca29a06754f13b420640c39c79 · 87e0f06e0978bf9697298b65cf174515 · e6e4e1d4f86a8914840863fa91001b8c · 14ffab295a516a39c0f3ee6c367fc5a2 · 52ab46d43be3e2f649994241da5d8df1 · ebf6292bd7e33421d19ac6c2b3a66e46 · 96a05aedd42c6f6dd8b7ac55fd74fada · 4d35938510e85c3074c6ef8e0b128160 · 3563376668e34c4917efb326c1953b86 · fa02a20b3f456a8f37222483f5eaf8ec · e2d216d1d192a75ff3d31f21094d2e71 · e6eac8acb855ed8887104a7da7cae277 · a9a93bcea19aee111a216c0aa75bd221 · e198af0d97b9e0c5937f95045b7b3f7e · ebd5e621f22dcd3fa73db5d93121a6b4 · 0d758bd7555f09c0e8dbe0bb420627ee";"PGO0050 · Riviera Bizarre";"Main";"composer-vide-minimatic-attesté-par-ayant-droit · aucun-compositeur";"pilot-pending"
"208";"2080";"update";"769ee077fc732b66 · 42f5913a2d0b180d · 86b8412bf43ec5a8 · 6d7dc5ca54b15c71";"PGO0045 · Pixel Fiction";"Main";"correction-explicite-validée";"pilot-pending"
"2080";"2080";"no-change · update";"1e19c3fb4db7dfc9 · 0eca2e38f587f6cc · 769ee077fc732b66 · 42f5913a2d0b180d · 86b8412bf43ec5a8 · 6d7dc5ca54b15c71 · fae31eda02159382 · 1449ace6609cc034 · 22cc896eeec38224 · 07d9f4190973c110 · 62e1a1d22420ffa9 · a6b9bad02eb5390e · d802c7db2062edc1 · 893f1fcc31807e66 · be810288deb5782c · a8bf526c40440c26 · da2c2bf1cb5e66e8 · 32c12b77e162e59e";"PGO0045 · Pixel Fiction";"Main";"déjà-canonique · correction-explicite-validée";"pilot-pending"
"Adalber GAVIRA (SACEM)";"Adalber GAVIRA";"update";"b1358f5138902a06 · e52039e5d3bc7190 · 0e0f69cd94f39e03";"PGO0026 · Latin Experience";"Main";"suffixe-société · suffixe-société-et-identité-structurée";"pilot-pending"
"Alain Lubrano (NS)";"Alain Lubrano";"update";"d881b0c4f0a0d720";"PGO0006 · Acoustic Trip";"Main";"suffixe-société-et-identité-structurée";"pilot-pending"
"Alexandre Reiss (NS)";"Alexandre Reiss";"update";"699494de1b15e890";"PGO0015 · Reggae Experience";"Main";"suffixe-société-et-identité-structurée";"pilot-pending"
"Alfirraz SCHEERS (NS)";"Alfirraz SCHEERS";"update";"3a653803fe918d5d";"PGO0027 · Future Beat";"Main";"suffixe-société";"pilot-pending"
"Amaury Messelier";"Amaury Messelier";"no-change";"e4e33e234c3ab77c";"PGO0035 · Trap In The Cloud";"Main";"déjà-canonique";"pilot-pending"
"Amaury Messelier (NS)";"Amaury Messelier";"update";"cde079836b1ed33b · c265958c00eaf8be · 936fbc29c1f8fba2 · c2d8e4fe06394d07 · 9d1d03690ac0412c · 3e065969c3246c70 · 0095c926f85623fc · 83997a6017c32077 · a71ddcebc5420457 · 58250ac0f7239d54 · 1a4b579e5dd70e8e · 77c2d9aa0e731e52 · eca268e19a2ec247 · fdf03aa507cc56d2 · 2533aad79f5767c6 · ee941bc56d91b91f · 1afc40b71d0ef68d · c48c7911b8eea08b · 1708d672f6e57c6e · d02e52c1c316c624 · 08a97ce651826df1 · b5778bf828a057e6 · d95d747cf8b0418e";"PGO0035 · Trap In The Cloud";"Main";"suffixe-société-et-identité-structurée · suffixe-société";"pilot-pending"
"Amaury Messelier (SACEM)";"Amaury Messelier";"update";"bdbfbe12ef9e6dc48d73ac3fc373ec05 · 9405f1c07211a156d34cfd3a3fe1dbba · 59e2483a02a82f21 · 1e7ac67c54775d97 · 1a0fc806b1523520 · 2754dfa92efa3a7d · e6edc2b383a014db · 3e61debb00aef8e1 · 80930ec69f831fec · 0f9ed7a4f79d290a · e65e6d7c03907861 · 4d28e33baeac678d · b911885c1383a23e · b23c1784977ba396";"PGO0049 · Odyssey Suites And Remixes · PGO0032 · Diggin Hip-Hop Vol.2 · PGO0024 · Caught In The Trap";"Main";"suffixe-société-et-identité-structurée · suffixe-société";"pilot-pending"
"Arandel (SACEM)";"Arandel";"update";"7d69dec15c3a6db681242b9d51ee95b7 · e83e4f5567b10a28b7c1442a84ca4c38";"PGO0049 · Odyssey Suites And Remixes";"Main";"suffixe-société-et-identité-structurée";"pilot-pending"
"Aristide GONCALVES (NS)";"Aristide GONCALVES";"update";"a6c9582fe97bf9fc · edfc1b05824ed0b4 · 2264a41547610aba · c3c79a9946cf2f4b · e0e9309227f5ec68 · 03880f302ce16a4a · 60390a1ae0e67caf · 48dacc20ba776f29 · b76e9e3a67f6168f · 5c07ab4e06066911 · 6b7f9c1f5e8629dc · 0da0fa5627422a83 · 497161884cec9b2d · 84cba2df77996461 · 6e449d10caebc6d6 · 421dbe3d25331f0b · 0bc592729c715851 · 9037e4465d6563c5 · d2468a2443d87ca0 · a5beebf286bd5188";"PGO0030 · Afrobeat";"Main";"suffixe-société · suffixe-société-et-identité-structurée";"pilot-pending"
"Aristide Goncalves (SACEM)";"Aristide Goncalves";"update";"8e1dcf6aa9ac6d33771f862a0c9d5786 · 520602865841b7b134578cde6a14e399 · 12e7d98d7fef071d3966e5b2f77ab9ae";"PGO0048 · Solo Piano Vol.2";"Main";"suffixe-société";"pilot-pending"
"Arnaud NGASSAM (SACEM)";"Arnaud NGASSAM";"update";"163a7e9549d20509";"PGO0027 · Future Beat";"Main";"suffixe-société-et-identité-structurée";"pilot-pending"
"Arnold TURPIN (NS)";"Arnold TURPIN";"update";"a6c9582fe97bf9fc · edfc1b05824ed0b4 · 2264a41547610aba · c3c79a9946cf2f4b · e0e9309227f5ec68 · 03880f302ce16a4a · 60390a1ae0e67caf · 48dacc20ba776f29 · b76e9e3a67f6168f · 5c07ab4e06066911 · 6b7f9c1f5e8629dc · 0da0fa5627422a83 · 497161884cec9b2d";"PGO0030 · Afrobeat";"Main";"suffixe-société · suffixe-société-et-identité-structurée";"pilot-pending"
"Assitan KEITA (NS)";"Assitan KEITA";"update";"a6c9582fe97bf9fc · edfc1b05824ed0b4";"PGO0030 · Afrobeat";"Main";"suffixe-société · suffixe-société-et-identité-structurée";"pilot-pending"
"Bastien Belmokadem (NS)";"Bastien Belmokadem";"update";"f2bce59b49b9dab1 · 565b01c84208c64a · 6d75c032c1f0937d";"PGO0015 · Reggae Experience";"Main";"suffixe-société-et-identité-structurée";"pilot-pending"
"Beat Assailant (SACEM)";"Beat Assailant";"update";"163a7e9549d20509";"PGO0027 · Future Beat";"Main";"suffixe-société-et-identité-structurée";"pilot-pending"
"Benoit Bernardi (NS)";"Benoit Bernardi";"update";"72fcd33b5a0a8c7f · 87ce421b1c587f75";"PGO0003 · Electro Boutique";"Main";"suffixe-société-et-identité-structurée";"pilot-pending"
"Bertrand Gueugneau (NS)";"Bertrand Gueugneau";"update";"25f7df751c1f6f14 · e1b87e78c5677650 · 699494de1b15e890";"PGO0015 · Reggae Experience";"Main";"suffixe-société-et-identité-structurée";"pilot-pending"
"Blankalfe (NS)";"Blankalfe";"update";"699658789624d483 · c5c1c3a1a3859b9d";"PGO0032 · Diggin Hip-Hop Vol.2";"Main";"suffixe-société-et-identité-structurée · suffixe-société";"pilot-pending"
"Bonetrips (SACEM)";"Bonetrips";"update";"086564484c5ce1bbc961900d97eeb525 · a3d445b7bec643e2a4b5b820d2b48364 · f65a1303d4c8740cc5baafa318158537 · c0dd11edfe0bb01796d653effd2669f5 · 2c6092025e222f6c27fd03f6150bfc51 · 5979ecc80f63bb7899a91318b727215a · 1c39dfca22329f1bbbad9b086f16016b · 56e007019da368d28c3aea8cc34eff6f · e97f91f9c2a3c39afd01a1706d09515d · 7abf09e4bad698e8c3c1363e230df031 · d88f93c68331c7666877d5d93687ea5c · 5ba20dd2348a2511e59518552151aed9 · 69fd53f9918ef5e855d32ee34e5b9dfe · 28d1b1895002513b · 43c6c3657f446b70 · 17da3efe4c030021 · 2b7c1e6c2cb512fe · 1a0fc806b1523520 · 2754dfa92efa3a7d · e6edc2b383a014db · 7f17d01c416260b2 · 65125d143d097c1e · 13d65fb89f508c9b · 396b64035fe5946d · 5a516a4f0d554384 · 453173785ab4e555 · f1957c687d4e95c0 · 0c5cdb3f09efdae8";"PGO0051 · Lofi Hip Hop · PGO0032 · Diggin Hip-Hop Vol.2 · PGO0027 · Future Beat · PGO0024 · Caught In The Trap";"Main";"suffixe-société-et-identité-structurée · suffixe-société";"pilot-pending"
"Brice Torres (SACEM)";"Brice Torres";"update";"55385476aadfce3c94cf3961c72af56a";"PGO0049 · Odyssey Suites And Remixes";"Main";"suffixe-société-et-identité-structurée";"pilot-pending"
"Bruck TESFAYE (NS)";"Bruck TESFAYE";"update";"6b7f9c1f5e8629dc";"PGO0030 · Afrobeat";"Main";"suffixe-société";"pilot-pending"
"Bruno HOVART (SACEM)";"Bruno HOVART";"update";"ea688fa759877ca6 · 4070ac60c40c15f7 · e88e94d14600635e · aead18bff7d223cc · 4fbf3efe03f98f77 · ed81479ecfef4717 · fd4c1132a6f3a289 · 660a6213a52dd80c · 85b6550f3ba49fae · 09f21f66a401b2aa · c88f9eeb9d28e61c · 67be3b8874f80db4 · 7854a2df8af9601a · 95377216d22d4aa3 · 1b9cdc64eef15ef9 · aa0d0f63f49a0363 · d0cca66ee3a4fdad · db91705370f2054f · 1d5516738d8bb053 · 5fb246166ceb01c7 · 270ebbf604099178 · 1e14acc6eb746eb3 · 85f27d94fe76fb8e · 324b720a172820b7 · ab27c2a804f4aa93 · 1bb3f9dcb9fc486c · 7baa1bb813e8a9d1 · 0c4c0fa8fb01f647 · b5e3ff76adafd5ca · 770da9e52ee6bdb1 · 5fd27c6acc635e79 · 93d2d1398b1e6851 · c2919fa83052f142 · 243fe8823a48cf8f · 8e0ec82cdb9bc4e4 · ba9ba3247ddd53d8 · 122b3d578169d352 · bd514275a25b4ae0 · 603646f5e4b50cb8 · b5ec9a07efbb52cf · eed04054127a453a · 5ad116b37f172d0a · 40e60006bf0b6db1 · 077cf8af81197947 · 01ff06646a2c6b75 · dfd2f82cdfcf938c · 35c5840fd28309f5 · 77c7c298526cbc11 · 53fb937f82514c61 · 64f9436689219d43 · 8fba213e2b5f232c · 817858ea0439dd85 · 14ada340e261207a · 6e644eb80d83ed16 · 8464ef95521d04e7 · e03aba50d9b66d3e · 9b617236a682f9a5 · ec054783bc5c8cd4 · e9a1e9e250c9d5d3 · 7785362d364133e2 · 11e9fa58b6b9d348 · 1965ab51c8049ddc · 80f82748e9c66661 · 55c0ed09563f50f0 · 19bc554865ffb97f · a02ede22509f3b33 · 206ada3856ab30f4 · e7bcb6635ac63706 · 8d5e030ec5080cda · 8f9c177bc880d9fa · 00124270ceedec07 · acc838cde4d73fe7 · ee7923e6f7df1d6e · 18b907227580108e · 12e1e757e51b39d4 · 06a828f364d6480c · cdac106320ea1203 · d26d94913ac883f6 · 9ba88b7bba330627 · e64659628e812fb6 · 2abc28121a7a73c7 · 2c2d051dc3d8e68e · 8f76d1143ca427f7 · 18cac71e8785d997 · c204182e97afc229 · 743e0950dd15809c · 9fcddd41041f8ea6 · 5b5f662eee00aacf · f86505312cc8a581 · 02a427e363dbe4d8 · b5d0a97cf81c6e44 · 110be16dc9043a2d · ecb49e89d9d48743 · e09bcec8afdb310e · 70f66c8c1d8f0c9f · 7ca987aea3eeed27 · 8319613d1de0599f · 8ec95b43f32cd5ba · 15a8af66ba048da4 · c9ba1e5d1c0151d8 · ce1805c1077806c8 · 5e27e97e6b45b47e · bc73f0d68f1469f5 · 27999b2e8e888f0f · a7452a9847a49918 · 1b2aa8a79d78c346 · bf788c40733d35df · 696559136f45707b · b2d1a1bfae2446e7 · 63775f548d0e015a · fdc005857bc7a97b · 59411544a84f3e45 · fb6e769c084d643e · 1dcbaf2fc84fdafe · 1234491aba7a36d8 · f6e8508d8ae4a2a3 · fc18ada24d26bec8 · 7d4c2834db9d289e · 54d79b7eee9b0b8e · c2b23666f4e964fd · 1c6bd798bb5bbc03 · 06048196dde76463 · dcc181010db9247f · 9619d55cc0cd493f · d01031dc60d22163 · c9509b57342cd2d0 · 27eaad354bfebc2e · b7ba3d8e2762abb4 · 86982f327a036b9f · 5b7bb4fb95575a19 · 337b5e1cc9fd3272 · 6867ca265ff467f7 · 08964fcd50266d2c · 724ca69ab4cd5cba · 8f2bc2cb1bafd4d0 · 98c35100b8974c00 · 1b2734ee79f308a5 · da8311a8916dbeb3 · 8e2b2c78cbe76310 · 552d2113ae154dd0 · 05992c38b3b75842 · 58198316c62c7f2f · 9f0d2be1a893907f · 4f6e25606c33de6d · b8e75d1c69125106 · 6fd7addedf4488ee · 4fc9a099717b3c66 · bd2e920aabf481c6 · 8692aaae1343b46e · e36d5a93856c523e · a0755b354b018414 · f9c96641fa0aad58 · 0b658b398eb49c5f · 315b2b9225a0d184 · 691fe2281d6159eb · 9917982813a0d25b · e5bace83a8334d2e · 5a422f85dfe61ed1 · 2727a000fca6c532 · 9048d2f63aada415 · 2abcfc752d4f0b20 · 33b87a003f29df76 · 4c7f81727ad4b23b · e4338913043ecbb0 · a813edf93e5bb8b3 · fbe051a03dd97d95 · 4db2d12a851dce49 · 90829b1d4a5e703f · b607fa2d371f168c · e4c2c9cc2ddb244f · 62495e13311556ad · e002e4dd162b22b6 · d86bead63d0019cd · bb04e4d227520397 · 5e08993d616c279b · 287b64fdd960eeb0 · 0b771f8af2127f9e · cd70ba7bb8963065 · e297f999b692b21e · 419e924311d382cd · 8d2d8864a9e79143 · ca5c943d29e5eb3f · 9bff579b752354c3 · 94c43359a0817393 · edd31d4e866cb739 · a1a1427438345230 · bea13ba9f007938d · 09ad6a8e1ceceb3d · 6a2f0a2d2f16180c · b8feea426c30bc35 · 30c4fda8a24d9ca6 · 545803b457be4c5a · 3ca77693e364e42b · 2fc73e8a68e67b08 · d175cc2c4ae45146 · 05c657bfd8df9e03 · a55aa2688f55bc1b · 4c6098e105d9bbb4 · bbbb7b61be5029b9 · 4b753ca78416738f";"PGO0029 · Go-Go Funk";"Main · Commercial · Stem · MAIN · Commercials";"suffixe-société-et-identité-structurée · suffixe-société";"pilot-pending"
"Cally REED (NS)";"Cally REED";"update";"936fbc29c1f8fba2 · c2d8e4fe06394d07 · d95d747cf8b0418e";"PGO0035 · Trap In The Cloud";"Main";"suffixe-société-et-identité-structurée · suffixe-société";"pilot-pending"
"Camille FLORIOT (NS)";"Camille FLORIOT";"update";"a6c9582fe97bf9fc · edfc1b05824ed0b4 · 2264a41547610aba · c3c79a9946cf2f4b · e0e9309227f5ec68 · 03880f302ce16a4a · 60390a1ae0e67caf · 48dacc20ba776f29 · b76e9e3a67f6168f · 5c07ab4e06066911 · 6b7f9c1f5e8629dc · 0da0fa5627422a83 · 497161884cec9b2d";"PGO0030 · Afrobeat";"Main";"suffixe-société · suffixe-société-et-identité-structurée";"pilot-pending"
"Camille LUCA (NS)";"Camille LUCA";"update";"fdf03aa507cc56d2";"PGO0035 · Trap In The Cloud";"Main";"suffixe-société-et-identité-structurée";"pilot-pending"
"Carla Andipatin (NS)";"Carla Andipatin";"update";"68729ccb18b7faac · deff068d5b4d0142 · 2269c69bf426023b · 3b481dabbd84b31b · 52886dafc05e759f · ca024c7bed27918a · e0e3f51b0be288f1 · bb790c54a9196443 · 9b09600aa455c51b · 112ce386e039d80a · 7a4bd15fee6bd9f0";"PGO0006 · Acoustic Trip · PGO0004 · Paris Accordéon · PGO0002 · Parfum Pop";"Main";"suffixe-société-et-identité-structurée · suffixe-société";"pilot-pending"
"Cedric Bertin (SACEM)";"Cedric Bertin";"update";"3ad637894baa821312956d42996dd11b";"PGO0048 · Solo Piano Vol.2";"Main";"suffixe-société";"pilot-pending"
"Cedric Denis (NS)";"Cedric Denis";"update";"6e8c5a0ed0d3e2f7 · cff7fbfb7ba25af4 · 16b84e5f1928e6ab · 9ae7029aaf940b44";"PGO0006 · Acoustic Trip · PGO0002 · Parfum Pop";"Main";"suffixe-société-et-identité-structurée · suffixe-société";"pilot-pending"
"Cédric Hanak (NS)";"Cédric HANAK";"update";"b655ae4fb9e3f7bc · 8bb203b19867385f · f048a847d1a4f7be · 66311a6da1814ecf · 825e897bf93318d9";"PGO0042 · Light Ambient";"Main";"suffixe-société-et-identité-structurée";"pilot-pending"
"Cédric HANAK (NS)";"Cédric HANAK";"update";"9000897484ed121a";"PGO0038 · Rock Of Anarchy";"Main";"suffixe-société-et-identité-structurée";"pilot-pending"
"Centaure (NS)";"Centaure";"update";"3a653803fe918d5d";"PGO0027 · Future Beat";"Main";"suffixe-société";"pilot-pending"
"Charlotte DURAN (NS)";"Charlotte DURAN";"update";"0095c926f85623fc";"PGO0035 · Trap In The Cloud";"Main";"suffixe-société-et-identité-structurée";"pilot-pending"
"Chicho Cortez (SACEM)";"Chicho Cortez";"update";"086564484c5ce1bbc961900d97eeb525 · a3d445b7bec643e2a4b5b820d2b48364 · f65a1303d4c8740cc5baafa318158537 · c0dd11edfe0bb01796d653effd2669f5 · 2c6092025e222f6c27fd03f6150bfc51 · 5979ecc80f63bb7899a91318b727215a · 1c39dfca22329f1bbbad9b086f16016b · 56e007019da368d28c3aea8cc34eff6f · e97f91f9c2a3c39afd01a1706d09515d · 7abf09e4bad698e8c3c1363e230df031 · d88f93c68331c7666877d5d93687ea5c · 5ba20dd2348a2511e59518552151aed9 · 69fd53f9918ef5e855d32ee34e5b9dfe · 65125d143d097c1e";"PGO0051 · Lofi Hip Hop · PGO0024 · Caught In The Trap";"Main";"suffixe-société-et-identité-structurée";"pilot-pending"
"Chris KEMP (NS)";"Chris KEMP";"update";"936fbc29c1f8fba2 · c2d8e4fe06394d07 · d95d747cf8b0418e";"PGO0035 · Trap In The Cloud";"Main";"suffixe-société-et-identité-structurée · suffixe-société";"pilot-pending"
"Claire Michael (SACEM)";"Claire Michael";"update";"577d2a0d59e7d2262b2858717246f0c2 · d78b742aaa94610cd26cdfcde2c629c3 · 6b733bf842f10a1226a6cd310e79359e · 2ef85f12a751bed145ea05c415e83301 · bedfe5c41e7a406303ed0f48bb7c94ad · 433ff5a0edcf519e3905326f606081f8 · 2f99cc4ef758f7dfb5783153b9c1f9e0 · ebd8b7b4367766576bb675d92a3da483 · b2b00d6fa493a6fee4269d4862a87fb0 · bcb887922041b1c7619b2bf7671e643f · d6a3e644621d8cc32788ae2a93f608c9 · ec48b9af8480a412b39e9e092f3ec3e5 · ff4d41a7dd54cfb561d2cbac325457df · 964f88252b9ca9b9dff2b1f167d2dced · aa006e4339f14cf117343ea525174a88 · 7b2e7d9bd65e99e47dcc81a2dcaface9 · 4f304b8c7853b7be723a0953a84e1a00 · 5afee8ba57c0825699e890d2eca1eec0 · 67f42791dde8fb9f6fc212783539907f · 128d9314469f7b461652f387c8f13428 · 9ebf30fca1e6941be3ff14b4c338275f · e37353824d0aa755545ce26eb7d854c6 · 308177b8bd405d75e25dc431b3ace5cd · 903d3c1b953972b48b0de74bf51f48e1 · c3fa35fda4144199f863a6c06f8e3f30 · 643e0092c7d4b7c755fb9c171bd19ffa · bcf65ab2c1d324d2b518595f23060c55 · 00e263cec7064e22c457d23a72eafd85 · 99d6ec8885e2fa531e3ad73ae1fcca64 · 737e6ca62a5e035e34710795e4377fda · 0e60ffd95491482af44611c8985648f5 · da94095f99383e0cad4b85d60da0937d · 3ff92deb5f352d1c2ade4806a668c45e · a6f81f1d12faa038421530d981cc226c · 8154959d3d1a0c6673716d221e8d7f3d · 03b1d7af5d991f35e7882d9adfdd3d97 · 1cca3975bd9106924f766dbfd11cee26 · ac1ba84b878d5dbca630dd81fa471847 · de07097d2ff97fa6a9d915abb130e605 · b79f9cb0e0a553ee · 5ac38e27f6e42f2c · e24f02abb879a8aa · 7d44dc5cdec2f99b · ea0527f728178d66 · 0131fad245ab14a8 · bea5a1083a87a734 · 76b64ad5540ffa1f · 6f1adf79f8683fc4 · e942b4fd98ef1651 · 23e14862cd513517 · 188d4d7ece757d58 · 211d884f30e40f96 · 5f5a47f81da91e10 · 307ca114d1d2283b · 013fd2772e7de6a0 · f87510578f8a2ac4 · afc9e2f408e4387d · 09d59c8b03352d04 · bc32edcf132bbe9a · bc9d91e10fb8ba6b · 0709d7db6a60f6e9 · 7b6e33833f491c54 · 84c146078c9476b9 · b6a30ed4d000df33 · 74b2ecfde9c1f3c7 · 7b3bfa2ca1c003b0 · b3260f4ec4ce313b · 04c8a3c9fa86a353 · 4c09b22868068c61 · 1b9f675e0cbc583b · fe97e5421c164e87 · 42a491a66ea2ff0d · a7b0552b5e1c67b7 · 811f5bd94df95944 · 15c8992842d85afe · a7dab39650ada198 · 2a7dbff538541078 · 87c493c0a1d8161d · f465e395097750f4 · c3aa0ff483207523 · d0170b0111aaca23 · b691ca394f182aa4 · 55a29a9892e9df7b · 2501990ffd2dd9da · 3a016540bb4bd1ef · 4ad800fb9b5b5dbd · 2804eac9fbba2fd5 · 93bec5340797964a · 42fb2ae10fb730a3 · c663014559df9305 · 42d6faa8e7090a61 · 7d24d2b704ca6b69 · ad99eed08c754308 · a92ab8ad813f848e · d94b5f9626a5525d · aa32572b8cd3db54 · 0e902b603e145fcd · 3bba91e280640af8 · d9c83e5093afb8e6 · 043522eff9a09604 · 9ab58c239ff7df01 · d0cabad957dcd839 · ea57cfba541a1d93 · e81a58ced53b5211 · d0d145bc836df5c3 · a7cfd96d8e1fce07 · a9bd6fe3ad5626f6 · 3014ad5116e1a3c6 · f6aea579967c722f · f6decb6f2886d265 · 3318df1b902942eb · 192962c864d48ab1 · 6e303b249eaf2c0b · 7f25ebf00a585f1c · ccd6fa99b311d271 · cd5cd96996da0a16 · 2be8d3d810b2fb9f · da9ae9700bce2532 · 2ef07fdb1653e431 · 1ccd0e6543e8cb82 · 08b75d5ebe4196df · fb17f7f1e9e2d254 · ea4fea9d34eb1c74 · 1ee15060929cfd8e · a857c7580a9d98f5 · a43bfaf5f1ff8707 · 3f5efa6d4dcdd26c · a124e7931c1903bb · 11eb9cc39f4b5db4 · c8c76abcd820df7f · 01fd01aa2611f874 · 967b6b9adc469928 · 24c01ddd05a8b683 · 703678037ca3e1db · a01e032fa388857a · d89c12bd1592ff53 · b1a5db34147b3a3d · 7e8ca8e992e1ed4f · 768d0c3cd61f0a43 · 44aded10dcb4e68d · 7237ad1e01aebf41 · 7b5fab9b68d8b177 · d7ad2626618dc67c · 092c0be249eba222 · 8a411e9f4cab5cd1 · bdeff34aecbcb4e3 · dbb032fe2b85cd2f · 8a9cd2c7c55a61f1 · e3ec2e9866179ff0 · a8ec1e80fd9b1ddf · 007e627522d174ea · 8a0ebfeb181913cd · db7b529017738a13 · 2684e5776fe8974b · 6e1d445f1072f56a · beb322f20c742fb1 · 6dea6f3173c1c25c · b680b23872dcb5b7 · 4bf015a67e288608 · ebc0c6ce84d53479 · e6bf8ac62df4e662 · 8af553ad7e018cb1 · 5d29c566d1003258 · 83c62a3dd125fc65 · 03b2239ee723ddaf · c8f0c89f91d9695c · 61cb30126ea621a3 · e3ba84a191d5a334 · bdb6ea32d1d44a31 · daf26aa922a1a8a8 · ecbf6e25f7b0b51c · 4e07f0f0fab6f310 · 37400800701af49c · 6bc4a5bd24dfc1db · 2e6fa8883bce85b9 · 26a81d8727b4c1ad · 24a71ce9118cb64d · e38759fc33cb9da1 · a0bb4b10fefbe5a7 · 945736f137973e33 · a3f6c3d94aee6cf3 · 5a6d0089dd405ad7 · 61f830b8afc4d747 · 849e5bb15ed7bd0b · a45c829f4c632655 · 793be9efab2ea881 · fade39bd3780729c · ee77f2e280b0def5 · 54f1794f52686257 · 9af082848de59652 · b2c6e299961e134a · a23dbced0d6bb2d6 · 2abb4daa48f2b8fe · 84aecb0dab270bea · ef960f747859ee9d · bdfe2cb912b804c2 · 801c969c4d2639e3";"PGO0048 · Solo Piano Vol.2 · PGO0047 · Solo Piano · PGO0031 · The Projectionist · PGO0020 · A French Romance · PGO0008 · Paris Postcards";"Main";"suffixe-société · suffixe-société-et-identité-structurée";"pilot-pending"
"Clément MARTYN (NS)";"Clément MARTYN";"update";"e8191c0a7d520092";"PGO0038 · Rock Of Anarchy";"Main";"suffixe-société-et-identité-structurée";"pilot-pending"
"Cory TATE (NS)";"Cory TATE";"update";"936fbc29c1f8fba2 · c2d8e4fe06394d07 · 1afc40b71d0ef68d · c48c7911b8eea08b · d95d747cf8b0418e";"PGO0035 · Trap In The Cloud";"Main";"suffixe-société-et-identité-structurée · suffixe-société";"pilot-pending"
"Cyril Baud (NS)";"Cyril Baud";"update";"c7225d3406f03b2f · eda8eb835e5754f4 · 86064472525fbfdb · 7dddc31634d9c1bd · e2e8d0a7f13c2139 · d5b91fc351a4408d · b80f7309bf3a1525 · 54d8ac5dbb16cbc2 · 6469175e88381d46 · 205c25fdf53d7f2e · 77dd11dc455ba281 · 20a4a8b2faf34ef2";"PGO0009 · Dance Fever · PGO0003 · Electro Boutique · PGO0002 · Parfum Pop · PGO0001 · Paris Rocks";"Main";"suffixe-société-et-identité-structurée · suffixe-société";"pilot-pending"
"Dambrine Patrice (SACEM)";"Patrice Dambrine";"update";"31a0c8ac2933e4c4 · cf77de91528d9b4c · d01985ce8488e525 · efd3cc295991495d · fe72adafbd22b93d · d33a95b7675446d8 · d7c0c77d1af483f9 · a405df65cb548d21 · 99314e240b2c2329 · 4b8ef9d4917c6ecc · 54bd854adb45fba5 · b8137362382cc13d · 205d8557861e3aab · 15582a7e0746ee5c · 062237b8bd5d0f0a · 822761e59843e629 · 1e5260fd7b3e191d · 96e45242dcf2c07c · dd05f045eb46f4b9 · 63983e6c0feba66b · eed7acd0b5d6770d · 3d2c10d1dbe0c9d9 · ab823e2959d74efb · 699fa8186ca6f911 · f12c87d715e0ae99 · e8f1e765cdd591d9";"PGO0033 · Surf Fiction";"Main";"correction-explicite-validée · correction-explicite-validée+suffixe-société-et-identité-structurée · correction-explicite-validée+suffixe-société";"pilot-pending"
"Daniel AMOZIG (NS)";"Daniel AMOZIG";"update";"f8cebd2657036dbe · 6fce1f1a09c20801 · 6349a4fe383929c6 · 9edbbafaa5e7481d · 90378d72103ddbde · 6fdbd34c6bab38d9 · 273e9e235040e547 · 2d6307b88845bb61 · cc1dc305c70110c9 · a393694f5783f475 · 17410b4b426c3670 · 974dfc5a9b72bd9b · 314e8063410ab35b · 99097129a9fcec36 · c8b3e0e756dbdd32 · ce92105a25219220 · 139e54f970286651 · 1d912d35f5da0f29 · 249bf90a88813d1c";"PGO0039 · Videoclub";"Main";"suffixe-société-et-identité-structurée · suffixe-société";"pilot-pending"
"Davide Loi (NS)";"Davide Loi";"update";"017d46e7ccc2a56a · 36c3c6fce7d7d039 · e1339f6e2c041dfe · 51a6d1d9c574f2f5 · 70a4db0a917db1f4 · cfb1682881b20112 · e926627e2b4f3da4 · 30d91c18a30dd331 · 74733134feb2a95e · 9cebbbd436999ae1 · a28abe10d6908ba3 · 6c35f24591526609";"PGO0014 · Vintage Rock And Remixes · PGO0009 · Dance Fever · PGO0002 · Parfum Pop";"Main";"suffixe-société-et-identité-structurée · suffixe-société";"pilot-pending"
"DJ Troubl (SACEM)";"DJ Troubl";"update";"fbf2a6e24e9ca1ad · adb3f3f46cbc6a2b · 466978473d6c8178 · d0a0fbd2e33ede71 · 5f5d8976a3b76a35 · 288ed45260a2f879 · fe589fcc00f00210 · 60f8759bc59463e4 · 17e4ce43a579791c · 7e0294d8a1ae93cf · df6079f5129e970c · 5bd6118e62f081fc · f12fe4f3545ea075 · 297761167e993258 · c7627f8db4b45acf · 58aa2c0fa477886e · 1b1b03e26d28279d · 60fa1ae9395f8371 · 171e0ba74d907f05 · e0660bb464b20a4e · 0e6ddc74ead7f735 · 46a62302f83cadd6 · 59630f4c27e36a2c · 37a1d62d7af0cbfd · 68b5fedee2eaf3d4 · f790171f00a1bafe · 41cbb935f0389609";"PGO0024 · Caught In The Trap · PGO0010 · Dubstep Anthems";"Main";"suffixe-société-et-identité-structurée";"pilot-pending"
"Drixxxe (NS)";"Drixxxe";"update";"7c36d2086e2b47d4 · 003c424c95d5a096 · d3c2d629d7f378ab · 15e2e8e3ab4590df · d7e765ad64ffaa2d · 356ffeb17383dd77 · 925e3b47387d92f5 · 8f73b5888249fdce";"PGO0032 · Diggin Hip-Hop Vol.2";"Main";"suffixe-société-et-identité-structurée · suffixe-société";"pilot-pending"
"Drixxxe (SACEM)";"Drixxxe";"update";"96de051c1dde5002b742fc2ea45dafcc";"PGO0049 · Odyssey Suites And Remixes";"Main";"suffixe-société-et-identité-structurée";"pilot-pending"
"Ducer (SACEM)";"Ducer";"update";"8fc8847c82298f28 · aaeba7a50c979199 · c3e3c776b807c3ee · 9fa645524ea2e0a1 · ba41d096af846152 · bb56123cc36632f2 · 482d1a9d83cfd65d · 6ba5003c47d5eeb0 · d1fca9a59ceb3390 · 1edebfbde6afdbbd · ed248f2e31f6975b · 1daea7ba485f4b57 · aa78e1d9095ff715 · f96c24e038f6a1ad · c91a07de59d9f896 · 4117bee8978ae502 · a9816d015dc82ddf · af913dc0b39b1adc · dcf8e63ac1f15235 · 052a85fac3252d01 · ed45a0f1eedfa2f0 · 6ddeed0d36bed989 · 2f184442fc5f713e · 3c69a971d281ced4 · cca35a801e928fad · 36b6fe30a0e13dd8 · 13fc6b38bf5f1ef1 · b1d1795b7fa249a5 · fc5a8687fb6a4cfa · 41bccf3f6d148325 · 15ebc2673af8fd5d · 7e082c8a5f5ebdb8 · 5e1df45bb5b3cef8 · a595c22ce27e6eac";"PGO0032 · Diggin Hip-Hop Vol.2 · PGO0027 · Future Beat · PGO0024 · Caught In The Trap · PGO0023 · Edm From Paris";"Main";"suffixe-société-et-identité-structurée";"pilot-pending"
"Emin DZIJAN (NS)";"Emin DZIJAN";"update";"2df701a15873ce1b";"PGO0034 · Jazz Musette";"Main";"suffixe-société-et-identité-structurée";"pilot-pending"
"Emmanuel Berthe (NS)";"Emmanuel Berthe";"update";"f25c770e92bacb00 · dcc0332e57886180 · 6cdda0312c839050 · 536c84eb78c4ea5f · 045c45d7c559098e · 6ec8da65e77ab1c3 · 144ce65c1add3d4c · 87be7d1306998be3 · 3ea454c336ab5dde · c761b917b7830925 · a6fcb9ce765bf576 · c8e4b7150091d09f · f7f003da7df6c727 · 25c20e04ea2bb977 · 166494461bb672fe · 0bc9a6c442071915 · a66d97f4613c791f · cfb2e05deb0af978 · 74ecf36da159488f · 50084e6dc1b15913 · b31908f75c66ac8e · 6164dbab9c36b3e2 · a5b608be62747980 · 85940808a3032a0a · 7318a50e14892ac4";"PGO0014 · Vintage Rock And Remixes · PGO0011 · New Wave Drive";"Main";"suffixe-société · suffixe-société-et-identité-structurée";"pilot-pending"
"Emmanuel MAREE (SACEM)";"Emmanuel MAREE";"update";"9fc5f3193d9a25dc · 652c3d98969c56e0 · b4dd24d4c0a14783 · 2baf4afb76219e5a · f2ac47b293803630 · d397344ecc1113af · 6de10622a74e52ea · dcba6d73465dc7c5 · 4df44530408bc799 · 2be83733a7b22e66 · 6b56dd73c0e691a0 · 9270056610ad1640 · f4ee2efc4b7cc4a9 · b4ba8dd10e85ae27 · 6b8e9e616988ffea · 508f9ed05a3f245c · 56e3cdf810090b0a · 6316c608d03599a8 · 3fc00bb24cb5248b · 60000fcccc51497c · 4eabe8f15f3ea596 · a5801b56279e22e4 · 77cf68cd87e6d545 · b9ca200f24a66981 · 5536a3f59aed32df · f63a9954270e6593 · e4732404e9b451cf · 860eefec897ad3fa · e97819282da8d27e · cf2db5b8e91cc56c · 62f65d3fc33361ac · 94d3e1c636db98dd · a2e932406273adc8 · dff069c902960dc0 · 81c09d15b5f409d4 · 2c04e11d07f257be · 637fecc557af79e1 · b3bce9a701b9c6aa";"PGO0028 · Hollywood Hustlers";"Main";"suffixe-société-et-identité-structurée · suffixe-société";"pilot-pending"
"Eric Loshouarn (NS)";"Eric Loshouarn";"update";"79401646ddf67a45 · 625a9b3bd5d44a9c · be5c42b4fda7153f · 219fa08577001175 · 6fcbed04160d6ee1 · a2baf41d0b3642cd · 2ad626767bf084b2 · 837ef017e442183d · 16b43405809a0f57 · 3250deea63895ae6 · ed6bbe965a6c1011 · 07b8a7d50a0924c3 · 5b0df58a704d864f · 5bedab986a8b107f · 6a64796e6b25f93e · 2bb08dd49c5128ed · 12160f3561bdbdd2";"PGO0006 · Acoustic Trip · PGO0002 · Parfum Pop · PGO0001 · Paris Rocks";"Main";"suffixe-société · suffixe-société-et-identité-structurée";"pilot-pending"
"Fabien Girard";"Fabien GIRARD · Fabien Girard";"update · no-change";"abec363fcedca644cacf4c0183c8fad5 · 2f9a6d0dc211ad056b2f9060eabc464f · 255ad0a8c8ba1e63b043fe5e89aaf51f · 7a1ef94a77f8baa05196999db2347634 · 4a6c2cddc52793ce5c8115aa4f64e885 · a320e75a9f7c6256053c581a3809be20 · 1be33a337fe4c60a55f9ff61fb4da4c7 · d0ae6398cce4ec6f3cb70ce10c6b7894 · 65b6ec742204860de7377947376c8572 · 348672a4d7d756539bcef96d73db9958 · 745b3151c3c701d5181457d69730b14b · a92efa49c121789093cb055304265cfd · c863d0917c9e3af54299d62c050cbb48 · fc19a5e4e9ced90b3f67a164ec655822 · 9bf8a2cc1b1636c2fbba80deceafc8ec · c4daf64dd70bc0361487a672396d1e8d · eee4dc8bcf286ca1edec763a491dc13a · 306e439c0c9ac3b13348e2649cc913ee · 59bd34cbe458b79391b491f7bb0e1bc1 · 64e3fb05b8565e63d331efbc6a2fe9f7 · 42a90028176b51b538fa58f4f8c54102 · 1302c8b3463d4ae3f90149baa65ba2f3 · 7e220830df196ebad8c4ac23c0e9774e · 06a2161061717be470bdfb6a2afe6fff · 4fdf9a9d84d88b391e22ab6b3941142e · 945d2a789226570d4e74aebea2e0848f · ed0df72ed6b5352cc3bd8d4186e39c94 · 76d498a5b8db4726a43c2ca10f3ce5d9 · e2092c9dd7a4f0ab7f54073a0cc72d11 · e1b0452709c5c3a7e119a2c5a300ed50 · f3d20da9bf4e34c91ff9babd6c0c5930 · f0eb3d80e597e62a55c6a7cae279c1ef · f19711f034aa75ddc9a9b3c96502b3f7 · eacf98b1ddc6ff7648cd057cdbd7d9ed · e2ee58c7e4830a5bef0b00fe12f03c0d · bff412271050d269e23a3d674e2598a2 · 54b5e05bfad5b6671a6e56bcb782b313 · 29065fadef161ef13febfc598d0ff1f2 · 53a151dac9082d9f7c1ff4c844d380ad · a996c74d991f97c3c81dbe481fccd31c · 026503a0e2205ca2fb3f5eaeac038211 · e8c01df3e1155a322f466618db2f4bcc · 6af5b3d1d2d671aaea6a4707c891afea · 8cb74701df160ab3ead1c16b8d8e6ce9 · b9b7eead56397cb8b17fe08709707391 · 91d968abdf07cd83b717d14cba3f41eb · 91bdc7b38ce672688448e871fe75179c · 36e38c868e9e8553b5eda444e54ef809 · fa8cac260cc2925c0512e02dd5eb5e79 · b9cfa4a6478ba3c05200de1a7c29bfd1 · ed987ad9d9a6621b6f3a8eb825e1ae4f · ebb11f2242cd8e12b294de0dfad261e1 · 0ae8cd92ced36451aa938449c3a2d23b · dc4c76f40b3b266324abe256a25c4d8c · 947796580283d7380383c341384a5122 · 7f82aed63fd28408ff3a4ded1a1ac96a · 47031df400254a731b5befddb4729537 · 56cc18832dcb0880faefdb77af9edc3f · 854b38dff87418edf829479795d296fb · aba84a009a5cbfbafff8b8e5c13816fc";"PGO0055 · The World Wedding March";"Main";"variante-mécanique-attestée-par-ayant-droit · déjà-canonique";"pilot-pending"
"Fabien GIRARD (NS)";"Fabien GIRARD";"update";"a6c9582fe97bf9fc · edfc1b05824ed0b4 · 2264a41547610aba · c3c79a9946cf2f4b · e0e9309227f5ec68 · 03880f302ce16a4a · 60390a1ae0e67caf · 48dacc20ba776f29 · b76e9e3a67f6168f · 5c07ab4e06066911 · 6b7f9c1f5e8629dc · 0da0fa5627422a83 · 497161884cec9b2d · 84cba2df77996461 · 6e449d10caebc6d6 · 421dbe3d25331f0b · 0bc592729c715851 · 9037e4465d6563c5 · d2468a2443d87ca0 · a5beebf286bd5188";"PGO0030 · Afrobeat";"Main";"suffixe-société · suffixe-société-et-identité-structurée";"pilot-pending"
"Fabien Girard (SACEM)";"Fabien Girard";"update";"8e1dcf6aa9ac6d33771f862a0c9d5786 · 520602865841b7b134578cde6a14e399 · 12e7d98d7fef071d3966e5b2f77ab9ae";"PGO0048 · Solo Piano Vol.2";"Main";"suffixe-société";"pilot-pending"
"Fat Hed (NS)";"Fat Hed";"update";"1a0fc806b1523520 · 2754dfa92efa3a7d · e6edc2b383a014db";"PGO0032 · Diggin Hip-Hop Vol.2";"Main";"suffixe-société-et-identité-structurée · suffixe-société";"pilot-pending"
"Ferdinand Berville (SACEM)";"Ferdinand Berville";"update";"d8a560cc9623ba07 · 9ae0d31cb55f47c5 · 3521f3295356cdf8 · d8951383f162064c · b8d95aacfd7ff25e · 782b203eeaaf69b4 · 1837976e8ad5b076 · a216382e4809d911";"PGO0037 · Quirky Jazz Parade";"Main";"suffixe-société-et-identité-structurée · suffixe-société";"pilot-pending"
"Flore Morchin (SACEM)";"Flore Morfin";"update";"aa354a65ef3409a815d5b3503cb77a3b";"PGO0049 · Odyssey Suites And Remixes";"Main";"suffixe-société-et-identité-structurée+correction-explicite-validée";"pilot-pending"
"Flore Morfin";"Flore Morfin";"update";"5640e142e43c8014af3db832b13ee61a";"PGO0049 · Odyssey Suites And Remixes";"Main";"variante-mécanique-attestée-par-ayant-droit";"pilot-pending"
"Florent BERTEAU (NS)";"Florent BERTEAU";"update";"a6c9582fe97bf9fc · edfc1b05824ed0b4 · 2264a41547610aba · c3c79a9946cf2f4b · e0e9309227f5ec68 · 03880f302ce16a4a · 60390a1ae0e67caf · 48dacc20ba776f29 · b76e9e3a67f6168f · 5c07ab4e06066911 · 6b7f9c1f5e8629dc · 0da0fa5627422a83 · 497161884cec9b2d · 84cba2df77996461 · 6e449d10caebc6d6 · 421dbe3d25331f0b · 0bc592729c715851 · 9037e4465d6563c5 · d2468a2443d87ca0 · a5beebf286bd5188";"PGO0030 · Afrobeat";"Main";"suffixe-société · suffixe-société-et-identité-structurée";"pilot-pending"
"Florent Berteau (SACEM)";"Florent Berteau";"update";"8e1dcf6aa9ac6d33771f862a0c9d5786 · 520602865841b7b134578cde6a14e399 · 12e7d98d7fef071d3966e5b2f77ab9ae";"PGO0048 · Solo Piano Vol.2";"Main";"suffixe-société";"pilot-pending"
"Francisco SMITH ANGULO (SACEM)";"Francisco SMITH ANGULO";"update";"fa1272f633e71105 · eace439b03f45a11 · 53c85d6f071fb7df · b1358f5138902a06 · e52039e5d3bc7190 · 0e0f69cd94f39e03 · 9493296d334383d3 · 275bc5de2180cef0 · c310fd0da85e536a · 42c79ac378f05e2b · a8d76dc2b1487f80 · 9298364b71ace450";"PGO0026 · Latin Experience";"Main";"suffixe-société · suffixe-société-et-identité-structurée";"pilot-pending"
"Franck Lepretre (NS)";"Franck Lepretre";"update";"72fcd33b5a0a8c7f · 87ce421b1c587f75";"PGO0003 · Electro Boutique";"Main";"suffixe-société-et-identité-structurée";"pilot-pending"
"Franck Sinnassamy (SACEM)";"Franck SINNASSAMY · Franck Sinnassamy";"update";"911a4bf3c2aff655b25c22aeb114f2c7 · 66d1d59ecf1d1820694899e59669ff70 · 23b92c9b02375642f77e44705437fccb · 26b304102cecb703d4379caf05f73f8d · 6b1e7fb117b4b81a7b4887931c259a10 · 8050b13f902b3d1342f3356c5b42324d · 7b30f2d4a1914434b019d2951f307ae4 · 3d766cb26fa5876c9e075c1891164990 · 8581ff471cb5a613c8e0a5c813e7feda · 881b1ac16785a1bf925f2205b88d5a52 · 0bbe9a00f7d94f2b6db52acbfb944601 · a58fd418d480baeb91703a1395b14b5e · 95e9ae557cb042544e09bcd796dfb38e · 2da6aa1cb250a59a0705562fb62b85a8 · 5e0a9a1a8119efbfdd701ecbfa5c39cd · 984e25bcdcf72dbc1e71769fde922544 · b35bb2d46f14ef08eecac9302a26cea4 · 4c93910f697158e6acbcb39fafcc46a9 · 331cc2152200017dcd05a9188ea9f6df · 13fea6339664bbb67e9b095e54f54d8e · 285a4b20199b8eb0872cae7c04aeecff · ca3df1d5a176d528f0b6e2e7b23ad6eb · c0a1ef1a320637385e3013f280aab00e · 20bd62ac795f15cd · 3f438e53e15d59a7 · d8c77f480d7e19ec · 7b5c05224f4a4b68 · d115668194436b44 · 796503a9ee3828fe · 4dd465dbdb06e870 · 3fc6b9d533c6db2d · 8c24f58acdc45878 · f0d950e7b64af76b · ffbdfb1d70e1c966 · 34a298f9fb039256 · f43d0da0563896ab · 4bf65ffb1d3f3514 · 78b9fcf5079f7d79 · ffa6bc4e1c772d9a · 28b2e59268baf640 · 1380b22204616bab · 3b00df7d05478f92 · f164434ce7c10fe5 · d6994be1c37ca3bc · 8efd7a228775a707 · e7fc2f902b2ce0aa · c0dcbf19a91fdda6 · ff9ecd3f3cc73595 · eb99d7029e9829fb · 6a5114f9a6d4378c · bd048c16bc6cdd3a · 6014285bafac7a9e · 4992367d9780ee2d · cb126cd2d9eba8fc · 93433b0679734dba · 7e6774c550cde6c0 · f4d46ce6b10c55c1 · 5d2a147155e3ecbf · e1517be4a9172f6a · 4d6eef631386d6d8 · 4988c8a22657d99a · a44407ba4d1462f8 · bdc191bf2c0297a3 · 3855a129bb7fbf9d · 2ea32e886d993c8c · fc3a3773db26aff4 · 775b431e4f240711 · 33fffc2d2b4bf313 · c0806d8b5a097ca3 · 46dc4f8d557d789f · 9105591b22009ad3 · 58e02c8a708237c0 · 08a3cf834d4a857c · cd3b934be8166603 · 622514a75da8e84e · 0213ccafedf23f36 · 63d9309e3a9f6d62 · 31b0945b963e2cfd";"PGO0053 · Synthwave Retrowave · PGO0043 · Brand Content · PGO0036 · Afro Pop";"Main";"suffixe-société-et-identité-structurée · suffixe-société";"pilot-pending"
"Franck SINNASSAMY (SACEM)";"Franck SINNASSAMY";"update";"08c684a452847d26 · 163a7e9549d20509 · 30a98d3c2afa4a25 · 66ee253cf51d66b1 · 241ff53473fc89ba · 521f619e23e14e4e · 3ba721e8898ac724 · 7a5435ec8ca5aff0 · 6a131cc5dccd69c4 · 3a653803fe918d5d · be0f18167de4ff3c";"PGO0027 · Future Beat";"Main";"suffixe-société-et-identité-structurée · suffixe-société";"pilot-pending"
"François-Olivier Nolorgues (NS)";"François-Olivier Nolorgues";"update";"b92fc91381dd2980 · 0e563d671fee1ec5";"PGO0009 · Dance Fever";"Main";"suffixe-société-et-identité-structurée";"pilot-pending"
"Frédéric HANAK (SACEM)";"Frédéric HANAK";"update";"530f71676d81a80e · 79dfd41787ca3d78 · 29bf9afa584fabbf";"PGO0038 · Rock Of Anarchy";"Main";"suffixe-société-et-identité-structurée";"pilot-pending"
"Gerald BONNEGRACE (NS)";"Gerald BONNEGRACE";"update";"a6c9582fe97bf9fc · edfc1b05824ed0b4 · 2264a41547610aba · c3c79a9946cf2f4b · e0e9309227f5ec68 · 03880f302ce16a4a · 60390a1ae0e67caf · 48dacc20ba776f29 · b76e9e3a67f6168f · 5c07ab4e06066911 · 6b7f9c1f5e8629dc · 0da0fa5627422a83 · 497161884cec9b2d · 84cba2df77996461 · 6e449d10caebc6d6 · 421dbe3d25331f0b · 0bc592729c715851 · 9037e4465d6563c5 · d2468a2443d87ca0 · a5beebf286bd5188";"PGO0030 · Afrobeat";"Main";"suffixe-société · suffixe-société-et-identité-structurée";"pilot-pending"
"Gerald Bonnegrace (SACEM)";"Gerald Bonnegrace";"update";"8e1dcf6aa9ac6d33771f862a0c9d5786 · 520602865841b7b134578cde6a14e399 · 12e7d98d7fef071d3966e5b2f77ab9ae";"PGO0048 · Solo Piano Vol.2";"Main";"suffixe-société";"pilot-pending"
"Gerard Gacoin (NS)";"Gerard Gacoin";"update";"a2864c6926f2ae39 · 70c5d38311fda159 · 394d1217173bd587 · dc49e36dc58dc3f0 · e5c316455ec95823 · 4b4509398f7ed6f0 · cee2da5cc17016e3 · f5f73f8e8c72acc5 · 58f024b5c5138ae7 · 7b1fd64651de3699";"PGO0003 · Electro Boutique · PGO0002 · Parfum Pop · PGO0001 · Paris Rocks";"Main";"suffixe-société · suffixe-société-et-identité-structurée";"pilot-pending"
"Gérard Gacoin (SACEM)";"Gérard Gacoin";"update";"82765264f68f5ca2fbf2eaef635a94e9";"PGO0048 · Solo Piano Vol.2";"Main";"suffixe-société";"pilot-pending"
"Gerz Marcellino (SACEM)";"Gerz Marcellino";"update";"f106d291afdafc49";"PGO0024 · Caught In The Trap";"Main";"suffixe-société-et-identité-structurée";"pilot-pending"
"Ghostmaker (SACEM)";"Ghostmaker";"update";"aaeba7a50c979199 · c3e3c776b807c3ee · 9fa645524ea2e0a1 · ba41d096af846152 · bb56123cc36632f2 · 482d1a9d83cfd65d · 6ba5003c47d5eeb0 · d1fca9a59ceb3390 · 1edebfbde6afdbbd · ed248f2e31f6975b · 1daea7ba485f4b57 · aa78e1d9095ff715 · 38df86bb2ce48cb4 · b2765f0d76d12873 · c617c0b28ea7bc5d · c6ba6cbbb63f62a3 · 79470ac48e277288 · e693a65499c442d5 · ab36fed70e0774c0 · d7c4344367fa4366 · f2ffabc40631be1c · 6ffc7cd62bbd3170 · 344b591622f7b2f1 · f96c24e038f6a1ad · c91a07de59d9f896 · 4117bee8978ae502 · a9816d015dc82ddf · af913dc0b39b1adc · dcf8e63ac1f15235 · 052a85fac3252d01 · ed45a0f1eedfa2f0 · 6ddeed0d36bed989 · 2f184442fc5f713e · 3c69a971d281ced4 · cca35a801e928fad · 36b6fe30a0e13dd8 · 13fc6b38bf5f1ef1 · b1d1795b7fa249a5 · fc5a8687fb6a4cfa · 41bccf3f6d148325 · 15ebc2673af8fd5d · 7e082c8a5f5ebdb8 · 5e1df45bb5b3cef8 · a595c22ce27e6eac";"PGO0027 · Future Beat · PGO0025 · Acid · PGO0024 · Caught In The Trap · PGO0023 · Edm From Paris";"Main";"suffixe-société-et-identité-structurée";"pilot-pending"
"Grand David (NS)";"Grand David";"update";"41c3922b81083a70 · fe2cce3f7ddecba8 · 1d819963ae080cc3 · bb3a77e5c83492f0 · e6ffbdaf1112582d · 51bf95c88d8113d2 · 5937d2863f1e53d3 · 9b906f9ba89d6ecb · 71a4d1697e77003c · a0c0a00cb7f5d9bf · 9d37ddea43a823d4";"PGO0005 · Electro Kitsch";"Main";"suffixe-société-et-identité-structurée · suffixe-société";"pilot-pending"
"Halim Talahari (NS)";"Halim Talahari";"update";"b76b7fa7c711f063";"PGO0003 · Electro Boutique";"Main";"suffixe-société-et-identité-structurée";"pilot-pending"
"Jacques Sahloul (NS)";"Jacques Sahloul";"update";"5cbb14822c38d2c4 · 6b39af7098d09548";"PGO0007 · Diggin Hip Hop";"Main";"suffixe-société";"pilot-pending"
"Jean Alain Nieder (SACEM)";"Jean Alain Nieder";"update";"58f7b865ea9a8992 · b247d4bdb128de20";"PGO0021 · Moombanana";"Main";"suffixe-société-et-identité-structurée";"pilot-pending"
"Jean-Baptiste Hanak (NS)";"Jean-Baptiste HANAK";"update";"b655ae4fb9e3f7bc · 8bb203b19867385f · f048a847d1a4f7be · 66311a6da1814ecf · fc96142caaaee271 · 222e8ce77f9c3b1c · 3ebf1711a5af4eb5 · 825e897bf93318d9 · d8e76761bcf79461 · 70579d68770af0ad";"PGO0042 · Light Ambient";"Main";"suffixe-société-et-identité-structurée";"pilot-pending"
"Jean-Baptiste HANAK (SACEM)";"Jean-Baptiste HANAK";"update";"530f71676d81a80e · bf442980395b1d0d · 79dfd41787ca3d78 · 52487deacffcb25e · 281431083c60d211 · 55445fce4bc034cd · 4c64390f5aa4e98d · e40d3448845ba328 · 39f4bc6e7d43d8bc · 2e62b7f29fb0dca3 · 9000897484ed121a · 2ba77e3fbc01bdd9 · 059ec189c96f66e0 · 59a1ba04bf404404 · a35809ff68ef6b06 · e1b6a0da6aef5cc6 · 7a619b1df7765e2e · 61a44aeddafe107a · cc9d1de6d554b5c8 · 6dffeec56b7076e6 · 816977d8384ca728 · 7c8b0d3e42ab8c02 · c76dcbbbcfcb7e43 · e2268e782a6faf03 · e8191c0a7d520092 · 2ffe155090b7cacc · 29bf9afa584fabbf · 1caac8a15440c7d2 · b0cc2f9f3fbd8237";"PGO0038 · Rock Of Anarchy";"Main";"suffixe-société-et-identité-structurée · suffixe-société";"pilot-pending"
"Jean-Michel Haye (NS)";"Jean-Michel Haye";"update";"1637a7ab07e6763d · a2864c6926f2ae39 · 70c5d38311fda159 · 394d1217173bd587 · dc49e36dc58dc3f0 · e5c316455ec95823 · 4b4509398f7ed6f0 · cee2da5cc17016e3 · f5f73f8e8c72acc5 · 58f024b5c5138ae7";"PGO0008 · Paris Postcards · PGO0003 · Electro Boutique · PGO0002 · Parfum Pop";"Main";"suffixe-société-et-identité-structurée · suffixe-société";"pilot-pending"
"Jean-Michel Haye (SACEM)";"Jean-Michel Haye";"update";"82765264f68f5ca2fbf2eaef635a94e9";"PGO0048 · Solo Piano Vol.2";"Main";"suffixe-société";"pilot-pending"
"Jean-Michel TROTOUX (NS)";"Jean-Michel TROTOUX";"update";"39e208e250b493dd · ba602545188ca157 · 176bc7cc2c23f520 · db2bb3757970900a · 43d07a05d5600774";"PGO0034 · Jazz Musette";"Main";"suffixe-société-et-identité-structurée · suffixe-société";"pilot-pending"
"Jean-Michel Vallet (SACEM)";"Jean-Michel Vallet";"update";"577d2a0d59e7d2262b2858717246f0c2 · d78b742aaa94610cd26cdfcde2c629c3 · 6b733bf842f10a1226a6cd310e79359e · 2ef85f12a751bed145ea05c415e83301 · bedfe5c41e7a406303ed0f48bb7c94ad · 433ff5a0edcf519e3905326f606081f8 · 2f99cc4ef758f7dfb5783153b9c1f9e0 · ebd8b7b4367766576bb675d92a3da483 · b2b00d6fa493a6fee4269d4862a87fb0 · bcb887922041b1c7619b2bf7671e643f · d6a3e644621d8cc32788ae2a93f608c9 · ec48b9af8480a412b39e9e092f3ec3e5 · ff4d41a7dd54cfb561d2cbac325457df · 964f88252b9ca9b9dff2b1f167d2dced · aa006e4339f14cf117343ea525174a88 · 7b2e7d9bd65e99e47dcc81a2dcaface9 · 4f304b8c7853b7be723a0953a84e1a00 · 5afee8ba57c0825699e890d2eca1eec0 · 67f42791dde8fb9f6fc212783539907f · 128d9314469f7b461652f387c8f13428 · 9ebf30fca1e6941be3ff14b4c338275f · e37353824d0aa755545ce26eb7d854c6 · 308177b8bd405d75e25dc431b3ace5cd · 903d3c1b953972b48b0de74bf51f48e1 · c3fa35fda4144199f863a6c06f8e3f30 · 643e0092c7d4b7c755fb9c171bd19ffa · bcf65ab2c1d324d2b518595f23060c55 · 00e263cec7064e22c457d23a72eafd85 · 99d6ec8885e2fa531e3ad73ae1fcca64 · 737e6ca62a5e035e34710795e4377fda · 0e60ffd95491482af44611c8985648f5 · da94095f99383e0cad4b85d60da0937d · 3ff92deb5f352d1c2ade4806a668c45e · a6f81f1d12faa038421530d981cc226c · 8154959d3d1a0c6673716d221e8d7f3d · 03b1d7af5d991f35e7882d9adfdd3d97 · 1cca3975bd9106924f766dbfd11cee26 · ac1ba84b878d5dbca630dd81fa471847 · de07097d2ff97fa6a9d915abb130e605 · b79f9cb0e0a553ee · 5ac38e27f6e42f2c · e24f02abb879a8aa · 7d44dc5cdec2f99b · ea0527f728178d66 · 0131fad245ab14a8 · bea5a1083a87a734 · 76b64ad5540ffa1f · 6f1adf79f8683fc4 · e942b4fd98ef1651 · 23e14862cd513517 · 188d4d7ece757d58 · 211d884f30e40f96 · 5f5a47f81da91e10 · 307ca114d1d2283b · 013fd2772e7de6a0 · f87510578f8a2ac4 · afc9e2f408e4387d · 09d59c8b03352d04 · bc32edcf132bbe9a · bc9d91e10fb8ba6b · 0709d7db6a60f6e9 · 7b6e33833f491c54 · 84c146078c9476b9 · b6a30ed4d000df33 · 74b2ecfde9c1f3c7 · 7b3bfa2ca1c003b0 · b3260f4ec4ce313b · 04c8a3c9fa86a353 · 4c09b22868068c61 · 1b9f675e0cbc583b · fe97e5421c164e87 · 42a491a66ea2ff0d · a7b0552b5e1c67b7 · 811f5bd94df95944 · 15c8992842d85afe · a7dab39650ada198 · 2a7dbff538541078 · 87c493c0a1d8161d · f465e395097750f4 · c3aa0ff483207523 · d0170b0111aaca23 · b691ca394f182aa4 · 55a29a9892e9df7b · 2501990ffd2dd9da · 3a016540bb4bd1ef · 4ad800fb9b5b5dbd · 2804eac9fbba2fd5 · 93bec5340797964a · 42fb2ae10fb730a3 · c663014559df9305 · 42d6faa8e7090a61 · 7d24d2b704ca6b69 · ad99eed08c754308 · a92ab8ad813f848e · d94b5f9626a5525d · aa32572b8cd3db54 · 0e902b603e145fcd · 3bba91e280640af8 · d9c83e5093afb8e6 · 043522eff9a09604 · 9ab58c239ff7df01 · d0cabad957dcd839 · ea57cfba541a1d93 · e81a58ced53b5211 · d0d145bc836df5c3 · a7cfd96d8e1fce07 · a9bd6fe3ad5626f6 · 3014ad5116e1a3c6 · f6aea579967c722f · f6decb6f2886d265 · 3318df1b902942eb · 192962c864d48ab1 · 6e303b249eaf2c0b · 7f25ebf00a585f1c · ccd6fa99b311d271 · cd5cd96996da0a16 · 2be8d3d810b2fb9f · da9ae9700bce2532 · 2ef07fdb1653e431 · 1ccd0e6543e8cb82 · 08b75d5ebe4196df · fb17f7f1e9e2d254 · ea4fea9d34eb1c74 · 1ee15060929cfd8e · a857c7580a9d98f5 · a43bfaf5f1ff8707 · 3f5efa6d4dcdd26c · a124e7931c1903bb · 11eb9cc39f4b5db4 · c8c76abcd820df7f · 01fd01aa2611f874 · 967b6b9adc469928 · 24c01ddd05a8b683 · 703678037ca3e1db · a01e032fa388857a · d89c12bd1592ff53 · b1a5db34147b3a3d · 7e8ca8e992e1ed4f · 768d0c3cd61f0a43 · 44aded10dcb4e68d · 7237ad1e01aebf41 · 7b5fab9b68d8b177 · d7ad2626618dc67c · 092c0be249eba222 · 8a411e9f4cab5cd1 · bdeff34aecbcb4e3 · dbb032fe2b85cd2f · 8a9cd2c7c55a61f1 · e3ec2e9866179ff0 · a8ec1e80fd9b1ddf · 007e627522d174ea · 8a0ebfeb181913cd · db7b529017738a13 · 2684e5776fe8974b · 6e1d445f1072f56a · beb322f20c742fb1 · 6dea6f3173c1c25c · b680b23872dcb5b7 · 4bf015a67e288608 · ebc0c6ce84d53479 · e6bf8ac62df4e662 · 8af553ad7e018cb1 · 5d29c566d1003258 · 83c62a3dd125fc65 · 03b2239ee723ddaf · c8f0c89f91d9695c · 61cb30126ea621a3 · e3ba84a191d5a334 · bdb6ea32d1d44a31 · daf26aa922a1a8a8 · ecbf6e25f7b0b51c · 4e07f0f0fab6f310 · 37400800701af49c · 6bc4a5bd24dfc1db · 2e6fa8883bce85b9 · 26a81d8727b4c1ad · 24a71ce9118cb64d · e38759fc33cb9da1 · a0bb4b10fefbe5a7 · 945736f137973e33 · a3f6c3d94aee6cf3 · 5a6d0089dd405ad7 · 61f830b8afc4d747 · 849e5bb15ed7bd0b · a45c829f4c632655 · 793be9efab2ea881 · fade39bd3780729c · ee77f2e280b0def5 · 54f1794f52686257 · 9af082848de59652 · b2c6e299961e134a · a23dbced0d6bb2d6 · 2abb4daa48f2b8fe · 84aecb0dab270bea · ef960f747859ee9d · bdfe2cb912b804c2 · 801c969c4d2639e3";"PGO0048 · Solo Piano Vol.2 · PGO0047 · Solo Piano · PGO0031 · The Projectionist · PGO0020 · A French Romance · PGO0008 · Paris Postcards";"Main";"suffixe-société · suffixe-société-et-identité-structurée";"pilot-pending"
"Jean-Pierre Menager (NS)";"Jean-Pierre Menager";"update";"2e672977f1d1e154 · d05d3fecd5eb1f93 · f3e6db150e4f73b2 · ca44bd56ef210ebb · e3af0ef8ca97ddce · b84a56a2e3c9ca7e · ca82602cd25f756b · 6586e7809342e8f1 · acc19ff628542611 · c8ddabe1423b80f2 · 52d41516ba6b2c09 · bf5a28b42b4c7231 · ce5c0a9102af0558 · 2269c69bf426023b · 46340f38b8315f20 · 3703e878b2360dee · 3b481dabbd84b31b · 9ec92c48722496fb · b31b557bc9ec8ff4 · 52886dafc05e759f · d0f68a028ffc6fe5 · b9b7591208c88142 · 276105971a5e0731 · 91d7606b405f2604 · bb6ec3070be9343b · 0e42d70610c7ebb5 · 28e7242a506cc89a · 9af2354561194226 · 18731083de8b93a7 · d0c3ead15a43c6e7 · d970b8d8cb3e125d · b42af0e048ec11a0 · a9116090d492f498 · dfc020bb4ec5622d";"PGO0004 · Paris Accordéon";"Main";"suffixe-société-et-identité-structurée · suffixe-société";"pilot-pending"
"Jean-Pierre Menager (SACEM)";"Jean-Pierre Menager";"update";"341444f41a7662cc144a6e6da7319c48";"PGO0048 · Solo Piano Vol.2";"Main";"suffixe-société";"pilot-pending"
"Jimmy Zaccadrelli (NS)";"Jimmy Zaccadrelli";"update";"0055f6364a33f183";"PGO0015 · Reggae Experience";"Main";"suffixe-société-et-identité-structurée";"pilot-pending"
"Jimmy Zaccardelli (NS)";"Jimmy Zaccardelli";"update";"626a9b4d024f7ef13950163a4187f831 · e2ab12c13467775284b476c86c3ef1fb · 5c831b9f3b66744f70d59acd8992716c · 2918726ab8e286672ce0086eed91f0a8 · 5868ca042482822910036af007948c5d · e7ebc9422528beea1a0389beb16ef19f · 797fbbe3befe3292d053399f7664c58e · 3d33430a513f17a92f6ba3f5d8815c89 · f4abf0e502c8f4f7f6011e29d68d7846 · be6a8010e19933baba0313aea3653aac · c788222cb48fe2cfefff741b6e3d2bc5 · ce99224ce85413e996937d75d4aad81f · 4448f1d5c216613d1416ab10a7d7ce69 · 407f76c230fe593f0224cfe71aa9debb · 758286523fe05027563d424eb579b30f · f9467d69f7acb3d7290d64fa096cb15f · e8a954cb1aeeabd5ffcd63f8db6624a7 · 30d50b6600c32376097830698b6e7313 · 18bb8e1bd9d9e29fe9c8336bf181ec32 · 15655f88ecb4e266a99587cb7004e64d · db00b56ff7b39ccf4b0f1e59d1a1994a · 3857a40b5a006fd78c01fa5d4e4d7cb0 · ebffede51801a3f55bec0bfe5745c587 · d83c65be6226b759ee0a34b1b34d9403 · 48e42b581daa8a6b2e9c5c57508987c6 · 6a1fe32a1bf1908f8e4c81bdcdda6042 · 1dccbed80f0742f6a895a529b154f880 · 7dfef5e907505051c25c2be37b06d993 · 5a3f0800c697b120fc7872c573993b28 · 502af15b98088ac1ea04191799f17a27 · ca0a869caaf49d62f09642fabff1eeca · 506bb19f6f665fda11ac362ba9518ad4 · b3e4e31d1ead3e30d30483631fa14192 · db9dbcae6bae9cb9009b0226533cc910 · df37b0df77241bbd061dbbcc7c3c2669 · 01ea2a838af2ae956e34a82e8d0f86b3 · c51cf1f76021ce1efca90705c6aababc · 8be7cd1cc5b1bc3e8db4c977ad43870e · 25122c956d4d061dba3f03920fecdc71 · 1453837d599fdb62ede28fccaa8916f8 · b47cb4e4e4f56ff303fcf152bebf5640 · db238e6a40e5389690b5b7986b3f4ae6 · d1063db6c896eaaed89907a897caec76 · 55cda2db7503049083ff49fefba43922 · e3804f288c97160eade10750d9932195";"PGO0046 · Dub Experience";"Main";"suffixe-société-et-identité-structurée+suffixe-société · suffixe-société";"pilot-pending"
"Julien Cirade (NS)";"Julien Cirade";"update";"f68ed6213f329257";"PGO0015 · Reggae Experience";"Main";"suffixe-société-et-identité-structurée";"pilot-pending"
"Julien Diesnis (SACEM)";"Julien Diesnis";"update";"3ad637894baa821312956d42996dd11b";"PGO0048 · Solo Piano Vol.2";"Main";"suffixe-société";"pilot-pending"
"Kokane (NS)";"Kokane";"update";"43c6c3657f446b70";"PGO0032 · Diggin Hip-Hop Vol.2";"Main";"suffixe-société-et-identité-structurée";"pilot-pending"
"Laurent Dury";"Laurent Dury";"no-change";"1eccc3db47481ed00bdf3124f5173466 · 2f8cbd6c9aecbe0289ee2dc4c563861e · 760b0956c3e9fef262af464b5abdb0a7 · 049f114c1641b1582dcfe7305ad809f0 · c041c591f8d89a3009ba8e5964f96e33 · 743e96b126252d51c734f324b842bd2d · 7d14a3f4f9aab7f17f64edb01424f8b0 · e87b7ba74b05a3b57c79ad2b06a091b5 · b7009f0b3705f34658faecc7c73c4f6e · 8055939241a74c9458e0e62feaa372c8 · 1c0af3565b5711ffec733a0d5053453b · 453694ead9a4333d1ea0eb1eb1eb3aa3 · 61217a621b72cd2ca334527cfa8b7de5 · b3c2d633fc9b5648b0abcd0ec53192d4 · 46c1daa86c1946976b3f41c3fb27d616 · 8aac68eb8eef0da9a47129b19ff93f5e · d3848067e9e22f17be876067df01ea20 · 8551a976f6cdb8acf678ee69b6e2a50f · 1ce016bab55dcee7f3f5adc7b6c51062 · e2517134c217fe88ca8077ed6ba3ee99 · 7f3c7507585695da0f38ed015c69724e · 68a4bc8fb2eb746e8b71fefb7e4c8ed4 · a1efd3cab88367427a12a5d68d7d76db · eb7a06b3861eac5610c733eed9e39d30 · 1d56a141f2a77bb54b9f058ac4f7e8a0 · 070b9a410b3d35f87660791788c4a8b6 · 60d6db584c7d2f226a4cd1bc04e27d64 · 99721db66497bec4a8eebfe0b1b4e312 · b28a73c7d6abd7bf077532fcede7f9c1 · f56ccda07bd1af515c8aae056896e17d · 60d5e16c16937269072e4d16956b1c7d · 059442fb3517e58cf38efc8209510b18 · db7fc1fa21abad5620227ab0255c779c · 6acfc9e2aa3c90e52ccd7bee39b87195 · dd3c4d29b928a4eff1eeacfbe8bf9d89 · 419f19908e7bf79d1a81ab90cc3a2b1e · af234425df0d5e26c1e6cf9b3b44cb35 · f0a5fb3445c100f7ec97d83377f1a9ad · 9c4bc113ad256918c076997d12677f85 · f78c322e962165d2f411d71cdee7736e · 45e6c61791cd6e63699f00eda3f6acde · dcda46be095879e212d5b24358e2d0fd · e417cc5e4bbf43a64e2c648625fd6f4c · d34561ccb0728d3226b166cedaa3ad5b · a60a55734298b716b25ee12541aa84bd · b0c06cd1f92259eb9699937ee4b95e25 · f813995d7871849f63124adf5f56f340 · cf599b40941cff9a8a404e32b7d18a21 · 475d907cf3666bf7d52b2dbaccb9512b · b5ab22e5cdd98c169a30d212b1ff4fca · 68080970b74b48e9cad0adefb63b0e8f";"PGO0052 · Minimal Stories Vol.3";"Main";"déjà-canonique";"pilot-pending"
"Laurent Dury (SACEM)";"Laurent Dury";"update";"9b4dd133ed66afa5ea42e0858b90d35b · 04fc1c2266d8fbf42ee582cbb7edf683 · 1a68ef53305c3ca4bbdb77c55b6a9f07 · f2871e76a0356b145b0eaeb34a97d508 · a9382d08d38778bee4cff41212aa73bf · 1ed07b919c552785ce86d40bb6a4b86f · 6f8d2b8bad0c4ad5 · c306a7c59841160f · 1c79c5e1b7b11de5 · bc0031cb3503da31 · 5be5344fc9ae7026 · a41001ac2f0ef832 · 9c008ec78ac6ee6a · aeb3d67778354f3b · d470c80e9bd8fe54 · 4fe3eb38f6c938ef · 82be807a89d3a55c · ba43e85d370ba3ef · dac4e00a4aa6e2a8 · 7aa765a8f46cc4e4 · 637ae5705ae7d228 · 406ffd7e911286f0 · 1dca69c54bfd586c · 254ac8f6aaf95883 · a7ee7b9e6bbb42bb · c9f479f0cae023e7 · 4088cde61c68ea7a · 4e5ca1ad5ff7b2f1 · e5f917f749ca069d · 12ec67817df54688 · 5e6742a715d43440 · 5faa5d91a1ba199a · 2db0318e719ec76b · fc3084ac86600ca6 · 8626b74fb9183df2 · ca90f85a7207f3c9 · 7054f7094993ef91 · d3ffcaf165a8bda8 · 772224fc90305765 · 853c3432f02d673b · 8b4bedc79678a41a · 66a96c69bab503a9 · 0ae82cabcd3c6f91 · e32d1152e45bf105 · 53d3fd4cbbefa26d · ba21643aa1bb1661 · f8548d42c35ef0f8 · beaa8a29cfa035b1 · 8ced7c2c68894158 · 0999953a7941cea3 · 3689a446004498b0 · 0f60098121b6476a · 85cc4ffb34503b8c · ad54613f90a3e890 · b4ae105d7935e986 · 038f9f3c12e3850b · 8328c1e790eba7ce · d52d5d7f11d37894 · 3e06da5cb95e0d38 · 6c70b33d452f1e14 · 41460df408d096c2 · 1c738ee23fbbe972 · 2e82140ab67079f9 · 90b699b398a91fbc · ad98fe21aa57e765 · cf7106cbabce26bc · db44c29ca45b658e · 04e752d6060123bc · 0de1f2d882d0ce99 · 60ff049c1da34468 · cfbaf1e55f14f180 · efc2f26afa20f10d · 848d0c5b28f2ee6b · 91d1961a8eec7160 · 5bfc9e8db6171e54 · 5cf72d0eec8e79b8 · 03e98bda4a1a4bf4 · b55201b685aa84c4 · 39d6145c9a95494e · acd61fc49ffa9f2b · 0511728b5d2a3eb7 · d913a9ac8f6f4185 · c4acab26c8b96a62 · 69f4968a37e5820b · 0ae7a1cced4470f4 · ccb12b14d994f121 · e8619d933fcdde5a · 308d7d3ccd683c20";"PGO0048 · Solo Piano Vol.2 · PGO0047 · Solo Piano · PGO0040 · Minimal Stories Vol.2 · PGO0022 · Minimal Stories";"Main · Commercial";"suffixe-société · suffixe-société-et-identité-structurée";"pilot-pending"
"Laurent Levesque (NS)";"Laurent Levesque";"update";"f5f73f8e8c72acc5 · 58f024b5c5138ae7";"PGO0002 · Parfum Pop";"Main";"suffixe-société-et-identité-structurée";"pilot-pending"
"Leo DUCROUX (NS)";"Leo DUCROUX";"update";"bd514275a25b4ae0 · 603646f5e4b50cb8 · 08964fcd50266d2c · 724ca69ab4cd5cba · 8f2bc2cb1bafd4d0 · 98c35100b8974c00 · 1b2734ee79f308a5";"PGO0029 · Go-Go Funk";"Main · Stem";"suffixe-société-et-identité-structurée · suffixe-société";"pilot-pending"
"Liqid";"Liqid";"no-change";"e4e33e234c3ab77c";"PGO0035 · Trap In The Cloud";"Main";"déjà-canonique";"pilot-pending"
"Liqid (SACEM)";"Liqid";"update";"43c6c3657f446b70 · 17da3efe4c030021 · 2b7c1e6c2cb512fe · 1a0fc806b1523520 · 2754dfa92efa3a7d · e6edc2b383a014db · 7f17d01c416260b2 · 65125d143d097c1e · 13d65fb89f508c9b · 396b64035fe5946d · 5a516a4f0d554384 · 0f9ed7a4f79d290a · 453173785ab4e555 · e65e6d7c03907861 · f1957c687d4e95c0 · 4d28e33baeac678d · 0c5cdb3f09efdae8 · b911885c1383a23e · b23c1784977ba396";"PGO0032 · Diggin Hip-Hop Vol.2 · PGO0027 · Future Beat · PGO0024 · Caught In The Trap";"Main";"suffixe-société-et-identité-structurée · suffixe-société";"pilot-pending"
"Lydia Diab (SACEM)";"Lydia Diab";"update";"fc3777845fdd84fb · 8224c373da0b4c42 · 194fc62283e2900a · 58f7b865ea9a8992 · d75ba3e90657e29b";"PGO0021 · Moombanana";"Main";"suffixe-société-et-identité-structurée";"pilot-pending"
"Madben (SACEM)";"Madben";"update";"fba1d973be9a6277a7e6382fccf858be";"PGO0049 · Odyssey Suites And Remixes";"Main";"suffixe-société-et-identité-structurée";"pilot-pending"
"Mallet Marie Sophie (SACEM)";"Mallet Marie Sophie";"update";"fe72adafbd22b93d · 96e45242dcf2c07c · dd05f045eb46f4b9";"PGO0033 · Surf Fiction";"Main";"correction-explicite-validée+suffixe-société-et-identité-structurée · correction-explicite-validée+suffixe-société";"pilot-pending"
"Manuel DECOCQ (NS)";"Manuel DECOCQ";"update";"584944b787a9880d · 1e6afc42e879e8f5 · ba602545188ca157 · 176bc7cc2c23f520 · bb86a05cf60f15df";"PGO0034 · Jazz Musette";"Main";"suffixe-société-et-identité-structurée · suffixe-société";"pilot-pending"
"Maria Kouznetsova (NS)";"Maria Kouznetsova";"update";"72c4576672942f15 · 5b2082fb60d0f79b · c44ea0446476559b · 6d1311278a554eb5 · a2896f140eab3830 · 35dab22f2ddc0a13 · 614ba41cdc276c46 · 27e9e99993cb90b3 · 0c2b6a4158b81bda · 1885a12fd1bc7717 · 5fde6bd64e29775f · 99d304cdfe2af2f7 · 8a779799c9a9fb85 · 69eb9ffcfa633a97 · 3aa1b0e0e8c06de6 · 0bb72f552678b5cd · f72407861bfdb895";"PGO0014 · Vintage Rock And Remixes · PGO0006 · Acoustic Trip · PGO0004 · Paris Accordéon · PGO0003 · Electro Boutique · PGO0002 · Parfum Pop · PGO0001 · Paris Rocks";"Main";"suffixe-société · suffixe-société-et-identité-structurée";"pilot-pending"
"Marie Martin (NS)";"Marie Martin";"update";"b1fab04e680bc16d";"PGO0014 · Vintage Rock And Remixes";"Main";"suffixe-société";"pilot-pending"
"Massimo Guadalupi (NS)";"Massimo Guadalupi";"update";"79401646ddf67a45 · 28d32b75977d954f · 2e1421a5bbec9a95 · a8727ba12d615c93 · e2d620ad02f93bff";"PGO0006 · Acoustic Trip · PGO0002 · Parfum Pop";"Main";"suffixe-société · suffixe-société-et-identité-structurée";"pilot-pending"
"Mathieu Livio (NS)";"Mathieu Livio";"update";"f2bce59b49b9dab1";"PGO0015 · Reggae Experience";"Main";"suffixe-société-et-identité-structurée";"pilot-pending"
"Mellow Mood (NS)";"Mellow Mood";"update";"25f7df751c1f6f14 · e1b87e78c5677650 · 699494de1b15e890";"PGO0015 · Reggae Experience";"Main";"suffixe-société-et-identité-structurée";"pilot-pending"
"Michael HAVARD (NS)";"Michael HAVARD";"update";"a6c9582fe97bf9fc · edfc1b05824ed0b4 · 2264a41547610aba · c3c79a9946cf2f4b · e0e9309227f5ec68 · 03880f302ce16a4a · 60390a1ae0e67caf · 48dacc20ba776f29 · b76e9e3a67f6168f · 5c07ab4e06066911 · 6b7f9c1f5e8629dc · 0da0fa5627422a83 · 497161884cec9b2d · 84cba2df77996461 · 6e449d10caebc6d6 · 421dbe3d25331f0b · 0bc592729c715851 · 9037e4465d6563c5 · d2468a2443d87ca0 · a5beebf286bd5188";"PGO0030 · Afrobeat";"Main";"suffixe-société · suffixe-société-et-identité-structurée";"pilot-pending"
"Michael Havard (SACEM)";"Michael Havard";"update";"8e1dcf6aa9ac6d33771f862a0c9d5786 · 520602865841b7b134578cde6a14e399 · 12e7d98d7fef071d3966e5b2f77ab9ae";"PGO0048 · Solo Piano Vol.2";"Main";"suffixe-société";"pilot-pending"
"Mikael Sala (NS)";"Mikael Sala";"update";"72c4576672942f15 · 5b2082fb60d0f79b · c44ea0446476559b · 6d1311278a554eb5";"PGO0014 · Vintage Rock And Remixes";"Main";"suffixe-société · suffixe-société-et-identité-structurée";"pilot-pending"
"Mike LADD (NS)";"Mike LADD";"update";"c3c79a9946cf2f4b";"PGO0030 · Afrobeat";"Main";"suffixe-société";"pilot-pending"
"Minimatic";"Minimatic";"no-change";"5f2a57239026b843efe68489cb48b0d8 · e51d91bf92236818";"PGO0050 · Riviera Bizarre · PGO0016 · Pigalle Bizarre";"Main";"déjà-canonique";"pilot-pending"
"Minimatic (NS)";"Minimatic";"update";"79342cda8958d796 · b715ea1525c3a4f1 · ea5e907278bf9187 · c49c33cd10eec297 · 7f1b8d82b0377660 · bdbf91035d259a5d · 9542529434c8296c · 30e90fc7492f9840 · 3456cefba82cd2f2 · 49a53082991b2053 · a69da78455075640 · 2e14adae6f3e3534 · d724d3699372c834 · 242f291268239396 · b424037ef2f2bc27 · 1f57c6ce263e7702 · 6b5fca7a7b5f08ed · 899d7039c42b053d · 95fa8f055661c431 · d6dca6b4d910e6d8 · 3ede8947b3f6960d · 286e8d844315f2b2 · f9ff2ecf5a522f88";"PGO0016 · Pigalle Bizarre · PGO0005 · Electro Kitsch";"Main";"suffixe-société-et-identité-structurée";"pilot-pending"
"Mister Modo (NS)";"Mister Modo";"update";"5d770bb2d9a3d9ef · 830aba9842658ea5 · 880d3736115399e4 · cf3ce5d6307575c6 · 179562a644a0dab0 · 5fb6e7cf31c3e05b · 44d3e07e83627787 · a7354b8bb089c92c · d8047327d006a403 · 4028893f3e2d053e · 21843ab8a99d4052 · bb65992a96970c08 · f407926454b7549b · 80151fe83f76e4a8 · efc038ed2c176f47 · 69a4f555de4b999c · 316edaa4ca9e0cb2 · 4789918d50a618eb · 1630a657725777ad · 7d1dad476246d156 · cbda0a3e3e4acbd4 · 16eeddece6b07afa · 290a59f41c422df1 · 96d5042e5b85925e · 446a3b6d688eaace · 55b62320eea3cbf2 · afdd0475710a2f79 · 8498172502190b6c · ac2d28787795ce16 · c99d1af787a1b729 · 4ad193fce63a0380 · 7efc3a491b33b4b1 · 600c407018e20093 · cdfcdc1aee4fe75b · a0d9ad22ef744a0c · 0cb9620b576fe7d9 · eb0eab154dc1c2be · 0bc646e3b26ac0b8 · fc84ecfffcdb7f00 · 3b751a9ab6d88e17 · 28b8dc05d2711804 · b651ee6982adac6e · 8320b6522d74b497 · 80db6892b3649010 · c839b20221deaf38 · 0e5297fdc46a38b9 · 295ef098364e7d51 · 74a2155e6c6702fb · 65fbf6c7231251f7 · f2c4b446ca95346f · 730c2b582fba7cf9 · 7f4c1f1c519d5972 · 1dbaab6d0929391a · bbb22cb6797bd306 · 50a1d419f075fcfc · 517598f910026e1a · 3c6e8cd390dc1aee · a89ff268ddd4ba1a · 1dbd3f337f79abe6 · 71b54358e921c7da · 928c743c9cb92e82 · 6984238f7b21078f · 1631694bda1303ec · 52f2faeff60a8483 · ddc2edfa32e77744 · edd46b43b8124eb8 · 5ddde6b8aef65a1f · 4334737cf67ab7ae · ecd9bceaba6819b6 · 6469dcba84865a10 · c986336589e0c690 · d56bca8cf619c86f · 021a2fc655298df1 · 34fcb78df0013039 · be53beb59939b0a7 · 540f7b9013df5cdb · 36ab7d1d9583cfb3 · 28f0dce98f4c5927 · 5a41ef6f4968f58f · a87a9b825841d38b · 85aee919bd9a5933 · bf4eb8fad8bafd61 · 36792d2ca886eb3e · d889ff9ba064c76c · a2977db6b74df794 · 8c3022d2551d5ec8 · 08a8fe36c30e0e21 · a90cdc32c765ee48 · 80e0415cb7ba47e7 · e62cdd4846e8178f · 07f6af22ad034e01 · c4e60cd5a360ebe7 · 04d2ce1f21f9c80b · f71872d45bb6d43e · 63876677608324f5 · cae1918ad18cb401 · 760c0f007e29364c · 25dd1db4da974f0a · 5d7b51c072ae0d3a · 344dcc5ca9ea954d · 93146cc2ac13c9a8 · 3b7aec7f1145774a · 3a348575a12dc1f6 · 5084f1ba51798a90 · cc13fb64a56c35a0 · cf0dc4d398c7ae44 · 5cbb14822c38d2c4 · 90a4258f1918fe30 · 1b08beace9de6bba · 2bcc7917896446e4 · de64d6e380833107 · 2ea120c885f3d356 · 9b03b8ce72f1d119 · 4d7b6b78524823a5 · 4d61b4ab2edae713 · eb35b4c591906397 · d200f221afa4de18 · 6b39af7098d09548 · 2d41669ded51cf29 · 2e65b94566fa2206 · 0da9d406fe7f2995 · f95a745a7a94bb80 · 37f71dc1ce4b1bc2 · 952fce9fce1e0cd2 · 9c3d6bbce1a6be3b · e14ec16085f0c040 · b2c523f30e256915 · e75ccb9fda5cbcd8 · 8f1380332bff1200 · 50cbf3fb9232da34";"PGO0017 · World Hop · PGO0013 · Dark Ambient · PGO0012 · Urban Crime & Riots · PGO0007 · Diggin Hip Hop";"Main";"suffixe-société-et-identité-structurée · suffixe-société";"pilot-pending"
"Modulhater (SACEM)";"Modulhater";"update";"38df86bb2ce48cb4 · b2765f0d76d12873 · c617c0b28ea7bc5d · c6ba6cbbb63f62a3 · 79470ac48e277288 · e693a65499c442d5 · ab36fed70e0774c0 · d7c4344367fa4366 · f2ffabc40631be1c · 6ffc7cd62bbd3170 · 344b591622f7b2f1";"PGO0025 · Acid";"Main";"suffixe-société-et-identité-structurée";"pilot-pending"
"Molenat Alexis (SACEM)";"Alexis Molenat";"update";"31a0c8ac2933e4c4 · cf77de91528d9b4c · d01985ce8488e525 · efd3cc295991495d · fe72adafbd22b93d · d33a95b7675446d8 · d7c0c77d1af483f9 · a405df65cb548d21 · 99314e240b2c2329 · 4b8ef9d4917c6ecc · 54bd854adb45fba5 · b8137362382cc13d · 205d8557861e3aab · 15582a7e0746ee5c · 062237b8bd5d0f0a · 822761e59843e629 · 1e5260fd7b3e191d · 96e45242dcf2c07c · dd05f045eb46f4b9 · 63983e6c0feba66b · eed7acd0b5d6770d · 3d2c10d1dbe0c9d9 · ab823e2959d74efb · 699fa8186ca6f911 · f12c87d715e0ae99 · e8f1e765cdd591d9";"PGO0033 · Surf Fiction";"Main";"correction-explicite-validée · correction-explicite-validée+suffixe-société-et-identité-structurée · correction-explicite-validée+suffixe-société";"pilot-pending"
"Muriel Illouz (NS)";"Muriel Illouz";"update";"a2864c6926f2ae39 · 70c5d38311fda159 · 394d1217173bd587 · dc49e36dc58dc3f0 · e5c316455ec95823 · 4b4509398f7ed6f0 · cee2da5cc17016e3 · f5f73f8e8c72acc5 · 58f024b5c5138ae7 · 5bedab986a8b107f · 6a64796e6b25f93e · 2bb08dd49c5128ed";"PGO0003 · Electro Boutique · PGO0002 · Parfum Pop · PGO0001 · Paris Rocks";"Main";"suffixe-société · suffixe-société-et-identité-structurée";"pilot-pending"
"Muriel Illouz (SACEM)";"Muriel Illouz";"update";"82765264f68f5ca2fbf2eaef635a94e9";"PGO0048 · Solo Piano Vol.2";"Main";"suffixe-société";"pilot-pending"
"N Zeng (SACEM)";"N Zeng";"update";"74c86772d46d335db10b705005dea967 · a4d72b32bd0756e2033e731a0e8aae54";"PGO0049 · Odyssey Suites And Remixes";"Main";"suffixe-société-et-identité-structurée";"pilot-pending"
"Nardos TESFAW (NS)";"Nardos TESFAW";"update";"c3c79a9946cf2f4b · e0e9309227f5ec68";"PGO0030 · Afrobeat";"Main";"suffixe-société";"pilot-pending"
"Naufalle AL WAHAB (NS)";"Naufalle AL WAHAB";"update";"2587b3d93818e717 · 71a9abdd1a0dc808 · 75884c68c19f9c12 · 237f242dd1e7b277 · 49adbb5df180778c · 5a4ee3ecf49001da · 0392e835c0c25f74 · 1b2d34ca36ee3624 · b0a7ccdfeea03396 · 1e7cdcd1bcd0df0a · ba41cbce9584c78a · 2403df3c4d73616f · 182759cd54c4efa3 · 6207858a3b1713a1 · 33f522f291fec33e · c2e2c5efdb8ea4ed · f0a65690c5de540e · c215b28212915bcc · cc4bbea96b06b56a · b7cabb2e778f096a · 66e9e5b09bd6d48c · c85ff91819b45a0c · 03fda0ae97cf0505 · 999fcdd94ef60002 · 63103217b46ae419 · 43ee38ffdc533140 · 0606a9cf4af2d2f9 · ef03096c5387dc4d · eaa376d4d2ddeada · c9a351fe9a5eaaf6 · 8e835b7ed5218b9b · 9ccadda88034372c · 6e1291979a3fecc8 · 97d232a5c6a3a0f2 · e9e169168a497492 · cbd5240821d1e11a · 4c55bcc5e804529a · c61976d2645bcff2 · 75c775067f376161 · a845c246f1703ff2 · 14a034bd5d508940 · a90cc79ee219861f · 45900398e2d55dde · 890ca92b461bce22 · 90f9ed22bf88c1f1 · 34fce2868f2b70fa · 7b41256cf2ea2ded · 2448b8fb639405ea · 21d9584313b118c6 · 9382e95db1182771 · e3e76c3168269327 · ace1ff64e8e73272 · 02cc605353c49c7a · b1bf1134ad667456 · 40bebf4d9c526818 · ae86bb8d1752769e · 9333d23a55495626 · 814f79ab7c1dc827 · 82851e16ddd674b8 · 8fdd7e166cf0ae47 · cf72a0c4cf11ad7f · d3f14a48811be368 · 9c3b7a0a2b00ed3a · 9dfaee9189177605 · 4a2022751a0ad907 · f4630c5e701c48b9 · cc972d77d4dde53b · 1023530477ab5d0e";"PGO0018 · Middle Eastern Journey";"Main";"suffixe-société · suffixe-société-et-identité-structurée";"pilot-pending"
"Nicodrum (NS)";"Nicodrum";"update";"626a9b4d024f7ef13950163a4187f831 · e2ab12c13467775284b476c86c3ef1fb · 5c831b9f3b66744f70d59acd8992716c · 2918726ab8e286672ce0086eed91f0a8 · 5868ca042482822910036af007948c5d · e7ebc9422528beea1a0389beb16ef19f · 797fbbe3befe3292d053399f7664c58e · 3d33430a513f17a92f6ba3f5d8815c89 · f4abf0e502c8f4f7f6011e29d68d7846 · be6a8010e19933baba0313aea3653aac · c788222cb48fe2cfefff741b6e3d2bc5 · ce99224ce85413e996937d75d4aad81f · 4448f1d5c216613d1416ab10a7d7ce69 · 407f76c230fe593f0224cfe71aa9debb · 758286523fe05027563d424eb579b30f · f9467d69f7acb3d7290d64fa096cb15f · e8a954cb1aeeabd5ffcd63f8db6624a7 · 30d50b6600c32376097830698b6e7313 · 18bb8e1bd9d9e29fe9c8336bf181ec32 · 15655f88ecb4e266a99587cb7004e64d · db00b56ff7b39ccf4b0f1e59d1a1994a · 3857a40b5a006fd78c01fa5d4e4d7cb0 · ebffede51801a3f55bec0bfe5745c587 · d83c65be6226b759ee0a34b1b34d9403 · 48e42b581daa8a6b2e9c5c57508987c6 · 6a1fe32a1bf1908f8e4c81bdcdda6042 · 1dccbed80f0742f6a895a529b154f880 · 7dfef5e907505051c25c2be37b06d993 · 5a3f0800c697b120fc7872c573993b28 · 502af15b98088ac1ea04191799f17a27 · ca0a869caaf49d62f09642fabff1eeca · 506bb19f6f665fda11ac362ba9518ad4 · b3e4e31d1ead3e30d30483631fa14192 · db9dbcae6bae9cb9009b0226533cc910 · df37b0df77241bbd061dbbcc7c3c2669 · 01ea2a838af2ae956e34a82e8d0f86b3 · c51cf1f76021ce1efca90705c6aababc · 8be7cd1cc5b1bc3e8db4c977ad43870e · 25122c956d4d061dba3f03920fecdc71 · 1453837d599fdb62ede28fccaa8916f8 · b47cb4e4e4f56ff303fcf152bebf5640 · db238e6a40e5389690b5b7986b3f4ae6 · d1063db6c896eaaed89907a897caec76 · 55cda2db7503049083ff49fefba43922 · e3804f288c97160eade10750d9932195 · 25f7df751c1f6f14 · 565b01c84208c64a · 99a73d4f8aaf506e · 6d75c032c1f0937d · e1b87e78c5677650 · 0055f6364a33f183 · 699494de1b15e890";"PGO0046 · Dub Experience · PGO0015 · Reggae Experience";"Main";"suffixe-société-et-identité-structurée+suffixe-société · suffixe-société · suffixe-société-et-identité-structurée";"pilot-pending"
"Nicolas Belouet (NS)";"Nicolas Belouet";"update";"ee378e6c6ac42c14 · f2bce59b49b9dab1 · 93d8bca202a9e51f · cd7276d776ebde9c · 8a3748359d1b25e7 · 8cbae12d0ecea662 · 6dc7354f33b79836 · daf9f149a314be2d · dfb7af00af513bc8 · f68ed6213f329257 · 976c303f27fcdcac · bc59ce74bac07340 · 8510ef5790c8ca54 · 352c5591172d7c68 · d809b31d49f8fa26";"PGO0015 · Reggae Experience";"Main";"suffixe-société-et-identité-structurée · suffixe-société";"pilot-pending"
"Nicolas Belouet (SACEM)";"Nicolas Belouet";"update";"f065582aee14d8feadb72a307036191c";"PGO0048 · Solo Piano Vol.2";"Main";"suffixe-société";"pilot-pending"
"Nicolas Pisani (SACEM)";"Nicolas Pisani";"update";"796503a9ee3828fe · 4dd465dbdb06e870 · 1380b22204616bab · 3b00df7d05478f92 · f164434ce7c10fe5 · 8efd7a228775a707 · e7fc2f902b2ce0aa · ff9ecd3f3cc73595 · eb99d7029e9829fb";"PGO0043 · Brand Content";"Main";"suffixe-société-et-identité-structurée";"pilot-pending"
"Of Ivory And Horn (NS)";"Of Ivory And Horn";"update";"2c2a0e2642f51cbe · 734545b81975d08c · e16f919382d08913 · 27e94f5c7adfd422 · 0af590ee63d0205e · 5909c9a9c8ac63d7 · 9b95e1fd83c78da2 · a20cdb0c02a177a8 · ae56a81e97f1b256 · 930f2e9c0091db9e · a28caa6796a875fb · df08697ea56304d2 · f784a3ae1fa98a98 · 02dc8ab47abc3f3d · 5d69eeaf3d802a1f · 8b0ebb4fe62f4d66 · 9984a396c7f2f9c9 · 570081e2857d8d23 · 5265d19dad981b13 · 38d5c0fab4d54919 · 1c4b836422fb5612 · c17aeb21c327c56c · c9b8da5831f76faa · fa4540e574549b3c · 294ee152f492c5bb · c45a161edf74e8b6 · a926291f2489683a · 601ba1047608ce78 · 418bcdc9bb774e5f · 88bc32f0805bb653 · 07798c1bce328fb8 · 0ca8bd271738525b · 1dd1e369a2e8930e · f9804eb840f8c12d · cf2c250bc8ad4e56 · 91b504b5db6a7cf8 · c17be24ea28f5e59 · b262a848aa54db6a";"PGO0019 · Tears Of Hope";"Main";"suffixe-société · suffixe-société-et-identité-structurée";"pilot-pending"
"Patrick Chartol (SACEM)";"Patrick Chartol";"update";"577d2a0d59e7d2262b2858717246f0c2 · d78b742aaa94610cd26cdfcde2c629c3 · 6b733bf842f10a1226a6cd310e79359e · 2ef85f12a751bed145ea05c415e83301 · bedfe5c41e7a406303ed0f48bb7c94ad · 433ff5a0edcf519e3905326f606081f8 · 2f99cc4ef758f7dfb5783153b9c1f9e0 · ebd8b7b4367766576bb675d92a3da483 · b2b00d6fa493a6fee4269d4862a87fb0 · bcb887922041b1c7619b2bf7671e643f · d6a3e644621d8cc32788ae2a93f608c9 · ec48b9af8480a412b39e9e092f3ec3e5 · ff4d41a7dd54cfb561d2cbac325457df · 964f88252b9ca9b9dff2b1f167d2dced · aa006e4339f14cf117343ea525174a88 · 7b2e7d9bd65e99e47dcc81a2dcaface9 · 4f304b8c7853b7be723a0953a84e1a00 · 5afee8ba57c0825699e890d2eca1eec0 · 67f42791dde8fb9f6fc212783539907f · 128d9314469f7b461652f387c8f13428 · 9ebf30fca1e6941be3ff14b4c338275f · e37353824d0aa755545ce26eb7d854c6 · 308177b8bd405d75e25dc431b3ace5cd · 903d3c1b953972b48b0de74bf51f48e1 · c3fa35fda4144199f863a6c06f8e3f30 · 643e0092c7d4b7c755fb9c171bd19ffa · bcf65ab2c1d324d2b518595f23060c55 · 00e263cec7064e22c457d23a72eafd85 · 99d6ec8885e2fa531e3ad73ae1fcca64 · 737e6ca62a5e035e34710795e4377fda · 0e60ffd95491482af44611c8985648f5 · da94095f99383e0cad4b85d60da0937d · 3ff92deb5f352d1c2ade4806a668c45e · a6f81f1d12faa038421530d981cc226c · 8154959d3d1a0c6673716d221e8d7f3d · 03b1d7af5d991f35e7882d9adfdd3d97 · 1cca3975bd9106924f766dbfd11cee26 · ac1ba84b878d5dbca630dd81fa471847 · de07097d2ff97fa6a9d915abb130e605 · b79f9cb0e0a553ee · 5ac38e27f6e42f2c · e24f02abb879a8aa · 7d44dc5cdec2f99b · ea0527f728178d66 · 0131fad245ab14a8 · bea5a1083a87a734 · 76b64ad5540ffa1f · 6f1adf79f8683fc4 · e942b4fd98ef1651 · 23e14862cd513517 · 188d4d7ece757d58 · 211d884f30e40f96 · 5f5a47f81da91e10 · 307ca114d1d2283b · 013fd2772e7de6a0 · f87510578f8a2ac4 · afc9e2f408e4387d · 09d59c8b03352d04 · bc32edcf132bbe9a · bc9d91e10fb8ba6b · 0709d7db6a60f6e9 · 7b6e33833f491c54 · 84c146078c9476b9 · b6a30ed4d000df33 · 74b2ecfde9c1f3c7 · 7b3bfa2ca1c003b0 · b3260f4ec4ce313b · 04c8a3c9fa86a353 · 4c09b22868068c61 · 1b9f675e0cbc583b · fe97e5421c164e87 · 42a491a66ea2ff0d · a7b0552b5e1c67b7 · 811f5bd94df95944 · 15c8992842d85afe · a7dab39650ada198 · 2a7dbff538541078 · 87c493c0a1d8161d · f465e395097750f4 · c3aa0ff483207523 · d0170b0111aaca23 · b691ca394f182aa4 · 55a29a9892e9df7b · 2501990ffd2dd9da · 3a016540bb4bd1ef · 4ad800fb9b5b5dbd · 2804eac9fbba2fd5 · 93bec5340797964a · 42fb2ae10fb730a3 · c663014559df9305 · 42d6faa8e7090a61 · 7d24d2b704ca6b69 · ad99eed08c754308 · a92ab8ad813f848e · d94b5f9626a5525d · aa32572b8cd3db54 · 0e902b603e145fcd · 3bba91e280640af8 · d9c83e5093afb8e6 · 043522eff9a09604 · 9ab58c239ff7df01 · d0cabad957dcd839 · ea57cfba541a1d93 · e81a58ced53b5211 · d0d145bc836df5c3 · a7cfd96d8e1fce07 · a9bd6fe3ad5626f6 · 3014ad5116e1a3c6 · f6aea579967c722f · f6decb6f2886d265 · 3318df1b902942eb · 192962c864d48ab1 · 6e303b249eaf2c0b · 7f25ebf00a585f1c · ccd6fa99b311d271 · cd5cd96996da0a16 · 2be8d3d810b2fb9f · da9ae9700bce2532 · 2ef07fdb1653e431 · 1ccd0e6543e8cb82 · 08b75d5ebe4196df · fb17f7f1e9e2d254 · ea4fea9d34eb1c74 · 1ee15060929cfd8e · a857c7580a9d98f5 · a43bfaf5f1ff8707 · 3f5efa6d4dcdd26c · a124e7931c1903bb · 11eb9cc39f4b5db4 · c8c76abcd820df7f · 01fd01aa2611f874 · 967b6b9adc469928 · 24c01ddd05a8b683 · 703678037ca3e1db · a01e032fa388857a · d89c12bd1592ff53 · b1a5db34147b3a3d · 7e8ca8e992e1ed4f · 768d0c3cd61f0a43 · 44aded10dcb4e68d · 7237ad1e01aebf41 · 7b5fab9b68d8b177 · d7ad2626618dc67c · 092c0be249eba222 · 8a411e9f4cab5cd1 · bdeff34aecbcb4e3 · dbb032fe2b85cd2f · 8a9cd2c7c55a61f1 · e3ec2e9866179ff0 · a8ec1e80fd9b1ddf · 007e627522d174ea · 8a0ebfeb181913cd · db7b529017738a13 · 2684e5776fe8974b · 6e1d445f1072f56a · beb322f20c742fb1 · 6dea6f3173c1c25c · b680b23872dcb5b7 · 4bf015a67e288608 · ebc0c6ce84d53479 · e6bf8ac62df4e662 · 8af553ad7e018cb1 · 5d29c566d1003258 · 83c62a3dd125fc65 · 03b2239ee723ddaf · c8f0c89f91d9695c · 61cb30126ea621a3 · e3ba84a191d5a334 · bdb6ea32d1d44a31 · daf26aa922a1a8a8 · ecbf6e25f7b0b51c · 4e07f0f0fab6f310 · 37400800701af49c · 6bc4a5bd24dfc1db · 2e6fa8883bce85b9 · 26a81d8727b4c1ad · 24a71ce9118cb64d · e38759fc33cb9da1 · a0bb4b10fefbe5a7 · 945736f137973e33 · a3f6c3d94aee6cf3 · 5a6d0089dd405ad7 · 61f830b8afc4d747 · 849e5bb15ed7bd0b · a45c829f4c632655 · 793be9efab2ea881 · fade39bd3780729c · ee77f2e280b0def5 · 54f1794f52686257 · 9af082848de59652 · b2c6e299961e134a · a23dbced0d6bb2d6 · 2abb4daa48f2b8fe · 84aecb0dab270bea · ef960f747859ee9d · bdfe2cb912b804c2 · 801c969c4d2639e3";"PGO0048 · Solo Piano Vol.2 · PGO0047 · Solo Piano · PGO0031 · The Projectionist · PGO0020 · A French Romance · PGO0008 · Paris Postcards";"Main";"suffixe-société · suffixe-société-et-identité-structurée";"pilot-pending"
"Philippe Almosnino (NS)";"Philippe Almosnino";"update";"8ae4cb2693022ff1 · af71f4deb1ce4147 · b0591c1994d3baa5 · f1276b473893ecc2 · c4e24202b144962b · 693cba08cacda8b5 · 19e18c4aa4d389e6 · f006f9843835abc1 · 12deab2dc950f8a6 · d56ff0f5bd4703b5 · 7bd57a6941c0cc57 · 5c3bcf9ae546bd30 · 593571ab0aaf039d · 736997b889a72a69 · 0ac7dfcb05cc8585 · c9060ae450c5408a · e6cb1cc800d58e65 · 14956abb730eaa1d · b6620e2a9d33a241 · eb0f39d011120008 · b1fab04e680bc16d · 5d47ca8fd87b01f2 · 9bbd9d3ec75e1211 · e70f440fc09c6215 · d5b91fc351a4408d · b80f7309bf3a1525 · c5a9b42847297940";"PGO0014 · Vintage Rock And Remixes · PGO0006 · Acoustic Trip · PGO0003 · Electro Boutique · PGO0001 · Paris Rocks";"Main";"suffixe-société-et-identité-structurée · suffixe-société";"pilot-pending"
"Philippe Hebrard (NS)";"Philippe Hebrard";"update";"f1d2ca85545843b4";"PGO0009 · Dance Fever";"Main";"suffixe-société-et-identité-structurée";"pilot-pending"
"Philippe Rak (SACEM)";"Philippe Rak";"update";"82765264f68f5ca2fbf2eaef635a94e9 · 116951ef4d8f708c4a09054824993c92 · 21770be0a33dc5b8474bc68f8e210760 · 942554bf944ff802d5a9d445302c083a · 06ced978bae2f677aa6f7083064503f1";"PGO0048 · Solo Piano Vol.2 · PGO0047 · Solo Piano";"Main";"suffixe-société";"pilot-pending"
"Pierre MILLET (NS)";"Pierre MILLET";"update";"c3e502212e8ed0d3 · 8406fe8af5a54bd0 · dedd5439aed040ba · 41324532c5f03ac8 · 03e23489ea3cde70 · 4f99bebf049e8691 · ba602545188ca157 · 176bc7cc2c23f520 · 7a98f1d833d3914d · 0e3aa6a2e86bdc21 · a6b9e9e35948ed70";"PGO0034 · Jazz Musette";"Main";"suffixe-société-et-identité-structurée · suffixe-société";"pilot-pending"
"Rafael Victor Felipe Aragon (SACEM)";"Rafael Victor Felipe Aragon";"update";"194fc62283e2900a · 73eefc2abad772d9";"PGO0021 · Moombanana";"Main";"suffixe-société-et-identité-structurée";"pilot-pending"
"Raphael Joly (NS)";"Raphael Joly";"update";"eebf338df09d544d";"PGO0007 · Diggin Hip Hop";"Main";"suffixe-société-et-identité-structurée";"pilot-pending"
"Raynier Maxime (SACEM)";"Maxime Raynier";"update";"31a0c8ac2933e4c4 · cf77de91528d9b4c · d01985ce8488e525 · efd3cc295991495d · fe72adafbd22b93d · d33a95b7675446d8 · d7c0c77d1af483f9 · a405df65cb548d21 · 99314e240b2c2329 · 4b8ef9d4917c6ecc · 54bd854adb45fba5 · b8137362382cc13d · 205d8557861e3aab · 15582a7e0746ee5c · 062237b8bd5d0f0a · 822761e59843e629 · 1e5260fd7b3e191d · 96e45242dcf2c07c · dd05f045eb46f4b9 · 63983e6c0feba66b · eed7acd0b5d6770d · 3d2c10d1dbe0c9d9 · ab823e2959d74efb · 699fa8186ca6f911 · f12c87d715e0ae99 · e8f1e765cdd591d9";"PGO0033 · Surf Fiction";"Main";"correction-explicite-validée · correction-explicite-validée+suffixe-société-et-identité-structurée · correction-explicite-validée+suffixe-société";"pilot-pending"
"Rebecca Meyer (SACEM)";"Rebecca Meyer";"update";"d8c77f480d7e19ec · 796503a9ee3828fe · 8c24f58acdc45878 · f43d0da0563896ab · 78b9fcf5079f7d79 · 8efd7a228775a707 · ff9ecd3f3cc73595";"PGO0043 · Brand Content";"Main";"suffixe-société-et-identité-structurée";"pilot-pending"
"ROCE (NS)";"ROCE";"update";"48dacc20ba776f29 · b76e9e3a67f6168f";"PGO0030 · Afrobeat";"Main";"suffixe-société · suffixe-société-et-identité-structurée";"pilot-pending"
"Rodney Lucas (BMI)";"Rodney Lucas";"update";"1c99151372558029";"PGO0032 · Diggin Hip-Hop Vol.2";"Main";"suffixe-société-et-identité-structurée";"pilot-pending"
"Romain Marx (SACEM)";"Romain Marx";"update";"58f7b865ea9a8992 · b247d4bdb128de20";"PGO0021 · Moombanana";"Main";"suffixe-société-et-identité-structurée";"pilot-pending"
"Rudy Ludon (NS)";"Rudy Ludon";"update";"bd048c16bc6cdd3a";"PGO0036 · Afro Pop";"Main";"suffixe-société-et-identité-structurée";"pilot-pending"
"Samuel HIRSCH (NS)";"Samuel HIRSCH";"update";"a6c9582fe97bf9fc · edfc1b05824ed0b4 · 2264a41547610aba · c3c79a9946cf2f4b · e0e9309227f5ec68 · 03880f302ce16a4a · 60390a1ae0e67caf · 48dacc20ba776f29 · b76e9e3a67f6168f · 5c07ab4e06066911 · 6b7f9c1f5e8629dc · 0da0fa5627422a83 · 497161884cec9b2d · 84cba2df77996461 · 6e449d10caebc6d6 · 421dbe3d25331f0b · 0bc592729c715851 · 9037e4465d6563c5 · d2468a2443d87ca0 · a5beebf286bd5188";"PGO0030 · Afrobeat";"Main";"suffixe-société · suffixe-société-et-identité-structurée";"pilot-pending"
"Samuel Hirsch (SACEM)";"Samuel Hirsch";"update";"8e1dcf6aa9ac6d33771f862a0c9d5786 · 520602865841b7b134578cde6a14e399 · 12e7d98d7fef071d3966e5b2f77ab9ae";"PGO0048 · Solo Piano Vol.2";"Main";"suffixe-société";"pilot-pending"
"Scherazade Aissahine (NS)";"Scherazade Aissahine";"update";"cb126cd2d9eba8fc · c0806d8b5a097ca3 · 7c36d2086e2b47d4";"PGO0036 · Afro Pop · PGO0032 · Diggin Hip-Hop Vol.2";"Main";"suffixe-société-et-identité-structurée";"pilot-pending"
"Sean GUEGAN (SACEM)";"Sean GUEGAN";"update";"241ff53473fc89ba";"PGO0027 · Future Beat";"Main";"suffixe-société-et-identité-structurée";"pilot-pending"
"Sebastien Blanchon";"Sebastien BLANCHON";"update";"5640e142e43c8014af3db832b13ee61a";"PGO0049 · Odyssey Suites And Remixes";"Main";"variante-mécanique-attestée-par-ayant-droit";"pilot-pending"
"Sebastien Blanchon (SACEM)";"Sebastien BLANCHON · Sebastien Blanchon";"update";"e63137588f5c54732c6171b18261838e · 74c86772d46d335db10b705005dea967 · 96de051c1dde5002b742fc2ea45dafcc · 7d69dec15c3a6db681242b9d51ee95b7 · fba1d973be9a6277a7e6382fccf858be · eb451533beef44ff5d752c80054d66e4 · aa354a65ef3409a815d5b3503cb77a3b · 3c39a6533e89baa935ea99d129df6144 · e83e4f5567b10a28b7c1442a84ca4c38 · bdbfbe12ef9e6dc48d73ac3fc373ec05 · 55385476aadfce3c94cf3961c72af56a · 46119554db962f6970423fc743bac65e · 365c38ca77f027a7c8309453c04774e2 · 9405f1c07211a156d34cfd3a3fe1dbba · a4d72b32bd0756e2033e731a0e8aae54 · 632702d481c6023e7e28b966d3f2ab7a";"PGO0049 · Odyssey Suites And Remixes · PGO0048 · Solo Piano Vol.2";"Main";"suffixe-société-et-identité-structurée · suffixe-société-et-identité-structurée+correction-explicite-validée · suffixe-société";"pilot-pending"
"Sébastien BLANCHON (SACEM)";"Sébastien BLANCHON";"update";"9fc5f3193d9a25dc · 652c3d98969c56e0 · b4dd24d4c0a14783 · 2baf4afb76219e5a · f2ac47b293803630 · d397344ecc1113af · 6de10622a74e52ea · dcba6d73465dc7c5 · 4df44530408bc799 · 2be83733a7b22e66 · 6b56dd73c0e691a0 · 9270056610ad1640 · f4ee2efc4b7cc4a9 · b4ba8dd10e85ae27 · 6b8e9e616988ffea · 508f9ed05a3f245c · 56e3cdf810090b0a · 6316c608d03599a8 · 3fc00bb24cb5248b · 60000fcccc51497c · 4eabe8f15f3ea596 · a5801b56279e22e4 · 77cf68cd87e6d545 · b9ca200f24a66981 · 5536a3f59aed32df · f63a9954270e6593 · e4732404e9b451cf · 860eefec897ad3fa · e97819282da8d27e · cf2db5b8e91cc56c · 62f65d3fc33361ac · 94d3e1c636db98dd · a2e932406273adc8 · dff069c902960dc0 · 81c09d15b5f409d4 · 2c04e11d07f257be · 637fecc557af79e1 · b3bce9a701b9c6aa";"PGO0028 · Hollywood Hustlers";"Main";"suffixe-société-et-identité-structurée · suffixe-société";"pilot-pending"
"Sebastien Delazzer (SACEM)";"Sebastien Delazzer";"update";"fc3777845fdd84fb · 8224c373da0b4c42 · 194fc62283e2900a · 58f7b865ea9a8992 · d75ba3e90657e29b · 73eefc2abad772d9 · b247d4bdb128de20 · 5ae133210aa6b2d3 · d4b8c3d8508759bf";"PGO0021 · Moombanana";"Main";"suffixe-société-et-identité-structurée";"pilot-pending"
"Simon Andrieux (SACEM)";"Simon Andrieux";"update";"f0836084785df97f · 35d0bbcc6208f5f8 · 5b7f8830cc06c77f · a51fd6d6a556e05c";"PGO0037 · Quirky Jazz Parade";"Main";"suffixe-société-et-identité-structurée · suffixe-société";"pilot-pending"
"Sornin Emile (SACEM)";"Sornin Emile";"update";"d01985ce8488e525 · efd3cc295991495d · d7c0c77d1af483f9 · a405df65cb548d21 · 99314e240b2c2329 · 96e45242dcf2c07c · dd05f045eb46f4b9 · 63983e6c0feba66b · eed7acd0b5d6770d";"PGO0033 · Surf Fiction";"Main";"correction-explicite-validée+suffixe-société-et-identité-structurée · correction-explicite-validée+suffixe-société";"pilot-pending"
"Sosth�ne Fanou (NS)";"Sosth�ne Fanou";"update";"08a3cf834d4a857c";"PGO0036 · Afro Pop";"Main";"suffixe-société-et-identité-structurée";"pilot-pending"
"SR ORTEGON (SACEM)";"SR ORTEGON";"update";"fa1272f633e71105 · eace439b03f45a11 · 53c85d6f071fb7df · 31aa029a3e41dc8d · 8209d129bdd20a51 · 888a87f785cbdad7 · 4346ea3c1b3d6b2e · 01c934ce619c8a2f · 0d62fc8e19c53e45 · d0bd179e2d1f5149 · 575e9489eb8ef114 · b71fb40525dc3edd · aa969311d9db6187 · 7b034044ef6a88ff · 8fa9611eba9231af · 64f5f576e5ad9ba2 · e3985435fabfe986 · b1358f5138902a06 · e52039e5d3bc7190 · 0e0f69cd94f39e03 · 6a02ea4c4e48f053 · de9083e171169235 · 6030cb6cfed5b531 · 9493296d334383d3 · 275bc5de2180cef0 · c310fd0da85e536a · 2f6f4d10775c4d0f · f31825c418e0a558 · 42c79ac378f05e2b · a8d76dc2b1487f80 · 9298364b71ace450 · a0d0f7be5eae4718 · fc06cf77081c0405 · 4220f0f76e95f158 · 03a3a11645318ba6";"PGO0026 · Latin Experience";"Main";"suffixe-société · suffixe-société-et-identité-structurée";"pilot-pending"
"STAN GALOUO (SACEM)";"STAN GALOUO";"update";"fa1272f633e71105 · eace439b03f45a11 · 53c85d6f071fb7df · 31aa029a3e41dc8d · 8209d129bdd20a51 · 888a87f785cbdad7 · 4346ea3c1b3d6b2e · 01c934ce619c8a2f · 0d62fc8e19c53e45 · d0bd179e2d1f5149 · 575e9489eb8ef114 · b71fb40525dc3edd · aa969311d9db6187 · 7b034044ef6a88ff · 8fa9611eba9231af · 64f5f576e5ad9ba2 · e3985435fabfe986 · b1358f5138902a06 · e52039e5d3bc7190 · 0e0f69cd94f39e03 · 6a02ea4c4e48f053 · de9083e171169235 · 6030cb6cfed5b531 · 9493296d334383d3 · 275bc5de2180cef0 · c310fd0da85e536a · 2f6f4d10775c4d0f · f31825c418e0a558 · 42c79ac378f05e2b · a8d76dc2b1487f80 · 9298364b71ace450 · a0d0f7be5eae4718 · fc06cf77081c0405 · 4220f0f76e95f158 · 03a3a11645318ba6";"PGO0026 · Latin Experience";"Main";"suffixe-société · suffixe-société-et-identité-structurée";"pilot-pending"
"Stanislav Bendajevski (SACEM)";"Stanislav Bendajevski";"update";"d75ba3e90657e29b";"PGO0021 · Moombanana";"Main";"suffixe-société-et-identité-structurée";"pilot-pending"
"Stéphane DELPLANQUE (SACEM)";"Stéphane DELPLANQUE";"update";"f43996784ebe433a · ac27c1058dc3255b · 475034c0e5fa8323 · 0a4e241bd419000b · 9235174428fcf663 · 875b049aacc7bde2 · 504431b6039f4af8 · e7d4921fe75a32f4 · ff8ad8b81a32eaa3 · 31b78a7be2a88671 · 418e9cf3c79b242a · ee28051926b1e317 · 885c60ac2319f62d · fd9ca13b60b22e12";"PGO0041 · Lazer Funk";"Main";"suffixe-société-et-identité-structurée";"pilot-pending"
"Syra (NS)";"Syra";"update";"f4d46ce6b10c55c1";"PGO0036 · Afro Pop";"Main";"suffixe-société-et-identité-structurée";"pilot-pending"
"Tcheep (NS)";"Tcheep";"update";"28d1b1895002513b · a32bbcb9860d807f · f08222990601dcac · da30d4fb192c6422 · aafdfab1d2b72590";"PGO0032 · Diggin Hip-Hop Vol.2";"Main";"suffixe-société-et-identité-structurée · suffixe-société";"pilot-pending"
"Tcheep (SACEM)";"Tcheep";"update";"086564484c5ce1bbc961900d97eeb525 · a3d445b7bec643e2a4b5b820d2b48364 · f65a1303d4c8740cc5baafa318158537 · c0dd11edfe0bb01796d653effd2669f5 · 2c6092025e222f6c27fd03f6150bfc51 · 5979ecc80f63bb7899a91318b727215a · 1c39dfca22329f1bbbad9b086f16016b · 56e007019da368d28c3aea8cc34eff6f · e97f91f9c2a3c39afd01a1706d09515d · 7abf09e4bad698e8c3c1363e230df031 · d88f93c68331c7666877d5d93687ea5c · 5ba20dd2348a2511e59518552151aed9 · 69fd53f9918ef5e855d32ee34e5b9dfe";"PGO0051 · Lofi Hip Hop";"Main";"suffixe-société-et-identité-structurée";"pilot-pending"
"The Architect (SACEM)";"The Architect";"update";"365c38ca77f027a7c8309453c04774e2";"PGO0049 · Odyssey Suites And Remixes";"Main";"suffixe-société-et-identité-structurée";"pilot-pending"
"THE REAL FAKE MC (SACEM)";"THE REAL FAKE MC";"update";"ea688fa759877ca6 · 4070ac60c40c15f7 · e88e94d14600635e · aead18bff7d223cc · 4fbf3efe03f98f77 · ed81479ecfef4717 · fd4c1132a6f3a289 · 660a6213a52dd80c · 85b6550f3ba49fae · 09f21f66a401b2aa · c88f9eeb9d28e61c · 67be3b8874f80db4 · 7854a2df8af9601a · 95377216d22d4aa3 · 1b9cdc64eef15ef9 · aa0d0f63f49a0363 · d0cca66ee3a4fdad · db91705370f2054f · 1d5516738d8bb053 · 5fb246166ceb01c7 · 270ebbf604099178 · 1e14acc6eb746eb3 · 85f27d94fe76fb8e · 324b720a172820b7 · ab27c2a804f4aa93 · 1bb3f9dcb9fc486c · 7baa1bb813e8a9d1 · 0c4c0fa8fb01f647 · b5e3ff76adafd5ca · 770da9e52ee6bdb1 · 5fd27c6acc635e79 · 93d2d1398b1e6851 · c2919fa83052f142 · 243fe8823a48cf8f · 8e0ec82cdb9bc4e4 · ba9ba3247ddd53d8 · 122b3d578169d352 · bd514275a25b4ae0 · 603646f5e4b50cb8 · b5ec9a07efbb52cf · eed04054127a453a · 5ad116b37f172d0a · 40e60006bf0b6db1 · 077cf8af81197947 · 01ff06646a2c6b75 · dfd2f82cdfcf938c · 35c5840fd28309f5 · 77c7c298526cbc11 · 53fb937f82514c61 · 64f9436689219d43 · 8fba213e2b5f232c · 817858ea0439dd85 · 14ada340e261207a · 6e644eb80d83ed16 · 8464ef95521d04e7 · e03aba50d9b66d3e · 9b617236a682f9a5 · ec054783bc5c8cd4 · e9a1e9e250c9d5d3 · 7785362d364133e2 · 11e9fa58b6b9d348 · 1965ab51c8049ddc · 80f82748e9c66661 · 55c0ed09563f50f0 · 19bc554865ffb97f · a02ede22509f3b33 · 206ada3856ab30f4 · e7bcb6635ac63706 · 8d5e030ec5080cda · 8f9c177bc880d9fa · 00124270ceedec07 · acc838cde4d73fe7 · ee7923e6f7df1d6e · 18b907227580108e · 12e1e757e51b39d4 · 06a828f364d6480c · cdac106320ea1203 · d26d94913ac883f6 · 9ba88b7bba330627 · e64659628e812fb6 · 2abc28121a7a73c7 · 2c2d051dc3d8e68e · 8f76d1143ca427f7 · 18cac71e8785d997 · c204182e97afc229 · 743e0950dd15809c · 9fcddd41041f8ea6 · 5b5f662eee00aacf · f86505312cc8a581 · 02a427e363dbe4d8 · b5d0a97cf81c6e44 · 110be16dc9043a2d · ecb49e89d9d48743 · e09bcec8afdb310e · 70f66c8c1d8f0c9f · 7ca987aea3eeed27 · 8319613d1de0599f · 8ec95b43f32cd5ba · 15a8af66ba048da4 · c9ba1e5d1c0151d8 · ce1805c1077806c8 · 5e27e97e6b45b47e · bc73f0d68f1469f5 · 27999b2e8e888f0f · a7452a9847a49918 · 1b2aa8a79d78c346 · bf788c40733d35df · 696559136f45707b · b2d1a1bfae2446e7 · 63775f548d0e015a · fdc005857bc7a97b · 59411544a84f3e45 · fb6e769c084d643e · 1dcbaf2fc84fdafe · 1234491aba7a36d8 · f6e8508d8ae4a2a3 · fc18ada24d26bec8 · 7d4c2834db9d289e · 54d79b7eee9b0b8e · c2b23666f4e964fd · 1c6bd798bb5bbc03 · 06048196dde76463 · dcc181010db9247f · 9619d55cc0cd493f · d01031dc60d22163 · c9509b57342cd2d0 · 27eaad354bfebc2e · b7ba3d8e2762abb4 · 86982f327a036b9f · 5b7bb4fb95575a19 · 337b5e1cc9fd3272 · 6867ca265ff467f7 · 08964fcd50266d2c · 724ca69ab4cd5cba · 8f2bc2cb1bafd4d0 · 98c35100b8974c00 · 1b2734ee79f308a5 · da8311a8916dbeb3 · 8e2b2c78cbe76310 · 552d2113ae154dd0 · 05992c38b3b75842 · 58198316c62c7f2f · 9f0d2be1a893907f · 4f6e25606c33de6d · b8e75d1c69125106 · 6fd7addedf4488ee · 4fc9a099717b3c66 · bd2e920aabf481c6 · 8692aaae1343b46e · e36d5a93856c523e · a0755b354b018414 · f9c96641fa0aad58 · 0b658b398eb49c5f · 315b2b9225a0d184 · 691fe2281d6159eb · 9917982813a0d25b · e5bace83a8334d2e · 5a422f85dfe61ed1 · 2727a000fca6c532 · 9048d2f63aada415 · 2abcfc752d4f0b20 · 33b87a003f29df76 · 4c7f81727ad4b23b · e4338913043ecbb0 · a813edf93e5bb8b3 · fbe051a03dd97d95 · 4db2d12a851dce49 · 90829b1d4a5e703f · b607fa2d371f168c · e4c2c9cc2ddb244f · 62495e13311556ad · e002e4dd162b22b6 · d86bead63d0019cd · bb04e4d227520397 · 5e08993d616c279b · 287b64fdd960eeb0 · 0b771f8af2127f9e · cd70ba7bb8963065 · e297f999b692b21e · 419e924311d382cd · 8d2d8864a9e79143 · ca5c943d29e5eb3f · 9bff579b752354c3 · 94c43359a0817393 · edd31d4e866cb739 · a1a1427438345230 · bea13ba9f007938d · 09ad6a8e1ceceb3d · 6a2f0a2d2f16180c · b8feea426c30bc35 · 30c4fda8a24d9ca6 · 545803b457be4c5a · 3ca77693e364e42b · 2fc73e8a68e67b08 · d175cc2c4ae45146 · 05c657bfd8df9e03 · a55aa2688f55bc1b · 4c6098e105d9bbb4 · bbbb7b61be5029b9 · 4b753ca78416738f";"PGO0029 · Go-Go Funk";"Main · Commercial · Stem · MAIN · Commercials";"suffixe-société-et-identité-structurée · suffixe-société";"pilot-pending"
"Thierry Loshouarn (NS)";"Thierry Loshouarn";"update";"8ae4cb2693022ff1 · af71f4deb1ce4147 · b0591c1994d3baa5 · f1276b473893ecc2 · c4e24202b144962b · 693cba08cacda8b5 · 19e18c4aa4d389e6 · 8b14642c96ec58e3 · e3a87b8c45b83945 · b47f293784af5dc7 · c85278a80cc20423 · ee61dc90e625c8d0 · 72c4576672942f15 · 5b2082fb60d0f79b · c44ea0446476559b · 6d1311278a554eb5 · f006f9843835abc1 · 12deab2dc950f8a6 · d56ff0f5bd4703b5 · 7bd57a6941c0cc57 · 5c3bcf9ae546bd30 · 593571ab0aaf039d · 736997b889a72a69 · 0ac7dfcb05cc8585 · c9060ae450c5408a · f25c770e92bacb00 · dcc0332e57886180 · dbe2db3d53f30c1b · 017d46e7ccc2a56a · e6cb1cc800d58e65 · 14956abb730eaa1d · b6620e2a9d33a241 · eb0f39d011120008 · b1fab04e680bc16d · 5d47ca8fd87b01f2 · 45865785ad5da556 · cb62889c7029f98f · 6cdda0312c839050 · 536c84eb78c4ea5f · 045c45d7c559098e · 6ec8da65e77ab1c3 · 144ce65c1add3d4c · 87be7d1306998be3 · 3ea454c336ab5dde · c761b917b7830925 · a6fcb9ce765bf576 · c8e4b7150091d09f · f7f003da7df6c727 · 25c20e04ea2bb977 · 166494461bb672fe · 0bc9a6c442071915 · a66d97f4613c791f · cfb2e05deb0af978 · 74ecf36da159488f · 50084e6dc1b15913 · b31908f75c66ac8e · 6164dbab9c36b3e2 · a5b608be62747980 · 85940808a3032a0a · 7318a50e14892ac4 · 591a47416644f743 · 04405ea472eead64 · 6fdb4260aa603fe2 · e52bae63f1c2a693 · a7f696e7831bada1 · 535f106d4476583c · 7a0856102eebc793 · 854d0dfb7ad8c9e7 · 866e4b99f3cec8d4 · 36c3c6fce7d7d039 · e1339f6e2c041dfe · c7225d3406f03b2f · eda8eb835e5754f4 · b92fc91381dd2980 · 0e563d671fee1ec5 · 51a6d1d9c574f2f5 · 70a4db0a917db1f4 · cfb1682881b20112 · e926627e2b4f3da4 · 111d7af500e1f2d2 · 810223f602a70604 · 58d90ea7b977fb17 · 30d91c18a30dd331 · 74733134feb2a95e · 9cebbbd436999ae1 · b766786532876cc2 · 6a3d29358272e4a3 · 52b6b3251d4b32f3 · 8d72b60c35cb227e · 79401646ddf67a45 · 9ab8fff9e0bed24a · b32f6267b65460eb · a8ec937f09bb45ca · 4d2aa0f6f5689393 · 68729ccb18b7faac · deff068d5b4d0142 · a2baf41d0b3642cd · 2ad626767bf084b2 · 837ef017e442183d · 9bbd9d3ec75e1211 · 4d4cd688134b2391 · c763d2557d31c3e0 · 55e5810c23c7c0dd · 16b43405809a0f57 · e70f440fc09c6215 · 3e33503330ca46c3 · 86e44a58531c71e3 · 9f6f0f026fb25ebf · a2896f140eab3830 · d881b0c4f0a0d720 · 6e8c5a0ed0d3e2f7 · 35dab22f2ddc0a13 · 614ba41cdc276c46 · 27e9e99993cb90b3 · 0c2b6a4158b81bda · e078ecd06bb690c4 · 1e39ddd0e032a074 · 28db8f10a9a84546 · daaf0222473854ee · b274217613f3114f · 4b2b1e1d6d4bb5b4 · e892504e52082bb6 · 407b0876fb8384f1 · 6b39a998bba2b0ee · a2864c6926f2ae39 · 70c5d38311fda159 · d27920cb79ca9c5a · 9c20bfd2ee0a7443 · 1885a12fd1bc7717 · 5fde6bd64e29775f · e2e8d0a7f13c2139 · d5b91fc351a4408d · b80f7309bf3a1525 · 394d1217173bd587 · dc49e36dc58dc3f0 · 23bbf6592cca0b7f · 54f212bf293534dc · e5c316455ec95823 · 4b4509398f7ed6f0 · f0adfb6c71ff612c · a28abe10d6908ba3 · 6c35f24591526609 · c96392e67b33fd4b · cee2da5cc17016e3 · cff7fbfb7ba25af4 · 16b84e5f1928e6ab · 9ae7029aaf940b44 · b478fc386f850794 · 9e8e40dd870f7e28 · b04fc7f14302689b · 99d304cdfe2af2f7 · 8a779799c9a9fb85 · 69eb9ffcfa633a97 · 3aa1b0e0e8c06de6 · 3250deea63895ae6 · ed6bbe965a6c1011 · f5f73f8e8c72acc5 · 58f024b5c5138ae7 · ca024c7bed27918a · e0e3f51b0be288f1 · bb790c54a9196443 · 50d1dfd6b46d3cc1 · 6537ad38047d8f47 · 9b09600aa455c51b · 112ce386e039d80a · 7a4bd15fee6bd9f0 · 54d8ac5dbb16cbc2 · 6d511a9a311b5297 · cb278d1b28a2332b · 07b8a7d50a0924c3 · 5b0df58a704d864f · 825f0a4ecd300af3 · 6469175e88381d46 · 205c25fdf53d7f2e · 207391c6aa2e9fda · d4d3e250c10e3de3 · 0bb72f552678b5cd · f72407861bfdb895 · a2e6fff23c17b9b3 · 7b1fd64651de3699 · c5a9b42847297940 · d246f93bffc12cc3 · 398fab2695d719be · 5bedab986a8b107f · 6a64796e6b25f93e · 2bb08dd49c5128ed · 01beef5b4da883ec · c2c901c63581997d · c7fe503eeeb0acac · 77dd11dc455ba281 · 20a4a8b2faf34ef2 · da617953426b0c20 · 781d75dc9de1c057 · 64f865fdd40e56b0 · 8cfa6377ec269bae · 12160f3561bdbdd2 · dc04e82f6a0dfcaa · ab99d1f2b3a6251e";"PGO0014 · Vintage Rock And Remixes · PGO0011 · New Wave Drive · PGO0009 · Dance Fever · PGO0006 · Acoustic Trip · PGO0004 · Paris Accordéon · PGO0003 · Electro Boutique · PGO0002 · Parfum Pop · PGO0001 · Paris Rocks";"Main";"suffixe-société-et-identité-structurée · suffixe-société";"pilot-pending"
"Thierry Loshouarn (SACEM)";"Thierry Loshouarn";"update";"82765264f68f5ca2fbf2eaef635a94e9 · 116951ef4d8f708c4a09054824993c92 · 21770be0a33dc5b8474bc68f8e210760 · 942554bf944ff802d5a9d445302c083a · 06ced978bae2f677aa6f7083064503f1";"PGO0048 · Solo Piano Vol.2 · PGO0047 · Solo Piano";"Main";"suffixe-société";"pilot-pending"
"Thierry Tixier (SACEM)";"Thierry Tixier";"update";"8224c373da0b4c42 · d4b8c3d8508759bf";"PGO0021 · Moombanana";"Main";"suffixe-société-et-identité-structurée";"pilot-pending"
"Thomas Cirade (NS)";"Thomas Cirade";"update";"626a9b4d024f7ef13950163a4187f831 · e2ab12c13467775284b476c86c3ef1fb · 5c831b9f3b66744f70d59acd8992716c · 2918726ab8e286672ce0086eed91f0a8 · 5868ca042482822910036af007948c5d · e7ebc9422528beea1a0389beb16ef19f · 797fbbe3befe3292d053399f7664c58e · 3d33430a513f17a92f6ba3f5d8815c89 · f4abf0e502c8f4f7f6011e29d68d7846 · be6a8010e19933baba0313aea3653aac · c788222cb48fe2cfefff741b6e3d2bc5 · ce99224ce85413e996937d75d4aad81f · 4448f1d5c216613d1416ab10a7d7ce69 · 407f76c230fe593f0224cfe71aa9debb · 758286523fe05027563d424eb579b30f · f9467d69f7acb3d7290d64fa096cb15f · e8a954cb1aeeabd5ffcd63f8db6624a7 · 30d50b6600c32376097830698b6e7313 · 18bb8e1bd9d9e29fe9c8336bf181ec32 · 15655f88ecb4e266a99587cb7004e64d · db00b56ff7b39ccf4b0f1e59d1a1994a · 3857a40b5a006fd78c01fa5d4e4d7cb0 · ebffede51801a3f55bec0bfe5745c587 · d83c65be6226b759ee0a34b1b34d9403 · 48e42b581daa8a6b2e9c5c57508987c6 · 6a1fe32a1bf1908f8e4c81bdcdda6042 · 1dccbed80f0742f6a895a529b154f880 · 7dfef5e907505051c25c2be37b06d993 · 5a3f0800c697b120fc7872c573993b28 · 502af15b98088ac1ea04191799f17a27 · ca0a869caaf49d62f09642fabff1eeca · 506bb19f6f665fda11ac362ba9518ad4 · b3e4e31d1ead3e30d30483631fa14192 · db9dbcae6bae9cb9009b0226533cc910 · df37b0df77241bbd061dbbcc7c3c2669 · 01ea2a838af2ae956e34a82e8d0f86b3 · c51cf1f76021ce1efca90705c6aababc · 8be7cd1cc5b1bc3e8db4c977ad43870e · 25122c956d4d061dba3f03920fecdc71 · 1453837d599fdb62ede28fccaa8916f8 · b47cb4e4e4f56ff303fcf152bebf5640 · db238e6a40e5389690b5b7986b3f4ae6 · d1063db6c896eaaed89907a897caec76 · 55cda2db7503049083ff49fefba43922 · e3804f288c97160eade10750d9932195 · ee378e6c6ac42c14 · f2bce59b49b9dab1 · 565b01c84208c64a · 93d8bca202a9e51f · cd7276d776ebde9c · 8a3748359d1b25e7 · 8cbae12d0ecea662 · 6dc7354f33b79836 · daf9f149a314be2d · dfb7af00af513bc8 · f68ed6213f329257 · 976c303f27fcdcac · 6d75c032c1f0937d · bc59ce74bac07340 · 8510ef5790c8ca54 · 352c5591172d7c68 · d809b31d49f8fa26";"PGO0046 · Dub Experience · PGO0015 · Reggae Experience";"Main";"suffixe-société-et-identité-structurée+suffixe-société · suffixe-société · suffixe-société-et-identité-structurée";"pilot-pending"
"Thomas Cirade (SACEM)";"Thomas Cirade";"update";"f065582aee14d8feadb72a307036191c";"PGO0048 · Solo Piano Vol.2";"Main";"suffixe-société";"pilot-pending"
"Thomas Join Lambert (NS)";"Thomas Join Lambert";"update";"6d75c032c1f0937d";"PGO0015 · Reggae Experience";"Main";"suffixe-société-et-identité-structurée";"pilot-pending"
"Ugly Mac Beer";"Ugly Mac Beer";"needs-review · no-change";"af43adedd5770c02f54cb40c36704827 · 50f131a7d24528a796fc888987ba6de1 · 0dde0f67ae0480d24215ceb40374d061 · 269768afa73fefc5abcb499386e61750 · 7eef89122f9bed0be7ce82a956a2e663 · 3b6b801a4d96b93a90139fff14c7af6a · dae142931cf7f7f9f2f5147f73fd8a96 · 8ed018c3a52b190ede0d1fcf3556041f · 15ccd07513bcc76112cb6866befeebae · e155ac069deddb4ced688427a221043d · 3655abe47264bfd0dffcf7436094256f · 02ae173ccedcdec23dd2c57af02673d3 · cc7a63d108657fddaed4c7082c8083f3 · e37bb012a3fa3784da7de468f6d1c0d3 · 94a36c136c909d8060c668ef7525e570 · 5391a5e12aee6103a496f3333a50db05 · 5496fcdcdc37c347e9f0f9e6ca23069b · bcbbd0d2a346c9dd789b4a88b93a64f2 · e7c78c2528e5a19077a3b04e036b1e66 · 4327450387ad593a0a0130d325150a77 · f964ad8de26c7c66368ba38d69c7eb27 · 54483e282c26a8bf9b16f557b6b6c3d7 · 2292d8a07980d537377448d307f6341e · 4901293ec9dc43ca7b63f2fa43e4e806 · 7b54871afb5a35ef676f2cc51ae136fb · c16df77fd53b66f1bb3f424d7947eea9 · 13ae4c84401c1d363aeecfbbfe02d043 · da97b97bd052ed52134a420566aaf6c5 · 6aafd412631032a3abfcce15acb75f3d · 1311e37ae1d9e42d1996dcc6c4155e75";"PGO0054 · Dark Beats";"Main";"écart-ayant-droit-à-valider · déjà-canonique";"needs-review"
"Ugly Mac Beer (SACEM)";"Ugly Mac Beer";"update";"e527849971dff951 · ff8c79c20ae508a7 · 762233fb29afc224 · c3d1cc6eae58da79 · 1117c3677882e6b1 · d2cb21a74a9b3846 · b706eed49a31588d · 781a169196096376 · 6324497ec62aac40 · c56c1ea80405a6a4 · 058edc9ad25b0464 · c94b14c02734e761 · aaa97a7dffa7ca45 · 165dbc787227bebc · a325bce10124ddc8 · 54477152443daf19 · 38a067281a69c82b · 5d900ec561b3f484 · 03328d4842ecabf6 · bc63bbfbbfe9d754 · cca60363313d4563 · c98a265f0490bffb · 36de13c967fd3dfb · ddf62b12a5a75544 · 2e108762213e2d3c · 63f7f3e7f550957d · 681bd24832d314a3 · ac38255a570a0743 · 3c2a5c7584d8812e · 0ff59762d76da3b3 · b0a8111814ee208d · a8c3c6a1f97fb810 · 5bef0d86914a88d9 · c1808b0a4140c86c · 55a76600b73d9b14 · 1c99151372558029 · cc4f0a59157a7ae0 · 1f7deae92c4582df · f88d04115868102a · 7c36d2086e2b47d4 · 003c424c95d5a096 · 69d6e28b2fbc6d79 · 9fd392e998367a1f · d3c2d629d7f378ab · 15e2e8e3ab4590df · d7e765ad64ffaa2d · 356ffeb17383dd77 · 7c65a63ec7cdcf53 · 925e3b47387d92f5 · 031beeb21b3da1db · 8f73b5888249fdce · 9fc5f3193d9a25dc · 652c3d98969c56e0 · b4dd24d4c0a14783 · 2baf4afb76219e5a · f2ac47b293803630 · d397344ecc1113af · 6de10622a74e52ea · dcba6d73465dc7c5 · 4df44530408bc799 · 2be83733a7b22e66 · 6b56dd73c0e691a0 · 9270056610ad1640 · f4ee2efc4b7cc4a9 · b4ba8dd10e85ae27 · 6b8e9e616988ffea · 508f9ed05a3f245c · 56e3cdf810090b0a · 6316c608d03599a8 · 3fc00bb24cb5248b · 60000fcccc51497c · 4eabe8f15f3ea596 · a5801b56279e22e4 · 77cf68cd87e6d545 · b9ca200f24a66981 · 5536a3f59aed32df · f63a9954270e6593 · e4732404e9b451cf · 860eefec897ad3fa · e97819282da8d27e · cf2db5b8e91cc56c · 62f65d3fc33361ac · 94d3e1c636db98dd · a2e932406273adc8 · dff069c902960dc0 · 81c09d15b5f409d4 · 2c04e11d07f257be · 637fecc557af79e1 · b3bce9a701b9c6aa · f106d291afdafc49 · 5d770bb2d9a3d9ef · 830aba9842658ea5 · 880d3736115399e4 · cf3ce5d6307575c6 · 179562a644a0dab0 · 5fb6e7cf31c3e05b · 44d3e07e83627787 · a7354b8bb089c92c · d8047327d006a403 · 4028893f3e2d053e · 21843ab8a99d4052 · bb65992a96970c08 · f407926454b7549b · 80151fe83f76e4a8 · efc038ed2c176f47 · 69a4f555de4b999c · 316edaa4ca9e0cb2 · 4789918d50a618eb · 1630a657725777ad · 7d1dad476246d156 · cbda0a3e3e4acbd4 · 16eeddece6b07afa · 290a59f41c422df1 · 96d5042e5b85925e · 446a3b6d688eaace · 55b62320eea3cbf2 · afdd0475710a2f79 · 8498172502190b6c · ac2d28787795ce16 · c99d1af787a1b729 · 4ad193fce63a0380 · 7efc3a491b33b4b1 · 600c407018e20093 · cdfcdc1aee4fe75b · a0d9ad22ef744a0c · 0cb9620b576fe7d9 · eb0eab154dc1c2be · 0bc646e3b26ac0b8 · fc84ecfffcdb7f00 · 3b751a9ab6d88e17 · 28b8dc05d2711804 · b651ee6982adac6e · 8320b6522d74b497 · 80db6892b3649010 · c839b20221deaf38 · 0e5297fdc46a38b9 · 295ef098364e7d51 · 74a2155e6c6702fb · 65fbf6c7231251f7 · f2c4b446ca95346f · 730c2b582fba7cf9 · 7f4c1f1c519d5972 · 1dbaab6d0929391a · bbb22cb6797bd306 · 50a1d419f075fcfc · 517598f910026e1a · 3c6e8cd390dc1aee · a89ff268ddd4ba1a · 1dbd3f337f79abe6 · 71b54358e921c7da · 928c743c9cb92e82 · 6984238f7b21078f · 1631694bda1303ec · 52f2faeff60a8483 · ddc2edfa32e77744 · edd46b43b8124eb8 · 5ddde6b8aef65a1f · 4334737cf67ab7ae · ecd9bceaba6819b6 · 6469dcba84865a10 · c986336589e0c690 · d56bca8cf619c86f · 021a2fc655298df1 · 34fcb78df0013039 · be53beb59939b0a7 · 540f7b9013df5cdb · 36ab7d1d9583cfb3 · 28f0dce98f4c5927 · 5a41ef6f4968f58f · a87a9b825841d38b · 85aee919bd9a5933 · bf4eb8fad8bafd61 · 36792d2ca886eb3e · d889ff9ba064c76c · a2977db6b74df794 · 8c3022d2551d5ec8 · 08a8fe36c30e0e21 · a90cdc32c765ee48 · 80e0415cb7ba47e7 · e62cdd4846e8178f · 07f6af22ad034e01 · c4e60cd5a360ebe7 · 04d2ce1f21f9c80b · f71872d45bb6d43e · 63876677608324f5 · cae1918ad18cb401 · 760c0f007e29364c · 25dd1db4da974f0a · 5d7b51c072ae0d3a · 344dcc5ca9ea954d · 93146cc2ac13c9a8 · 3b7aec7f1145774a · 3a348575a12dc1f6 · 5084f1ba51798a90 · cc13fb64a56c35a0 · cf0dc4d398c7ae44 · 5cbb14822c38d2c4 · 90a4258f1918fe30 · 1b08beace9de6bba · 2bcc7917896446e4 · de64d6e380833107 · 2ea120c885f3d356 · 9b03b8ce72f1d119 · 4d7b6b78524823a5 · 4d61b4ab2edae713 · eb35b4c591906397 · d200f221afa4de18 · 6b39af7098d09548 · 2d41669ded51cf29 · 2e65b94566fa2206 · 0da9d406fe7f2995 · f95a745a7a94bb80 · 37f71dc1ce4b1bc2 · 952fce9fce1e0cd2 · 9c3d6bbce1a6be3b · e14ec16085f0c040 · b2c523f30e256915 · e75ccb9fda5cbcd8 · 8f1380332bff1200 · 50cbf3fb9232da34";"PGO0044 · Dark Ambient Vol. 2 · PGO0032 · Diggin Hip-Hop Vol.2 · PGO0028 · Hollywood Hustlers · PGO0024 · Caught In The Trap · PGO0017 · World Hop · PGO0013 · Dark Ambient · PGO0012 · Urban Crime & Riots · PGO0007 · Diggin Hip Hop";"Main";"suffixe-société-et-identité-structurée · suffixe-société";"pilot-pending"
"Valérie Labro (NS)";"Valérie Labro";"update";"d56ff0f5bd4703b5 · 7bd57a6941c0cc57 · 5c3bcf9ae546bd30 · 593571ab0aaf039d · 736997b889a72a69";"PGO0014 · Vintage Rock And Remixes";"Main";"suffixe-société · suffixe-société-et-identité-structurée";"pilot-pending"
"Victor Baillet (SACEM)";"Victor BAILLET · Victor Baillet";"update";"6a5114f9a6d4378c · e1517be4a9172f6a · 4d6eef631386d6d8 · 4988c8a22657d99a · a44407ba4d1462f8 · bdc191bf2c0297a3 · 2ea32e886d993c8c · fc3a3773db26aff4 · 775b431e4f240711 · 9105591b22009ad3 · 58e02c8a708237c0 · 08a3cf834d4a857c · cd3b934be8166603 · 622514a75da8e84e";"PGO0043 · Brand Content · PGO0036 · Afro Pop";"Main";"suffixe-société-et-identité-structurée · suffixe-société";"pilot-pending"
"Victor BAILLET (SACEM)";"Victor BAILLET";"update";"08c684a452847d26 · 163a7e9549d20509 · 30a98d3c2afa4a25 · 66ee253cf51d66b1 · 241ff53473fc89ba · 521f619e23e14e4e · 3ba721e8898ac724 · 7a5435ec8ca5aff0 · 6a131cc5dccd69c4 · 3a653803fe918d5d · be0f18167de4ff3c";"PGO0027 · Future Beat";"Main";"suffixe-société-et-identité-structurée · suffixe-société";"pilot-pending"
"Vincent BOUHELIER (SACEM)";"Vincent BOUHELIER";"update";"3855a129bb7fbf9d · c0806d8b5a097ca3 · 46dc4f8d557d789f · 0213ccafedf23f36 · 31b0945b963e2cfd · 08c684a452847d26 · 163a7e9549d20509 · 30a98d3c2afa4a25 · 66ee253cf51d66b1 · 241ff53473fc89ba · 521f619e23e14e4e · 3ba721e8898ac724 · 7a5435ec8ca5aff0 · 6a131cc5dccd69c4 · 3a653803fe918d5d · be0f18167de4ff3c";"PGO0036 · Afro Pop · PGO0027 · Future Beat";"Main";"suffixe-société-et-identité-structurée · suffixe-société";"pilot-pending"
"Wamid AL WAHAB (NS)";"Wamid AL WAHAB";"update";"2587b3d93818e717 · 71a9abdd1a0dc808 · 75884c68c19f9c12 · 237f242dd1e7b277 · 49adbb5df180778c · 5a4ee3ecf49001da · 0392e835c0c25f74 · 1b2d34ca36ee3624 · b0a7ccdfeea03396 · 1e7cdcd1bcd0df0a · ba41cbce9584c78a · 2403df3c4d73616f · 182759cd54c4efa3 · 6207858a3b1713a1 · 33f522f291fec33e · c2e2c5efdb8ea4ed · f0a65690c5de540e · c215b28212915bcc · cc4bbea96b06b56a · b7cabb2e778f096a · 66e9e5b09bd6d48c · c85ff91819b45a0c · 03fda0ae97cf0505 · 999fcdd94ef60002 · 63103217b46ae419 · 43ee38ffdc533140 · 0606a9cf4af2d2f9 · ef03096c5387dc4d · eaa376d4d2ddeada · c9a351fe9a5eaaf6 · 8e835b7ed5218b9b · 9ccadda88034372c · 6e1291979a3fecc8 · 97d232a5c6a3a0f2 · e9e169168a497492 · cbd5240821d1e11a · 4c55bcc5e804529a · c61976d2645bcff2 · 75c775067f376161 · a845c246f1703ff2 · 14a034bd5d508940 · a90cc79ee219861f · 45900398e2d55dde · 890ca92b461bce22 · 90f9ed22bf88c1f1 · 34fce2868f2b70fa · 7b41256cf2ea2ded · 2448b8fb639405ea · 21d9584313b118c6 · 9382e95db1182771 · e3e76c3168269327 · ace1ff64e8e73272 · 02cc605353c49c7a · b1bf1134ad667456 · 40bebf4d9c526818 · ae86bb8d1752769e · 9333d23a55495626 · 814f79ab7c1dc827 · 82851e16ddd674b8 · 8fdd7e166cf0ae47 · cf72a0c4cf11ad7f · d3f14a48811be368 · 9c3b7a0a2b00ed3a · 9dfaee9189177605 · 4a2022751a0ad907 · f4630c5e701c48b9 · cc972d77d4dde53b · 1023530477ab5d0e";"PGO0018 · Middle Eastern Journey";"Main";"suffixe-société · suffixe-société-et-identité-structurée";"pilot-pending"
"Xavier Begue (NS)";"Xavier Begue";"update";"f2bce59b49b9dab1 · 565b01c84208c64a · 99a73d4f8aaf506e · 6d75c032c1f0937d";"PGO0015 · Reggae Experience";"Main";"suffixe-société-et-identité-structurée";"pilot-pending"
"Xavier Sibre";"Xavier Sibre";"update · no-change";"abec363fcedca644cacf4c0183c8fad5 · 2f9a6d0dc211ad056b2f9060eabc464f · 255ad0a8c8ba1e63b043fe5e89aaf51f · 7a1ef94a77f8baa05196999db2347634 · 4a6c2cddc52793ce5c8115aa4f64e885 · a320e75a9f7c6256053c581a3809be20 · 1be33a337fe4c60a55f9ff61fb4da4c7 · d0ae6398cce4ec6f3cb70ce10c6b7894 · 65b6ec742204860de7377947376c8572 · 348672a4d7d756539bcef96d73db9958 · 745b3151c3c701d5181457d69730b14b · a92efa49c121789093cb055304265cfd · c863d0917c9e3af54299d62c050cbb48 · fc19a5e4e9ced90b3f67a164ec655822 · 9bf8a2cc1b1636c2fbba80deceafc8ec · c4daf64dd70bc0361487a672396d1e8d · eee4dc8bcf286ca1edec763a491dc13a · 306e439c0c9ac3b13348e2649cc913ee · 59bd34cbe458b79391b491f7bb0e1bc1 · 64e3fb05b8565e63d331efbc6a2fe9f7 · 42a90028176b51b538fa58f4f8c54102 · 1302c8b3463d4ae3f90149baa65ba2f3 · 7e220830df196ebad8c4ac23c0e9774e · 06a2161061717be470bdfb6a2afe6fff · 4fdf9a9d84d88b391e22ab6b3941142e · 945d2a789226570d4e74aebea2e0848f · ed0df72ed6b5352cc3bd8d4186e39c94 · 76d498a5b8db4726a43c2ca10f3ce5d9 · e2092c9dd7a4f0ab7f54073a0cc72d11 · e1b0452709c5c3a7e119a2c5a300ed50 · f3d20da9bf4e34c91ff9babd6c0c5930 · f0eb3d80e597e62a55c6a7cae279c1ef · f19711f034aa75ddc9a9b3c96502b3f7 · eacf98b1ddc6ff7648cd057cdbd7d9ed · e2ee58c7e4830a5bef0b00fe12f03c0d · bff412271050d269e23a3d674e2598a2 · 54b5e05bfad5b6671a6e56bcb782b313 · 29065fadef161ef13febfc598d0ff1f2 · 53a151dac9082d9f7c1ff4c844d380ad · a996c74d991f97c3c81dbe481fccd31c · 026503a0e2205ca2fb3f5eaeac038211 · e8c01df3e1155a322f466618db2f4bcc · 6af5b3d1d2d671aaea6a4707c891afea · 8cb74701df160ab3ead1c16b8d8e6ce9 · b9b7eead56397cb8b17fe08709707391 · 91d968abdf07cd83b717d14cba3f41eb · 91bdc7b38ce672688448e871fe75179c · 36e38c868e9e8553b5eda444e54ef809 · fa8cac260cc2925c0512e02dd5eb5e79 · b9cfa4a6478ba3c05200de1a7c29bfd1 · ed987ad9d9a6621b6f3a8eb825e1ae4f · ebb11f2242cd8e12b294de0dfad261e1 · 0ae8cd92ced36451aa938449c3a2d23b · dc4c76f40b3b266324abe256a25c4d8c · 947796580283d7380383c341384a5122 · 7f82aed63fd28408ff3a4ded1a1ac96a · 47031df400254a731b5befddb4729537 · 56cc18832dcb0880faefdb77af9edc3f · 854b38dff87418edf829479795d296fb · aba84a009a5cbfbafff8b8e5c13816fc";"PGO0055 · The World Wedding March";"Main";"variante-mécanique-attestée-par-ayant-droit · déjà-canonique";"pilot-pending"
"Yann Jaffre (SACEM)";"Yann Jaffre";"update";"626a9b4d024f7ef13950163a4187f831 · e2ab12c13467775284b476c86c3ef1fb · 5c831b9f3b66744f70d59acd8992716c · 2918726ab8e286672ce0086eed91f0a8 · 5868ca042482822910036af007948c5d · e7ebc9422528beea1a0389beb16ef19f · 797fbbe3befe3292d053399f7664c58e · 3d33430a513f17a92f6ba3f5d8815c89 · f4abf0e502c8f4f7f6011e29d68d7846 · be6a8010e19933baba0313aea3653aac · c788222cb48fe2cfefff741b6e3d2bc5 · ce99224ce85413e996937d75d4aad81f · 4448f1d5c216613d1416ab10a7d7ce69 · 407f76c230fe593f0224cfe71aa9debb · 758286523fe05027563d424eb579b30f · f9467d69f7acb3d7290d64fa096cb15f · e8a954cb1aeeabd5ffcd63f8db6624a7 · 30d50b6600c32376097830698b6e7313 · 18bb8e1bd9d9e29fe9c8336bf181ec32 · 15655f88ecb4e266a99587cb7004e64d · db00b56ff7b39ccf4b0f1e59d1a1994a · 3857a40b5a006fd78c01fa5d4e4d7cb0 · ebffede51801a3f55bec0bfe5745c587 · d83c65be6226b759ee0a34b1b34d9403 · 48e42b581daa8a6b2e9c5c57508987c6 · 6a1fe32a1bf1908f8e4c81bdcdda6042 · 1dccbed80f0742f6a895a529b154f880 · 7dfef5e907505051c25c2be37b06d993 · 5a3f0800c697b120fc7872c573993b28 · 502af15b98088ac1ea04191799f17a27 · ca0a869caaf49d62f09642fabff1eeca · 506bb19f6f665fda11ac362ba9518ad4 · b3e4e31d1ead3e30d30483631fa14192 · db9dbcae6bae9cb9009b0226533cc910 · df37b0df77241bbd061dbbcc7c3c2669 · 01ea2a838af2ae956e34a82e8d0f86b3 · c51cf1f76021ce1efca90705c6aababc · 8be7cd1cc5b1bc3e8db4c977ad43870e · 25122c956d4d061dba3f03920fecdc71 · 1453837d599fdb62ede28fccaa8916f8 · b47cb4e4e4f56ff303fcf152bebf5640 · db238e6a40e5389690b5b7986b3f4ae6 · d1063db6c896eaaed89907a897caec76 · 55cda2db7503049083ff49fefba43922 · e3804f288c97160eade10750d9932195";"PGO0046 · Dub Experience";"Main";"suffixe-société-et-identité-structurée+suffixe-société · suffixe-société";"pilot-pending"
"Yann Jankielewicz (SACEM)";"Yann Jankielewicz";"update";"e46e97a93db5e9f8 · dd5b14d4d696972c · d8a560cc9623ba07 · 9ae0d31cb55f47c5 · 3521f3295356cdf8 · d8951383f162064c · b8d95aacfd7ff25e · 782b203eeaaf69b4 · ce56b6c5f581058f · b3fb955dc26f30ff · c200dce01f3804a0 · fe89da231658e606 · 0874b6226bacf3d8 · cf9fd4ee20ad827d · 68dc7ae2a318717d · 54ac5da2a4999d35 · c9c809973b75f7b8 · 2800bb48ed2775fc · 1bc1a2f3f99b7518 · 53565a66793e78f2 · e943d26d260be1c2 · 6a77f11a44af33fa · 400c9f42c6af48a0 · 013fe3b21def2822 · d47bd30a6b98d719 · 700cdee62faf45b7 · 25edc322ea9be9ea · 69f4d52684006d1f · a1c6f151471dfc0e · addcc6834da9cf62 · 083d7564e5b82929 · 3d1a8395365d274d · aa33e9f5136da60f · 549cda43d093ddf5 · 0e8457621b6ca3dc";"PGO0037 · Quirky Jazz Parade";"Main";"suffixe-société-et-identité-structurée · suffixe-société";"pilot-pending"
"Yann KORNOWICZ (NS)";"Yann KORNOWICZ";"update";"f8cebd2657036dbe · 6fce1f1a09c20801 · 6349a4fe383929c6 · 9edbbafaa5e7481d · 90378d72103ddbde · 6fdbd34c6bab38d9 · 273e9e235040e547 · 2d6307b88845bb61 · cc1dc305c70110c9 · a393694f5783f475 · 17410b4b426c3670 · 974dfc5a9b72bd9b · 314e8063410ab35b · 99097129a9fcec36 · c8b3e0e756dbdd32 · ce92105a25219220 · 139e54f970286651 · 1d912d35f5da0f29 · 249bf90a88813d1c";"PGO0039 · Videoclub";"Main";"suffixe-société-et-identité-structurée · suffixe-société";"pilot-pending"
"Yann Kornowicz (SACEM)";"Yann KORNOWICZ · Yann Kornowicz";"update";"e527849971dff951 · ff8c79c20ae508a7 · 762233fb29afc224 · c3d1cc6eae58da79 · 1117c3677882e6b1 · d2cb21a74a9b3846 · b706eed49a31588d · 781a169196096376 · 6324497ec62aac40 · c56c1ea80405a6a4 · 058edc9ad25b0464 · c94b14c02734e761 · aaa97a7dffa7ca45 · 165dbc787227bebc · a325bce10124ddc8 · 54477152443daf19 · 38a067281a69c82b · 5d900ec561b3f484 · 03328d4842ecabf6 · bc63bbfbbfe9d754 · cca60363313d4563 · c98a265f0490bffb · 36de13c967fd3dfb · ddf62b12a5a75544 · 2e108762213e2d3c · 63f7f3e7f550957d · 681bd24832d314a3 · ac38255a570a0743 · 3c2a5c7584d8812e · 0ff59762d76da3b3 · b0a8111814ee208d · a8c3c6a1f97fb810 · 5bef0d86914a88d9 · c1808b0a4140c86c · 55a76600b73d9b14";"PGO0044 · Dark Ambient Vol. 2";"Main";"suffixe-société-et-identité-structurée · suffixe-société";"pilot-pending"
"Yann Martin (NS)";"Yann Martin";"update";"c4e24202b144962b · 19e18c4aa4d389e6 · 8b14642c96ec58e3 · e3a87b8c45b83945 · b47f293784af5dc7 · c85278a80cc20423 · ee61dc90e625c8d0 · 9ab8fff9e0bed24a · b32f6267b65460eb · 3e33503330ca46c3";"PGO0014 · Vintage Rock And Remixes · PGO0006 · Acoustic Trip";"Main";"suffixe-société · suffixe-société-et-identité-structurée";"pilot-pending"
"Yvan Tarlay (NS)";"Yvan Tarlay";"update";"f1d2ca85545843b4";"PGO0009 · Dance Fever";"Main";"suffixe-société-et-identité-structurée";"pilot-pending"
"Zoé FAGET (NS)";"Zoé FAGET";"update";"d8e76761bcf79461";"PGO0042 · Light Ambient";"Main";"suffixe-société-et-identité-structurée";"pilot-pending"
