"valeur_actuelle";"valeur_canonique_proposée";"actions";"pistes";"albums";"versions";"justifications";"validation"
"[VIDE]";"";"no-change";"2fc58889c9c7c39eea083a39965d6bef · ae18ac21ca11adefc5034a93d4cd303c · 8f3941ed47e8e7e348ec84b95584330f · 29bfe28d5a51e4ef96dac48ff7e1511d · 692e52b0715d6cac7a0df13751739da7 · e637afbc679c8cf16b5565e08797fbeb · 2d60b593b5c6953085efa14ac51d6f8a · c80e462881843eb2e52be2419c3cdf8b · aaa4a04cbdf0f49b0fce3a33c78e5b40 · e6e4e1d4f86a8914840863fa91001b8c · 14ffab295a516a39c0f3ee6c367fc5a2 · 4d35938510e85c3074c6ef8e0b128160 · e6eac8acb855ed8887104a7da7cae277";"PGO0050 · Riviera Bizarre";"Stem Backing Vocals · Stem Bass · Stem Chords · Stem Melody · Stem Rhythm · 30 sec · 15 sec · Main";"aucun-compositeur";"pilot-pending"
"2080";"2080";"no-change";"1e19c3fb4db7dfc9 · 622740c6a94cc1a5 · f41517c5b7171975 · 19ed517e7b7badce · c703bbdcf40ca6bc · 607762be1349178b · d0abffcc90baf03c · d6f50a1a3fc09b88 · 0eca2e38f587f6cc · ef7989756c1727e8 · 4073a930dee04cf5 · 03f387604461fc63 · 05f967b1928d9be3 · 95438efd3e1c2f99 · 2991a37d7795dbce · 769ee077fc732b66 · c62b6f01c52f637e · c5861a689a04e845 · 5dc9ded0f2fc49e4 · de6e02db027aaf41 · dd4026dbf33dd2c6 · 6bb60372ff530eb2 · 42f5913a2d0b180d · 05428194b0b967ef · ce5a7499983de492 · 86b8412bf43ec5a8 · 74315e876172fadb · d1adc071e856715b · 5cb9b5e44833fad6 · da3e515397a6a48c · d959fb21f791ea85 · 6d7dc5ca54b15c71 · 437a22f13e8c96f7 · 9deb71cf1cfd6afb · fae31eda02159382 · 8562add543ef1465 · 8ed0552fb78c3cb5 · f2b34add82e89bec · 9cd34db42eab6073 · 8ad744edf1b7cd53 · d9763997044ef1de · 1449ace6609cc034 · 0b3da3431a413d84 · 4aed20d4eba95072 · 29ca6a95bece2032 · 11b1c06129aa06a9 · 9ead3ba4fbd3dafa · e6767e7ae005f529 · 22cc896eeec38224 · e9bcf6acd793b8d1 · 546b4e568b0f6389 · 1f104643e6e9b6c3 · cb4c0221cee6ae89 · 4ad966bc7a98e576 · 07d9f4190973c110 · c9533434eabcef77 · 092051f20a1a185f · 62e1a1d22420ffa9 · c1cacd0efdaec19b · 6a5e5705bcccc17e · c9cef89fb1042fd1 · e2abd6380c25447d · bbdee8a5016b5eba · a6b9bad02eb5390e · ea7d787ceeb81931 · 71b824ec0b3455df · 7943044bee2f6f24 · fee379d4c13de5b1 · ac8bc6f74bd8ce30 · 39f189f92729a3dc · 3005863a7123936d · d802c7db2062edc1 · aad1d6b66905226b · 97fc00b0f786eb1f · ee163b419491d778 · 773ba1529855327d · ff72979e90e279b4 · 9787bee264ed180e · e0b50e9408c8a956 · 9af2200869e5f901 · 893f1fcc31807e66 · 94ed31872c1d2106 · 22dacf12ae353be4 · 95505cd80e28786d · 3a06a0ce01f56da8 · 8df2a63eba2c6271 · ce5043ff54d73537 · 3923a089709d33ce · be810288deb5782c · 7e09235f60024ecf · 5200f909b5a4cc8b · b94c9f3d7e61abad · 0d9b3e622deadcc9 · 36f1946681c149c5 · d6915ccf2d143ece · a8bf526c40440c26 · 98656cad5ba92454 · 1ca4c15fb35a42d7 · 0cd3502975482dde · 6386964b37eb5f55 · 44703f6f1b71f6c7 · 2e76aabad2b39f8c · 0fc90b196a840371 · da2c2bf1cb5e66e8 · 9c0647c54a48d2ba · a97d041e1a72882e · eee1a893d226fe2c · 0c4138a2ed582a4c · 844cd740f6e7655c · 5b2af3d9ff5a4f66 · cdb2a68eaf2c92f6 · 32c12b77e162e59e · bef924846c266f14 · 9c9f7b2101441fe9 · e46b57337158a423 · 2f4035562d91f785 · 6f9f1495cc7ed4e3 · dc60ff0c9332d35c";"PGO0045 · Pixel Fiction";"Main · Stem Bass · Stem Chiptune · Stem Drums · Stem Fx · Stem Synth · 30 sec · 60 sec · Stem Vocals · Stem Voices · Stem Oud";"déjà-canonique";"pilot-pending"
"Adalber GAVIRA (SACEM)";"Adalber GAVIRA";"update";"b1358f5138902a06 · e52039e5d3bc7190 · 927483eddd838518 · 124772409ab5e6de · b155f752d80ffa49 · 2792708658673288 · 0e0f69cd94f39e03 · 813ca907577529dc · 75dda93bbeb0df80 · 9b5cc81cd00b3be4";"PGO0026 · Latin Experience";"Main · Commercial";"identité-canonique-courante+normalisation-mécanique · identité-canonique-courante+identité-structurée-courante";"pilot-pending"
"Alain Lubrano (NS)";"Alain Lubrano";"update";"d881b0c4f0a0d720 · 104c0644986c9461 · 21a96507b722187f · 74360edec8523ac6 · 08aba4cf9e637713";"PGO0006 · Acoustic Trip";"Main · Alternate · Light · General Underscore";"identité-canonique-courante+identité-structurée-courante · identité-canonique-courante+normalisation-mécanique";"pilot-pending"
"Alexandre Reiss (NS)";"Alexandre Reiss";"update";"699494de1b15e890 · 67af0ccfc76c2572 · 206edd3fff2ad664";"PGO0015 · Reggae Experience";"Main · General Underscore";"identité-canonique-courante+identité-structurée-courante · identité-canonique-courante+normalisation-mécanique";"pilot-pending"
"Alexis Molenat";"Alexis Molenat";"needs-review · no-change";"31a0c8ac2933e4c4 · 937d234818871592 · e42389ae39e46fe8 · 23008c29b0472de0 · 7948c59cbed1b3d2 · becdd8e499947223 · a78b2b6f55d85dbf · cf77de91528d9b4c · d01985ce8488e525 · 56801320eb1fc366 · b602d107b7a0b0c8 · c25420f1bba01906 · 0419439eacd14b26 · 92d31528787434ab · 82cb295b0ff0e11b · efd3cc295991495d · e323bbc9b5f0e4c7 · a6085fb1235d87e2 · f20d7c075fc0d1c1 · bd17bf0c752f2a0b · d33a95b7675446d8 · 6547b814b3ec4ffc · fce1fa70b3c9a9a2 · 58c00414d627395b · de15ddaa257eb2e6 · e41f531b9bee8fb3 · d7c0c77d1af483f9 · 3b6e17c2ad990bbb · 508b21adf4e1f222 · cbbd6009be560235 · ab2072c1e68e5249 · 95dda0bb50984b36 · cfc3bd6ec041825c · d0437f491bc1eed7 · 8aa67e2863d2d03a · 5530652a43e2284c · 1608c292fbf44690 · a405df65cb548d21 · e621265606abc059 · 6efda9626fc56e38 · 1bf4caf31017b33e · a252c63cdfe17597 · bc22103af9e497c7 · 6755745eb206d515 · 6181d005ee12e2eb · c383634059b37877 · 522f4d8ea4f0a91a · a13bba8236a21779 · 99314e240b2c2329 · 4b8ef9d4917c6ecc · cefa729bc41c77a9 · 0e259e010aa43fba · 5a39e75be56dec58 · 099357d77640a3e0 · 1ff17862a058b642 · ad48c8c7f48d211d · 54bd854adb45fba5 · b8137362382cc13d · 205d8557861e3aab · 15582a7e0746ee5c · 2e30a77733d00662 · 7866f5f7bdf50091 · f1c2f3b66ca35aaa · 20f7c8c1440aaac2 · d1f484f352f81545 · 9712919fb0baaf02 · 062237b8bd5d0f0a · 822761e59843e629 · 711bcf6a76b4d4c6 · 77161dac9f55606b · 5adf40833ddaf606 · b1fdfdf151c1c47f · 010952cc7da7719b · 1e5260fd7b3e191d · 9c7d74ebb1dcefe1 · e2d9bebfedb7c2ec · 27f5ca27cf292616 · cd67681fa6b18f41 · dce83da0e5454c07 · 9f54bee29fbf6ba9 · 106bfed396bc616a · 8f027183532ab650 · 079a6bf014eb26bf · 26daec1882e5e832 · cecc26bbc4e786e3 · 7b820b891619469b · bc342c097c6df364 · 9f184887644ed3a7 · dd05f045eb46f4b9 · 63983e6c0feba66b · 5874a65d845d1218 · f2d6e863c974686a · fe887999a476b20e · 902f2e72c188623a · f40f9fe5c1744251 · 378bd476454f254e · c9f245a9ec260dd7 · 96b1871bc1ba12ee · 1ca10bf92f321a95 · 7dfecb4844b4a856 · 8c6e1d5941b91ba3 · a4627bf10b0cc729 · 4553c0a62d79d1eb · eed7acd0b5d6770d · 3d2c10d1dbe0c9d9 · d98ad542702d84f8 · 1f9ffc61a4cbc9b7 · 995e279a3e5f283b · 7612c79112d5a0ab · ab823e2959d74efb · 858f6a90a93ad0af · d69978935bc8736c · d79adaef9e6f030f · e32d4716c054721f · 75e7f53c9d9405fc · 699fa8186ca6f911 · 2083190dfcbe8da0 · 7d46c4acde5a00ac · 7c3cad4ab4656545 · f12c87d715e0ae99 · fea08121d6d0ae26 · 4e239ba1092924dd · a01834b5a6a79029 · c981e7e67cba0948 · b3bbdb33a225a8ad · 63feb53cf202817c · e8f1e765cdd591d9";"PGO0033 · Surf Fiction";"Main · Commercial · Stem";"écart-ayant-droit-à-valider · déjà-canonique";"needs-review"
"Alfirraz SCHEERS (NS)";"Alfirraz SCHEERS";"update";"3a653803fe918d5d";"PGO0027 · Future Beat";"Main";"identité-canonique-courante+normalisation-mécanique";"pilot-pending"
"Amaury Messelier";"Amaury Messelier";"update · no-change";"bdbfbe12ef9e6dc48d73ac3fc373ec05 · 70662976a5d5ce14c009ee062ea81250 · 23619d77c364468b8bb65eb12022abaf · d1ce3444e4e7fc28849e323383919ca4 · db9f4d34540111cb0fce4fe18fa0e182 · eca3d2c07729865b272bd9040b9d54cb · a55add011d972e9d8102bef3efaad20f · a7065f57755e1729e1cf8609274f8e82 · 0349983bac40df2ad42d5a606ad09560 · 9405f1c07211a156d34cfd3a3fe1dbba · 4a568e59144cfdf5c1ab5b47c48716d5 · 23467494a472c783de441ca0f7f39eab · 44c166f7999e701cd34911cd819a402b · f3465eefa48427f836f25d148c563554 · 2c24e0afb3348b6286b91ca3b4f95166 · c7e24d58322d060460c9502b7a4dae4b · 7de080f5dffa2451b0f13b2e871feeba · e9b1b3f1a01f951cc5d5257e12aaed26 · e4e33e234c3ab77c · 18959615b2e224b0 · 01ab1ed43e173105 · 7febbb19b82e1f12 · 7dc3e6190e2c8762 · 9439cd67780f309e · cde079836b1ed33b · 9865e9f62955830e · e72dea4d94b325e4 · c265958c00eaf8be · 718ad9e970a5dca5 · 3af2f70eb6dc5f3a · 8e336ec83211b568 · 93379dca1d1af9f9 · d83cc4502007d359 · f935e8d9b8ed6a52 · 936fbc29c1f8fba2 · 0f79b7c664421c57 · 24042677171b9a4c · 2a5d779f7cbac1d1 · d146b349455729ce · 52d90b2030213534 · 4a56344b50b43cce · 975e82a88b7fb2d0 · c2d8e4fe06394d07 · 6ec5ec98265c3d0a · 9d1d03690ac0412c · 7dc23641e39a35dc · 5c675473a14d1a99 · 3e065969c3246c70 · 4d8a461d52073d2f · 896f64c2887adb45 · 90226300638fdb7d · d20aa7227907adbf · 0095c926f85623fc · b612bd4d738c8c47 · 4ee9d02a31586763 · d7127ed61345bf0f · 88bf33a4c4855754 · 3ccc9bd775b3a7ad · cf4df871670ae06b · 7a14b14947af011c · 83997a6017c32077 · 5afff24229eb88e2 · a06e3a93f450a778 · a71ddcebc5420457 · 103eefbec514ac25 · fd6f550236a228ec · 6eabaf9ef27ad4ad · 68ec011f4fad5b27 · 7b917cee358d4a8a · a97352988c4a9518 · 58250ac0f7239d54 · d9ae4c9c6ee21e09 · 7e79be11653bb07d · f9bdd1d5891eb91c · 314f3a3a5a2eab5f · 5af43bc37b6ed578 · 270a9320eb4d17f6 · b7268a8d9256ba34 · 1a4b579e5dd70e8e · a0b956a31537b385 · 191e4ed41d7aa3cb · 4573696634f914f0 · 2c957d32fd5424cf · 3b9e109c64c5c85d · 77c2d9aa0e731e52 · 8857ee9a4fa31715 · 513452508e2f8a7e · eca268e19a2ec247 · 25d4cd2adae0940e · 62bf65b9d53500c2 · 735deeeb8471ad33 · d71efb85cf5fee8f · e14726eedde0a675 · 13d3dd4323e69ab9 · fdf03aa507cc56d2 · 6521069c83b13e3b · 2c90cb9120c1ac3b · 750670da7b02a064 · 4b612341a14e9547 · 2533aad79f5767c6 · 13e6b6824b3c9e4b · 931644209b461611 · ee941bc56d91b91f · eafe08b4c9278bf9 · 7d3d0df8781c1ff4 · ade0d667f6b5320d · 1a305af585e46155 · 39efa7dd3c416ba4 · d1df2678f3ca7019 · 03a35a7aec20af12 · 219ef25b59ad20bd · d334e5f8ac10bdb0 · 1afc40b71d0ef68d · d19857b21792faab · e495f652c688f25a · 9fd3c546e3f636ec · 03bd2884361fae2f · 3861465459193da0 · 9e9a5b63972ea48a · c48c7911b8eea08b · 74f8fbd55dd38df7 · 2da547e2106b07ed · faa80f150ff9898b · 1708d672f6e57c6e · d02e52c1c316c624 · 863c1d4d2f022e54 · c4f037068a448b56 · 8fe54e67209a1714 · 65ffe47266051936 · 0560f997c6e31c1c · 2b070573a3866f69 · 08a97ce651826df1 · e6c6af0b7e625695 · b47bbeff45cbcf4d · 0e1affea3f717c05 · 5048ed66ff9369f5 · 2c1d74b49f00c8cc · f94367984f19800a · b5778bf828a057e6 · 8bf3518d777eba55 · 29466c1152f9c9f7 · e68b0b717a77241f · 022dcea41f4073a2 · e9f44a56ae77721d · d2706fe5edd33d4c · 5bd09271aac48bff · d95d747cf8b0418e · 59e2483a02a82f21 · 2a0aa220f760a38e · fee4179b593d0445 · 3b978fd234b5c5f0 · 436d48318fd12850 · 3872224d2c9e6b01 · 1c1814d6d2c54d78 · 564d6aa0571f4b91 · f61e7230aa78788a · 8dc3f13644ea1860 · 0090cf3258cc6f3a · 9a087dedbe20c51b · 1e7ac67c54775d97 · 1a0fc806b1523520 · 29ea2bdbd13bc99c · 4f1a7db348a3a83a · 000981980cdfa34e · 2754dfa92efa3a7d · e6edc2b383a014db · 3606cc330d10ca7b · 167054375058a110 · 3e61debb00aef8e1 · 703c8e496bff9f84 · e07c395c6b2ab194 · 037249910cd1f71d · 6dd0023fc0e9b8a3 · 78f820d5015f56a3 · a9d38674afce5903 · 2c2059dd734c95bf · ede346f54879a8e8 · 3221c03b01b9369f · 0dd4c6e8c1f1f269 · 80930ec69f831fec · 0f9ed7a4f79d290a · 2c540ebd71daccb4 · deceec1602dd2e2a · e65e6d7c03907861 · 87d507cf765cc401 · 00e34d921a27b177 · 4d28e33baeac678d · 0373382d6ff95629 · 1190b8ae783e8fad · b911885c1383a23e · 2cb6e6f15c3ae4c3 · b2cc9a75d0c1f92e · b23c1784977ba396 · 5f88d7214307e1f0 · 819931f334a41131";"PGO0049 · Odyssey Suites And Remixes · PGO0035 · Trap In The Cloud · PGO0032 · Diggin Hip-Hop Vol.2 · PGO0024 · Caught In The Trap";"Main · Stem Bass · Stem Beats · Stem Beats Bass · Stem Orchestra Keyboards Voices · 60 sec · 30 sec · 15 sec · 6 sec · Stem Drums · Stem Orchestra Piano Voices · Stem · Commercial · General Underscore · Alternate";"identité-canonique-courante · déjà-canonique";"pilot-pending"
"Arandel (SACEM)";"Arandel";"update";"7d69dec15c3a6db681242b9d51ee95b7 · e57154abe0be307d469f86491a4c585f · 51ba834f13cd71ddfac140f3bdc94a32 · bd3072e9bf1eac0efca2ad1ed8005f58 · db080fcd7aa8c10f09997ba0fa095057 · 80321d727e928230b48437118767c182 · d8876bd9814ea283b328c924aeaf394a · cf3b494c634bfe30c0504b3a72c991ce · e83e4f5567b10a28b7c1442a84ca4c38 · 964eae06fe7e91e47a9f5369fe31e89e · 260fa1a365e1d537d78b973df31df383 · 2aec7df3dd85a1fd4e508fe4dd00f9bd · 57204e7d869cd9b763b3e1c04c94588e · bbb3f47c6c4c106900e53f607bb40ee6 · 739ca9bcd277da50eba81c8d478f4399 · 102f79659c0a7a457e325678d2845127 · d0ca544261562f37bdb1dd0e8566381a";"PGO0049 · Odyssey Suites And Remixes";"Main · Stem Drums Bass · Stem Orchestra · Stem Synthesizer · 60 sec · 30 sec · 15 sec · 6 sec · Stem Bass · Stem Drums · Stem Piano Synthesizer · Stem Strings";"identité-canonique-courante";"pilot-pending"
"Aristide Goncalves";"Aristide Goncalves";"no-change";"8e1dcf6aa9ac6d33771f862a0c9d5786 · 520602865841b7b134578cde6a14e399 · 12e7d98d7fef071d3966e5b2f77ab9ae";"PGO0048 · Solo Piano Vol.2";"Main";"déjà-canonique";"pilot-pending"
"Aristide GONCALVES (NS)";"Aristide GONCALVES";"update";"a6c9582fe97bf9fc · edfc1b05824ed0b4 · 10f704830aaa4ea8 · 17602dabd348eb5e · 2264a41547610aba · 5bf253fe29dbdd82 · 3c2016692cba9244 · fc8ace609d8e6a82 · c3c79a9946cf2f4b · e0e9309227f5ec68 · 03880f302ce16a4a · 9bb82ec91cebc629 · 324689b2ce88980d · 60390a1ae0e67caf · 75326a0ef2b9b97e · fe689af185b287d7 · 48dacc20ba776f29 · b76e9e3a67f6168f · de5b1869061864e1 · ef71301b5fd68cc7 · 5c07ab4e06066911 · 740bbf5553300a3f · 8c1e434ee020a701 · 6b7f9c1f5e8629dc · 0da0fa5627422a83 · 20a05b30cf6479bd · 2af8684974217b91 · d55e871078e9eb6c · 497161884cec9b2d · f6057f6a8fa6302d · 9e07f3c471b24db3 · bd41714f86c1a360 · 84cba2df77996461 · 8664e792800226ad · 4b5e451ac569353d · 4c0859e9a8f8eab8 · 6e449d10caebc6d6 · 421dbe3d25331f0b · 0bc592729c715851 · 9037e4465d6563c5 · b9b03082b245eb7c · 824b3ba9ea658d29 · d2468a2443d87ca0 · a5beebf286bd5188";"PGO0030 · Afrobeat";"Main · Commercial · Alternate";"normalisation-mécanique+identité-canonique-courante · identité-structurée-courante+identité-canonique-courante";"pilot-pending"
"Arnaud NGASSAM (SACEM)";"Arnaud NGASSAM";"update";"163a7e9549d20509 · 37e1717cf86beff8 · 187caddf5ac70100";"PGO0027 · Future Beat";"Main · Commercial";"identité-canonique-courante+identité-structurée-courante · identité-canonique-courante+normalisation-mécanique";"pilot-pending"
"Arnold TURPIN (NS)";"Arnold TURPIN";"update";"a6c9582fe97bf9fc · edfc1b05824ed0b4 · 10f704830aaa4ea8 · 17602dabd348eb5e · 2264a41547610aba · 5bf253fe29dbdd82 · 3c2016692cba9244 · fc8ace609d8e6a82 · c3c79a9946cf2f4b · e0e9309227f5ec68 · 03880f302ce16a4a · 9bb82ec91cebc629 · 324689b2ce88980d · 60390a1ae0e67caf · 75326a0ef2b9b97e · fe689af185b287d7 · 48dacc20ba776f29 · b76e9e3a67f6168f · de5b1869061864e1 · ef71301b5fd68cc7 · 5c07ab4e06066911 · 740bbf5553300a3f · 8c1e434ee020a701 · 6b7f9c1f5e8629dc · 0da0fa5627422a83 · 20a05b30cf6479bd · 2af8684974217b91 · d55e871078e9eb6c · 497161884cec9b2d · f6057f6a8fa6302d · 9e07f3c471b24db3 · bd41714f86c1a360";"PGO0030 · Afrobeat";"Main · Commercial";"normalisation-mécanique+identité-canonique-courante · identité-structurée-courante+identité-canonique-courante";"pilot-pending"
"Assitan KEITA (NS)";"Assitan KEITA";"update";"a6c9582fe97bf9fc · edfc1b05824ed0b4 · 10f704830aaa4ea8 · 17602dabd348eb5e";"PGO0030 · Afrobeat";"Main · Commercial";"normalisation-mécanique+identité-canonique-courante · identité-structurée-courante+identité-canonique-courante";"pilot-pending"
"Bastien Belmokadem (NS)";"Bastien Belmokadem";"update";"f2bce59b49b9dab1 · b2f71b934abab5dd · f40510b52a981bce · 565b01c84208c64a · e3d1093fe54e5830 · e4f1e4d7b35c7dd9 · 6d75c032c1f0937d · dd6da7702204e65b · a8eda23b279546dc";"PGO0015 · Reggae Experience";"Main · General Underscore";"identité-structurée-courante · normalisation-mécanique · identité-canonique-courante+identité-structurée-courante · identité-canonique-courante+normalisation-mécanique";"pilot-pending"
"Beat Assailant (SACEM)";"Beat Assailant";"update";"163a7e9549d20509 · 37e1717cf86beff8 · 187caddf5ac70100";"PGO0027 · Future Beat";"Main · Commercial";"identité-canonique-courante+identité-structurée-courante · identité-canonique-courante+normalisation-mécanique";"pilot-pending"
"Benoit Bernardi (NS)";"Benoit Bernardi";"update";"72fcd33b5a0a8c7f · 018ac62bd0d88c23 · 6e4889c68c1cf34b · 87ce421b1c587f75 · 5b22e0f3c6698c84 · 95f487418f0f596b";"PGO0003 · Electro Boutique";"Main · General Underscore";"identité-structurée-courante · normalisation-mécanique";"pilot-pending"
"Bertrand Gueugneau (NS)";"Bertrand Gueugneau";"update";"25f7df751c1f6f14 · 58e89e874c56f57c · c2e9947032dc0634 · e1b87e78c5677650 · 5deb2b7a875ac43f · a0f1ea8f40a2e7e9 · 699494de1b15e890 · 67af0ccfc76c2572 · 206edd3fff2ad664";"PGO0015 · Reggae Experience";"Main · General Underscore";"identité-canonique-courante+identité-structurée-courante · identité-canonique-courante+normalisation-mécanique";"pilot-pending"
"Blankalfe (NS)";"Blankalfe";"update";"699658789624d483 · 78e395801c17f491 · c429e98be8568e6b · 12efeed580b56b20 · 8a54f0aba67b4695 · c321e63ed55297b4 · 3b97431f4b9f7a6f · fc32e6b08e9d59bd · 9d4d5b5aaf3c7eb8 · c5c1c3a1a3859b9d";"PGO0032 · Diggin Hip-Hop Vol.2";"Main · Commercial · Alternate";"identité-structurée-courante · normalisation-mécanique";"pilot-pending"
"Bonetrips";"Bonetrips";"no-change";"086564484c5ce1bbc961900d97eeb525 · 86decdac28a9ff487d1dac46975c77f7 · 0ef75eda94e21c1d1778fc0bac555f40 · b8d4de035ab48850d34e62595d0741e5 · 8a4a58206e64dee3b49a8050f2adf482 · 87d7da6a5bb152bb4b1e1b3f318ce3dc · f5b896f8a99a2adeaef891efc176f9dd · 891636f0736303f94e62c764b104e3ae · 91357618e027a8d26186ad728b726b19 · a3d445b7bec643e2a4b5b820d2b48364 · ac96c86fc428b62cfe6fa1892a9a7b4a · a47a79e1b4b4bbbda21c3b49618e04a3 · 049f591435687c149fc07a8f95906377 · 21f7c803333593c97083cb0d87f64360 · d66caf51626bd01600d66856e9d5a8fd · 705cd6302dcccc815255ef9def3fad43 · f65a1303d4c8740cc5baafa318158537 · 2ca8e4e84514705ecce88d33d51cc4c8 · 1ff0ce8b40c95b2110e6f77db41fef6b · 74f83d3f58b9fa2ee6881146f11992ed · ad86d9c188da533540c09bdfc0472c65 · bbb65eb913ed4e2e8e958b49bbc4deb1 · 683c0375eb4c59b313c78fa747c01171 · 76b055e762c4430d4e867e49e77d0ec9 · 7317e9e593bc409e65332782381c3c4b · c0dd11edfe0bb01796d653effd2669f5 · 95ebe1b93fe559c1f7ca9668aabe66d7 · b4eb3232c96971e433d1c09ce64d7ac1 · c8623fd27492f51c96827aad4fc80a14 · 231c4f05a8b607a2683fe54aa92678f0 · 57f236c1cce888ab48bb7f5aab77f68d · b88d40f0013beb9cded1ded54fce10f5 · bbf883ef9c620e26b40da0816eb5e5ad · a7c7bc5ff6a6cf5e55303eec3a391ec5 · 2c6092025e222f6c27fd03f6150bfc51 · c5279d6030c10b422008688a6fd58988 · c1f092d882215d394e81a84a877daa8e · 87a4f9a305ecb45fe37286b194b69b3a · bf96bf710c23c0a8b6bbd7a968c96a36 · 277e5e29785ae530fb7cd07ded9b0641 · 8e82029134bbf559148b5c2c07b03cd4 · e53af54ad0f98a17c346955708f5953e · 5979ecc80f63bb7899a91318b727215a · 8ab79b31cbf4fe49d6838001cd17a3aa · 59020b24ef4244b53975ba47e6444a1d · 9612cb22a30bcf68a4f4b59208f7e338 · 8453c96ef63d4fb0ab787d8b2c5a8e72 · 6d0cef063d275a80ee2d0027f4f77d65 · 08ae364aa8236f175a126882d066b4c2 · 30bb9e574370d5c97a70f95dc62b81d8 · 3660699b1f841826d19b2abc242bcabf · f63aa10b3f0590e580d68cc8dfc04fdd · 1c39dfca22329f1bbbad9b086f16016b · 30762f1584427d52f3dd602731851eb9 · 9e4db0032c88cf46f7feba4dcfb7290c · 7636d0989865c8b77ab2d739cccff9fc · ac507278cc5df5a04df14497e41a2911 · c86973bd5eeb4e9016812edb195dd3d9 · c08274db0d0d0b5249d8d3c172c07e91 · 125f56a2db8910b1a7964079e4f32e51 · 389ecad7e4ebf718c2bdddf7cba53c3c · 56e007019da368d28c3aea8cc34eff6f · 02bc0f2e2a0e4eec61b39028fbb619ad · 5adbf71dad8745b2ba5c31b42a563fc9 · 79662e184b781d60b6e26b40cdf748fc · f7f8b8a7603d93aafc86870fa2f23c0f · 17d9d6b5ec24be56420d2b1de70a7598 · 700a605c4396ffbc13e9480921e0504b · a6858d7e0cb170dbc586009a07c80db2 · e97f91f9c2a3c39afd01a1706d09515d · 64a27c3cef5d4184a443b3fee87a1526 · 1069ebc204210785faacde2d34f8ee3d · 23fc751557bcb34b46e4f430b20c573c · 3d34988b649c8bf9769cdb45fb358764 · 6366bc3ba2a1e301e040b85f65b910a1 · a30025cb20ef6294b05458a31fe1d071 · 0f06274c1e2dd25f44ca0dc660a217e9 · d7c4ba80146599b27d8cf6022b382bb1 · 516e9b4ce211f181168b9c1b795489f8 · 66e4567ec413c390e4455d91dbf841e3 · 7abf09e4bad698e8c3c1363e230df031 · 4f3c8454f566a55dbc0613de81dbe474 · 4d018e4405ad3d152ae8d70dfdaa3e26 · a5c1b3829b6fb09ee1d849a1dcfcf94c · fa7aa71b4c262f2b2a581d7165cd203e · dbfec35fb3d0298e9fd11f9c1d02f6ff · 6bd87d6d7b5211b8123338f62165dfa7 · 602d13367cdf143d147a10e55b44a1a5 · d88f93c68331c7666877d5d93687ea5c · f7251b6a368b41bbc5ebc300821f4067 · 915047c6e01b774b9fbe79e12700478c · 58dd86eb8f396bfccc0e0169978b185d · a6a58436c08ce8f7d92322882d127726 · fa91b09566452b246277333843a31284 · 253e5292fc317ad907bd2c9cea74f4cb · 45595ead4e29d56b79d1d46ac6f60d78 · adc2dc082680fd177a0c925933065969 · 5ba20dd2348a2511e59518552151aed9 · 35f144af08f3d3259fd024a96ee7928a · ed3374177b8ec4b2c51d2f29e940f424 · 318299e52e6d49431f46db082511d993 · df883ba92d26dd9a6c9f3109e94c0926 · bc559a9ba78b5f38272dd788c350f86d · 0d5259164e8952fa77d59c382b3abe4a · 914acd5c5df537b0a837cc0a08817071 · 081d230fb317215d6306b8c576050341 · 69fd53f9918ef5e855d32ee34e5b9dfe · bb5e90a68dead1773cbd2aa68e496d85 · 76def836627f970e974eee58d60f25b2 · 5248b484ad97683af56e3ccde39fb26d · d85a114b5f9db934b3440e7504a8e6b5 · cf5250321483373bd25a60d17517567f · 887698e5b90c8ab03e5aeca46e0e2af7 · 83eac8f22e9184b0ad8246e640857b78 · 1a0fc806b1523520 · 29ea2bdbd13bc99c · 4f1a7db348a3a83a · 000981980cdfa34e · 2754dfa92efa3a7d · e6edc2b383a014db · 3606cc330d10ca7b · 167054375058a110";"PGO0051 · Lofi Hip Hop · PGO0032 · Diggin Hip-Hop Vol.2";"Main · Stem Bass · Stem Drums · Stem Guitars · Stem Piano · Stem Synthesizer · Stem Vocals · 60 sec · 30 sec · Stem Synthesizer 1 · Stem Synthesizer 2 · Stem Vocals Fx · Stem Guitars 1 · Stem Guitars 2 · Stem Synthesizer Flute Guitar · Stem Synthesizer Saxophone Bells · Stem Synthesizer 3 · Stem Synthesizer 4 · Stem Synthesizer Fx · Stem Strings Saxophone · Alternate · Commercial";"déjà-canonique";"pilot-pending"
"Bonetrips (SACEM)";"Bonetrips";"update";"28d1b1895002513b · 02835d7cd28be75d · a28a7994f0368a41 · 5a928feff5552c2f · 8a554e7d9c677e4b · a86df89b51078b2c · 8a584a21168a522e · acc17b288444e847 · 47781654911aaf05 · 43c6c3657f446b70 · 7c37c8f4dd7fae73 · e682540bcdab1f55 · 1cec3be0a6f4e27a · 32475f31e60dad5d · 76b91e9542d74a34 · 0b8f580d3a07b84c · 4153804a213f1c25 · 17da3efe4c030021 · 2b7c1e6c2cb512fe · 33dc65372d103311 · 664f795d0bcaf9f9 · 7f17d01c416260b2 · 10873be08648fab0 · 3d8d72a8b66ce487 · 65125d143d097c1e · 024c887aa3eae135 · 2b7a1d8dbebff821 · 13d65fb89f508c9b · 74c7c2f95d9864ae · c988251c0acd1c60 · 396b64035fe5946d · 1a3b26ad09040860 · 63b59418c43d3bcb · 5a516a4f0d554384 · ef8a0176219027fe · bec2c219c4762eb1 · 453173785ab4e555 · d932876de15f0415 · 6603f837021f0ce7 · f1957c687d4e95c0 · 159c24e549743d68 · 1d539024c2d7881b · 0c5cdb3f09efdae8 · 3f0a194ad2032fe9 · d45892d10808a8c1";"PGO0032 · Diggin Hip-Hop Vol.2 · PGO0027 · Future Beat · PGO0024 · Caught In The Trap";"Main · Commercial · Alternate · General Underscore";"identité-canonique-courante+identité-structurée-courante · identité-canonique-courante+normalisation-mécanique · identité-canonique-courante";"pilot-pending"
"Brice Torres (SACEM)";"Brice Torres";"update";"55385476aadfce3c94cf3961c72af56a · f9c7e898be3d26915c6f458472d71fac · 1c866cba345910b4700a409476489eb1 · 4a3fadfc26b3e7d794258b76d2b26d0a · 233ea33973b721ef959b1b32ffa1d83b";"PGO0049 · Odyssey Suites And Remixes";"Main · 60 sec · 30 sec · 15 sec · 6 sec";"identité-canonique-courante+identité-structurée-courante · identité-canonique-courante+normalisation-mécanique";"pilot-pending"
"Bruck TESFAYE (NS)";"Bruck TESFAYE";"update";"6b7f9c1f5e8629dc";"PGO0030 · Afrobeat";"Main";"normalisation-mécanique+identité-canonique-courante";"pilot-pending"
"Bruno HOVART (SACEM)";"Bruno Hovart";"update";"ea688fa759877ca6 · 18cac71e8785d997 · c204182e97afc229 · 743e0950dd15809c · 9fcddd41041f8ea6 · 5b5f662eee00aacf · f86505312cc8a581 · 02a427e363dbe4d8 · b5d0a97cf81c6e44 · 4070ac60c40c15f7 · e88e94d14600635e · aead18bff7d223cc · 4fbf3efe03f98f77 · ed81479ecfef4717 · b607fa2d371f168c · e4c2c9cc2ddb244f · 62495e13311556ad · e002e4dd162b22b6 · d86bead63d0019cd · bb04e4d227520397 · 5e08993d616c279b · fd4c1132a6f3a289 · 660a6213a52dd80c · 85b6550f3ba49fae · 09f21f66a401b2aa · c88f9eeb9d28e61c · 67be3b8874f80db4 · 7854a2df8af9601a · 95377216d22d4aa3 · 110be16dc9043a2d · ecb49e89d9d48743 · e09bcec8afdb310e · 70f66c8c1d8f0c9f · 7ca987aea3eeed27 · 8319613d1de0599f · 8ec95b43f32cd5ba · 1b9cdc64eef15ef9 · aa0d0f63f49a0363 · 15a8af66ba048da4 · c9ba1e5d1c0151d8 · ce1805c1077806c8 · 5e27e97e6b45b47e · bc73f0d68f1469f5 · 27999b2e8e888f0f · a7452a9847a49918 · 1b2aa8a79d78c346 · bf788c40733d35df · 696559136f45707b · d0cca66ee3a4fdad · db91705370f2054f · 1d5516738d8bb053 · 5fb246166ceb01c7 · b2d1a1bfae2446e7 · 63775f548d0e015a · fdc005857bc7a97b · 59411544a84f3e45 · fb6e769c084d643e · 1dcbaf2fc84fdafe · 1234491aba7a36d8 · 270ebbf604099178 · 1e14acc6eb746eb3 · 85f27d94fe76fb8e · 324b720a172820b7 · ab27c2a804f4aa93 · 1bb3f9dcb9fc486c · 7baa1bb813e8a9d1 · 0c4c0fa8fb01f647 · f6e8508d8ae4a2a3 · fc18ada24d26bec8 · 7d4c2834db9d289e · 54d79b7eee9b0b8e · c2b23666f4e964fd · 1c6bd798bb5bbc03 · 06048196dde76463 · b5e3ff76adafd5ca · 770da9e52ee6bdb1 · 5fd27c6acc635e79 · 93d2d1398b1e6851 · c2919fa83052f142 · 243fe8823a48cf8f · dcc181010db9247f · 9619d55cc0cd493f · d01031dc60d22163 · c9509b57342cd2d0 · 27eaad354bfebc2e · b7ba3d8e2762abb4 · 86982f327a036b9f · 5b7bb4fb95575a19 · 337b5e1cc9fd3272 · 6867ca265ff467f7 · 8e0ec82cdb9bc4e4 · ba9ba3247ddd53d8 · 122b3d578169d352 · bd514275a25b4ae0 · 08964fcd50266d2c · 724ca69ab4cd5cba · 8f2bc2cb1bafd4d0 · 98c35100b8974c00 · 1b2734ee79f308a5 · 603646f5e4b50cb8 · b5ec9a07efbb52cf · eed04054127a453a · da8311a8916dbeb3 · 8e2b2c78cbe76310 · 552d2113ae154dd0 · 05992c38b3b75842 · 58198316c62c7f2f · 9f0d2be1a893907f · 4f6e25606c33de6d · b8e75d1c69125106 · 6fd7addedf4488ee · 4fc9a099717b3c66 · 5ad116b37f172d0a · 40e60006bf0b6db1 · 077cf8af81197947 · 01ff06646a2c6b75 · bd2e920aabf481c6 · 8692aaae1343b46e · e36d5a93856c523e · a0755b354b018414 · f9c96641fa0aad58 · 0b658b398eb49c5f · dfd2f82cdfcf938c · 35c5840fd28309f5 · 77c7c298526cbc11 · 53fb937f82514c61 · 64f9436689219d43 · 315b2b9225a0d184 · 691fe2281d6159eb · 9917982813a0d25b · e5bace83a8334d2e · 5a422f85dfe61ed1 · 2727a000fca6c532 · 9048d2f63aada415 · 8fba213e2b5f232c · 817858ea0439dd85 · 14ada340e261207a · 6e644eb80d83ed16 · 8464ef95521d04e7 · 2abcfc752d4f0b20 · 33b87a003f29df76 · 4c7f81727ad4b23b · e4338913043ecbb0 · a813edf93e5bb8b3 · fbe051a03dd97d95 · 4db2d12a851dce49 · 90829b1d4a5e703f · e03aba50d9b66d3e · 9b617236a682f9a5 · ec054783bc5c8cd4 · e9a1e9e250c9d5d3 · 7785362d364133e2 · 287b64fdd960eeb0 · 0b771f8af2127f9e · cd70ba7bb8963065 · e297f999b692b21e · 419e924311d382cd · 8d2d8864a9e79143 · 11e9fa58b6b9d348 · 1965ab51c8049ddc · 80f82748e9c66661 · 55c0ed09563f50f0 · 19bc554865ffb97f · a02ede22509f3b33 · ca5c943d29e5eb3f · 9bff579b752354c3 · 94c43359a0817393 · edd31d4e866cb739 · a1a1427438345230 · bea13ba9f007938d · 09ad6a8e1ceceb3d · 6a2f0a2d2f16180c · b8feea426c30bc35 · 30c4fda8a24d9ca6 · 545803b457be4c5a · 206ada3856ab30f4 · e7bcb6635ac63706 · 8d5e030ec5080cda · 8f9c177bc880d9fa · 3ca77693e364e42b · 2fc73e8a68e67b08 · d175cc2c4ae45146 · 05c657bfd8df9e03 · a55aa2688f55bc1b · 4c6098e105d9bbb4 · bbbb7b61be5029b9 · 00124270ceedec07 · acc838cde4d73fe7 · ee7923e6f7df1d6e · 18b907227580108e · 12e1e757e51b39d4 · 4b753ca78416738f · 72ddbebc1840cb74 · 624337dba5393d70 · 6c476d79a0ebc0fc · 52a49e420715fdef · d9955aa05a7001c9 · c07248817af28647 · 144324780b0373fc · 06a828f364d6480c · cdac106320ea1203 · d26d94913ac883f6 · 9ba88b7bba330627 · 58ab721a73e6907a · 9eb34c625ba3dc8e · 9d9b8b822ee7013f · 2dafadfabddb1a6e · 5556d781228e4e8b · 866ed7701d60f050 · e64659628e812fb6 · 2abc28121a7a73c7 · 2c2d051dc3d8e68e · 8f76d1143ca427f7";"PGO0029 · Go-Go Funk";"Main · Stem · Commercial · MAIN · Commercials";"identité-canonique-courante+identité-structurée-courante · identité-canonique-courante+normalisation-mécanique";"pilot-pending"
"Cally REED";"Cally REED";"no-change";"936fbc29c1f8fba2 · 0f79b7c664421c57 · 24042677171b9a4c · c2d8e4fe06394d07 · 6ec5ec98265c3d0a · d95d747cf8b0418e";"PGO0035 · Trap In The Cloud";"Main · Stem";"déjà-canonique";"pilot-pending"
"Camille FLORIOT (NS)";"Camille FLORIOT";"update";"a6c9582fe97bf9fc · edfc1b05824ed0b4 · 10f704830aaa4ea8 · 17602dabd348eb5e · 2264a41547610aba · 5bf253fe29dbdd82 · 3c2016692cba9244 · fc8ace609d8e6a82 · c3c79a9946cf2f4b · e0e9309227f5ec68 · 03880f302ce16a4a · 9bb82ec91cebc629 · 324689b2ce88980d · 60390a1ae0e67caf · 75326a0ef2b9b97e · fe689af185b287d7 · 48dacc20ba776f29 · b76e9e3a67f6168f · de5b1869061864e1 · ef71301b5fd68cc7 · 5c07ab4e06066911 · 740bbf5553300a3f · 8c1e434ee020a701 · 6b7f9c1f5e8629dc · 0da0fa5627422a83 · 20a05b30cf6479bd · 2af8684974217b91 · d55e871078e9eb6c · 497161884cec9b2d · f6057f6a8fa6302d · 9e07f3c471b24db3 · bd41714f86c1a360";"PGO0030 · Afrobeat";"Main · Commercial";"normalisation-mécanique+identité-canonique-courante · identité-structurée-courante+identité-canonique-courante";"pilot-pending"
"Camille LUCA";"Camille LUCA";"no-change";"62bf65b9d53500c2 · fdf03aa507cc56d2 · 6521069c83b13e3b";"PGO0035 · Trap In The Cloud";"Commercial · Main · Stem";"déjà-canonique";"pilot-pending"
"Carla Andipatin (NS)";"Carla Andipatin";"update";"68729ccb18b7faac · 423f1bda9aa9c311 · deff068d5b4d0142 · f1bf1d6b3e968807 · bfc120654e8d6d30 · 2269c69bf426023b · 3b481dabbd84b31b · 52886dafc05e759f · ca024c7bed27918a · 6e5f5ad78dbcb744 · f8feafb9df79f15d · 5528ac1fcae45f36 · c7cae1c444271219 · e0e3f51b0be288f1 · bb790c54a9196443 · 1e084f3d3129a1c5 · 8e1447b4422f6851 · 41cbaf9239819197 · 9b09600aa455c51b · 112ce386e039d80a · 7a4bd15fee6bd9f0 · f12ee103459451a8 · b19c08f2822363ab · fd615fbb34811e58";"PGO0006 · Acoustic Trip · PGO0004 · Paris Accordéon · PGO0002 · Parfum Pop";"Main · Light · General Underscore · Commercial";"identité-canonique-courante+identité-structurée-courante · identité-canonique-courante+normalisation-mécanique";"pilot-pending"
"Cedric Bertin";"Cedric Bertin";"no-change";"3ad637894baa821312956d42996dd11b";"PGO0048 · Solo Piano Vol.2";"Main";"déjà-canonique";"pilot-pending"
"Cedric Denis (NS)";"Cedric Denis";"update";"6e8c5a0ed0d3e2f7 · f3cd1ef66debcf8d · cff7fbfb7ba25af4 · 0a90305bffaabad8 · 77991fdf7b39b1b7 · 16b84e5f1928e6ab · 95d04827cf217049 · a0d1b510f9a4619a · 9ae7029aaf940b44";"PGO0006 · Acoustic Trip · PGO0002 · Parfum Pop";"Main · General Underscore · Commercial";"identité-canonique-courante+identité-structurée-courante · identité-canonique-courante+normalisation-mécanique";"pilot-pending"
"Cédric HANAK";"Cédric Hanak";"update";"b655ae4fb9e3f7bc · defbe01116170142 · a166f0da667f7f8f · 5a3dfe0653fad9a1 · 99da69d1fc737de5 · 0e87e3543538709a · 8bb203b19867385f · 97d02157209cfaaf · db4e78eaf0e2f912 · dae42aceb669b841 · 82f64a039193df3d · 787a1189cb74e393 · f048a847d1a4f7be · a037d66a7313c176 · 81a7d7338e37bb3b · b6a697e49c0f754b · ccf0e71076af3360 · 4e3e521781027efc · efc361bb1548f10e · 66311a6da1814ecf · 28803490142a108b · b9eb75c6ee605606 · dc6333b255e19341 · 216378f08ab153d2 · 1e6c65d483b449df · 82df5662f7768922 · 825e897bf93318d9 · 27d0db90d56ba076 · 27ad5c577cafb49e · 921261f9da1b35db · da2477ec1e03a59f · c54e516f569b9574 · 46f7a7c33a315af2 · f0514a0a75ebad13 · 9000897484ed121a · 3ac8ba3970a209cf · 4828d0376bebef2b";"PGO0042 · Light Ambient · PGO0038 · Rock Of Anarchy";"Main · Stem · Commercial";"identité-canonique-courante";"pilot-pending"
"Centaure (NS)";"Centaure";"update";"3a653803fe918d5d";"PGO0027 · Future Beat";"Main";"identité-canonique-courante+normalisation-mécanique";"pilot-pending"
"Charlotte DURAN";"Charlotte DURAN";"no-change";"0095c926f85623fc · b612bd4d738c8c47";"PGO0035 · Trap In The Cloud";"Main · Stem";"déjà-canonique";"pilot-pending"
"Chicho Cortez";"Chicho Cortez";"no-change";"086564484c5ce1bbc961900d97eeb525 · 86decdac28a9ff487d1dac46975c77f7 · 0ef75eda94e21c1d1778fc0bac555f40 · b8d4de035ab48850d34e62595d0741e5 · 8a4a58206e64dee3b49a8050f2adf482 · 87d7da6a5bb152bb4b1e1b3f318ce3dc · f5b896f8a99a2adeaef891efc176f9dd · 891636f0736303f94e62c764b104e3ae · 91357618e027a8d26186ad728b726b19 · a3d445b7bec643e2a4b5b820d2b48364 · ac96c86fc428b62cfe6fa1892a9a7b4a · a47a79e1b4b4bbbda21c3b49618e04a3 · 049f591435687c149fc07a8f95906377 · 21f7c803333593c97083cb0d87f64360 · d66caf51626bd01600d66856e9d5a8fd · 705cd6302dcccc815255ef9def3fad43 · f65a1303d4c8740cc5baafa318158537 · 2ca8e4e84514705ecce88d33d51cc4c8 · 1ff0ce8b40c95b2110e6f77db41fef6b · 74f83d3f58b9fa2ee6881146f11992ed · ad86d9c188da533540c09bdfc0472c65 · bbb65eb913ed4e2e8e958b49bbc4deb1 · 683c0375eb4c59b313c78fa747c01171 · 76b055e762c4430d4e867e49e77d0ec9 · 7317e9e593bc409e65332782381c3c4b · c0dd11edfe0bb01796d653effd2669f5 · 95ebe1b93fe559c1f7ca9668aabe66d7 · b4eb3232c96971e433d1c09ce64d7ac1 · c8623fd27492f51c96827aad4fc80a14 · 231c4f05a8b607a2683fe54aa92678f0 · 57f236c1cce888ab48bb7f5aab77f68d · b88d40f0013beb9cded1ded54fce10f5 · bbf883ef9c620e26b40da0816eb5e5ad · a7c7bc5ff6a6cf5e55303eec3a391ec5 · 2c6092025e222f6c27fd03f6150bfc51 · c5279d6030c10b422008688a6fd58988 · c1f092d882215d394e81a84a877daa8e · 87a4f9a305ecb45fe37286b194b69b3a · bf96bf710c23c0a8b6bbd7a968c96a36 · 277e5e29785ae530fb7cd07ded9b0641 · 8e82029134bbf559148b5c2c07b03cd4 · e53af54ad0f98a17c346955708f5953e · 5979ecc80f63bb7899a91318b727215a · 8ab79b31cbf4fe49d6838001cd17a3aa · 59020b24ef4244b53975ba47e6444a1d · 9612cb22a30bcf68a4f4b59208f7e338 · 8453c96ef63d4fb0ab787d8b2c5a8e72 · 6d0cef063d275a80ee2d0027f4f77d65 · 08ae364aa8236f175a126882d066b4c2 · 30bb9e574370d5c97a70f95dc62b81d8 · 3660699b1f841826d19b2abc242bcabf · f63aa10b3f0590e580d68cc8dfc04fdd · 1c39dfca22329f1bbbad9b086f16016b · 30762f1584427d52f3dd602731851eb9 · 9e4db0032c88cf46f7feba4dcfb7290c · 7636d0989865c8b77ab2d739cccff9fc · ac507278cc5df5a04df14497e41a2911 · c86973bd5eeb4e9016812edb195dd3d9 · c08274db0d0d0b5249d8d3c172c07e91 · 125f56a2db8910b1a7964079e4f32e51 · 389ecad7e4ebf718c2bdddf7cba53c3c · 56e007019da368d28c3aea8cc34eff6f · 02bc0f2e2a0e4eec61b39028fbb619ad · 5adbf71dad8745b2ba5c31b42a563fc9 · 79662e184b781d60b6e26b40cdf748fc · f7f8b8a7603d93aafc86870fa2f23c0f · 17d9d6b5ec24be56420d2b1de70a7598 · 700a605c4396ffbc13e9480921e0504b · a6858d7e0cb170dbc586009a07c80db2 · e97f91f9c2a3c39afd01a1706d09515d · 64a27c3cef5d4184a443b3fee87a1526 · 1069ebc204210785faacde2d34f8ee3d · 23fc751557bcb34b46e4f430b20c573c · 3d34988b649c8bf9769cdb45fb358764 · 6366bc3ba2a1e301e040b85f65b910a1 · a30025cb20ef6294b05458a31fe1d071 · 0f06274c1e2dd25f44ca0dc660a217e9 · d7c4ba80146599b27d8cf6022b382bb1 · 516e9b4ce211f181168b9c1b795489f8 · 66e4567ec413c390e4455d91dbf841e3 · 7abf09e4bad698e8c3c1363e230df031 · 4f3c8454f566a55dbc0613de81dbe474 · 4d018e4405ad3d152ae8d70dfdaa3e26 · a5c1b3829b6fb09ee1d849a1dcfcf94c · fa7aa71b4c262f2b2a581d7165cd203e · dbfec35fb3d0298e9fd11f9c1d02f6ff · 6bd87d6d7b5211b8123338f62165dfa7 · 602d13367cdf143d147a10e55b44a1a5 · d88f93c68331c7666877d5d93687ea5c · f7251b6a368b41bbc5ebc300821f4067 · 915047c6e01b774b9fbe79e12700478c · 58dd86eb8f396bfccc0e0169978b185d · a6a58436c08ce8f7d92322882d127726 · fa91b09566452b246277333843a31284 · 253e5292fc317ad907bd2c9cea74f4cb · 45595ead4e29d56b79d1d46ac6f60d78 · adc2dc082680fd177a0c925933065969 · 5ba20dd2348a2511e59518552151aed9 · 35f144af08f3d3259fd024a96ee7928a · ed3374177b8ec4b2c51d2f29e940f424 · 318299e52e6d49431f46db082511d993 · df883ba92d26dd9a6c9f3109e94c0926 · bc559a9ba78b5f38272dd788c350f86d · 0d5259164e8952fa77d59c382b3abe4a · 914acd5c5df537b0a837cc0a08817071 · 081d230fb317215d6306b8c576050341 · 69fd53f9918ef5e855d32ee34e5b9dfe · bb5e90a68dead1773cbd2aa68e496d85 · 76def836627f970e974eee58d60f25b2 · 5248b484ad97683af56e3ccde39fb26d · d85a114b5f9db934b3440e7504a8e6b5 · cf5250321483373bd25a60d17517567f · 887698e5b90c8ab03e5aeca46e0e2af7 · 83eac8f22e9184b0ad8246e640857b78";"PGO0051 · Lofi Hip Hop";"Main · Stem Bass · Stem Drums · Stem Guitars · Stem Piano · Stem Synthesizer · Stem Vocals · 60 sec · 30 sec · Stem Synthesizer 1 · Stem Synthesizer 2 · Stem Vocals Fx · Stem Guitars 1 · Stem Guitars 2 · Stem Synthesizer Flute Guitar · Stem Synthesizer Saxophone Bells · Stem Synthesizer 3 · Stem Synthesizer 4 · Stem Synthesizer Fx · Stem Strings Saxophone";"déjà-canonique";"pilot-pending"
"Chicho Cortez (SACEM)";"Chicho Cortez";"update";"65125d143d097c1e · 024c887aa3eae135 · 2b7a1d8dbebff821";"PGO0024 · Caught In The Trap";"Main · General Underscore";"identité-canonique-courante+identité-structurée-courante · identité-canonique-courante+normalisation-mécanique";"pilot-pending"
"Chris KEMP";"Chris KEMP";"no-change";"936fbc29c1f8fba2 · 0f79b7c664421c57 · 24042677171b9a4c · c2d8e4fe06394d07 · 6ec5ec98265c3d0a · d95d747cf8b0418e";"PGO0035 · Trap In The Cloud";"Main · Stem";"déjà-canonique";"pilot-pending"
"Claire Michael";"Claire Michael";"no-change";"577d2a0d59e7d2262b2858717246f0c2 · d78b742aaa94610cd26cdfcde2c629c3 · 6b733bf842f10a1226a6cd310e79359e · 2ef85f12a751bed145ea05c415e83301 · bedfe5c41e7a406303ed0f48bb7c94ad · 433ff5a0edcf519e3905326f606081f8 · 2f99cc4ef758f7dfb5783153b9c1f9e0 · ebd8b7b4367766576bb675d92a3da483 · b2b00d6fa493a6fee4269d4862a87fb0 · bcb887922041b1c7619b2bf7671e643f · d6a3e644621d8cc32788ae2a93f608c9 · ec48b9af8480a412b39e9e092f3ec3e5 · ff4d41a7dd54cfb561d2cbac325457df · 964f88252b9ca9b9dff2b1f167d2dced · aa006e4339f14cf117343ea525174a88 · 7b2e7d9bd65e99e47dcc81a2dcaface9 · 4f304b8c7853b7be723a0953a84e1a00 · 5afee8ba57c0825699e890d2eca1eec0 · 67f42791dde8fb9f6fc212783539907f · 128d9314469f7b461652f387c8f13428 · 9ebf30fca1e6941be3ff14b4c338275f · e37353824d0aa755545ce26eb7d854c6 · 308177b8bd405d75e25dc431b3ace5cd · 903d3c1b953972b48b0de74bf51f48e1 · c3fa35fda4144199f863a6c06f8e3f30 · 643e0092c7d4b7c755fb9c171bd19ffa · bcf65ab2c1d324d2b518595f23060c55 · 00e263cec7064e22c457d23a72eafd85 · 99d6ec8885e2fa531e3ad73ae1fcca64 · 737e6ca62a5e035e34710795e4377fda · 0e60ffd95491482af44611c8985648f5 · da94095f99383e0cad4b85d60da0937d · 3ff92deb5f352d1c2ade4806a668c45e · a6f81f1d12faa038421530d981cc226c · 8154959d3d1a0c6673716d221e8d7f3d · 03b1d7af5d991f35e7882d9adfdd3d97 · 1cca3975bd9106924f766dbfd11cee26 · ac1ba84b878d5dbca630dd81fa471847 · de07097d2ff97fa6a9d915abb130e605 · b79f9cb0e0a553ee · b6678fb67f9c8a5f · b584182578cc9356 · ab85e605e47e6aeb · f6a80470e4509afa · bb40a2c24619f6d2 · e5586060058bae77 · 8bbdd5969765432f · 5ac38e27f6e42f2c · e24f02abb879a8aa · 029abfdfd219bc1d · 758405debe1f5c67 · 1aa6f2242d425b9e · b024898bab708fd8 · 131dbaf8dc995a66 · 7c570966108a9cde · ea0527f728178d66 · 778c60968dd3d348 · 07ae8ed7c5a3b0e8 · bfe724134fdb097e · 1b6a17f6ddc1d046 · 28ab64878482333e · 1b8f614b08330ea6 · e90afb7b3a24c4c1 · 719d9cc2bfe743e0 · 0131fad245ab14a8 · bea5a1083a87a734 · 740610f8e2651db4 · 1b8c465012ff065c · 827f74331be20c19 · 13e6d72b25ee6b47 · e7dd1025d7ea93d6 · c0a0d206148d0cc6 · e7ebb4b5e8cf26d3 · ce48d92196b1e371 · d5171d7d6eda017d · b0647db2252e2748 · 76b64ad5540ffa1f · 3487e26b1a5ba146 · ea5a19a59c003a48 · 598b84ae02da952e · e0c465398e9aef31 · 97975b50265df0ca · 0b039ff25145c6c0 · f48eba809140face · 6f1adf79f8683fc4 · e942b4fd98ef1651 · 0b17812cd850145b · 7d5f28c406329fff · 655749c3583f0f01 · 07506dc3b4354230 · 2d1ee1f502785c14 · 8f5ec94e549e388a · e4de1ae067daf2b7 · ca363190650b7545 · b33255d8cbc7f7f5 · 5cd4f7f41f004c92 · fc0ccfdbf9847070 · 35bb95b712585f42 · f04b33691f02915a · ba134745c5d5715b · 188d4d7ece757d58 · 85d6025de0c7921a · dae1793a902e0d13 · ad7e45547ab6d4a8 · 609bfb0e14cb7d2a · 211d884f30e40f96 · 0678c9fb8c1fb1bd · 76b3841ecb777271 · 9db0a9d3afc5fe3f · 1042331aafcde930 · 13d8f73143c92d0c · b0efa104cbde8b2f · 8705d54883b498cf · f956f900fab33321 · ff5fc65558f9010e · 5f5a47f81da91e10 · bd585502171e0b0a · 527ff39363222870 · ec291ec372379f59 · a93320e2b3da44e3 · 5e6641eb952ece8f · cb132da7e9d0bc5a · b87f4993316c8d39 · 6ef913515d812639 · 4bd93da95b49b14f · e60c0ecb33e84e70 · 307ca114d1d2283b · 0f1b3eefa2886ed9 · 8cf2ae306db690b5 · d253ca2887c0c385 · 7cda4dfc82c2770b · 53a6d1c569ef8d65 · ca2babefbc02785f · 013fd2772e7de6a0 · f87510578f8a2ac4 · d0895f904ae2d067 · 85efa89f777cbcc6 · 39862fdcd7cd0ee4 · 8ff459353a0d6604 · 7397e376cdc08ed0 · afc9e2f408e4387d · 09d59c8b03352d04 · 767b0b8bf79aba00 · b6c72540e2aa49c5 · bc32edcf132bbe9a · 4398188600135559 · bc9d91e10fb8ba6b · 0709d7db6a60f6e9 · 7b6e33833f491c54 · 84c146078c9476b9 · b6a30ed4d000df33 · 74b2ecfde9c1f3c7 · 7b3bfa2ca1c003b0 · b3260f4ec4ce313b · 04c8a3c9fa86a353 · 4c09b22868068c61 · 1b9f675e0cbc583b · fe97e5421c164e87 · 42a491a66ea2ff0d · a7b0552b5e1c67b7 · 811f5bd94df95944 · 15c8992842d85afe · a7dab39650ada198 · 2a7dbff538541078 · 87c493c0a1d8161d · f465e395097750f4 · c3aa0ff483207523 · d0170b0111aaca23 · b691ca394f182aa4 · 55a29a9892e9df7b · 2501990ffd2dd9da · 3a016540bb4bd1ef · 4ad800fb9b5b5dbd · 2804eac9fbba2fd5 · 93bec5340797964a · 42fb2ae10fb730a3 · c663014559df9305 · 42d6faa8e7090a61 · 7d24d2b704ca6b69 · ad99eed08c754308 · a92ab8ad813f848e · f6aea579967c722f · f6decb6f2886d265 · 7f25ebf00a585f1c · cd5cd96996da0a16 · 2be8d3d810b2fb9f · da9ae9700bce2532 · 2ef07fdb1653e431 · 1ccd0e6543e8cb82";"PGO0048 · Solo Piano Vol.2 · PGO0047 · Solo Piano · PGO0031 · The Projectionist";"Main · Stem · Commercial";"déjà-canonique";"pilot-pending"
"Claire Michael (SACEM)";"Claire Michael";"update";"7d44dc5cdec2f99b · 23e14862cd513517 · 6d1940531a71b9d3 · 1e2de382039a6a3a · 404f4874930befc1 · 806220c26df3c8bf · 53267b20a788c1eb · d677559c649443d1 · 351e3cab7f13cfd9 · 067ef3534ad4c2e1 · 4f3821dc1207ac9c · 5fe4a4df44597e3e · 5d1ccc87f537cc69 · 041bab07894bc057 · da1836dc7c0a0e68 · 972e09ae1ba20923 · 56611f68992c7a40 · b080a0c508f52612 · ed0cb36d919c821b · 9dc6e7e7ae68facd · 1660b883cb3c6469 · 7ba439818bd318c0 · cce73554e7b82f6e · 982dbe81c1211147 · cbc72a234a0f222e · ddd1983df8ab3e2d · 8371f3da93a31c46 · f082da34cbbec457 · 02d88bc99f22e603 · cf241bbd048df31a · 484e75f9a38369c0 · 7cfd7e1975e44d30 · f13485705895b7c5 · 48bb2d2d006c3ea3 · e5e61e23e1728d0e · de95f5d06b1a1c6a · ea105d1d4b296732 · 45bd089ac58d280f · 0cee3e926fddb6f0 · 490f081a7edd8e46 · 92c3a05421f7536d · 1b7382639b88cfe3 · 0464f1830123e0a5 · 89c82d1c2a920c3a · 181d32c9ceb99491 · 3d1b60d11b57137f · b351afbac5b091a4 · d94b5f9626a5525d · aa32572b8cd3db54 · 0e902b603e145fcd · 3bba91e280640af8 · d9c83e5093afb8e6 · 043522eff9a09604 · 9ab58c239ff7df01 · d0cabad957dcd839 · ea57cfba541a1d93 · e81a58ced53b5211 · d0d145bc836df5c3 · a7cfd96d8e1fce07 · a9bd6fe3ad5626f6 · 3014ad5116e1a3c6 · 3318df1b902942eb · 192962c864d48ab1 · 6e303b249eaf2c0b · ccd6fa99b311d271 · 08b75d5ebe4196df · 50b055d7a4315f64 · 48ed7d21f166f099 · fb17f7f1e9e2d254 · ea4fea9d34eb1c74 · 1ee15060929cfd8e · a857c7580a9d98f5 · a43bfaf5f1ff8707 · 6622e6a437fd9813 · 6001b9bc8a248af5 · 94a4046cbe4294b9 · 3f5efa6d4dcdd26c · a124e7931c1903bb · 11eb9cc39f4b5db4 · c8c76abcd820df7f · 88dec4ef57de8bf7 · 9b3fb66c6f93afb5 · 1ac637fd41fd1957 · 01fd01aa2611f874 · e4fd90f053b6980a · 967b6b9adc469928 · 24c01ddd05a8b683 · 703678037ca3e1db · a01e032fa388857a · b0e83942aaaaa483 · 4b0950a46cb8ec1b · f56cd1a3649cb452 · 372b5ec5154db052 · d89c12bd1592ff53 · b1a5db34147b3a3d · 7e8ca8e992e1ed4f · 768d0c3cd61f0a43 · ea9afa89feeed48c · a5e98a78b0f8b911 · b5f46078df7f15fa · 44aded10dcb4e68d · 7237ad1e01aebf41 · 7b5fab9b68d8b177 · d7ad2626618dc67c · 56e834ad763d7f69 · c85c7cac97fa7769 · 092c0be249eba222 · 8a411e9f4cab5cd1 · c8ac6caeb5f58a6a · 003ccd056a6fc0c7 · c78bf81d90eb15de · bdeff34aecbcb4e3 · dbb032fe2b85cd2f · 8a9cd2c7c55a61f1 · 1e34cbf70538db18 · 069b7d4c3a5aab5e · 15ec7fb5504d6ff0 · e3ec2e9866179ff0 · a8ec1e80fd9b1ddf · 007e627522d174ea · 8a0ebfeb181913cd · db7b529017738a13 · 2684e5776fe8974b · 6e1d445f1072f56a · beb322f20c742fb1 · 6dea6f3173c1c25c · b680b23872dcb5b7 · 4bf015a67e288608 · 93e7366c753a24b2 · 7295aca251524f7a · ebc0c6ce84d53479 · e6bf8ac62df4e662 · 8af553ad7e018cb1 · 5d29c566d1003258 · 83c62a3dd125fc65 · d5526f9c9c0714bd · 6c5fafe170b1c3b8 · ce0b2cf70204fe8f · c591af3c96da992b · 73b95129e3f574ed · 03b2239ee723ddaf · c8f0c89f91d9695c · 0b03bc0f77d0925f · 1bf73b38b6cabc3a · 61cb30126ea621a3 · d5a5c29df359bd8c · cef249f767f7afc0 · ae21274f47eb0cf8 · e3ba84a191d5a334 · 3486682ed9c7a316 · bdb6ea32d1d44a31 · daf26aa922a1a8a8 · ecbf6e25f7b0b51c · 4e07f0f0fab6f310 · 37400800701af49c · 1664c23b5378b31f · b4eb2d987c6138dd · a4dc6ec383e1bb23 · 8d8ec0112addb976 · 1f8692039d828f43 · 1dac28c39708e149 · 6bc4a5bd24dfc1db · 38cb8ed8c1fcba7b · 2e6fa8883bce85b9 · 26a81d8727b4c1ad · 6f830a21d3f7766e · fe60caf0df343169 · bc3fcc295ef1f20c · 8376a3aa5779e490 · 889798dfb8c8d0f3 · 24a71ce9118cb64d · 76067e3abe5de274 · 2e75ff81309f5678 · 66bb3c2b4fd4ffdb · 67a188512e4946a4 · 21c51a823decad6c · e38759fc33cb9da1 · 9293d45b1b915cc0 · 22e20f0d613c2f83 · 0f3fcec19ad30e80 · a0bb4b10fefbe5a7 · 49c3b295807fe9f9 · 171e23332cbde33c · 945736f137973e33 · 497d7cdc4d0fb9ed · 955fe46431b9e13b · 918268fbe115d989 · ea822c7d30cf7446 · a3f6c3d94aee6cf3 · 10aee3fa658b5c9e · 868db6a05d067967 · 7a3e924114fcf482 · a56486185b1c63d2 · b5aebd8ac3f3e282 · 5a6d0089dd405ad7 · 2992654515f7c35c · 7aa2601515a40424 · 61f830b8afc4d747 · 14196595889c2c57 · 492ed9f43c642aba · e79f159639cf445c · 849e5bb15ed7bd0b · b6289fe5378a9e5e · e2a4c367db2fb4f6 · c9bcc58c7f8f003c · a45c829f4c632655 · 390feee34712814d · 793be9efab2ea881 · fb2ae539404fa14e · 0b23828337be0ff7 · 209c995f4f2800c3 · fade39bd3780729c · b6a4c90aaa55f9bf · 1cc26367cb02d9e0 · 6dfc5eafa1e200fd · ecd956eac02edaba · ee77f2e280b0def5 · 9192802f8969c5e1 · b4ec32171440246c · 486462e59f87f1b9 · e1e85fb2be0e5be4 · 54f1794f52686257 · 9861e33814038a5d · 98d82eee86a854d0 · 98894f9db8e50f73 · 9af082848de59652 · 06ad34acd5adb28e · f798f54f8b1fec5c · c1859b95ae9c9120 · b2c6e299961e134a · be1fbc7a97a75aae · 4febf1a7ecd4fbd4 · a21bda6e7f12b3d2 · a23dbced0d6bb2d6 · 7af8c0095eebf4ad · 8c7ee5e90154d0c3 · 66034d62f17e233c · bb98d8358c26f227 · 44ae4a1e781f587d · 2abb4daa48f2b8fe · 40b8e4932bb71a69 · 9981afd812cca956 · e5f811c324407c33 · 84aecb0dab270bea · d3f98dc3d198dc9f · 31527e14fe2dacad · ef960f747859ee9d · 1daffeeccbbef7cb · 90ed2f586a9bc049 · c34dd79b983b90ab · bdfe2cb912b804c2 · c7e3b79861b01529 · 84ce6700f4de4d68 · 7160645d1f1f7d96 · 801c969c4d2639e3 · 816f2c07813e2e0d · 27cd7dd9aa90784c · 08455c93ef56c929";"PGO0031 · The Projectionist · PGO0020 · A French Romance · PGO0008 · Paris Postcards";"Main · Stem · Commercial · General Underscore";"identité-canonique-courante · identité-structurée-courante · normalisation-mécanique";"pilot-pending"
"Claire Michael Patrick Chartol";"Claire Michael Patrick Chartol";"no-change";"21ba68ab6a72fdde";"PGO0031 · The Projectionist";"Stem";"déjà-canonique";"pilot-pending"
"Clément MARTYN";"Clément MARTYN";"update";"bc1a6b1ab3627cf0 · 5fa34527b171107e · aa29c7e0330eae7a · 3d0809adcc8c145f · f53f7569fc44b025";"PGO0038 · Rock Of Anarchy";"Commercial · Alternate";"identité-canonique-courante";"pilot-pending"
"Clément MARTYN (NS)";"Clément MARTYN";"update";"e8191c0a7d520092 · d037ca1e99e52ce7 · e654dcaab2d7f60d";"PGO0038 · Rock Of Anarchy";"Main · Alternate";"identité-canonique-courante+identité-structurée-courante · identité-canonique-courante+normalisation-mécanique";"pilot-pending"
"Cory TATE";"Cory TATE";"no-change";"936fbc29c1f8fba2 · 0f79b7c664421c57 · 24042677171b9a4c · c2d8e4fe06394d07 · 6ec5ec98265c3d0a · 1afc40b71d0ef68d · d19857b21792faab · c48c7911b8eea08b · faa80f150ff9898b · d95d747cf8b0418e";"PGO0035 · Trap In The Cloud";"Main · Stem";"déjà-canonique";"pilot-pending"
"Cyril Baud";"Cyril Baud";"no-change";"6469175e88381d46 · 416de6584fa442f1 · 7c5f7c21a8b6553c · 205c25fdf53d7f2e · ba8c1eab820065db · 6d8e58e7d7860b68";"PGO0001 · Paris Rocks";"Main · General Underscore";"déjà-canonique";"pilot-pending"
"Cyril Baud (NS)";"Cyril Baud · Cyril Baud (NS)";"update · needs-review";"c7225d3406f03b2f · 1aaee322d8d30977 · 39cec0a59755fd38 · eda8eb835e5754f4 · 86064472525fbfdb · b677fa2f460fcc6a · bfc71212a0c4ad01 · 7dddc31634d9c1bd · e2e8d0a7f13c2139 · dd0e89d8ad90d727 · 5e5311fdd1d9ad79 · c15874ca48a7049c · d5b91fc351a4408d · 5a4f0d71fa7e63da · e0ab6baffa5ae25c · b80f7309bf3a1525 · 5207e6c423a86bb1 · f5a46ad83dcd20c8 · 1e7c0e1898a2aa8c · 54d8ac5dbb16cbc2 · c5e1821c9e45fe79 · f1051707787e1f1f · fed9582a4fddcacc · 77dd11dc455ba281 · 729bd1b14b9170bf · 01fb5f282e5bf6ac · 20a4a8b2faf34ef2 · e1b7036b9d7fadd0 · 29b909ca7b8ae8ec";"PGO0009 · Dance Fever · PGO0003 · Electro Boutique · PGO0002 · Parfum Pop · PGO0001 · Paris Rocks";"Main · General Underscore · Alternate · Commercial";"identité-structurée-courante+identité-canonique-courante · normalisation-mécanique+identité-canonique-courante · écart-ayant-droit-à-valider · normalisation-mécanique · identité-canonique-courante+identité-structurée-courante · identité-canonique-courante+normalisation-mécanique";"needs-review"
"Dambrine Patrice (SACEM)";"Patrice Dambrine";"update";"e8b987787d7b1a6c · 3928d3169641ef77 · 5ba81fa529730740 · fe72adafbd22b93d · 96e45242dcf2c07c · 838d36a787cfa682 · 41c85d5d1c5cac2a · c2a459bc72c1bbb4 · a33b788226627760";"PGO0033 · Surf Fiction";"Commercial · Stem · Main";"identité-canonique-courante+normalisation-mécanique · identité-canonique-courante+identité-structurée-courante · identité-canonique-courante";"pilot-pending"
"Daniel AMOZIG";"Daniel Amozig";"update";"f8cebd2657036dbe · e7d65b8e80e8bed8 · 01c35fd3da3a2c2a · 1558d74e3100af4b · 6adae5b8854a6926 · f4ab8f2632af7ef6 · b9f1ce6884103b9e · df5a48150f58ff29 · 6fce1f1a09c20801 · f81b8f4a9a483fbf · 16d4d43834993aa2 · 4d829b3fa3db9727 · c6b664e718774f09 · db0e90674863d29a · da70225ff0b8ea87 · 408dee2790cd2bcf · 01b9b636a170192a · 2243f593d8e3d9c1 · 3adeb456336d14a7 · 9edbbafaa5e7481d · d1b03653eca8be63 · be873cad7fc6d9ea · 611c913e3d2753d5 · 5d0e81ab972115ea · 13fc64b03d109b6c · 516820151ee49058 · 5e7db41ec592db2d · c2dfc0b005bc7580 · 90378d72103ddbde · 3d0fd3b9c7267dda · 36f659b97f91532c · adbd6b864981f9c8 · 3026babfe2f90041 · 284c4d069e87a904 · 0eb6bbf9a493971c · 0225461a9b1e46f3 · 395fc203ec2e19bc · 1699d15e2ceb71c9 · 62a40b723af440a9 · 6fdbd34c6bab38d9 · 3e3be6ed31e69703 · 27f80afa7624f4e6 · 6ecc67b013a926bb · d6dbf3c237b43c1a · 4a572f3c5d2b809d · a492799117ee39a4 · 2ceada2a2ae163ce · d718150d9eb49da8 · dd310cd40f46e744 · b4cc4d813c8f55d8 · 355be2cc0708d0a6 · 273e9e235040e547 · 2d6307b88845bb61 · c1514b0f24baf1f3 · a860dd75087eb3cb · 7504693b0c390437 · ced6d6834bb0db74 · 2c7ff14e0fb973df · 4ef1db1e6abef811 · 769796c95a047513 · 5b6db4ee0e39f67d · cc1dc305c70110c9 · a480bcaed208b9cb · 4d483e597e430346 · 0b2e11a446160796 · a6164dbdf623ffa4 · abf2a19442711181 · a393694f5783f475 · 8bc05e06a2396983 · f87157e5623dd6e9 · ee4127bd0ab6c7dd · 2067761a14365bbe · 55908cd3cf403fc7 · 8c14b7df3749df99 · 64ea2508a446b708 · 130e2a78ae5980e8 · 5d0e289bf41da9b5 · a2a5ae62ec9425cc · 17410b4b426c3670 · 03c19ed5f52a019e · 34bea8aa5ebd6103 · 94eaf03da088c902 · b0e423bc0e94bcf6 · fc16c6f920f814e5 · 334c80c69ceaaf3a · 6df7b4dc7415ebaf · 974dfc5a9b72bd9b · b99e74849ad4a8c1 · 7374d0f41bb5018b · 5b1a051158497fbd · 3ab4477db759edc6 · b38ffc24ad189ae8 · 7c557a5bc62f7d69 · 2c5f1489bc9dabd7 · aae6dd191df7c45b · 314e8063410ab35b · 052be40824ab9ff9 · e7faea1975350e57 · d652d85096a38d99 · 55fb038097f690b4 · 3b94a0eaf14a286f · c9693d079e60a8a1 · d8fb7fc7d855f354 · e2258aba3a999262 · 085578df6c9a7898 · be56f565e4651bed · 99097129a9fcec36 · 4a48614932f96ce5 · 9e17a42e93e3f99d · a72144e349f0e99e · 5ecdcb72f640df95 · be223fa943fb4d0d · b1c90ce7eab0df31 · b7d63210f57cb557 · 839b0222f286693f · 51658795c34a5316 · 4ea755b2bf6cd811 · a9916bfc536b2a19 · c8b3e0e756dbdd32 · 52eddc7d346e8985 · 777de3045030936f · 75a88b5ccd9b2a22 · a38ece197f9e6d3f · 296f50ffb5acbc61 · 35c880116c021fba · ce92105a25219220 · facae6d5a4d97078 · 37dec630e97641bf · 9b387a0256164dfb · 1265fbb345ecab1f · d45618ae454bc899 · f19eda8eb297fd29 · 8b266a88206e12fa · 139e54f970286651 · aec907d2bfcc9ece · d13af11e0586cb73 · 1b9508cfa6825e28 · b1db920d0d81f197 · 296fbecdf9c2f62f · f2d93a4078758555 · 1d912d35f5da0f29 · 88e3c07849db81b3 · 3acdbf37acb75365 · 3fd5a95a3ff6d51d · 92857919ebfd736b · 5cc9d411f9704505 · f82fd0e23f1af329 · d69560a2e19db3b2 · 249bf90a88813d1c · 2c25e98c223302e2 · 9bc540100f9b63b8 · 2ae104062471e052 · 5896f5cbe57ffc19 · bc679e1cf2080da1 · 538898ee96a7fc20 · 937b96238eaa07c1 · fc6adeaf443f0916 · aad5d5305ee9c162 · 13ca44a71da14a72";"PGO0039 · Videoclub";"Main · Commercial · Alternate";"identité-canonique-courante";"pilot-pending"
"Daniel AMOZIG (NS)";"Daniel Amozig";"update";"68cc3ee1b2831008 · 6349a4fe383929c6 · c5f366a6b6280752 · fc57cc7729ace822 · bf0d2e32bba20ad7";"PGO0039 · Videoclub";"Commercial · Main · Alternate";"identité-canonique-courante";"pilot-pending"
"Davide Loi (NS)";"Davide Loi";"update";"017d46e7ccc2a56a · 4f3a4a521cc8f5fd · f408421993d2d4f1 · 36c3c6fce7d7d039 · e1339f6e2c041dfe · 0e9114ea60ce15b5 · 49a97cba3927585c · 51a6d1d9c574f2f5 · 98ed308639754ecc · 70a4db0a917db1f4 · 0147074e87c4be9b · 56c722e5c5bd6777 · 849b8363c030b0f1 · bde95195e4485bfa · 8174407a0888c977 · cfb1682881b20112 · 19c9ab12647cb7b2 · ccaf5eed0babdd8d · e926627e2b4f3da4 · 30d91c18a30dd331 · 74733134feb2a95e · 9cebbbd436999ae1 · 20b872ec473aedb2 · 446dc86cf5763843 · 2a7879a8455c902b · a28abe10d6908ba3 · 52828d05a8b6ab33 · 857e766283ebd2bd · 63c810595e53b679 · 6c35f24591526609 · affb78269b0c5bef · fa787244c6aa86a2 · 7a930f6abf364799";"PGO0014 · Vintage Rock And Remixes · PGO0009 · Dance Fever · PGO0002 · Parfum Pop";"Main · General Underscore · Commercial";"identité-canonique-courante+identité-structurée-courante · identité-canonique-courante+normalisation-mécanique";"pilot-pending"
"DJ Troubl (SACEM)";"DJ TRoubl";"update";"fbf2a6e24e9ca1ad · 38a35465afe699bc · 246a7d3717b26c9f · adb3f3f46cbc6a2b · 410b1d1c7039ac13 · b4fd7b320ffc4fdf · 466978473d6c8178 · b27d95fc632e428d · 6a37650c65d79297 · d0a0fbd2e33ede71 · 5c1c8515de18ec36 · ae60293494583b26 · 5f5d8976a3b76a35 · edafde967f380acc · 803376594e31b872 · 288ed45260a2f879 · 2a7e88ebfce70b44 · a70111c89a01f141 · fe589fcc00f00210 · 5b817ef8bf946a44 · 0752b7592670a1ae · 60f8759bc59463e4 · 8760874177991582 · 7160cfc5c31506b1 · 17e4ce43a579791c · f68a8ab7dbd03353 · b924715fd0661c1d · 7e0294d8a1ae93cf · bc02e73e1be8bc61 · ea83abc913652ac2 · df6079f5129e970c · f1c60c9505d9d339 · a7eb78a44e242ae0 · 5bd6118e62f081fc · 5e1e7c298cb259ae · 9c144289ac2233fe · f12fe4f3545ea075 · ff91a650fcd66d92 · 5635d4c53af03afd · 297761167e993258 · f11a288fa0fb001a · 09ef7793c6bdaf7d · c7627f8db4b45acf · 649bad6c4a09b80c · b4722b7e1fde0cbd · 58aa2c0fa477886e · 89956e53d353a1a3 · a6f9d0364eb9818f · 1b1b03e26d28279d · bb8c6c3f23b78d32 · 62b68b35f5b241d1 · 60fa1ae9395f8371 · b257dd50c9729d0b · e33eee1bb9c9c6b7 · 171e0ba74d907f05 · 3bebfc04b1bdac2f · ceb456c811f0cf28 · e0660bb464b20a4e · 35c18a4b40146617 · 6367eaf3d9fe04fe · 0e6ddc74ead7f735 · 4af68a40da2fe3b1 · 4470185b05bda3ac · 46a62302f83cadd6 · 7341ef1462b06eb8 · 0a6b1e9e58e5ec2c · 59630f4c27e36a2c · 2f268d4eb750a553 · 33248e1c0f11c343 · 37a1d62d7af0cbfd · d5e8bf206c56e697 · 19713806f4749260 · 68b5fedee2eaf3d4 · 25b107bf2c63a4c3 · f3386bb0dff4ede5 · f790171f00a1bafe · 8859cd62550313d7 · b52e01024c75485c · 41cbb935f0389609 · 536befadce610f0e · 08e4944226df8364";"PGO0024 · Caught In The Trap · PGO0010 · Dubstep Anthems";"Main · General Underscore";"identité-canonique-courante";"pilot-pending"
"Drixxxe (NS)";"Drixxxé";"update";"7c36d2086e2b47d4 · 10a87929eb3313a9 · 2cbd9bb77586d8bd · fd2d99cb22d1fd15 · 9f40244236e5170d · 056a5a66afc4f840 · bb1a58f1f1882193 · 003c424c95d5a096 · 4d1f9a66d2fb6c79 · 90d572e9cad2ad27 · d3c2d629d7f378ab · abf9ed33746f9238 · a7ee3efcb47113ff · 9c65f13b285134ac · 75c62c72b6346076 · 40e66b91bd3025d9 · e1c108eae1a1f5f2 · 7da042ce0a2bdf09 · 15e2e8e3ab4590df · 98e338814818260e · db21f1671448510d · 744b2e188dca1e36 · 71425bc5803a9a54 · 6fdb08f651dfb8e9 · 02bcafcbb448bf32 · 8bdf994f77593889 · 49a6cb38aa1370f5 · 89961fd3600a5879 · 9918ce1ea64fc102 · ed0a0e5cab09209f · 3f2f3407632857e2 · d7e765ad64ffaa2d · 2cbaa06e319b3733 · 134288f9d67fb591 · aae393e0a1dfa761 · f865d1822db0f2a6 · 99e8dac86d72d668 · d4b1ebd2d0955a81 · cf019d0f10205b7c · e565b4d6bb1767cd · 39381c49a73f9d10 · 356ffeb17383dd77 · 925e3b47387d92f5 · d5841614d71e99c3 · f2213ad94f13e086 · b17d8b0530c7bbef · f15a84cf395aa22a · 732f87021fe1c71d · f45a8ed69ac822d3 · a96c768e6f220012 · 4011e56fbc83864d · 8f73b5888249fdce · e125bb34636148f7 · ea33ea052143aa8f · 92054136637b5c47 · 75018e16e58b1631 · d840be39de8c8a16 · 4db91d89d36978b8 · 0ab930147bb52519 · 000953cae30d6a70";"PGO0032 · Diggin Hip-Hop Vol.2";"Main · Alternate · Commercial";"identité-canonique-courante";"pilot-pending"
"Drixxxe (SACEM)";"Drixxxé";"update";"96de051c1dde5002b742fc2ea45dafcc · ce4749af937708738ee5de7e90f8c3e0 · 3fb5a07980d8317f6f46306c0980aef1 · 167c9d8745fcd10bf37759d770460aca · 98eea9393f3983f46c5163a4a109892a · e571e0eefd2173bb2b18ef3397230865 · a943019b1a6e28a262b5b1eedc626a11 · ea07702155bd3274a5ac0ae0ae18b2f8 · a110253f847cae2476f356a5a893252e";"PGO0049 · Odyssey Suites And Remixes";"Main · Stem Bass · Stem Drums · Stem Piano Cymbalum · Stem Orchestra · 60 sec · 30 sec · 15 sec · 6 sec";"identité-canonique-courante";"pilot-pending"
"Ducer (SACEM)";"Ducer";"update";"8fc8847c82298f28 · 75e85d4805460e54 · b096e2c18e3ac0d4 · f1e831859d9d6b11 · 00e44a17c360226d · 8e2e03a9b0442637 · 1dd641ff7c7e9542 · c1f1d61caec5be0c · 8075b37a45bd1f6b · aefb3ce05e3af544 · c26e227555bb73dd · aaeba7a50c979199 · 9c60247dac4bebb2 · 55671bb39116e0e4 · c3e3c776b807c3ee · b678db5496252a5f · 9f082a424785a1a8 · 9fa645524ea2e0a1 · b44a606cb1a90ca8 · b1039af13b27a231 · ba41d096af846152 · ad4b11b1f03a3ed9 · ef64660f1e16673a · bb56123cc36632f2 · 21ab38c9fcc9c1e8 · 5ff9d2df2137ffe2 · 482d1a9d83cfd65d · a591f8d731218367 · c0d01feaa117167a · 6ba5003c47d5eeb0 · 082d99cd2dc0955a · 68c7d13a44a4a7c3 · d1fca9a59ceb3390 · ae5e6e8926f65bff · 81a4f0c1a5dbfe54 · 1edebfbde6afdbbd · 586545ccd41dde33 · d766151624cb8c53 · ed248f2e31f6975b · 2704028c84fe33e1 · 66cfd78b760b56cd · 1daea7ba485f4b57 · f9beb6c7a9e7c2fd · c8b32ca0a0f59bde · aa78e1d9095ff715 · aa6e046ec64470f6 · 6613d6535c5fd4a0 · f96c24e038f6a1ad · a6b3c6010e23e4c4 · bc70de03dd045e2a · c91a07de59d9f896 · 7007e5c7229b9038 · 6c5fd45e02b8d23e · 4117bee8978ae502 · 5b903ae374e747e2 · 6ed11762a76a1206 · a9816d015dc82ddf · b4fae5de7dc11fe3 · 12dfb5d66c288c76 · 4b34754f3a0a008d · 65f69b97a00c6d75 · 45e5ef8b3747b082 · af913dc0b39b1adc · cdd2302a8328ee65 · 785fc05c15096c27 · 08f97677026efea7 · 190232897dfe7b1c · 73c44e3b57fa4935 · dcf8e63ac1f15235 · 0e6e051fcc1cfb68 · aa449c62455ed536 · f06916cc64602b6d · d46c5fa335156d97 · bc59d7f200c5d55f · 052a85fac3252d01 · b504f4548b58b895 · 0f44bf6579f0e0f3 · 33534c59185274f8 · f56f4822c9fe387e · 8be6f4efc754a6c2 · ed45a0f1eedfa2f0 · 1551e14751402c91 · 44572581dd3ca5b0 · 1581b4bb511355c2 · 106af05ec874d794 · 6ddeed0d36bed989 · f36286836b28f4cc · f4e03e5082cd7291 · c73259478f83901e · 2c84cac8b1a2522d · 5a98fa9f28b4e5eb · 2f184442fc5f713e · aad19687e88dac63 · 9bd75ade6235fe88 · 7b98966ed6ed7fa4 · 0f06fbf6dea6c056 · cbb9e1ebe57e0f89 · 3c69a971d281ced4 · b1f9eafc9f71e41f · 22c55e69c9ccc6af · 0a110a6cd5465340 · fe1fc086156f9472 · 0397cb15716cb1b6 · cca35a801e928fad · d8795e665e6e5737 · 0245b765e1760dd5 · e2a84780c45115db · 4c936f64ab915944 · 658de76f7f247df7 · 36b6fe30a0e13dd8 · bd9a406ad2489d09 · 5ca2352aafacdc9a · c6df32f8d88359ab · 60b9923a52804630 · 13fc6b38bf5f1ef1 · 06c90ff09ebf1443 · 6c2360ef865cc03f · a57bb0adb846e73c · b6629e9661999d90 · 564266dd6bdd36c4 · b1d1795b7fa249a5 · 2d3e0528447117d9 · 8cdf9b8d27443ebf · f55a2c13addd12dd · 6e2066d9c7377695 · c1aad2cf96f7ebe0 · fc5a8687fb6a4cfa · bfe91eabd6ddcf1b · 62593766cc78224c · 41bccf3f6d148325 · b427f54dd595b9e6 · 62ebbfd1e88fb95a · f45c9006f207039a · 42fcc4ae4d61cf4d · 15ebc2673af8fd5d · cc2f372b48ad7fe5 · 9b90824eb67815c8 · f9dbb61420e682b0 · de7d0b7ad2f0b57c · 1ea4d03b1f176fe9 · 7e082c8a5f5ebdb8 · d0e8cecb07e037d2 · 7cf1338f992787b9 · 9b93b5228cc5b06c · 5e1df45bb5b3cef8 · 1d4748e9123ac902 · 2c82c1e4d672ab9e · 69d48aa9633517d1 · 4ca13232a8fb92ee · 7055c8ab6c24324d · a595c22ce27e6eac · 20ac10801c4aa9c1 · 130aa254ef83b445 · 1ea0562937252253 · 038eb4897594e364";"PGO0032 · Diggin Hip-Hop Vol.2 · PGO0027 · Future Beat · PGO0024 · Caught In The Trap · PGO0023 · Edm From Paris";"Main · Commercial · Alternate · General Underscore";"identité-canonique-courante · identité-canonique-courante+identité-structurée-courante · identité-canonique-courante+normalisation-mécanique";"pilot-pending"
"Emin DZIJAN";"Emin Dzijan";"update";"2df701a15873ce1b · 90aaf8c9233d391c · 1b08270b3e483ab3";"PGO0034 · Jazz Musette";"Main · Commercial";"identité-canonique-courante";"pilot-pending"
"Emmanuel Berthe (NS)";"Emmanuel Berthe";"update";"f25c770e92bacb00 · dcc0332e57886180 · 6cdda0312c839050 · c684d9c7e1228ec7 · 89d48a978543a674 · aaa008f1e198e8f1 · 536c84eb78c4ea5f · 045c45d7c559098e · ca0f5a15967fb479 · 44302ee709708d98 · 0d518cb40e83700b · 6ec8da65e77ab1c3 · 0637283e0c5ceb65 · fe42d892116ce278 · 144ce65c1add3d4c · 87be7d1306998be3 · bacfd64c1da5c5c7 · 6f3a880f59480b5a · a4ab8bd6548f009d · 3ea454c336ab5dde · 1c44a8c08c1159fa · fb9fc5749d5d01a2 · 4ecc9c29e8962257 · 74e2009b07104142 · f50facb98796780e · 770cb6a71c6d5692 · c761b917b7830925 · 87bb0a4c07cd7c7d · 425fabc63a5b803d · a6fcb9ce765bf576 · c8e4b7150091d09f · cd062c7390a35798 · 8a2ade20e591d60d · 5126d772ac0f425f · f7f003da7df6c727 · 25c20e04ea2bb977 · e1691ee2bdddce2c · b6739cc4a8b61bc1 · 143eb3c9e744672b · 166494461bb672fe · e77dc62ac3b20138 · 76623f82a988636f · 0bc9a6c442071915 · 14fd26cc296f7c79 · cda2fbf9aa3afc6a · 262571772a40bbc1 · a66d97f4613c791f · cfb2e05deb0af978 · 74ecf36da159488f · 596104fb1d0ddb0a · 5ba71df948521e83 · 50084e6dc1b15913 · 120ec7a7d9bc8230 · c459c1cad0389003 · b31908f75c66ac8e · 6164dbab9c36b3e2 · 12435575154aef24 · abe4c835fa7bf3b9 · a5b608be62747980 · 213d9b2062a5b207 · f6b675702cc994df · 85940808a3032a0a · 11cd742b9272227e · 02f73ba657b23893 · 7318a50e14892ac4 · eb81324e3b95afbf · 32d7aee432239198";"PGO0014 · Vintage Rock And Remixes · PGO0011 · New Wave Drive";"Main · General Underscore";"identité-canonique-courante+normalisation-mécanique · identité-canonique-courante+identité-structurée-courante";"pilot-pending"
"Emmanuel MAREE (SACEM)";"Emmanuel MAREE";"update";"9fc5f3193d9a25dc · 3cd7c572636d071f · c587912edb0cc3b5 · ed97d77afc86602f · 8d9b8107bc6a4f98 · d2f922837a347209 · 7e8327791dee5cf6 · e8b5cd9ab2e0c2e3 · 75ae4dafc84338db · 1ca0f580e977e305 · 826b0b35ccd322b4 · b5efda3b0b9e548b · 652c3d98969c56e0 · b4dd24d4c0a14783 · 2baf4afb76219e5a · 706491eea5bc38be · 0f703c42be19ffb8 · fd335751e9b912f8 · 91072b5a7a79fbd0 · 850341a0147dcfbe · 657f45532c70e55d · 2c46d7f0823bdd50 · 476821dd506f288e · f2ac47b293803630 · 0acc75bbac0187f5 · 88de2b87671af550 · 5efc5ba1ac08e328 · fc99bdcd45df49ec · 1a3117ddaad4979c · c6f926cca82f76dc · b153b2e860640e31 · 980043d9a796cdc6 · 21b8f92f0e5bdc58 · ad8ab160d075ef41 · 3e6d72139d0677b7 · d397344ecc1113af · 683d2777ccdf2947 · ebbd5265aa4039f6 · a3e40ba0d6891ef1 · 25f92eb8b14be625 · 20f9b6ccdb8c7347 · bab7c269bbccf91e · 1f5411ec717c350d · 30ffff584abe8d5e · e4d110d05fe8dc1a · 93f40967dcd20ae2 · 27d3533992d51363 · 6de10622a74e52ea · dcba6d73465dc7c5 · 4df44530408bc799 · 2be83733a7b22e66 · 0ce11259d466136b · b585180994b5e276 · 4d5378f63f82d6ad · 612d7e1018cdf8bb · 3a47044aebf31bcd · fdcd3a2397d2499f · 681341f1cb8d871a · 6b56dd73c0e691a0 · 9270056610ad1640 · f4ee2efc4b7cc4a9 · 0c442564c270ce3a · 1a3dc1893851be13 · 6718571453f9e9fb · 328153c97b4d94fb · 2211114cea639944 · b080dc8dc298ca4b · 9ed6aeeea36d8856 · b99993de928bc5c3 · 6bf9a0c8d33b4b6f · b4ba8dd10e85ae27 · 6b8e9e616988ffea · 508f9ed05a3f245c · b481e1bfd7ced19a · fd4b1d691b39c3b9 · e1a4611e8b878882 · bd1567629e082465 · 88e37dad71d02d92 · b9ef7e84b29c3d61 · c6a3a471b0b506fe · 56e3cdf810090b0a · 6316c608d03599a8 · 3fc00bb24cb5248b · 60000fcccc51497c · 5d8d9a79c6d74add · 923bc57bff31f366 · e11d5942aa093005 · 38f86ca64155aa90 · 2a4b59ed4e5be9c4 · ef7ba74f00f72121 · ca76f13d14945573 · 6e41435e0733be25 · a400729a29655cb6 · bb7ff3f45b9bd6f4 · 8618e8b8c94f2537 · 4eabe8f15f3ea596 · a5801b56279e22e4 · 77cf68cd87e6d545 · b9ca200f24a66981 · 5536a3f59aed32df · f63a9954270e6593 · 6c240ab17a2b94dc · ad19d250f4590e53 · 5a15a738f9a3e2b3 · 7679cef98190258e · 9538e09b15a4181a · cc238b5976fd4deb · f8f660d773cd3d36 · 05e50d4486c00462 · c537dd6f70372d9f · eb88fddcdf6e487d · e4732404e9b451cf · 860eefec897ad3fa · ae286861e18f3d06 · 8f56660698b55db0 · ef4095f705ff0409 · 3cce76c5b88e51f9 · f8f6f849316a81f0 · 49a69b86ae10a77c · a28687a404f5626e · e1d460d55e93d108 · e97819282da8d27e · cf2db5b8e91cc56c · 62f65d3fc33361ac · 94d3e1c636db98dd · a2e932406273adc8 · 5ff1dec1fd6d314b · 4dea6f3deaf22601 · 1a05ae9fcadb77de · 731af14ffb5fb814 · 2f0fb6a784206e3b · df45f50496d304c1 · efc84bf9759bb075 · dff069c902960dc0 · 81c09d15b5f409d4 · 2c04e11d07f257be · 1dc149149a93a09b · c621c78c36ce6484 · 097f723ea7d33be2 · 5355347973729ba1 · 8051d1116df76c54 · b24256723c4cbcfb · 55465551c2f3afca · 74cfbee44597ab77 · 506a99cbdbc84b78 · d83995c80768f6b8 · 637fecc557af79e1 · b3bce9a701b9c6aa · d559f93e911c782f · 878725b2491c4238 · a9dc701640190cf6 · cd1a251579d55308 · cefaf068dbd5f2d1 · e59b8941b9e1afe6 · 99929a3122fce658 · faddae06bce7f28d · fc1fc27c103c2099 · aa850564c2d25f5e";"PGO0028 · Hollywood Hustlers";"Main · Commercial · Alternate";"identité-canonique-courante+identité-structurée-courante · identité-canonique-courante+normalisation-mécanique";"pilot-pending"
"Eric Loshouarn";"Eric Loshouarn";"no-change";"07b8a7d50a0924c3 · 4c7700ae626551dd · 552f2c3c791e14de · 5b0df58a704d864f · 66a2108f5a9df60e · 4dc7ef426373f340";"PGO0001 · Paris Rocks";"Main · General Underscore";"déjà-canonique";"pilot-pending"
"Eric Loshouarn (NS)";"Eric Loshouarn · Eric Loshouarn (NS)";"update · needs-review";"79401646ddf67a45 · 625a9b3bd5d44a9c · be5c42b4fda7153f · 29e5c38b6a8e0e7d · a2637eb518f4bac6 · 588617605fe84ff7 · 219fa08577001175 · 6fcbed04160d6ee1 · 66d8120cc8c9ae0e · 6bfe369206266199 · 1586a4f95fb1cda4 · ac0df3a9846f5d2a · a2baf41d0b3642cd · 2ad626767bf084b2 · 837ef017e442183d · 493908463c671f44 · bfcfb69255a50d97 · 1815d412d42f0a03 · 16b43405809a0f57 · daf0274c8b00bebc · addbc0b0201a32d4 · f0a3ddfe3c82eb25 · 0c1bd81c048b01c7 · e3e35296a06e12f6 · 3250deea63895ae6 · b5fbe360f22a4204 · cc6c497f22bdba9d · ed6bbe965a6c1011 · 5bedab986a8b107f · 55f1150e7b652ab7 · fb1c5b054d63d7e6 · 6a64796e6b25f93e · 2bb08dd49c5128ed · f6391b936d9502e4 · 12160f3561bdbdd2 · 28452b6e7674f6ba · c81d6c9adf53dec1 · 6fc7876596ba9ada";"PGO0006 · Acoustic Trip · PGO0002 · Parfum Pop · PGO0001 · Paris Rocks";"Main · Light · General Underscore · Commercial";"identité-canonique-courante+normalisation-mécanique · normalisation-mécanique · écart-ayant-droit-à-valider · identité-structurée-courante · identité-canonique-courante+identité-structurée-courante";"needs-review"
"Fabien GIRARD";"Fabien Girard";"update";"abec363fcedca644cacf4c0183c8fad5 · 8b6260cc065085e4a2dfaf31e425c6f8 · 04ddea93f57e6cfefe1082ccf13e5847 · 05a8de8aaa710b7c12128f6ce3b0767b · 70d864d0f9268e48a6880162e35216b4 · 53a91a316051904cbe7610c1c141c4c4 · 7495dc88076cd0fd76adc509fc391878 · 375a7f29af7df7fb0ef8c5f6c87e899a · 2f9a6d0dc211ad056b2f9060eabc464f · 255ad0a8c8ba1e63b043fe5e89aaf51f · 7a1ef94a77f8baa05196999db2347634 · 4a6c2cddc52793ce5c8115aa4f64e885 · c8885f3ff79615a37c444fc9f8d1293d · 7085bce0ea2767dc444f61615fab0c47 · 21bea385ffb8c53b216f7be184f6c731 · 8db98c0ba26f70930c4d0f6c0321263d · d4aabb6d2e6594e2a3ac425f9c550fb8 · 0613a2ae695acb017811dab0b8dead2d · 25a314d0dfef292fe409cc22a9b8ab8c · 4ddd7fad41494a6223bb6859dc25406d · a320e75a9f7c6256053c581a3809be20 · 1be33a337fe4c60a55f9ff61fb4da4c7 · d0ae6398cce4ec6f3cb70ce10c6b7894 · 65b6ec742204860de7377947376c8572 · 348672a4d7d756539bcef96d73db9958 · f897d6ce3e9a6153d46bae84a5df003a · c709887532784cf552d12b000ce6790c · cb537f7be6bd8ba8b41a9709e1bda1e0 · a8d6c65fc7d6ae24a322500414f8fdd3 · 27addeae80bc91af910010fdaa9e49b8 · 59b895209a131fee67c47cd84ecfdce5 · 745b3151c3c701d5181457d69730b14b · a92efa49c121789093cb055304265cfd · 50e8a539b154b78cc5506137c18ffe34 · aa5a5be72231ce84dcb00babf1075390 · f684c91f7d0525d899e5ba5e3667d931 · 145cd9e0176be6d256597cc98c4417b9 · 3ecf2adc0eb26136354ac34436a004e6 · 1b466c5599abd341dc2a2d017ce444ab · 8a8f1c9fec62c734de20ac326e13d492 · 8780f8adf58cca426cbc6ba2768aeed9 · e5fbdbed050f690e5e36fc69f100cbd0 · 54e2cf0211466c30762d58150506248e · d0258a5e2c9df3d2263e3afc30476272 · e0c8488fac81e7379c7d04629f9dc348 · c335722f34ac68b93370c3dce37fe32b · 61437484cfa71cfd8046f3bd9773ffc9 · c863d0917c9e3af54299d62c050cbb48 · fc19a5e4e9ced90b3f67a164ec655822 · 9bf8a2cc1b1636c2fbba80deceafc8ec · c4daf64dd70bc0361487a672396d1e8d · 5f23cc5a54a1a39f361360edf2eb0472 · 08991cb3e9133e4713ce50c8383164ca · 01e2b6880188d7367e08fd4dcdf7fd34 · ba1a8b01fc192bed4d628cb10dc118a8 · be0add276b3f0484c36c1981a444322f · be0d8ffb0bc6448c0ae1da72338d6571 · af571ccd38ea3066429cb456200be00f · 551220fd7bdecfd1b7ff9540eff61195 · eee4dc8bcf286ca1edec763a491dc13a · 306e439c0c9ac3b13348e2649cc913ee · 59bd34cbe458b79391b491f7bb0e1bc1 · 310fd92048d035f8385a41ab40a081f4 · 609abae76618a1667494b22ef5eeecd2 · 187ddb17c7da49ba1fdad99b95db027a · 4040ac4241ba84a75aac653a820bac82 · a84eead0ecdac3ced435b1dbb1689113 · 6322ff5f7cd8cfa4da47431fd870046d · c14aec0e471f2faa220e3b641482cda5 · 6e01079617d9a76b932ffc92e2661355 · 3e8d614b9f4699e9b0cfb363b41d9bb5 · 47e52dbd07b7ee12afbd6fe58ccca4ae · b5fe77157dbc8cfd7b2fc73a6637ed3e · 64e3fb05b8565e63d331efbc6a2fe9f7 · 42a90028176b51b538fa58f4f8c54102 · 1302c8b3463d4ae3f90149baa65ba2f3 · 82f7b830c7fac37741b9c956cc134bb4 · 0874b59becf1bece35670464d4955c4a · 7ce30538099301da067dee43dda3f4ee · 93493a6cae4213f6473d3b0b02fef37f · 6ed32a49b7a7f4c5aaf71c2b3887945e · eaa9b77f4e224ed88335ee64b6bb423d · f01c11bd7d3396bfaed9b032ca693377 · 7e220830df196ebad8c4ac23c0e9774e · 06a2161061717be470bdfb6a2afe6fff · 4fdf9a9d84d88b391e22ab6b3941142e · 945d2a789226570d4e74aebea2e0848f · 17556abc2446158959f6eb9bcb174c95 · a73bc44f08fcd8ae1d25fc56e88547e0 · a3f993859952cd0baec381bfc69bd8d8 · 2db9abba6b39bdd619668e55dfcf26bc · c8bbb1394719dcffe1b2af8e031dff1b · bcb2f494c3658d5e869974f6e21d112e · bc96aab61716b98a23f6f0c22ed9125e · cbaf39a853d5afc658081bdeaf0017c8 · ed0df72ed6b5352cc3bd8d4186e39c94 · 76d498a5b8db4726a43c2ca10f3ce5d9 · e2092c9dd7a4f0ab7f54073a0cc72d11 · b3d12d435f32b55823d118d94a3537fd · 9dd7c980e658ced09a8f5805879918fd · 33fca7de2583a9936c3c4dc9558aff41 · 52cd636ca428dd080c3ae9a3d1534beb · 926ae4029f3af46c56463c608a8e5aa4 · 25fc99626dc08ff0970ce567e4998e37 · f850e285869eaae3b65b2a9cefdc62ca · 26bea5261508fcfaf6b45329bb20335e · e1b0452709c5c3a7e119a2c5a300ed50 · f3d20da9bf4e34c91ff9babd6c0c5930 · f0eb3d80e597e62a55c6a7cae279c1ef · f19711f034aa75ddc9a9b3c96502b3f7 · 61815ef1b270a83268de4e463f26bdb5 · e95076ca9a2bc5c43f0bd8a286041a27 · 9ef1926893ecfb72adceb801def589ac · fe7db0f9394dd9f1e8d9756af92b782a · eacf98b1ddc6ff7648cd057cdbd7d9ed · e2ee58c7e4830a5bef0b00fe12f03c0d · b4c008fcd51cabd5c3c9e341c355b66f · 9b516bb4cea8b90ff7caf19f94e0ea5f · 854f61ef562a85002043e37019cc63d1 · af6761b36e701146c3e15e2235e44570 · 5da1de6d7ec01281c8c42f00b5b6a320 · d368bf6c5fa4505ffad85a7c1ba3987e · c945c27f6e2f4ec35e6f9a8b2efcc92e · 1b23a8a11863a04072a6a666e2fd1dca · 37d970cc5301123c892aecbbb9ddf383 · dc61b1294ff5a1bdce9a3f75dc2d4d32 · bff412271050d269e23a3d674e2598a2 · 54b5e05bfad5b6671a6e56bcb782b313 · d92722cf4b0d766e325113c46193f612 · 23f91f79973450a177519f19680bfbcf · 61cdad02a282eb0a29198e9df5ba5384 · fb314392feea41061a699be2ffe6e238 · aba489fa0cd3a516210cf51369938bce · 9f6dcfebf16eb74ba49b80470fa24ffb · 64e99317d173fac3072eaac246b52cdf · 29065fadef161ef13febfc598d0ff1f2 · 53a151dac9082d9f7c1ff4c844d380ad · a996c74d991f97c3c81dbe481fccd31c · 026503a0e2205ca2fb3f5eaeac038211 · 8e2477cb1df35884231a13f92d06c674 · f86a9a25f87eb8b1f6bd123820eddaf9 · fbc6e608cfc3065678e0cfe91f50ee1b · cbeda57a47b86ce7bb132a93ea39113e · 7079e5e36d852252fc3a030cff57e822 · 97bc22f9a09233e53d601b4e945f4203 · e8c01df3e1155a322f466618db2f4bcc · 6af5b3d1d2d671aaea6a4707c891afea · 8cb74701df160ab3ead1c16b8d8e6ce9 · 532f6e0eec6cb421c2f28c504e575237 · d7bc1e2abe07c33312bd0931c61623b3 · 3e5b0842ea70017c8bb7756236792a04 · 36a2df88f0af09610ba6dffd600654f4 · 3aafe9234d8a2d11295ae809631cd26b · 4b29c8ec2f107429bbd48792d4e32d50 · 8b2f7b830df13db82003fabc19d2a19c · b3e3390ad37d7e7d297606cb01e4ccd6 · b23457509b276725253b222fe12e71c1 · 25d467e644d34a954327e7b51339cffc · b9b7eead56397cb8b17fe08709707391 · 91d968abdf07cd83b717d14cba3f41eb · 91bdc7b38ce672688448e871fe75179c · 36e38c868e9e8553b5eda444e54ef809 · fa8cac260cc2925c0512e02dd5eb5e79 · d5276610a40e7e98a088db015ca3880c · 315d95e15d4ce27cdcf86ed2fef825a9 · 11c5d9f839c2297c321b142bae8c28a4 · 18fcad6f83fbc008e4ea122f32cc9d89 · 3221a8b73c3ae7e7eadaab8399190361 · 4df96114901d3c9efa697ba5d469fcc9 · 598bf776fd3c13a699092d065cb6d25f · fba5e4790eecea47184e0371edc7a297 · b9cfa4a6478ba3c05200de1a7c29bfd1 · ed987ad9d9a6621b6f3a8eb825e1ae4f · ebb11f2242cd8e12b294de0dfad261e1 · 0ae8cd92ced36451aa938449c3a2d23b · dc4c76f40b3b266324abe256a25c4d8c · 4ecf4b334f563b8c19bfd41547a8f629 · 8eaf7d7c4a622b2e6f69d0b99c072ac2 · d4645c672781ab0979d4a01079c3a9db · 30bc7edc39d7596d2da1991053ed067e · 86a7d0ea3dedef270b1cd919d46a6553 · 31aa10d2ab21a9d871e5300ea12fcebc · 947796580283d7380383c341384a5122 · 7f82aed63fd28408ff3a4ded1a1ac96a · 9e114936c72ee366718f2b04f56eba69 · 1d0b02ffc234fb2538da7fefe3d70c47 · f560d0bceef7ca9f62c9ba74bbc16738 · 701e75ef6d5591daeb9850b0dcda11d9 · 9b84a73805b2cefb521995f3a48cc044 · 08c24bede34e5509a2ef87ef775a033f · 32dbf3d87be9a2db685504a68dce7a09 · 47031df400254a731b5befddb4729537 · 56cc18832dcb0880faefdb77af9edc3f · 854b38dff87418edf829479795d296fb · 4f202bbfa77dc722cb68edb42a905ebf · 7025ca3a5d0972ad47085324c8121a12 · a993e4a6ee7466e36d8dcb375850ec34 · b2f399760abbb731e3261b2d18c08eec · 67401a6a0722037d25cf959c80e5b29e · 5651bd5f9accaa6d85d1c1df1ad41ccf · dc8a62859cb78521ebd1d20b7a6aec58 · d1e0f4df9555eac7babe788403eb0f41 · aba84a009a5cbfbafff8b8e5c13816fc";"PGO0055 · The World Wedding March";"Main · 30 sec · 60 sec · Stem Bass · Stem Drums · Stem Guitar Keys · Stem Horns · Stem Percussions · Stem Guitar · Stem Keys · Stem Lead Vox · Stem Male Vocals · Stem Piano · Stem Saxophone · Stem Cymbals Gong · Stem Double Bass · Stem Drones · Stem Erhu Violin · Stem Guitar Ukulele · Stem Guzheng Guqin Yangqin · Stem Huan Pen Gu · Stem Live Gong · Stem Naobo Cymbal · Stem Shaker · Stem Sidesticks · Stem Tom · Stem Guitar Lead · Stem Horn Section · Stem Solo Saxophone · Stem Chords · Stem Strings · Stem Tambourin · Stem Tubular Bells · Stem Lead Guitar Harmo · Stem Drum · Stem Flutes · Stem Fender Rhodes · Stem Guitar 2 Wha · Stem Synth Lead · Stem Synth Sweep · Stem Wind Section · Stem Karkabou · Stem Rythm Guitars · Stem Sousaphone · Stem Clap Shaker Tambourin · Stem Esraj · Stem Sitar · Stem Skin Percussions · Stem Tampura · Stem Clarinet · Stem Trombone · Stem Melodica · Stem Solo Guitar · Stem Flute · Stem Percussions Section · Stem Guitar Folk · Stem Keyboard";"identité-canonique-courante";"pilot-pending"
"Fabien Girard";"Fabien Girard";"no-change";"8e1dcf6aa9ac6d33771f862a0c9d5786 · 520602865841b7b134578cde6a14e399 · 12e7d98d7fef071d3966e5b2f77ab9ae";"PGO0048 · Solo Piano Vol.2";"Main";"déjà-canonique";"pilot-pending"
"Fabien GIRARD (NS)";"Fabien Girard";"update";"a6c9582fe97bf9fc · edfc1b05824ed0b4 · 10f704830aaa4ea8 · 17602dabd348eb5e · 2264a41547610aba · 5bf253fe29dbdd82 · 3c2016692cba9244 · fc8ace609d8e6a82 · c3c79a9946cf2f4b · e0e9309227f5ec68 · 03880f302ce16a4a · 9bb82ec91cebc629 · 324689b2ce88980d · 60390a1ae0e67caf · 75326a0ef2b9b97e · fe689af185b287d7 · 48dacc20ba776f29 · b76e9e3a67f6168f · de5b1869061864e1 · ef71301b5fd68cc7 · 5c07ab4e06066911 · 740bbf5553300a3f · 8c1e434ee020a701 · 6b7f9c1f5e8629dc · 0da0fa5627422a83 · 20a05b30cf6479bd · 2af8684974217b91 · d55e871078e9eb6c · 497161884cec9b2d · f6057f6a8fa6302d · 9e07f3c471b24db3 · bd41714f86c1a360 · 84cba2df77996461 · 8664e792800226ad · 4b5e451ac569353d · 4c0859e9a8f8eab8 · 6e449d10caebc6d6 · 421dbe3d25331f0b · 0bc592729c715851 · 9037e4465d6563c5 · b9b03082b245eb7c · 824b3ba9ea658d29 · d2468a2443d87ca0 · a5beebf286bd5188";"PGO0030 · Afrobeat";"Main · Commercial · Alternate";"normalisation-mécanique+identité-canonique-courante · identité-structurée-courante+identité-canonique-courante";"pilot-pending"
"Fat Hed";"Fat Hed";"no-change";"1a0fc806b1523520 · 29ea2bdbd13bc99c · 4f1a7db348a3a83a · 000981980cdfa34e · 2754dfa92efa3a7d · e6edc2b383a014db · 3606cc330d10ca7b · 167054375058a110";"PGO0032 · Diggin Hip-Hop Vol.2";"Main · Alternate · Commercial";"déjà-canonique";"pilot-pending"
"Ferdinand Berville (SACEM)";"Ferdinand Berville";"update";"d8a560cc9623ba07 · fc1b2d5db030b326 · 8d713ac12e1cdcb7 · 9ae0d31cb55f47c5 · 3521f3295356cdf8 · d8951383f162064c · b8d95aacfd7ff25e · 782b203eeaaf69b4 · 1837976e8ad5b076 · 6c97968b665a5c89 · eb7e0bf7c7307214 · a216382e4809d911 · 472d397b9f146616 · 99438aa21040dc63";"PGO0037 · Quirky Jazz Parade";"Main · Commercial";"identité-canonique-courante+identité-structurée-courante · identité-canonique-courante+normalisation-mécanique · identité-structurée-courante · normalisation-mécanique";"pilot-pending"
"Flore Morchin (SACEM)";"Flore Morfin";"update";"01fc04488557da77b813d65bcbe5ef63 · a54a0e88d95a7970b367f2e6c3d1b301 · c75060cc4017aca8068e1f89ce64d54a · b1f2b29ce00f5e6c136ce61d26c71e98 · 552facd9866da17932ec7f9a9994da4d · e7a905a3c1fa953574cae3d7daac5d6f";"PGO0049 · Odyssey Suites And Remixes";"Stem Synthesizer · Stem Strings · 60 sec · 30 sec · 15 sec · 6 sec";"identité-canonique-courante";"pilot-pending"
"Flore Morfin";"Flore Morfin";"update";"5640e142e43c8014af3db832b13ee61a · 15924ddb986967d06a98faaeea6deede · aa354a65ef3409a815d5b3503cb77a3b · c46998e94ef2ba0f40e66f13b0164aad · 8793022b8d9b27b160454c953851da7e · 4d1e88c5cdba31a3924276b7a1473bcf · 919e66e2846f2bfb60e4a88c8509323b · 2a27c83f88659918b0f6c4a1d4c346bb · f3ddc0627919b751a76bc5a615d77da0 · 75cc6b5171ab93d57f3b0a6881c87098";"PGO0049 · Odyssey Suites And Remixes";"Main · Stem Guitars · Stem Bass · Stem Fx · Stem Synthesizer · 60 sec · 30 sec · 15 sec · 6 sec";"identité-canonique-courante";"pilot-pending"
"Florent Berteau";"Florent Berteau";"no-change";"8e1dcf6aa9ac6d33771f862a0c9d5786 · 520602865841b7b134578cde6a14e399 · 12e7d98d7fef071d3966e5b2f77ab9ae";"PGO0048 · Solo Piano Vol.2";"Main";"déjà-canonique";"pilot-pending"
"Florent BERTEAU (NS)";"Florent BERTEAU";"update";"a6c9582fe97bf9fc · edfc1b05824ed0b4 · 10f704830aaa4ea8 · 17602dabd348eb5e · 2264a41547610aba · 5bf253fe29dbdd82 · 3c2016692cba9244 · fc8ace609d8e6a82 · c3c79a9946cf2f4b · e0e9309227f5ec68 · 03880f302ce16a4a · 9bb82ec91cebc629 · 324689b2ce88980d · 60390a1ae0e67caf · 75326a0ef2b9b97e · fe689af185b287d7 · 48dacc20ba776f29 · b76e9e3a67f6168f · de5b1869061864e1 · ef71301b5fd68cc7 · 5c07ab4e06066911 · 740bbf5553300a3f · 8c1e434ee020a701 · 6b7f9c1f5e8629dc · 0da0fa5627422a83 · 20a05b30cf6479bd · 2af8684974217b91 · d55e871078e9eb6c · 497161884cec9b2d · f6057f6a8fa6302d · 9e07f3c471b24db3 · bd41714f86c1a360 · 84cba2df77996461 · 8664e792800226ad · 4b5e451ac569353d · 4c0859e9a8f8eab8 · 6e449d10caebc6d6 · 421dbe3d25331f0b · 0bc592729c715851 · 9037e4465d6563c5 · b9b03082b245eb7c · 824b3ba9ea658d29 · d2468a2443d87ca0 · a5beebf286bd5188";"PGO0030 · Afrobeat";"Main · Commercial · Alternate";"normalisation-mécanique+identité-canonique-courante · identité-structurée-courante+identité-canonique-courante";"pilot-pending"
"Francisco SMITH ANGULO (SACEM)";"Francisco SMITH ANGULO";"update";"fa1272f633e71105 · eace439b03f45a11 · 2c684b776970de5d · 3104888d2b3cbdcd · 53c85d6f071fb7df · cc88351982da48d0 · 59a2ec904de4ef08 · b1358f5138902a06 · e52039e5d3bc7190 · 927483eddd838518 · 124772409ab5e6de · b155f752d80ffa49 · 2792708658673288 · 0e0f69cd94f39e03 · 813ca907577529dc · 75dda93bbeb0df80 · 9b5cc81cd00b3be4 · 9493296d334383d3 · 275bc5de2180cef0 · 833387cf93870cf7 · 1e723d3dda298b31 · c310fd0da85e536a · 6cf8c79e3cf8cf30 · 42c79ac378f05e2b · a8d76dc2b1487f80 · 8c2345617d2b0729 · 7c92eb92ee8c3d7a · 9298364b71ace450 · 330c7e4348ad84f1 · f50e908baad1244b · 153806cae429ed7c";"PGO0026 · Latin Experience";"Main · Commercial";"identité-canonique-courante+normalisation-mécanique · identité-canonique-courante+identité-structurée-courante";"pilot-pending"
"Franck Lepretre (NS)";"Franck Lepretre";"update";"72fcd33b5a0a8c7f · 018ac62bd0d88c23 · 6e4889c68c1cf34b · 87ce421b1c587f75 · 5b22e0f3c6698c84 · 95f487418f0f596b";"PGO0003 · Electro Boutique";"Main · General Underscore";"identité-structurée-courante · normalisation-mécanique";"pilot-pending"
"Franck SINNASSAMY";"Franck Sinnassamy · Franck SINNASSAMY";"update · needs-review";"911a4bf3c2aff655b25c22aeb114f2c7 · 7419b3670cca5649aef2ced954dd5d7c · 7087142bab4a69f78d0af28ed1a19e01 · f42ef304843d1f9d9989eeafa0f065c9 · 8f9b9efdaf26fbf9ac63726d001fb7fb · 36a080f37863e5a174e2940d44bf2dbd · bd2ff42e4e7d3fef265a3853eec53d00 · 2240b9d16155696549fd91bd9e9548a1 · 0f254dfae1e3018abbd2f290d29bdf0f · 66d1d59ecf1d1820694899e59669ff70 · f7a9d2b33c8c6d7637f997ae826c59c6 · c8b63517cc441976b48a1783be79f0d8 · 44cdba4b541410fcaa3a69746acfb265 · 9fe5d9acff01d1661c7fe94b2a2dda14 · a25dbf82dfa4e721e161b55705e356fc · 014590e25276c04e3a49342d75d1f40a · d77ef31dea21c6999d046d82fbf27caf · f0ed97c954d816f69b4af0f49726bd6f · 687e538a68b2c6cbb580d6672a09f2a6 · 0ea96f61b90fc4de3a2b50370bb5e5a1 · 23b92c9b02375642f77e44705437fccb · 6cb067966a1b47168a4ef235c1aa91c3 · a406e3ae1be621b691dcaa30eb129229 · e2f61cce06bbc17a52d02d05d3934b1b · 4056690fe6ec3c008c32d42755b47d7c · 8ae84bd7604db0ba1e91278d3441d7bd · 26fd4a99e39932dcd8e2d2d5908357cf · a38077252840730d43483ff261d159d1 · 4ca5d736c3bbabaac2c4d3ea2d22fb58 · a0b6ce57b85d5d354c806d2393f6c992 · 26b304102cecb703d4379caf05f73f8d · 57bfc80f7c63122a53162fadfd7eaf99 · 5f06e36674fea1ca2c7d3b6e33ad8191 · b40f48019f19e45d0f249b2dd106d33a · 6b1e7fb117b4b81a7b4887931c259a10 · 8050b13f902b3d1342f3356c5b42324d · 0851ac72bb7717213d2a54eed1a67851 · 120198834be6c1f91257c6ffe6e5f609 · b6116d09cb434b1af47d633800cc9526 · 4aa21c4e6d1d219a1774f142a45ce826 · e51038a5ed545715518dbf23ad34f992 · d2367dd0b2bf0d96cfea4b64a7ff3a98 · c02a97848d1535c2c68a60a4059b5458 · 4801f9728ed0e59cce89ba30cddd87a2 · 7b30f2d4a1914434b019d2951f307ae4 · 7babb7072911d75db4d2db52ac8947ae · 75d7bce7349e431cd6546e5e6f3bcb41 · 677d4cbc710b54214958ef42ef4f2ab6 · df4510577d711c9e11a476057b08083d · c845d3b16128476e3d1cbcdba381dad5 · 35e0fe0c4946113ad3b0f3f53311e2aa · a5a7988a6f8fce39e43b242fd9ff8a89 · bf6e2135d65dfe507c576b124faf636a · 3d766cb26fa5876c9e075c1891164990 · e596baf145a8e53a7fc9ebd0ffc118f8 · c0b3dc545f2442b02161e4ae92092304 · 1a9956939f4214ebbaaa27d6bd1f77d6 · bab5b7d44fb5bdfa93abd0945882ff36 · 592c85f20dd5049f484d501b6341db8e · 67c62318340bbc4ef65faa77adb98eb1 · 1c54faf3af6fca9ad4f3ed070e035709 · 8581ff471cb5a613c8e0a5c813e7feda · b941ad69be998e885e0bc485439fdfc3 · c519b7abf4a486af8124d0294aa67398 · 66080de38abbd64b8a2d4ed8dc1835ff · abf047aea13f40a49a3c59fff0081d82 · 44b5d41d994628be14b137aa2510915f · 0c06b230ffb42548bb43d3a06fcc5172 · 42c76172d9eb914c3c0955a49f9be59c · d3b7fe83931ac72a7fa26c4ddb9260dc · 881b1ac16785a1bf925f2205b88d5a52 · 0e5f236014df857064c001f6067719aa · 535efc3459df3c9f905f2beea3fd111f · a1cd977177816d3c8fd22334c3e743a6 · 0bbe9a00f7d94f2b6db52acbfb944601 · a58fd418d480baeb91703a1395b14b5e · fc524aa085fd1ea9d020a0dbca1f9a36 · 6c4c2e93d480617a37dfa0bbf5359e1b · d5b8415924170cafad75649d43805014 · 541ccd9780aaaf7cfe5c6b1aaf455484 · 4d54e0f85e7f7c4407662fb599b442fd · 7dae2e2d70781d1ea3ba144b35c5d6e5 · 0588ea345d8b5ba967ec4bf296eeb681 · c17492f46291f76c3396f3b49af9cb75 · 360be08a99a85ee54481e1668d1d2839 · 5739f15f50ac7beb86715945a7d79aeb · 95e9ae557cb042544e09bcd796dfb38e · bcb363c2db89a042d3a167ce170260a9 · e7aff055c5e499d1408301228fcf0019 · 6ff41e94a33e6b88fcb8304b03d5d5be · 64681db3b24251af6961f63b318915f6 · c395a3ae03323f906707a275c0aaa2e4 · 0ce15754390d2f24d3caa871c4d068d4 · cc3c363468c1f8f7aa0b80ad8c0ddc18 · be77f4f99192f53c9df283e006a64d34 · c7bb6919ca93cc8a00d65195c27a1c12 · 80932951733ffe5a72cde20f1ec8b602 · 2da6aa1cb250a59a0705562fb62b85a8 · d6e57d2c2b0bdabcca44adc20aa44ffa · eb41139197a395aff528f7eed57d8c60 · 6b6bce772828ef916ed33b79f93b70a8 · ad92ef11a5444c3ac47a2d0215c809d9 · 24ab5b63bb6fce10f1fd8bba838342b9 · cc0f0ea9704dd1eb3c921988b8f19a01 · c824bbc334faecd5461007131f51ce78 · eeec8e3639ec4c3897b58aa6a9f67bc9 · 5e0a9a1a8119efbfdd701ecbfa5c39cd · dc8e202db6909d658de17ede6e678878 · 52b1dd5bb882fa0aa964044e1ece2c9e · 855d693ab62b03ff6497e75d951d90fd · daf2cd5af5bf3d391080685aae840f57 · 124b38dafe52d7cf28456ffd85f3205a · 5a35e85b5f54f40c0b04f61895b9e622 · cbf3bf8c69c3759e49565841fdd66874 · 019b580c9e21d01d7d127831e4c598af · 984e25bcdcf72dbc1e71769fde922544 · 5c3fdb8dd1a521fb12d21a63721a335a · c134ebe757c95902f2b98303c97b494b · 2a63132f4cefa89ab5cf544768e2c578 · e990cd41b838d4e10f7f4d265c14ce1c · ba52785d3e426678e0d0fe3e72b482ba · f728041581159ff2c5878242b2861414 · 0dce1d80f24198210e773e73ac9ee146 · 0626e3af5b5ae8844a765a1bef544470 · 4942ea38d9d3e3881549c72f3007b042 · f49078ef72af268921b047a9a7c9862e · b35bb2d46f14ef08eecac9302a26cea4 · 431bdd2294ed9ac90f82d400f3775c55 · 6056bc9db4e6cfadb51f316cd4a3d561 · 3aa67e98e6aeb4c84fa09fdaa8432203 · a5bc3c74759824645bf8d1d3478eb350 · 728d0a553977cd8dbbea0fb50cdff9a3 · ec761b1b3b87e4bc4b45fe74900746a9 · b655b8576cb52e8d3e0fdfdc46011674 · dddc5a7b5f13f3f5d0d1748822f6846b · 788dec5f3d179e509fd2560ff5b40a9c · b6090bcd03dd4b07f76764151c00a69a · 4c93910f697158e6acbcb39fafcc46a9 · 837d38ce3f854c276e621a6d216af6e5 · 0ef56983b2e6bc504e73fbd627f233de · a0e9cc12f45c3b552bf734a7f405fddf · 9429e538eacd3d56bbdc2a85a38410c8 · 6cc215bd2449400d4b729ece29b4357e · a2000703ace0bd19a4ae8b6526432657 · 051dc55c18f79f871cc0b9d67ef7072e · 9e9ac2e204e54a049b338199f9b39b32 · ec9aa3bc8ceb1b7ab5821ac35d58f4d6 · 331cc2152200017dcd05a9188ea9f6df · 34b70c3254c69789f9b8cd60a63c0492 · 9302c8385a27f3e00dd36710b9a4b876 · 92ab1c11f40c69fedbf93112526b3363 · fe25c04118c9313811d293c30d70c439 · 138c0fcf90a445cd55fc5c71291e69de · 903351ea78d7d8bdf668d62006e0b08a · 2d0af86d93105e015161ab0c9610d3a9 · 002b0d8d3f992c14bbbd706f9b46d0f7 · fcb5981ed094d777a1cae2bc757e34b0 · 13fea6339664bbb67e9b095e54f54d8e · b1056a591c721e94a7dcfde8f3353a82 · 83799e0ca72123447c0026655d0ce6f6 · 3de6186162a0049accbc42913c1ec78d · 149d20f16b9d3d428a75857cb5d076d6 · 564ef356e8d7590ba22afaa9a02d4646 · 52aabe4f91c8f8603ef42d457b6633d0 · b5c613a2ca12eaf2b97456e9d757f506 · 285a4b20199b8eb0872cae7c04aeecff · 32fa577057987aeb848e257c363286fb · d8b3ccf852bd371db3469f66a91a8618 · d87faa8e4e2d48c0d9baa1c368b5b478 · ca3df1d5a176d528f0b6e2e7b23ad6eb · c0a1ef1a320637385e3013f280aab00e · 3b2570ab98c8da8b192fdc9e875a1d5e · ef1a7c218f4da025fce419c967975380 · 7dc64bd90b0ec3970e00829198c7d5b4 · afa282426a8d64edbf8a46cdfc224a80 · 03b741c1d5c2978de4caa424d28343f9 · ac5056cc514896c0cc0f2965cd52fc98 · 428dc4895a4f2749ccba49799a9dc491 · 0373fa8ccac901a03f4b089f8bb7452f · 347aed2cb0be8f9eba5b027e3dc38bee · 20bd62ac795f15cd · 9fdeb6279a460136 · 31a71c78697cb82f · e44a468412f80236 · 7d776284028378e8 · 645d38f43cc2d129 · 0bfd13dea55494b1 · 19c0e7b303f7b34d · 3f438e53e15d59a7 · a4969049cd895e43 · 37703d7ef67cc887 · f9ca631796e171d9 · e4a20d0bd6bab57e · 755f08156ceb60bc · 48f79c2f59c92fcd · 2016b04faf7888de · d8c77f480d7e19ec · 97e68a8ba2edb1e9 · ba999ec96c330a26 · 4c6c2d65c75d33b4 · b1671c3f6df715a3 · 78e325da51b9df40 · 5bf0e57e4faa816e · 7b5c05224f4a4b68 · 935a16d030dd1af3 · 2464afd3410c356b · d115668194436b44 · b6e87bb4ec138c29 · 53ba8d6a58b1dc54 · 708cdf66fdb3a0ab · 9b4e1ebb8cbef2b0 · b5275bab701b4080 · cca0b65356904284 · 796503a9ee3828fe · bd23e930acfd5dbd · 565e4d0c5c2c154c · e14613e285d6d6a0 · 85c0e676f51de868 · c24ea10460cb2c60 · 98844f2620cff74b · b7477f2ab84ec10e · 4dd465dbdb06e870 · d33863c5f125ab22 · 38494b79c3e466a8 · 3fc6b9d533c6db2d · a95c3cc965b49f7a · f5f6251453958647 · 75996b9ff48195e0 · c9b01f7b2f0707bc · 4fe77536d5692064 · 6763e8e4ce6be9c5 · 1875444e4e5215f4 · c6c7da386f463269 · 657d004976d6c63d · 8c24f58acdc45878 · e8185611c799d024 · 38d646b13bdf5b09 · 2ce8cbe4e8dd0649 · 5459947a620e2ef4 · f0d950e7b64af76b · dc65caa70486649f · 433860d409f8dc84 · ffbdfb1d70e1c966 · 851c4b2b83811288 · 9839517728463120 · 6615d1480efc4524 · 2fe3f7d9d64e9ac4 · 3df645f0e9d6af41 · 875b2ed287648c6b · d971761cb7aa66a9 · 5c1ec023127ac7e4 · fb11adab84672d08 · 34a298f9fb039256 · 24af787b91ce3a8f · 6a5fd3d34321193d · e385c1cd63388a32 · 6b282288346ac98c · 715b97f3b9f97469 · dd5435f5bf79d823 · 86e15a5be2dfcf58 · 7431edd8b1b95d51 · f43d0da0563896ab · 7f52656909875fb9 · d82e51b63b664508 · d24aadffac187efa · 1997512f8e7d48a5 · 6e35b7c942ca3e30 · caf1ba9e9df3ef5f · f2ffaee900128313 · d828af5ff581b979 · 4bf65ffb1d3f3514 · 6ec84132f190e0b4 · 6050969db9ee7f2c · 78b9fcf5079f7d79 · 1567f215f035aa8a · 2de678deed064a30 · 6f6e52c4527d9cae · ecb8cebd9186ca10 · cf1e93cc43b3697a · ffa6bc4e1c772d9a · 5986605e4618a2ee · 995deb4a597715e4 · 28b2e59268baf640 · 1894eb66620f19c3 · 358a84d2ac5fdbf2 · e72f77d13318b6a4 · 3aac29b44307df3d · 72f0ebab9228297a · 41e48377781d6b2e · 80b6fc259f498d44 · 1380b22204616bab · 66d7fe416c478182 · 4ecb3ba0ad0eb750 · 3d395670606ed5ea · d6f638dfe37aee35 · 2816892d03337813 · 0523dda9c1c2abdc · 3b00df7d05478f92 · 4fbd2db5010c9b35 · 92f9043aa6d007dd · f164434ce7c10fe5 · a8cc6ab0e3c224fc · b0201ee1aea37ce0 · 2b3c0f3b9bff05ea · b6124e8c62027703 · 9662ba67586e77e5 · 9f8615466a3ac038 · 0a69c5a5b6953579 · d6994be1c37ca3bc · f64f9c3bf597ec1a · edae3efe5945c2ce · 0006d9d536dd11cc · e7d2d4836e46a061 · eaf9a823c3f3ee62 · 5c2b1edfc2f2890c · a50134afdb728d57 · e151777abe9d2410 · 1bc845a61d82cba5 · 8efd7a228775a707 · 7b733918b5b1821b · 5f170d6ea995b7a5 · 1b30f9d71200b090 · ab5d12a2393c0dc2 · da7ce1906dd58dc2 · 148f2222a1f6b99c · e7fc2f902b2ce0aa · a64f335cfb153ff4 · b2cc8652168232c4 · c0dcbf19a91fdda6 · 4138ddd7626cce88 · f03b83e13ffe3beb · 2a745becdc5e2997 · 3253f1399c1bec55 · 6ea173db1e687175 · 49753c119561569d · 7078095bea2466f5 · ff9ecd3f3cc73595 · d19c0e56ad2d7572 · 244f6c49f15c0bdf · d9b785b21f6d1d59 · 24a4dff019045c74 · 5dbbfe1dae366c54 · 5161d5c678913a09 · 07a745090d9090a0 · 610ed53026bde510 · 8aeb7f9bb20906c1 · eb99d7029e9829fb · b2eeaa3b49d7fa4e · e2718cea79d6b1f3 · 6a5114f9a6d4378c · 9be79729cb3394d5 · 6ba193276982e0b4 · 6868175543bb6a64 · 1cbdae1bfb6320f7 · f6fe10b8a0fb073b · da49d327185214eb · f5187e3abdd602e3 · 37d70cd927f8f884 · 578cedc27780297f · 59489e9e6d725a7b · bd048c16bc6cdd3a · 8c4f43b19ca1b5ba · 2b6acfed4484fa07 · 3233a460f78a20b8 · 6a0cce1ba49c0172 · d966a2aa718a2bae · 6014285bafac7a9e · 62f46896a91f6e9f · d7b2e73d58b77999 · 4992367d9780ee2d · 98401aa7030e5d17 · 4a31f49c79f2b2a4 · 4d029a8499f5bb2b · a609c353746f2cbb · b34ce9356d9edc0f · e0e925d16eae681b · a1082c63b8162872 · 71e2fdcb3b7c7b9a · 1af22770728a8ed5 · 3153561c2061283b · da27bf176963f38d · 93433b0679734dba · 681e77edb0eb95ee · a6deae98ba2abdc2 · 7e6774c550cde6c0 · 404074e1f3e1c770 · 920688cd74eea8e7 · cbd5394703bf6407 · e7f22beed3fcc992 · a53cf543ea0a13b2 · 614b00e552df8fbb · d461d2d8e7165d1b · 254899fe20506d30 · f4d46ce6b10c55c1 · 828786d98ae75b46 · de69905b82a1aadf · 0df72fc31927db2c · c9c6c8887ad20aaf · bfa54e1f75f89c28 · 5d2a147155e3ecbf · b559c19f8d72e79b · 07a197a366b29d5f · e1517be4a9172f6a · 81327040ea602e16 · 9f03e68ac4a0acd8 · bb0c100b985bb07b · 6ea84f3ccb78b686 · 64fe1cb342271cbc · 66a30d8fbed0b5ab · 4d6eef631386d6d8 · b0a9189d2477e167 · 2f79f86c4349bf81 · 4988c8a22657d99a · ee5765ecf69778da · efb3b008e0357c4b · b1f9b22c4db6cf95 · 75a3d3d9884c6bb1 · e9700245adce4657 · a44407ba4d1462f8 · da9fff30b1776fdf · a27816a3c72d464f · cc9899a46d1b8673 · cb24bfca5999dc00 · 0e94466e518b892c · bdc191bf2c0297a3 · d6482130a8d6808f · 005700273f5dac21 · 3855a129bb7fbf9d · 7cc55deb78a50c06 · 301715811c262e6d · 8bd7ec28f7c98906 · f26524ac8198adfa · 9500bc4ac40879e1 · 5529303ac1b3621e · 2ea32e886d993c8c · a3799960bf76dec0 · 1386dec232bb9e08 · 1daac3c53fc335fe · 30f928add4e60121 · fc3a3773db26aff4 · 783ad9e27384be81 · 33fffc2d2b4bf313 · 4b1eb57c02d4454b · 50a3ba7b2afa4ff9 · 73948260a4bd4488 · df983422b88b6d9e · 1d18c6500e1170e9 · 7b15e05b7d226e2e · c0806d8b5a097ca3 · 90bc5eae2ea1c8bd · c87b10475d648712 · 652a4c865ad79c8d · 3c9cfde5fdc456fa · c72ca5eedd56668e · 46dc4f8d557d789f · 0bcd1853c038549c · c66d10918b84dfcb · 9105591b22009ad3 · 85b4da2868a030b5 · 4a56d3961a528203 · 6ae9ef438d03920f · fb736f928314ba55 · 5af5f5e0ca328e6e · 58e02c8a708237c0 · 0f072666616518cf · be7dcf495114b8ac · 08a3cf834d4a857c · 14a787c545372a63 · 2c0bbf2d61f41f2b · cb822196d2d10d25 · 4b6d52ab6a6ef7c1 · 1b7984913a0f3de8 · 3a9e4d3b83590427 · cd3b934be8166603 · ec46685e7368fdc4 · 30df2176a0da34fd · 0213ccafedf23f36 · 1373790f90606f90 · ea280300d64bbfcf · f68f128e4786de86 · e46ad838ac5cf131 · 7f8e9238891d6fb2 · b048d1b234814212 · 63d9309e3a9f6d62 · 6b599b060e95850d · b5439408b72534a6 · d84a6c210c77a6e6 · 3471ab367858bd7c · 631f6b539194e0b5 · fd9febddc5aacd17 · ae64a03f93f39251 · 31b0945b963e2cfd · cf0544af07e7c8b7 · 7e7354ac04c6b661 · 3e4b43485ec3506c · 58a5dd7cc1e385bf · 39d85b3ba9d189c7 · d92c18cf5acfa959";"PGO0053 · Synthwave Retrowave · PGO0043 · Brand Content · PGO0036 · Afro Pop";"Main · Stem Bass · Stem Drums · Stem Fx · Stem Synthesizers Choir · Stem Synthesizers Chords · 60 sec · 30 sec · 15 sec · Stem Synthesizers Arp · Stem Synthesizers Noise · Stem Synthesizers Pad · Stem Synthesizers Vocals · Stem Synthesizers Lead · Stem Backs · Stem Lead · Stem Refrain · Stem Synthesizers Vocoder · Stem Vocals · Stem Synthesizers · Stem Piano · Stem Guitar · Stem Strings · Stem Vocals Fx · Stem Mallets · Stem Synthesizers Chord · Stem Vox · Stem Brass · Stem Guitars · Stem Synthesizers Main · Stem Fx2 · Commercial · Alternate · Stem";"identité-canonique-courante · écart-ayant-droit-à-valider";"needs-review"
"Franck Sinnassamy (SACEM)";"Franck Sinnassamy";"update";"9622728a23e1365c · 89d3e2cb0b54d053 · cb126cd2d9eba8fc · 0f758fbbe6fe3cfd · a94011f23ebff2f4 · b0e12f01a30ff8c1 · 4e977c6efb45f7d9 · 6c8343ddac632107 · 775b431e4f240711 · 622514a75da8e84e";"PGO0036 · Afro Pop";"Commercial · Main · Stem";"identité-canonique-courante";"pilot-pending"
"Franck SINNASSAMY (SACEM)";"Franck Sinnassamy";"update";"08c684a452847d26 · d8b38cdea25511c0 · a85c526a576b2be6 · 163a7e9549d20509 · 37e1717cf86beff8 · 187caddf5ac70100 · 30a98d3c2afa4a25 · 66ee253cf51d66b1 · 4d73d1e6f06cb399 · b4c864fa9920a451 · 241ff53473fc89ba · 906c36dea635b1c1 · 56cef962f963c9e9 · 521f619e23e14e4e · 3ba721e8898ac724 · be5f2e1a30165a88 · ed45df6d8851cd6e · 7a5435ec8ca5aff0 · 0d9b778e9b5ee7da · 38f2cdd487a1c337 · 6a131cc5dccd69c4 · 2d3dcffbb50badf9 · c15c19c7e926ee16 · 3a653803fe918d5d · be0f18167de4ff3c · b269eb7b79c8dc7c · e36b2e5c16ef1e88";"PGO0027 · Future Beat";"Main · Commercial";"identité-canonique-courante · identité-canonique-courante+identité-structurée-courante · identité-canonique-courante+normalisation-mécanique";"pilot-pending"
"François-Olivier Nolorgues (NS)";"François-Olivier Nolorgues";"update";"b92fc91381dd2980 · f75e8dd6f11ffa5d · 0e563d671fee1ec5 · 5430bc8250cd9c2e · aa0d0eb1418fd2a1 · 894073f7d9b7d7a7 · f9b80149ad8c448e · 48413ecfe959afe7 · 477ce246206da9cc";"PGO0009 · Dance Fever";"Main · General Underscore";"identité-canonique-courante+identité-structurée-courante · identité-canonique-courante+normalisation-mécanique";"pilot-pending"
"Frédéric HANAK";"Frédéric HANAK";"update";"530f71676d81a80e · 79dfd41787ca3d78 · 29bf9afa584fabbf";"PGO0038 · Rock Of Anarchy";"Main";"identité-canonique-courante";"pilot-pending"
"Gerald Bonnegrace";"Gerald Bonnegrace";"no-change";"8e1dcf6aa9ac6d33771f862a0c9d5786 · 520602865841b7b134578cde6a14e399 · 12e7d98d7fef071d3966e5b2f77ab9ae";"PGO0048 · Solo Piano Vol.2";"Main";"déjà-canonique";"pilot-pending"
"Gerald BONNEGRACE (NS)";"Gerald BONNEGRACE";"update";"a6c9582fe97bf9fc · edfc1b05824ed0b4 · 10f704830aaa4ea8 · 17602dabd348eb5e · 2264a41547610aba · 5bf253fe29dbdd82 · 3c2016692cba9244 · fc8ace609d8e6a82 · c3c79a9946cf2f4b · e0e9309227f5ec68 · 03880f302ce16a4a · 9bb82ec91cebc629 · 324689b2ce88980d · 60390a1ae0e67caf · 75326a0ef2b9b97e · fe689af185b287d7 · 48dacc20ba776f29 · b76e9e3a67f6168f · de5b1869061864e1 · ef71301b5fd68cc7 · 5c07ab4e06066911 · 740bbf5553300a3f · 8c1e434ee020a701 · 6b7f9c1f5e8629dc · 0da0fa5627422a83 · 20a05b30cf6479bd · 2af8684974217b91 · d55e871078e9eb6c · 497161884cec9b2d · f6057f6a8fa6302d · 9e07f3c471b24db3 · bd41714f86c1a360 · 84cba2df77996461 · 8664e792800226ad · 4b5e451ac569353d · 4c0859e9a8f8eab8 · 6e449d10caebc6d6 · 421dbe3d25331f0b · 0bc592729c715851 · 9037e4465d6563c5 · b9b03082b245eb7c · 824b3ba9ea658d29 · d2468a2443d87ca0 · a5beebf286bd5188";"PGO0030 · Afrobeat";"Main · Commercial · Alternate";"normalisation-mécanique+identité-canonique-courante · identité-structurée-courante+identité-canonique-courante";"pilot-pending"
"Gérard Gacoin";"Gérard Gacoin";"no-change";"82765264f68f5ca2fbf2eaef635a94e9";"PGO0048 · Solo Piano Vol.2";"Main";"déjà-canonique";"pilot-pending"
"Gerard Gacoin (NS)";"Gerard Gacoin";"update";"a2864c6926f2ae39 · 70c5d38311fda159 · 4b081baaf52dc08c · 47bbe1944890ba88 · 394d1217173bd587 · d4031ca2a3fb4062 · dc6d2c7ecebe409a · dc49e36dc58dc3f0 · a808fac234a4856d · 4e10ed826e9f1988 · 2acc3caf5180fe1d · e5c316455ec95823 · 24aa005523d7f7e6 · 3f4a157bc3d92082 · 4b4509398f7ed6f0 · 0b9486d846f63a0c · 7802828d605e9519 · cee2da5cc17016e3 · f04915e31059ff22 · 33a8ea18903db607 · 070d24cca6b34396 · f5f73f8e8c72acc5 · 2df44ca75c2189b8 · b211e599e25ff11c · 58f024b5c5138ae7 · 074972e78aa8d3f2 · c5a3e72972c3f9a0 · afa30b1142ee3ef2 · 7b1fd64651de3699 · e1706c97821c7730 · 67c4ab2d54f40b56";"PGO0003 · Electro Boutique · PGO0002 · Parfum Pop · PGO0001 · Paris Rocks";"Main · General Underscore · Commercial";"identité-canonique-courante+normalisation-mécanique · identité-canonique-courante+identité-structurée-courante";"pilot-pending"
"Gerz Marcellino (SACEM)";"Gerz Marcellino";"update";"f106d291afdafc49 · 725816c32fcce91d · 72f1e6a294aa538c";"PGO0024 · Caught In The Trap";"Main · General Underscore";"identité-canonique-courante+identité-structurée-courante · identité-canonique-courante+normalisation-mécanique";"pilot-pending"
"Ghostmaker (SACEM)";"Ghostmaker";"update";"aaeba7a50c979199 · 9c60247dac4bebb2 · 55671bb39116e0e4 · c3e3c776b807c3ee · b678db5496252a5f · 9f082a424785a1a8 · 9fa645524ea2e0a1 · b44a606cb1a90ca8 · b1039af13b27a231 · ba41d096af846152 · ad4b11b1f03a3ed9 · ef64660f1e16673a · bb56123cc36632f2 · 21ab38c9fcc9c1e8 · 5ff9d2df2137ffe2 · 482d1a9d83cfd65d · a591f8d731218367 · c0d01feaa117167a · 6ba5003c47d5eeb0 · 082d99cd2dc0955a · 68c7d13a44a4a7c3 · d1fca9a59ceb3390 · ae5e6e8926f65bff · 81a4f0c1a5dbfe54 · 1edebfbde6afdbbd · 586545ccd41dde33 · d766151624cb8c53 · ed248f2e31f6975b · 2704028c84fe33e1 · 66cfd78b760b56cd · 1daea7ba485f4b57 · f9beb6c7a9e7c2fd · c8b32ca0a0f59bde · aa78e1d9095ff715 · aa6e046ec64470f6 · 6613d6535c5fd4a0 · 38df86bb2ce48cb4 · 96667909bb6ea63c · 95e4c2df2a48518a · b2765f0d76d12873 · fa5fc9004c0a99fd · b1023970bb6e9512 · c617c0b28ea7bc5d · 392d22834e03267e · bae112a1a257021c · c6ba6cbbb63f62a3 · 297a21a9062dcb77 · 99e96c00af6b383b · 79470ac48e277288 · e480e273b7c965e7 · 7afd6084fa673dad · e693a65499c442d5 · 5455264f352f7d19 · b6302d8d9d4e03e4 · ab36fed70e0774c0 · 9752726df993690a · 7d19eeece34acd43 · d7c4344367fa4366 · aeb3ba45890a1809 · 2a787d386a8e286d · f2ffabc40631be1c · ce69ed80a0da60e0 · 0dcc3b57b88b1329 · 6ffc7cd62bbd3170 · 5f87223441272e47 · 7808565679470c0b · 344b591622f7b2f1 · c58149aad6e3443a · 9d94b4e5866a6a20 · f96c24e038f6a1ad · a6b3c6010e23e4c4 · bc70de03dd045e2a · c91a07de59d9f896 · 7007e5c7229b9038 · 6c5fd45e02b8d23e · 4117bee8978ae502 · 5b903ae374e747e2 · 6ed11762a76a1206 · a9816d015dc82ddf · b4fae5de7dc11fe3 · 12dfb5d66c288c76 · 4b34754f3a0a008d · 65f69b97a00c6d75 · 45e5ef8b3747b082 · af913dc0b39b1adc · cdd2302a8328ee65 · 785fc05c15096c27 · 08f97677026efea7 · 190232897dfe7b1c · 73c44e3b57fa4935 · dcf8e63ac1f15235 · 0e6e051fcc1cfb68 · aa449c62455ed536 · f06916cc64602b6d · d46c5fa335156d97 · bc59d7f200c5d55f · 052a85fac3252d01 · b504f4548b58b895 · 0f44bf6579f0e0f3 · 33534c59185274f8 · f56f4822c9fe387e · 8be6f4efc754a6c2 · ed45a0f1eedfa2f0 · 1551e14751402c91 · 44572581dd3ca5b0 · 1581b4bb511355c2 · 106af05ec874d794 · 6ddeed0d36bed989 · f36286836b28f4cc · f4e03e5082cd7291 · c73259478f83901e · 2c84cac8b1a2522d · 5a98fa9f28b4e5eb · 2f184442fc5f713e · aad19687e88dac63 · 9bd75ade6235fe88 · 7b98966ed6ed7fa4 · 0f06fbf6dea6c056 · cbb9e1ebe57e0f89 · 3c69a971d281ced4 · b1f9eafc9f71e41f · 22c55e69c9ccc6af · 0a110a6cd5465340 · fe1fc086156f9472 · 0397cb15716cb1b6 · cca35a801e928fad · d8795e665e6e5737 · 0245b765e1760dd5 · e2a84780c45115db · 4c936f64ab915944 · 658de76f7f247df7 · 36b6fe30a0e13dd8 · bd9a406ad2489d09 · 5ca2352aafacdc9a · c6df32f8d88359ab · 60b9923a52804630 · 13fc6b38bf5f1ef1 · 06c90ff09ebf1443 · 6c2360ef865cc03f · a57bb0adb846e73c · b6629e9661999d90 · 564266dd6bdd36c4 · b1d1795b7fa249a5 · 2d3e0528447117d9 · 8cdf9b8d27443ebf · f55a2c13addd12dd · 6e2066d9c7377695 · c1aad2cf96f7ebe0 · fc5a8687fb6a4cfa · bfe91eabd6ddcf1b · 62593766cc78224c · 41bccf3f6d148325 · b427f54dd595b9e6 · 62ebbfd1e88fb95a · f45c9006f207039a · 42fcc4ae4d61cf4d · 15ebc2673af8fd5d · cc2f372b48ad7fe5 · 9b90824eb67815c8 · f9dbb61420e682b0 · de7d0b7ad2f0b57c · 1ea4d03b1f176fe9 · 7e082c8a5f5ebdb8 · d0e8cecb07e037d2 · 7cf1338f992787b9 · 9b93b5228cc5b06c · 5e1df45bb5b3cef8 · 1d4748e9123ac902 · 2c82c1e4d672ab9e · 69d48aa9633517d1 · 4ca13232a8fb92ee · 7055c8ab6c24324d · a595c22ce27e6eac · 20ac10801c4aa9c1 · 130aa254ef83b445 · 1ea0562937252253 · 038eb4897594e364";"PGO0027 · Future Beat · PGO0025 · Acid · PGO0024 · Caught In The Trap · PGO0023 · Edm From Paris";"Main · Commercial · General Underscore";"identité-canonique-courante+identité-structurée-courante · identité-canonique-courante+normalisation-mécanique";"pilot-pending"
"Grand David (NS)";"Grand David";"update";"41c3922b81083a70 · ec244c081be43d7e · 315e4b4a474b7ea6 · fe2cce3f7ddecba8 · 8609ce6785df4b10 · 1e2bcd33bee49c1c · 40a0d59ae1a5f0e3 · 1d819963ae080cc3 · 4e50ddbc4214f936 · 63fad12cd8d9f249 · bb3a77e5c83492f0 · 96647a3da938c57d · f891f097d34393a2 · e6ffbdaf1112582d · a49caa2ec33fedb5 · d80db8a4a86cd496 · 51bf95c88d8113d2 · 460e26413dc441bb · 60ee588fe60665e4 · 5937d2863f1e53d3 · 9b906f9ba89d6ecb · edf096a47da7947f · 48d637c2804c3fbd · 71a4d1697e77003c · bce5d19f0f01d245 · ec9622d8266daf0e · a0c0a00cb7f5d9bf · ee6d1f0f5b02b26c · e03bd27a534e3cf2 · 9d37ddea43a823d4 · 8ab42066dee35d8d · c27e0073b0f0218e";"PGO0005 · Electro Kitsch";"Main · General Underscore";"identité-canonique-courante";"pilot-pending"
"Halim Talahari (NS)";"Halim Talahari";"update";"b76b7fa7c711f063 · 0cae4a695c4ff2bf · 85b02681185dd2ba";"PGO0003 · Electro Boutique";"Main · General Underscore";"identité-structurée-courante · normalisation-mécanique";"pilot-pending"
"Jacques Sahloul (NS)";"Jacques Sahloul";"update";"5cbb14822c38d2c4 · 6b39af7098d09548";"PGO0007 · Diggin Hip Hop";"Main";"identité-canonique-courante+normalisation-mécanique";"pilot-pending"
"Jean Alain Nieder (SACEM)";"Jean Alain Nieder";"update";"58f7b865ea9a8992 · da893498c2815b49 · b247d4bdb128de20 · 53c3edbe687258c8 · e68777ae50e12b51";"PGO0021 · Moombanana";"Main · General Underscore · Commercial";"identité-structurée-courante · normalisation-mécanique";"pilot-pending"
"Jean-Baptiste HANAK";"Jean-Baptiste Hanak";"update";"b655ae4fb9e3f7bc · defbe01116170142 · a166f0da667f7f8f · 5a3dfe0653fad9a1 · 99da69d1fc737de5 · 0e87e3543538709a · 8bb203b19867385f · 97d02157209cfaaf · db4e78eaf0e2f912 · dae42aceb669b841 · 82f64a039193df3d · 787a1189cb74e393 · f048a847d1a4f7be · a037d66a7313c176 · 81a7d7338e37bb3b · b6a697e49c0f754b · ccf0e71076af3360 · 4e3e521781027efc · efc361bb1548f10e · 66311a6da1814ecf · 28803490142a108b · b9eb75c6ee605606 · dc6333b255e19341 · 216378f08ab153d2 · 1e6c65d483b449df · 82df5662f7768922 · fc96142caaaee271 · 9967fdf4e22536fa · 037b08b6663a7ee5 · 9b1af0d1ad661f3a · 917ee79fa4174cee · 6b1871fe4f6efea3 · bfcb591da004f888 · 563c68a50070259e · 222e8ce77f9c3b1c · e08889a80cf8a575 · 7789741d66663f5a · dc9ab6b129a57605 · 843852d2279f8d6d · 611d0e5b8d93b16e · 3ebf1711a5af4eb5 · 4ec8b2ca328f2bb7 · 64fdf0e87b7b1c13 · f95d3f8b61e5f41b · 9e1c9bb76809f9b5 · 49457c9c15526d1a · 88538bf73e7d2ca5 · 2bb69d2d217e92ed · 825e897bf93318d9 · 27d0db90d56ba076 · 27ad5c577cafb49e · 921261f9da1b35db · da2477ec1e03a59f · c54e516f569b9574 · 46f7a7c33a315af2 · f0514a0a75ebad13 · d8e76761bcf79461 · 10321eefe7998a96 · b0e66ffa59a22049 · 58b4b552f4e72cde · 7c32b1f77623cea7 · 07c0f16fb809825a · 70579d68770af0ad · 384d2f0c5936bc29 · 589658e8b49133f6 · 530f71676d81a80e · da8daa1c1c12aec7 · 29f646df2e220793 · fc5987d656baf6f6 · e6802dd8e224af15 · bf442980395b1d0d · e3cd1f8a10870a38 · c29fb8c05dc0b876 · 79dfd41787ca3d78 · 8049ba35dba14323 · af7a6484a9b8af87 · cbc3f0993b7b83ef · 2732f9d368797f14 · 788f22b66f56f025 · ff76c2b11326d20e · 52487deacffcb25e · bb21557022e77d60 · b05c36ccc9c97220 · 281431083c60d211 · 31590979cb059b01 · ea70ce2fb38a9c71 · 279ca087e29a445b · ff0f39061efda867 · 6c211495697c5889 · 55445fce4bc034cd · f3b393a562fc2387 · 266694ee90112502 · 4c64390f5aa4e98d · 5de96b4a8f324013 · dda0bba9589cb4f7 · 16b749b8ed40d282 · 9d129a53c1648b98 · 503ad0a4d5714a66 · e40d3448845ba328 · 2316d09f71581152 · f349f1dc41ce430f · 39f4bc6e7d43d8bc · da18fc0024698ef8 · c33e1ec920f64a3a · 07f10e12bc117e15 · ba9658b5ae79dfe8 · 1f074086b8516eea · 2e62b7f29fb0dca3 · e054add2b75eca29 · 31ccc2a3720dd4f6 · 9000897484ed121a · 3ac8ba3970a209cf · 4828d0376bebef2b · 881210ae386e2628 · fd353c5f4b929ca7 · 16b4abf50ce82ad3 · 2ba77e3fbc01bdd9 · 7e1add3b157c34c0 · a8b54a960c45c8b4 · 896adf3933ed8938 · 25940cd9084129f5 · 982d32d17d4a2342 · 8b4b96e079faff6d · 059ec189c96f66e0 · 4f693519cd591686 · ec89e854b03c7a0c · 59a1ba04bf404404 · de6a98ed8c8ab0d7 · 3ba9df4cf110461c · e9faa265e881bf9a · 214dbc802cedad22 · 945b14c6df76fe8c · 977f4ac8cc089e68 · e1b6a0da6aef5cc6 · 8b159803b1eeeb59 · c7556f5ffc693c9d · 4c448eed1439514f · 2c7845d0a5867512 · e8463b8071b2ba00 · 7a619b1df7765e2e · b1161e22f85f7cd1 · 6e28ad651e8ee3b4 · 61a44aeddafe107a · e33953432eb717ee · a3fe2ab96706aafa · e4605a0e7217a26c · cc9d1de6d554b5c8 · 1003bc4a6f5cd51e · 858f25d156c37470 · 6dffeec56b7076e6 · 520abba2ddb265f7 · 88b6fec79421575b · 6141576736bd7bf2 · 0eded07b0150f0d6 · 816977d8384ca728 · f5e5dc0b25668480 · 7b15dad40c1e6840 · 7c8b0d3e42ab8c02 · d5ef5c6136c96c97 · d42c5007fbf040ad · 7af78ca639e6c476 · b4ba9b064921d684 · c76dcbbbcfcb7e43 · 6b02788e37a6cdbb · 9b0226c9e2585e6d · e2268e782a6faf03 · 0abf9382653d7d94 · e106daefacb97e5e · 3435df2c9ee98363 · 8654ea3ce553da15 · 362f24f38cb2ee8f · bc1a6b1ab3627cf0 · 5fa34527b171107e · aa29c7e0330eae7a · 3d0809adcc8c145f · f53f7569fc44b025 · 2ffe155090b7cacc · 1063834638ed4d3a · b8ea01513de008dc · 031e36c3face4a0c · 280e2c553e315bc5 · f206d2dcf7e58cd6 · 29bf9afa584fabbf · 25c4214e697aadd4 · 9914af9d86dabb9b · 6eff35708e96502a · 324e92197702a25b · c89635ab49d2d76f · c7971999e42dd8f2 · 1caac8a15440c7d2 · b0cc2f9f3fbd8237 · 0b442f1df4fb8d7f · cd3873b03e8a2c73 · 59fae61698c3062a · e92558c36d86af06 · e531595f7eebda23 · 441b5e17ed706f6a";"PGO0042 · Light Ambient · PGO0038 · Rock Of Anarchy";"Main · Stem · Commercial · Alternate";"identité-canonique-courante";"pilot-pending"
"Jean-Baptiste Hanak (NS)";"Jean-Baptiste Hanak";"update";"0d7ef363a17e48c0";"PGO0042 · Light Ambient";"Stem";"identité-canonique-courante";"pilot-pending"
"Jean-Baptiste HANAK (SACEM)";"Jean-Baptiste Hanak";"update";"6e7656c9004b3f38 · 0395c2280363272d · 79a153c87a5da758 · ec0a00b7ca6e77b1 · a35809ff68ef6b06 · a5034c3a5ffc5375 · e8191c0a7d520092 · d037ca1e99e52ce7 · e654dcaab2d7f60d";"PGO0038 · Rock Of Anarchy";"Alternate · Main · Commercial";"identité-canonique-courante · identité-canonique-courante+identité-structurée-courante · identité-canonique-courante+normalisation-mécanique";"pilot-pending"
"Jean-Michel Haye";"Jean-Michel Haye";"no-change";"82765264f68f5ca2fbf2eaef635a94e9";"PGO0048 · Solo Piano Vol.2";"Main";"déjà-canonique";"pilot-pending"
"Jean-Michel Haye (NS)";"Jean-Michel Haye";"update";"1637a7ab07e6763d · 54daf4c1eb6eb7b5 · fa834b1f359358f2 · a2864c6926f2ae39 · 70c5d38311fda159 · 4b081baaf52dc08c · 47bbe1944890ba88 · 394d1217173bd587 · d4031ca2a3fb4062 · dc6d2c7ecebe409a · dc49e36dc58dc3f0 · a808fac234a4856d · 4e10ed826e9f1988 · 2acc3caf5180fe1d · e5c316455ec95823 · 24aa005523d7f7e6 · 3f4a157bc3d92082 · 4b4509398f7ed6f0 · 0b9486d846f63a0c · 7802828d605e9519 · cee2da5cc17016e3 · f04915e31059ff22 · 33a8ea18903db607 · 070d24cca6b34396 · f5f73f8e8c72acc5 · 2df44ca75c2189b8 · b211e599e25ff11c · 58f024b5c5138ae7 · 074972e78aa8d3f2 · c5a3e72972c3f9a0 · afa30b1142ee3ef2";"PGO0008 · Paris Postcards · PGO0003 · Electro Boutique · PGO0002 · Parfum Pop";"Main · General Underscore · Commercial";"identité-structurée-courante · normalisation-mécanique · identité-canonique-courante+normalisation-mécanique · identité-canonique-courante+identité-structurée-courante";"pilot-pending"
"Jean-Michel TROTOUX";"Jean-Michel Trotoux";"update";"39e208e250b493dd · ba602545188ca157 · 176bc7cc2c23f520 · 5afc3ff643f61f88 · 6455d8a0a91056ee · db2bb3757970900a · f5e1aa0d9132a303 · 1f4d5f71c050d91c · 43d07a05d5600774 · 1137acc920948538 · d8576bddff1a9ba0";"PGO0034 · Jazz Musette";"Main · Commercial";"identité-canonique-courante";"pilot-pending"
"Jean-Michel TROTOUX (NS)";"Jean-Michel Trotoux";"update";"b50c6145e31e0982 · d90be8148a49ca8c";"PGO0034 · Jazz Musette";"Commercial";"identité-canonique-courante";"pilot-pending"
"Jean-Michel Vallet";"Jean-Michel Vallet";"no-change";"577d2a0d59e7d2262b2858717246f0c2 · d78b742aaa94610cd26cdfcde2c629c3 · 6b733bf842f10a1226a6cd310e79359e · 2ef85f12a751bed145ea05c415e83301 · bedfe5c41e7a406303ed0f48bb7c94ad · 433ff5a0edcf519e3905326f606081f8 · 2f99cc4ef758f7dfb5783153b9c1f9e0 · ebd8b7b4367766576bb675d92a3da483 · b2b00d6fa493a6fee4269d4862a87fb0 · bcb887922041b1c7619b2bf7671e643f · d6a3e644621d8cc32788ae2a93f608c9 · ec48b9af8480a412b39e9e092f3ec3e5 · ff4d41a7dd54cfb561d2cbac325457df · 964f88252b9ca9b9dff2b1f167d2dced · aa006e4339f14cf117343ea525174a88 · 7b2e7d9bd65e99e47dcc81a2dcaface9 · 4f304b8c7853b7be723a0953a84e1a00 · 5afee8ba57c0825699e890d2eca1eec0 · 67f42791dde8fb9f6fc212783539907f · 128d9314469f7b461652f387c8f13428 · 9ebf30fca1e6941be3ff14b4c338275f · e37353824d0aa755545ce26eb7d854c6 · 308177b8bd405d75e25dc431b3ace5cd · 903d3c1b953972b48b0de74bf51f48e1 · c3fa35fda4144199f863a6c06f8e3f30 · 643e0092c7d4b7c755fb9c171bd19ffa · bcf65ab2c1d324d2b518595f23060c55 · 00e263cec7064e22c457d23a72eafd85 · 99d6ec8885e2fa531e3ad73ae1fcca64 · 737e6ca62a5e035e34710795e4377fda · 0e60ffd95491482af44611c8985648f5 · da94095f99383e0cad4b85d60da0937d · 3ff92deb5f352d1c2ade4806a668c45e · a6f81f1d12faa038421530d981cc226c · 8154959d3d1a0c6673716d221e8d7f3d · 03b1d7af5d991f35e7882d9adfdd3d97 · 1cca3975bd9106924f766dbfd11cee26 · ac1ba84b878d5dbca630dd81fa471847 · de07097d2ff97fa6a9d915abb130e605 · b79f9cb0e0a553ee · b6678fb67f9c8a5f · b584182578cc9356 · ab85e605e47e6aeb · f6a80470e4509afa · bb40a2c24619f6d2 · e5586060058bae77 · 8bbdd5969765432f · 5ac38e27f6e42f2c · e24f02abb879a8aa · 029abfdfd219bc1d · 758405debe1f5c67 · 1aa6f2242d425b9e · b024898bab708fd8 · 131dbaf8dc995a66 · 7c570966108a9cde · ea0527f728178d66 · 778c60968dd3d348 · 07ae8ed7c5a3b0e8 · bfe724134fdb097e · 1b6a17f6ddc1d046 · 28ab64878482333e · 1b8f614b08330ea6 · e90afb7b3a24c4c1 · 719d9cc2bfe743e0 · 0131fad245ab14a8 · bea5a1083a87a734 · 740610f8e2651db4 · 1b8c465012ff065c · 827f74331be20c19 · 13e6d72b25ee6b47 · e7dd1025d7ea93d6 · c0a0d206148d0cc6 · e7ebb4b5e8cf26d3 · ce48d92196b1e371 · d5171d7d6eda017d · b0647db2252e2748 · 76b64ad5540ffa1f · 3487e26b1a5ba146 · ea5a19a59c003a48 · 598b84ae02da952e · e0c465398e9aef31 · 97975b50265df0ca · 0b039ff25145c6c0 · f48eba809140face · 6f1adf79f8683fc4 · e942b4fd98ef1651 · 0b17812cd850145b · 7d5f28c406329fff · 655749c3583f0f01 · 07506dc3b4354230 · 2d1ee1f502785c14 · 8f5ec94e549e388a · e4de1ae067daf2b7 · ca363190650b7545 · b33255d8cbc7f7f5 · 5cd4f7f41f004c92 · 21ba68ab6a72fdde · fc0ccfdbf9847070 · 35bb95b712585f42 · f04b33691f02915a · ba134745c5d5715b · 188d4d7ece757d58 · 85d6025de0c7921a · dae1793a902e0d13 · ad7e45547ab6d4a8 · 609bfb0e14cb7d2a · 211d884f30e40f96 · 0678c9fb8c1fb1bd · 76b3841ecb777271 · 9db0a9d3afc5fe3f · 1042331aafcde930 · 13d8f73143c92d0c · b0efa104cbde8b2f · 8705d54883b498cf · f956f900fab33321 · ff5fc65558f9010e · 5f5a47f81da91e10 · bd585502171e0b0a · 527ff39363222870 · ec291ec372379f59 · a93320e2b3da44e3 · 5e6641eb952ece8f · cb132da7e9d0bc5a · b87f4993316c8d39 · 6ef913515d812639 · 4bd93da95b49b14f · e60c0ecb33e84e70 · 307ca114d1d2283b · 0f1b3eefa2886ed9 · 8cf2ae306db690b5 · d253ca2887c0c385 · 7cda4dfc82c2770b · 53a6d1c569ef8d65 · ca2babefbc02785f · 013fd2772e7de6a0 · f87510578f8a2ac4 · d0895f904ae2d067 · 85efa89f777cbcc6 · 39862fdcd7cd0ee4 · 8ff459353a0d6604 · 7397e376cdc08ed0 · afc9e2f408e4387d · 09d59c8b03352d04 · 767b0b8bf79aba00 · b6c72540e2aa49c5 · bc32edcf132bbe9a · 4398188600135559 · bc9d91e10fb8ba6b · 0709d7db6a60f6e9 · 7b6e33833f491c54 · 84c146078c9476b9 · b6a30ed4d000df33 · 74b2ecfde9c1f3c7 · 7b3bfa2ca1c003b0 · b3260f4ec4ce313b · 04c8a3c9fa86a353 · 4c09b22868068c61 · 1b9f675e0cbc583b · fe97e5421c164e87 · 42a491a66ea2ff0d · a7b0552b5e1c67b7 · 811f5bd94df95944 · 15c8992842d85afe · a7dab39650ada198 · 2a7dbff538541078 · 87c493c0a1d8161d · f465e395097750f4 · c3aa0ff483207523 · d0170b0111aaca23 · b691ca394f182aa4 · 55a29a9892e9df7b · 2501990ffd2dd9da · 3a016540bb4bd1ef · 4ad800fb9b5b5dbd · 2804eac9fbba2fd5 · 93bec5340797964a · 42fb2ae10fb730a3 · c663014559df9305 · 42d6faa8e7090a61 · 7d24d2b704ca6b69 · ad99eed08c754308 · a92ab8ad813f848e · f6aea579967c722f · f6decb6f2886d265 · 7f25ebf00a585f1c · cd5cd96996da0a16 · 2be8d3d810b2fb9f · da9ae9700bce2532 · 2ef07fdb1653e431 · 1ccd0e6543e8cb82";"PGO0048 · Solo Piano Vol.2 · PGO0047 · Solo Piano · PGO0031 · The Projectionist";"Main · Stem · Commercial";"déjà-canonique";"pilot-pending"
"Jean-Michel Vallet (SACEM)";"Jean-Michel Vallet";"update";"7d44dc5cdec2f99b · 23e14862cd513517 · 6d1940531a71b9d3 · 1e2de382039a6a3a · 404f4874930befc1 · 806220c26df3c8bf · 53267b20a788c1eb · d677559c649443d1 · 351e3cab7f13cfd9 · 067ef3534ad4c2e1 · 4f3821dc1207ac9c · 5fe4a4df44597e3e · 5d1ccc87f537cc69 · 041bab07894bc057 · da1836dc7c0a0e68 · 972e09ae1ba20923 · 56611f68992c7a40 · b080a0c508f52612 · ed0cb36d919c821b · 9dc6e7e7ae68facd · 1660b883cb3c6469 · 7ba439818bd318c0 · cce73554e7b82f6e · 982dbe81c1211147 · cbc72a234a0f222e · ddd1983df8ab3e2d · 8371f3da93a31c46 · f082da34cbbec457 · 02d88bc99f22e603 · cf241bbd048df31a · 484e75f9a38369c0 · 7cfd7e1975e44d30 · f13485705895b7c5 · 48bb2d2d006c3ea3 · e5e61e23e1728d0e · de95f5d06b1a1c6a · ea105d1d4b296732 · 45bd089ac58d280f · 0cee3e926fddb6f0 · 490f081a7edd8e46 · 92c3a05421f7536d · 1b7382639b88cfe3 · 0464f1830123e0a5 · 89c82d1c2a920c3a · 181d32c9ceb99491 · 3d1b60d11b57137f · b351afbac5b091a4 · d94b5f9626a5525d · aa32572b8cd3db54 · 0e902b603e145fcd · 3bba91e280640af8 · d9c83e5093afb8e6 · 043522eff9a09604 · 9ab58c239ff7df01 · d0cabad957dcd839 · ea57cfba541a1d93 · e81a58ced53b5211 · d0d145bc836df5c3 · a7cfd96d8e1fce07 · a9bd6fe3ad5626f6 · 3014ad5116e1a3c6 · 3318df1b902942eb · 192962c864d48ab1 · 6e303b249eaf2c0b · ccd6fa99b311d271 · 08b75d5ebe4196df · 50b055d7a4315f64 · 48ed7d21f166f099 · fb17f7f1e9e2d254 · ea4fea9d34eb1c74 · 1ee15060929cfd8e · a857c7580a9d98f5 · a43bfaf5f1ff8707 · 6622e6a437fd9813 · 6001b9bc8a248af5 · 94a4046cbe4294b9 · 3f5efa6d4dcdd26c · a124e7931c1903bb · 11eb9cc39f4b5db4 · c8c76abcd820df7f · 88dec4ef57de8bf7 · 9b3fb66c6f93afb5 · 1ac637fd41fd1957 · 01fd01aa2611f874 · e4fd90f053b6980a · 967b6b9adc469928 · 24c01ddd05a8b683 · 703678037ca3e1db · a01e032fa388857a · b0e83942aaaaa483 · 4b0950a46cb8ec1b · f56cd1a3649cb452 · 372b5ec5154db052 · d89c12bd1592ff53 · b1a5db34147b3a3d · 7e8ca8e992e1ed4f · 768d0c3cd61f0a43 · ea9afa89feeed48c · a5e98a78b0f8b911 · b5f46078df7f15fa · 44aded10dcb4e68d · 7237ad1e01aebf41 · 7b5fab9b68d8b177 · d7ad2626618dc67c · 56e834ad763d7f69 · c85c7cac97fa7769 · 092c0be249eba222 · 8a411e9f4cab5cd1 · c8ac6caeb5f58a6a · 003ccd056a6fc0c7 · c78bf81d90eb15de · bdeff34aecbcb4e3 · dbb032fe2b85cd2f · 8a9cd2c7c55a61f1 · 1e34cbf70538db18 · 069b7d4c3a5aab5e · 15ec7fb5504d6ff0 · e3ec2e9866179ff0 · a8ec1e80fd9b1ddf · 007e627522d174ea · 8a0ebfeb181913cd · db7b529017738a13 · 2684e5776fe8974b · 6e1d445f1072f56a · beb322f20c742fb1 · 6dea6f3173c1c25c · b680b23872dcb5b7 · 4bf015a67e288608 · 93e7366c753a24b2 · 7295aca251524f7a · ebc0c6ce84d53479 · e6bf8ac62df4e662 · 8af553ad7e018cb1 · 5d29c566d1003258 · 83c62a3dd125fc65 · d5526f9c9c0714bd · 6c5fafe170b1c3b8 · ce0b2cf70204fe8f · c591af3c96da992b · 73b95129e3f574ed · 03b2239ee723ddaf · c8f0c89f91d9695c · 0b03bc0f77d0925f · 1bf73b38b6cabc3a · 61cb30126ea621a3 · d5a5c29df359bd8c · cef249f767f7afc0 · ae21274f47eb0cf8 · e3ba84a191d5a334 · 3486682ed9c7a316 · bdb6ea32d1d44a31 · daf26aa922a1a8a8 · ecbf6e25f7b0b51c · 4e07f0f0fab6f310 · 37400800701af49c · 1664c23b5378b31f · b4eb2d987c6138dd · a4dc6ec383e1bb23 · 8d8ec0112addb976 · 1f8692039d828f43 · 1dac28c39708e149 · 6bc4a5bd24dfc1db · 38cb8ed8c1fcba7b · 2e6fa8883bce85b9 · 26a81d8727b4c1ad · 6f830a21d3f7766e · fe60caf0df343169 · bc3fcc295ef1f20c · 8376a3aa5779e490 · 889798dfb8c8d0f3 · 24a71ce9118cb64d · 76067e3abe5de274 · 2e75ff81309f5678 · 66bb3c2b4fd4ffdb · 67a188512e4946a4 · 21c51a823decad6c · e38759fc33cb9da1 · 9293d45b1b915cc0 · 22e20f0d613c2f83 · 0f3fcec19ad30e80 · a0bb4b10fefbe5a7 · 49c3b295807fe9f9 · 171e23332cbde33c · 945736f137973e33 · 497d7cdc4d0fb9ed · 955fe46431b9e13b · 918268fbe115d989 · ea822c7d30cf7446 · a3f6c3d94aee6cf3 · 10aee3fa658b5c9e · 868db6a05d067967 · 7a3e924114fcf482 · a56486185b1c63d2 · b5aebd8ac3f3e282 · 5a6d0089dd405ad7 · 2992654515f7c35c · 7aa2601515a40424 · 61f830b8afc4d747 · 14196595889c2c57 · 492ed9f43c642aba · e79f159639cf445c · 849e5bb15ed7bd0b · b6289fe5378a9e5e · e2a4c367db2fb4f6 · c9bcc58c7f8f003c · a45c829f4c632655 · 390feee34712814d · 793be9efab2ea881 · fb2ae539404fa14e · 0b23828337be0ff7 · 209c995f4f2800c3 · fade39bd3780729c · b6a4c90aaa55f9bf · 1cc26367cb02d9e0 · 6dfc5eafa1e200fd · ecd956eac02edaba · ee77f2e280b0def5 · 9192802f8969c5e1 · b4ec32171440246c · 486462e59f87f1b9 · e1e85fb2be0e5be4 · 54f1794f52686257 · 9861e33814038a5d · 98d82eee86a854d0 · 98894f9db8e50f73 · 9af082848de59652 · 06ad34acd5adb28e · f798f54f8b1fec5c · c1859b95ae9c9120 · b2c6e299961e134a · be1fbc7a97a75aae · 4febf1a7ecd4fbd4 · a21bda6e7f12b3d2 · a23dbced0d6bb2d6 · 7af8c0095eebf4ad · 8c7ee5e90154d0c3 · 66034d62f17e233c · bb98d8358c26f227 · 44ae4a1e781f587d · 2abb4daa48f2b8fe · 40b8e4932bb71a69 · 9981afd812cca956 · e5f811c324407c33 · 84aecb0dab270bea · d3f98dc3d198dc9f · 31527e14fe2dacad · ef960f747859ee9d · 1daffeeccbbef7cb · 90ed2f586a9bc049 · c34dd79b983b90ab · bdfe2cb912b804c2 · c7e3b79861b01529 · 84ce6700f4de4d68 · 7160645d1f1f7d96 · 801c969c4d2639e3 · 816f2c07813e2e0d · 27cd7dd9aa90784c · 08455c93ef56c929";"PGO0031 · The Projectionist · PGO0020 · A French Romance · PGO0008 · Paris Postcards";"Main · Stem · Commercial · General Underscore";"identité-canonique-courante · identité-structurée-courante · normalisation-mécanique";"pilot-pending"
"Jean-Pierre Menager";"Jean Pierre Ménager";"update";"341444f41a7662cc144a6e6da7319c48";"PGO0048 · Solo Piano Vol.2";"Main";"identité-canonique-courante";"pilot-pending"
"Jean-Pierre Menager (NS)";"Jean Pierre Ménager";"update";"2e672977f1d1e154 · e0ce2e24fde7bd50 · 2bce3843e4123a7c · 347a6a27d5d91edc · d05d3fecd5eb1f93 · 52a7b0c19ed39795 · f642ae595c23b7ca · 8ce367946b92518b · 71060fdf17e97bc5 · 6ee290a4bd25777c · 6ad24c1eed23c61f · f3e6db150e4f73b2 · ca44bd56ef210ebb · 273385a91301ea46 · 2829bcd0a3f72a03 · a6d9576f5d76f217 · e3af0ef8ca97ddce · b84a56a2e3c9ca7e · ca82602cd25f756b · b066e3fada86d398 · 469d3346841cfcd6 · b08c1c3234cc0255 · 6586e7809342e8f1 · acc19ff628542611 · c8ddabe1423b80f2 · fbed598cc92cc518 · 0387967591d1cd2d · ae6e8f7f7fd5ea27 · 28f4355e60e369fe · 52d41516ba6b2c09 · bf5a28b42b4c7231 · e2b38ff2dc04f877 · b61b988391f485d3 · ee160d7ebcc55698 · ce5c0a9102af0558 · 2269c69bf426023b · 46340f38b8315f20 · f5c487e7f6d8cd7f · 56e32813ea1e1151 · 409dd6231956ae70 · 3703e878b2360dee · 3b481dabbd84b31b · 9ec92c48722496fb · 2726597fcadef18d · 36bccf728df23885 · b31b557bc9ec8ff4 · a94073e05ac9170d · 4c588123bf6736ce · 6562120bde8d3456 · 52886dafc05e759f · d0f68a028ffc6fe5 · b9b7591208c88142 · a52f066f84ea37c1 · ce9af554574b7877 · 238547463dc89fe0 · 276105971a5e0731 · 91d7606b405f2604 · 422eadcaae26a14a · e3ab02815e7b7fb7 · e1e761ef8c4b19f5 · bb6ec3070be9343b · bcdfc4fa3e629d6e · a58bc419720bd746 · 57327552a507dad8 · 80534ff89d655379 · 0e42d70610c7ebb5 · 6a14fa4353c2dafc · 3689e3ce2db8efe8 · 84a5951a81df9c29 · 28e7242a506cc89a · 1b500b66f6bc3475 · 745cc14030f3131e · 12695ae4fbc39ba6 · 9af2354561194226 · 18731083de8b93a7 · d87228c9f1d64184 · 9b31fe3483220797 · d0c3ead15a43c6e7 · d970b8d8cb3e125d · b3ae9a90015f3ec7 · 6a1059c0fd136c24 · b42af0e048ec11a0 · a9116090d492f498 · dfc020bb4ec5622d · 766105e9919a33b2 · c9171368d8e6ba61 · 1a0a2bfa3dedccad";"PGO0004 · Paris Accordéon";"Main · General Underscore · Light";"identité-canonique-courante · identité-canonique-courante+normalisation-mécanique";"pilot-pending"
"Jimmy Zaccadrelli (NS)";"Jimmy Zaccadrelli";"update";"0055f6364a33f183 · 4926399f9f0a3971 · d509dc15540a09f2";"PGO0015 · Reggae Experience";"Main · General Underscore";"identité-canonique-courante+identité-structurée-courante · identité-canonique-courante+normalisation-mécanique";"pilot-pending"
"Jimmy Zaccardelli";"Jimmy Zaccardelli";"needs-review · no-change";"626a9b4d024f7ef13950163a4187f831 · 610948c271313e814b6a3cafc2e11142 · 28da7cfb9341b113f392c65889a69d4f · 17f1f6514532c6a82e6f29513a8d0aa7 · 9717a781bbefdee0a7d3b167166f3113 · dba5e976d20c416cd6b924c7eb90984d · b6e8597fcadff1759b62b1a856858f14 · 65bcb2d9e5dc8928aa780483b1bcedea · 3f64a6c4228b6e5e7218d94bc7ce893a · e5f2e6b7cda4bf1ce563f47cf806a353 · f24b395b51e81b41664ae8fe1d2d7522 · a5c48f365b9733989c1ff9219762467c · f802a31ffe6fa9e84de6034886121d2a · e2ab12c13467775284b476c86c3ef1fb · 2918726ab8e286672ce0086eed91f0a8 · 5868ca042482822910036af007948c5d · e7ebc9422528beea1a0389beb16ef19f · 797fbbe3befe3292d053399f7664c58e · 21d0a7f55feb77e899ec4ece44f3ae82 · dba3effff85d54909dc917d9b2f9b2f9 · 244779e5cefa0e18e2f3d63983696e6c · 20a2677b7ff6647bc67162a4358e09d9 · a22cfd582683e7f0110df24a0522f7df · bb68310b018c1f16656857fe24fea1fd · b00b7db56198e0ec0057d45c1b065210 · c5755e5e29415cc799d001b1d1ea904c · 7e898609d3ff82e6595a1173a02db3c1 · 9d77d45ac52e4a08aa95f04b494653ad · 1ba40e5dc1e78450ec6db8d510a5be4f · 4ee4b0e0ea84b9457fd61d717f276964 · 3d33430a513f17a92f6ba3f5d8815c89 · f4abf0e502c8f4f7f6011e29d68d7846 · be6a8010e19933baba0313aea3653aac · d54c61fe7432a0df410c558a688af339 · dabc6e6269e140dc638fabe606c4cdaa · 0592ceb422b343edd41c0133a2017008 · 8bf32a89d7f221dc59b22af213975b0e · fac7fe2fc7e8ff1be0023d5b762f54ad · 461827454c7fce50d96a52a914451cbd · 9e6563381dc0cae91b3b6e91ee0ca33e · 18c2fa443e1bf7ea5f13368e2dc6288f · 5a5f8385ef852445d48ec7ea1ed78679 · 53dbd537af88cfd18251568c0b94e1dc · 48b7d79c0f69a0e434e401939f8e6e24 · c788222cb48fe2cfefff741b6e3d2bc5 · ce99224ce85413e996937d75d4aad81f · 4448f1d5c216613d1416ab10a7d7ce69 · 407f76c230fe593f0224cfe71aa9debb · 934f9061034c2d1be490f5946bcae99a · b0c34756d7b2028f4378d24f5cabdf19 · a6a2847616f7d12c81f968bb750e744d · b67365421905a8f4bfbbe70a8489dc2b · 2c4562030c4a5b48f4a0dee45b4f1aca · 71fd32fef8d014b46c81e4e49910aed7 · de527f42cf87c0b0c0465f93e2da2763 · 235ca87642451273c32e876643150637 · 34a187abfd0e5b9931ebce7509bbb434 · 62ace895ae112613f4258be2f720c6c3 · 0dbb53bbcfd62faec7366c3a1ac06a02 · f2a5727c134b7172304572249d6eb22b · 34824a067053235d4a5a5bdbdb151f86 · 758286523fe05027563d424eb579b30f · f9467d69f7acb3d7290d64fa096cb15f · e8a954cb1aeeabd5ffcd63f8db6624a7 · 30d50b6600c32376097830698b6e7313 · 18bb8e1bd9d9e29fe9c8336bf181ec32 · 09183b2cd36ab32243a9f55b4fba54ea · aee95db1879ef3e812ee08f7a5014d6a · e94e756ee83226dbebf15157413ef91d · 1c016d984f0f104a7fd5fd331371bcd5 · cdbe4084b451224fabb0fbd01595e9a7 · a5adaab7a4f216768fa6c89bc5d8cc8f · 0c1c014d988572885ed32f3233463297 · 08ea31088c5aa55fdffb0a229b83158e · c152c64da86c176a16c589572085d232 · 58fb91949e315a7f36efd00a5b7686c3 · 4f8b46282255e51b25129a9bcf7ff87b · 15655f88ecb4e266a99587cb7004e64d · db00b56ff7b39ccf4b0f1e59d1a1994a · 3857a40b5a006fd78c01fa5d4e4d7cb0 · ebffede51801a3f55bec0bfe5745c587 · 2e088e1a844cd0880c09474fc9fc379d · 4e38c7af21c5f7176c09d8d813510166 · c03eb93ac2ba844af46119b4f6416957 · 344383cce1b1ae47adae992c05d37098 · f651edf2905b3fdc874b026b4b9463ca · 0507f275ea253655961c41933499b94d · bca98f6cda1a0637a8b5ce66f9aa0e4a · 7cbfd97aa1960d7bcfe47b34792a734d · 3c9dd7eb660d549a02ba23fcb07af363 · b3a8b0b28f6d425353d838ca92e4b2a6 · d83c65be6226b759ee0a34b1b34d9403 · 48e42b581daa8a6b2e9c5c57508987c6 · 6a1fe32a1bf1908f8e4c81bdcdda6042 · 1dccbed80f0742f6a895a529b154f880 · cf15a0ef4589f5c0c3bf3e832adf38e8 · e969f757e612530944d2e9de238fbc83 · e77a6146e93e4baa0abf85ecf58356e9 · 3fb9c1dc84ae27d16fcbf0106fb3d354 · 9b22615146089bf71b05653c79f1f813 · 104f397eda45cbee95e88c9a4a718ee8 · a2dffca2ff20b8e3b3e497dca242ef02 · 619b7312b6ffd59a739d27415773105b · 042cefbcb31d0fe7720098807fe9a57c · cdf1f78a2b51657f0e69106ff46d643d · 3b95b51931ab702281aeb5519ec2c2ec · 375242fcac23f85349a632adcf50b899 · 7dfef5e907505051c25c2be37b06d993 · 5a3f0800c697b120fc7872c573993b28 · 502af15b98088ac1ea04191799f17a27 · 13f67f800849307d73a076c78a1901c5 · 509b4f997e2319db738bfe802eb1400b · a69b7d610bcdfe3d1b153d19d2bc6dc7 · e50734e2cbc7ff6709f7fe5a918de8bb · 8183dbf7ffbe6f532047140748f6848e · 14e99da82cca7b862c8f974a5bc85624 · 95411f1faf44cb8a1bbef438dc2c3219 · 7bd987353e0673888c721e8f590e53f1 · bc3d55f3a5c83a0a34418d33bc2da99b · 3e412b01a4bb545bb9e45b1866693c3c · 663e071ad9c27a8cbcfd0f4f159c305d · 932820015fabad4ee10be3c0122edc83 · e5035e4f43864d869ce30a7b2fd9ea53 · ca0a869caaf49d62f09642fabff1eeca · 506bb19f6f665fda11ac362ba9518ad4 · b3e4e31d1ead3e30d30483631fa14192 · db9dbcae6bae9cb9009b0226533cc910 · df37b0df77241bbd061dbbcc7c3c2669 · 234394c177d8601bb3e7812e2c779dbb · e06a196dffc61a96bdb4114f8f38120f · 7b4861d119cfc715a8b9fa5447d76bef · 02dbb7b0a198a1a67678daf43ddfab00 · 0483be2a82a53607198e804194938718 · ceb1330d59de41aff4aba18fac14d9a5 · 51c2bd0156c60ba67e19589056243035 · dc6c3a7534926fe544457eed3b7661f3 · d32fd92c8c92863e7083853861daa4bf · 53a46ea7c202ed93414e68e6eb2f0cba · 883bff6aaf861a3eda939814e0000cfb · b9094454c713f844c12d2a0ae376173f · 21ae2011883a49449f21097dcae27802 · 01ea2a838af2ae956e34a82e8d0f86b3 · c51cf1f76021ce1efca90705c6aababc · 8be7cd1cc5b1bc3e8db4c977ad43870e · 25122c956d4d061dba3f03920fecdc71 · 1453837d599fdb62ede28fccaa8916f8 · 8e3bbcb11c6868b78a768bfbc68f034f · 0a7cc4d7b91f2dbfc4bc1c38474aa369 · 88238d5a0bae9a6185cd099db06ff389 · 8fa9c54479b896b12f3a652b418b53b6 · ebeb80ad322e2480a16b3d7abcf47213 · dbfc51b112ae6950d6c9aaf420c09d33 · 21b8dafb602798c3b10eaa20bde77256 · fbde5a40c5a21717448825426c6d10de · 4eb1bb76c448567f0df909bf969fb2e9 · 811fca0287b2067ce9e75199bcf80b87 · 075ac10fab4aad04584098a7674e3282 · 8df3137462ed4f0db5692cccc9aba23d · 522611d4c72f93fc17422861800e99d0 · c274af8ce85a35d59709084cf12c8f4c · b47cb4e4e4f56ff303fcf152bebf5640 · db238e6a40e5389690b5b7986b3f4ae6 · d1063db6c896eaaed89907a897caec76 · 55cda2db7503049083ff49fefba43922 · e3804f288c97160eade10750d9932195";"PGO0046 · Dub Experience";"Main · Commercial · Alternate";"écart-ayant-droit-à-valider · déjà-canonique";"needs-review"
"Jimmy Zaccardelli (NS)";"Jimmy Zaccardelli";"update";"5c831b9f3b66744f70d59acd8992716c";"PGO0046 · Dub Experience";"Main";"normalisation-mécanique+identité-canonique-courante";"pilot-pending"
"Julien Cirade (NS)";"Julien Cirade";"update";"f68ed6213f329257 · 81880d2ad01b9dcc · 2f0e9875c837f6b5";"PGO0015 · Reggae Experience";"Main · General Underscore";"identité-structurée-courante · normalisation-mécanique";"pilot-pending"
"Julien Diesnis";"Julien Diesnis";"no-change";"3ad637894baa821312956d42996dd11b";"PGO0048 · Solo Piano Vol.2";"Main";"déjà-canonique";"pilot-pending"
"Kokane (NS)";"Kokane";"update";"43c6c3657f446b70";"PGO0032 · Diggin Hip-Hop Vol.2";"Main";"identité-canonique-courante+identité-structurée-courante";"pilot-pending"
"Laurent Dury";"Laurent Dury";"no-change";"1eccc3db47481ed00bdf3124f5173466 · fbb4347c33a608928f99e054f21835d9 · 5b664412aeddbf35ad0c7cd33ccf31f8 · f9a8765e21b705326288de96510658f5 · 6f1427af2587105166561ad2db2fcd44 · cb79424c53eb215301ee12169974d65c · b0c39d3722442f8f93d8f293e6b7a609 · a996be504bf9975efe19af89664107e1 · e59e844d7ee56e272f5793d556bfb245 · 185e74e5008d097a93a58c2dab13cff6 · 2f8cbd6c9aecbe0289ee2dc4c563861e · 760b0956c3e9fef262af464b5abdb0a7 · 049f114c1641b1582dcfe7305ad809f0 · 36875fc7b0981d7b11bd0b83e3f4fb2e · d3f3d8cca17aa40ca14fa22fd29e41a3 · 72bda19616c1e6be6c7c5627bef22407 · 524559150fa20aced15d874dfc80581e · eea599abfe95f9eb555e3cced7fc3d2a · 2cf914395245d371110b1968f2c5dc9c · 4780182345e40e8988725cdce81437ed · b6ff7a887e043564c18df1447b375a95 · 6bbc463be08c4b7c11c7440eec8f62b6 · abc2f38d0af1980d24defd9a20e9f993 · 90d5e8a8ae0710ab97e5d0c2b41cb8b3 · c041c591f8d89a3009ba8e5964f96e33 · 743e96b126252d51c734f324b842bd2d · 7d14a3f4f9aab7f17f64edb01424f8b0 · 0e1da3d8b9be09544b2d93bab1c04cab · 5b72a2de4d7210f54ef649e336976cff · 1c33cb051ce03139a5e1110b6d4cf436 · dd9d3a7ef1f8beead3046a4457d6b416 · 62fd6b7a3ef6ed5802ac6e25a1d7af96 · 0ca5302a7b9e870d7e28175860d38c85 · cfb134f8278572c21a07cd5ac21ff719 · cefbc814a22490d551a363d5ac6474cd · 197fc9c4861c4c758e601891f1381161 · 0d63ad2c324bb6e2df2d83d578ce49ca · c0cb1cd50e0c2cc9edf118815bcd0001 · e87b7ba74b05a3b57c79ad2b06a091b5 · b7009f0b3705f34658faecc7c73c4f6e · 8055939241a74c9458e0e62feaa372c8 · 37e6775a07935ab450beee2acef4abb2 · a7623100bac9d8b0343b38b4ab279c5d · 49f1d6fe945cf06b3ff6b60a9ddda2c9 · 6f471a70594c5737486f3e8e4c3a4642 · 6c5122d640c15ea1ecbefaf923720cc2 · e982837dfd9f3aa6d6a4d163703748a4 · a5a8b70622161e9441aaaecb0ec9e601 · 36386fd97aa61c63c7e69a9442eeed9d · 5aecfa815c39b3e0b6fa809f6af65a62 · 64efbbd3abf9399a2f4a2575046d74a1 · 1c0af3565b5711ffec733a0d5053453b · 453694ead9a4333d1ea0eb1eb1eb3aa3 · 61217a621b72cd2ca334527cfa8b7de5 · f4a4b80d0ff7586714de79abab8ca475 · a167442995c309f67c11d6696e9a08e2 · 8c895eb1aba9b992e5b678c446660a07 · 35daec0c854be40cbb6b12dbd1e6a749 · 791cf0c775dc61d54d54044082304916 · 519b2443abe3565460d104b0db5c48e8 · b7d681e7da848c44b36fe9320b85d316 · 522473c706290bc428d75a8ad2956f6e · 55a0e544f12ff62137d8f94b99c08ecb · b3c2d633fc9b5648b0abcd0ec53192d4 · 46c1daa86c1946976b3f41c3fb27d616 · 8aac68eb8eef0da9a47129b19ff93f5e · 2932ca1c27a6ec7f50813c53077c231f · b35822fb73817971c9a43c1e2be37d66 · 5ad76c833fca167275dfe51c63aeac9b · b0734ade5eb60dd477baad6b42955563 · 9d38dc5467d6bf30a413eebf19c8db3f · 03185159bb7a4afdd0c76c1d84812603 · 1716aaab466ef1ed8c6d4457743fee65 · 1111a0895cd3930292272ea5409e76a5 · 5a5f63e60ae11966e8abba4661d8ab2b · 7d56f5a7349da199de7d51715026485c · 7c79d5272ce82f7aacdbd7d51c2762b6 · d3848067e9e22f17be876067df01ea20 · 8551a976f6cdb8acf678ee69b6e2a50f · 1ce016bab55dcee7f3f5adc7b6c51062 · 0c748a0f52b3940f4a716a04d0c0ddb2 · 64566a34259e0c55395e4c07b62b5f82 · 62b782e1ab94066055ada75a0b711606 · 8d43a2728dee4f8ef5cde0bb5a879f28 · 490f313fa1f0534ff14a0ae8e2f1df55 · 57805f984e3fc0698cb6dc5fe4110bd9 · 1caae73dacd30fa21fbda59f631137e8 · 75a77fa2f4252949c695a813692fa3d5 · 3202ea612e6bb80aa6e6fa73c375f7d2 · e2517134c217fe88ca8077ed6ba3ee99 · 7f3c7507585695da0f38ed015c69724e · 68a4bc8fb2eb746e8b71fefb7e4c8ed4 · 0db9144c216411b51e3318a30ef7f4ae · b8539498552feb9491f7fdbc39585d1c · 7c99d02153ba3ae9244bd11702a43c73 · d417dc33459d0a0b1c3a97a6d1316c90 · dc71afe80aff1e51db62779649e44dfe · a36236ac90c57ec0f5fa79234c1067dc · 2f7b4075c88eaca29afc1c62e5a0ae00 · 9a9061bcdc0f5b2c46c0ea5050d5c695 · 2c3eda8f0c29e2080553ee9d88283214 · 7232e12e36125527b78a4e1c2a504b7f · 2082d84dd4c35f8514d85faba7d8f390 · a1efd3cab88367427a12a5d68d7d76db · eb7a06b3861eac5610c733eed9e39d30 · 1d56a141f2a77bb54b9f058ac4f7e8a0 · 3d3b111c6c8bfc4e52a648d12119e545 · 0a29dc7de3b250fdd7bfbf979d5052ee · 109257afbee9986529ea63c61372136d · a39bd48f6892e0c09aa5e93279c3ebdb · 617a297f5984834014acf315da4faaf8 · e13e67d4a1b5512f3586453ab3a0729a · d790ffca0ab849905865dc748598944f · 4c48dab6353f0ca7dc8a72a140398991 · 0ce3819ab94b1b8dd1864197956b0e82 · 156491d700e7fa58ad09a4dcf79ac5a8 · 73aab8e9265a52c663e3ab9817e24873 · f7f8a976fabbbbd6c6408bba2c1e3ff5 · 070b9a410b3d35f87660791788c4a8b6 · 60d6db584c7d2f226a4cd1bc04e27d64 · 99721db66497bec4a8eebfe0b1b4e312 · ad18336eea5f316bc5e6594c5f6ea8cf · f4ef48738819b8cc3ba2146e53a0f4a1 · d162b17b46a010b594e639ad1ee07396 · bcbb3812dc5ffadd503611ee31f89849 · 5824bc6ffea5bba2dbd90dfa6a7f06eb · 58f4fc236bcd12d3eef064aad64762e7 · 15a02cabbbe4d07e5366bf6f6e99fb0e · 2c00aaec8e35af59e09b5c3ad8d5cb6e · 66c367bc052dcb33e92f8b64a68f073a · 5cd982e533b2b839daa114df21cea431 · b28a73c7d6abd7bf077532fcede7f9c1 · f56ccda07bd1af515c8aae056896e17d · 60d5e16c16937269072e4d16956b1c7d · 2e6e7d7e92400e9f6779df79c3220f1a · b8db20cacea8936e47a81ddb8ff9af05 · b7ae024dcbcaeb20193493c968f67d95 · bb191e5f875f0280730d4d50ece498a3 · f104d0542bf6eb7f0d26213547abd85b · fdb84f2fb2e614610147031fc77a3811 · 2a661f64af3effc24b0783df8abdca59 · 842709e9dbf31f4878afe5a8f20db149 · 059442fb3517e58cf38efc8209510b18 · db7fc1fa21abad5620227ab0255c779c · 6acfc9e2aa3c90e52ccd7bee39b87195 · afc6ee4a4727fc11257f5537b7b79ea9 · 3af116c3dc6d8d0256500dfa87d29fb8 · 4fd369f30936f9c8f4ac43e8ac496f22 · 2e902dd367eccac0df5e759e746f8e68 · 9680d67d12dcfc8ffaaccf20e8a95a94 · 1d8842daaf377454f03361deb3392051 · 868808cc18c801539b3d092fa7a9e947 · 41192a1306e0f36c9b70d21a2ce6ffac · 0e57587ed280e988f73c652e5f1510a5 · dd3c4d29b928a4eff1eeacfbe8bf9d89 · 419f19908e7bf79d1a81ab90cc3a2b1e · af234425df0d5e26c1e6cf9b3b44cb35 · dbef69d214b7ecfd42aec7ca4e1184e8 · f708e600097e6c40d0082543104563ba · c96defa12443d1c08f7a4855b4639ed5 · 27b83e1b235ddb27add27f32e5e86b63 · a9fa3047682c987f2472dbf4d4a760ba · d6846bd9b83ede724578cc92a144d557 · e3ef3e5c126f4e35b9a15f5b21be03b3 · f051d8f1a6d40e43784c033ea1ecd71f · 161f45e943f346eea6c8c2e72ac0e048 · 3642a996fabda7cad94ce0e89067c114 · f0a5fb3445c100f7ec97d83377f1a9ad · 9c4bc113ad256918c076997d12677f85 · f78c322e962165d2f411d71cdee7736e · b6f40f7564e95583680f085f52d1f50d · fd7ff1b4eca371c0f19928188d151fc4 · 98ee9cec16daf378c3b2b1eb5f99a92b · 1cc8d41f15e82eb4bc12614202cf6d9f · d6d64477f3cad5c1facf8b22ebc7aa16 · 682ac439b46e5375fcffa25477fe6858 · a11b820f3517baa16144fa02ebcf8a9b · c6d41eac125232af77f0091aaf480ca4 · 1d17018c9b847ea87d923ed673948f68 · 45e6c61791cd6e63699f00eda3f6acde · dcda46be095879e212d5b24358e2d0fd · e417cc5e4bbf43a64e2c648625fd6f4c · 14019c820aac63dd4042641e8fc92bcb · 9741251865c4e8b03067afdb16844a7a · f43bd9190b6759b39671527bfff995c6 · a3bdf926af2fe5dc1d97f064da5e018a · 3273c250f1d2d89613eb58dc0d927c68 · 1d7e90c772da42f22cc1b7938eb67e80 · 289488653f1df52fabbe896a7ac2deac · d3d40cebc61603d9b6cea77fe1b057d4 · 9524cac0687a576bb1e22706fc2d36c7 · 2b38456b864c4c2af90e2b0ec30cce13 · d34561ccb0728d3226b166cedaa3ad5b · a60a55734298b716b25ee12541aa84bd · b0c06cd1f92259eb9699937ee4b95e25 · 003049092042f0d9b72483d914b72e21 · c644d0ca2e8b8fd16d94595e8124a645 · 50761492d7b6124eba3017538c031236 · 4ec3f7b8c44563c1b67f959de93589a6 · 8e227a6b7404c2dcca276895144039f6 · 7b48c262e86471daa950204dee61bc94 · 9ddbf8fc1cb20c476b939630393d5aed · 36827bf40c4b12ec4b1b6d38bd9d2dff · ff0c50fa4c73b0ee9b272207529d06cb · f813995d7871849f63124adf5f56f340 · cf599b40941cff9a8a404e32b7d18a21 · 475d907cf3666bf7d52b2dbaccb9512b · 31fdbed5231e50532178a3fe5ff589f4 · d8b66b26c488cb87df123226b635291f · a1cdd9d876bf0eec98bf84836a914e5a · d85259af0da1a1146ca1d0f461cf341a · 4815bd78823676636250e5b709c7cee5 · ea31437f65410f8b2bca72fb2ab0755c · 157f96bcf228946c9cf57e2a48129c97 · ed6ea5a6ce416711d3e1403e839ef86f · 709d95b18e4dbf67ad467db44e878938 · b5ab22e5cdd98c169a30d212b1ff4fca · 68080970b74b48e9cad0adefb63b0e8f · 9b4dd133ed66afa5ea42e0858b90d35b · 04fc1c2266d8fbf42ee582cbb7edf683 · 1a68ef53305c3ca4bbdb77c55b6a9f07 · f2871e76a0356b145b0eaeb34a97d508 · a9382d08d38778bee4cff41212aa73bf · 1ed07b919c552785ce86d40bb6a4b86f · 6f8d2b8bad0c4ad5 · 0e997df0499684c2 · f43ac84b0d94c894 · f7096bcadc86da87 · 5ac0676bf5b8beb8 · e9b0b4c65621cdec · c306a7c59841160f · 1c79c5e1b7b11de5 · bc0031cb3503da31 · 5be5344fc9ae7026 · 1d40f38871ef3190 · 386342be5d79ddf9 · 0d549558423993fe · a41001ac2f0ef832 · 9c008ec78ac6ee6a · aeb3d67778354f3b · d470c80e9bd8fe54 · 717b8dd442cba334 · 70d5c079cb68aa19 · 4fffa570940f5ab1 · 852ca966a1f634fd · 72ba8a37122b6f17 · 6e7634facb20456c · 4fe3eb38f6c938ef · 82be807a89d3a55c · ba43e85d370ba3ef · dac4e00a4aa6e2a8 · 64315fb4333650b1 · 89d86689d24d88c2 · 84e99ce9230c8dca · 9bf4004e4c999271 · 7aa765a8f46cc4e4 · 637ae5705ae7d228 · 406ffd7e911286f0 · 1dca69c54bfd586c · 254ac8f6aaf95883 · c9d0608075e2b058 · 99c1d7f47dff0a66 · 77848192121bd2ac · a856127e31780cd0 · a7ee7b9e6bbb42bb · c9f479f0cae023e7 · 4088cde61c68ea7a · 4e5ca1ad5ff7b2f1 · 3198ed2e10e53b0f · 77e77404ddd042bc · ba6ed8539ba6ac26 · 885baaf3d499e197 · 1630854dbfc178ef · 3b7f95210b685664 · e5f917f749ca069d · 12ec67817df54688 · 5e6742a715d43440 · 5faa5d91a1ba199a · 9255257bc29eee43 · 823d1becc3f43d36 · 0288b1f476722ef3 · 84c72411894318a2 · bffef0b6ff9888fc · 698676cc80ac6a75 · 2db0318e719ec76b · fc3084ac86600ca6 · 8626b74fb9183df2 · ca90f85a7207f3c9 · d3ffcaf165a8bda8 · 772224fc90305765 · 853c3432f02d673b · 88be51fe85cbedae · 4dd401e44b3bf6e9 · 101d76d6d744ab5f · 5c3f644399223a8b · 8b4bedc79678a41a · 66a96c69bab503a9 · 0ae82cabcd3c6f91 · e32d1152e45bf105 · a46f3137a93bcb7d · 93474cd74c1fca8f · 331eaab0cfb437a1 · 34c43587bc0e2471 · 53d3fd4cbbefa26d · ba21643aa1bb1661 · f8548d42c35ef0f8 · beaa8a29cfa035b1 · 01edd59871db730e · 21ecae8f696d5381 · 2a318ddabf74b51e · ac9ce320146de4f2 · 8ced7c2c68894158 · 0999953a7941cea3 · 3689a446004498b0 · 0f60098121b6476a · c22473b78e96874c · 85cc4ffb34503b8c · ad54613f90a3e890 · b4ae105d7935e986";"PGO0052 · Minimal Stories Vol.3 · PGO0048 · Solo Piano Vol.2 · PGO0047 · Solo Piano · PGO0040 · Minimal Stories Vol.2";"Main · Stem Clarinets · Stem Percussions · Stem Piano · Stem Trumpet · Stem Winds Staccato · 60 sec · 30 sec · 15 sec · 6 sec · Stem Glockenspiel · Stem Marimba · Stem Pizzicato · Stem Sousaphone · Stem Vibraphone · Stem Bass · Stem Clarinet · Stem Drums · Stem Sensa and Rhodes · Stem Woodwinds · Stem Bass And Rhodes · Stem Cello · Stem Cello Bass · Stem Percussions 1 · Stem Percussions 2 · Stem Strings · Stem Bass Cello · Stem Violins · Stem Fx · Stem Rhodes · Stem Bass Clarinet · Stem Mallets · Stem Brass · Stem Kick · Stem Congas · Stem · Commercial";"déjà-canonique";"pilot-pending"
"Laurent Dury (SACEM)";"Laurent Dury";"update";"13dabbed8b79a3ab · 9bb1e542bf41c722 · afa84ea89ad83871 · 2ca4ca495b78ed14 · 7a17606565c6c313 · 62e7ada0b8564ead · 7054f7094993ef91 · 5929431d2a1ac368 · 038f9f3c12e3850b · f80a282e8f30964d · 0be916bf84fa8c60 · 8328c1e790eba7ce · 3f27fa45fd1e4b5e · 7d21ce92281ceeed · d52d5d7f11d37894 · 3e06da5cb95e0d38 · 6c70b33d452f1e14 · 891cec1d9a507e78 · 5f9a24536431a2ed · 41460df408d096c2 · 1c738ee23fbbe972 · 2e82140ab67079f9 · 90b699b398a91fbc · fb2fd6cac70ce2a8 · a2a23e232c593829 · ad98fe21aa57e765 · cf7106cbabce26bc · db44c29ca45b658e · 49de868b0167ee57 · 182473171496592e · 04e752d6060123bc · 0de1f2d882d0ce99 · 60ff049c1da34468 · cfbaf1e55f14f180 · 53610b3fe989712a · 88f50e8f3980d32d · efc2f26afa20f10d · 848d0c5b28f2ee6b · 91d1961a8eec7160 · fab0ef5f0b8b2036 · 84d1bf5a9a88f2f4 · 5bfc9e8db6171e54 · 5cf72d0eec8e79b8 · 03e98bda4a1a4bf4 · 224b6257c4143e6c · e5c11bf99a31bf00 · b55201b685aa84c4 · 39d6145c9a95494e · acd61fc49ffa9f2b · 026de171e8ca8f7b · c03c99d1ec3e8131 · 0511728b5d2a3eb7 · d913a9ac8f6f4185 · c4acab26c8b96a62 · 8d2c4377a8008744 · ae54d0334ec518d4 · 69f4968a37e5820b · 0ae7a1cced4470f4 · ccb12b14d994f121 · 6a2e5b37a225816e · 8003da29b1b717c9 · e8619d933fcdde5a · 308d7d3ccd683c20";"PGO0040 · Minimal Stories Vol.2 · PGO0022 · Minimal Stories";"Stem · Main · General Underscore · Commercial";"identité-canonique-courante";"pilot-pending"
"Laurent Levesque (NS)";"Laurent Levesque";"update";"f5f73f8e8c72acc5 · 2df44ca75c2189b8 · b211e599e25ff11c · 58f024b5c5138ae7 · 074972e78aa8d3f2 · c5a3e72972c3f9a0 · afa30b1142ee3ef2";"PGO0002 · Parfum Pop";"Main · Commercial · General Underscore";"identité-canonique-courante+identité-structurée-courante · identité-canonique-courante+normalisation-mécanique";"pilot-pending"
"Leo DUCROUX (NS)";"Leo DUCROUX";"update";"bd514275a25b4ae0 · 08964fcd50266d2c · 724ca69ab4cd5cba · 8f2bc2cb1bafd4d0 · 98c35100b8974c00 · 1b2734ee79f308a5 · 603646f5e4b50cb8";"PGO0029 · Go-Go Funk";"Main · Stem";"identité-canonique-courante+identité-structurée-courante · identité-canonique-courante+normalisation-mécanique";"pilot-pending"
"Liqid";"Liqid";"no-change";"e4e33e234c3ab77c · 18959615b2e224b0 · 1a0fc806b1523520 · 29ea2bdbd13bc99c · 4f1a7db348a3a83a · 000981980cdfa34e · 2754dfa92efa3a7d · e6edc2b383a014db · 3606cc330d10ca7b · 167054375058a110 · 0f9ed7a4f79d290a · 2c540ebd71daccb4 · deceec1602dd2e2a · e65e6d7c03907861 · 87d507cf765cc401 · 00e34d921a27b177 · 4d28e33baeac678d · 0373382d6ff95629 · 1190b8ae783e8fad · b911885c1383a23e · 2cb6e6f15c3ae4c3 · b2cc9a75d0c1f92e · b23c1784977ba396 · 5f88d7214307e1f0 · 819931f334a41131";"PGO0035 · Trap In The Cloud · PGO0032 · Diggin Hip-Hop Vol.2 · PGO0024 · Caught In The Trap";"Main · Stem · Alternate · Commercial · General Underscore";"déjà-canonique";"pilot-pending"
"Liqid (SACEM)";"Liqid";"update";"43c6c3657f446b70 · 7c37c8f4dd7fae73 · e682540bcdab1f55 · 1cec3be0a6f4e27a · 32475f31e60dad5d · 76b91e9542d74a34 · 0b8f580d3a07b84c · 4153804a213f1c25 · 17da3efe4c030021 · 2b7c1e6c2cb512fe · 33dc65372d103311 · 664f795d0bcaf9f9 · 7f17d01c416260b2 · 10873be08648fab0 · 3d8d72a8b66ce487 · 65125d143d097c1e · 024c887aa3eae135 · 2b7a1d8dbebff821 · 13d65fb89f508c9b · 74c7c2f95d9864ae · c988251c0acd1c60 · 396b64035fe5946d · 1a3b26ad09040860 · 63b59418c43d3bcb · 5a516a4f0d554384 · ef8a0176219027fe · bec2c219c4762eb1 · 453173785ab4e555 · d932876de15f0415 · 6603f837021f0ce7 · f1957c687d4e95c0 · 159c24e549743d68 · 1d539024c2d7881b · 0c5cdb3f09efdae8 · 3f0a194ad2032fe9 · d45892d10808a8c1";"PGO0032 · Diggin Hip-Hop Vol.2 · PGO0027 · Future Beat · PGO0024 · Caught In The Trap";"Main · Alternate · Commercial · General Underscore";"identité-canonique-courante+identité-structurée-courante · identité-canonique-courante · identité-canonique-courante+normalisation-mécanique";"pilot-pending"
"Lydia Diab (SACEM)";"Lydia Diab";"update";"fc3777845fdd84fb · d5a7d103205ebbe9 · 8224c373da0b4c42 · f48e3e8b79f32dd2 · 194fc62283e2900a · 55faf833ad55663a · 58f7b865ea9a8992 · da893498c2815b49 · d75ba3e90657e29b · b53057c6222d18e2 · c8a81f7a08a1c1cc · 380a9614d1bc36fe";"PGO0021 · Moombanana";"Main · General Underscore · Commercial";"identité-structurée-courante · normalisation-mécanique";"pilot-pending"
"Madben (SACEM)";"Madben";"update";"fba1d973be9a6277a7e6382fccf858be · ab03d815fccf9633665b38407b1716fc · ac147308756cd47fff93303219b2d5c4 · cf3ad017ea421532c33b7b109ad365ea · 99f20a590d052c7c0af2226b8b5b20a3 · f31e41497afa42aacfa2cbc8c960aae9 · 2fa1a6047cff926fa12eee32e2260d81 · 8c5f1e26975545d2a4ff1fb550e2f20b · f239d5edb25b5b2edab20ae3afbc00b8";"PGO0049 · Odyssey Suites And Remixes";"Main · Stem Drums · Stem Drums No Kick · Stem Strings Synthesizer Scratches · Stem Sub Bass · 60 sec · 30 sec · 15 sec · 6 sec";"identité-canonique-courante";"pilot-pending"
"Mallet Marie Sophie";"Mallet Marie Sophie";"no-change";"e323bbc9b5f0e4c7 · a6085fb1235d87e2 · f20d7c075fc0d1c1 · bd17bf0c752f2a0b · 9f54bee29fbf6ba9 · 106bfed396bc616a · 8f027183532ab650 · 079a6bf014eb26bf · 26daec1882e5e832 · cecc26bbc4e786e3 · 7b820b891619469b · bc342c097c6df364 · 9f184887644ed3a7 · dd05f045eb46f4b9";"PGO0033 · Surf Fiction";"Stem · Main";"déjà-canonique";"pilot-pending"
"Mallet Marie Sophie (SACEM)";"Mallet Marie Sophie";"update";"fe72adafbd22b93d · 96e45242dcf2c07c";"PGO0033 · Surf Fiction";"Main";"identité-canonique-courante+identité-structurée-courante";"pilot-pending"
"Manuel DECOCQ";"Manuel Decocq";"update";"584944b787a9880d · ae114a42f1e06d71 · 852e638ef8eca953 · 1e6afc42e879e8f5 · a00d3fc6457ce905 · eae3b8b204d89696 · ba602545188ca157 · 176bc7cc2c23f520 · 5afc3ff643f61f88 · 6455d8a0a91056ee · bb86a05cf60f15df · 674a48fdbc106315 · fac8a61ef9edfe0b";"PGO0034 · Jazz Musette";"Main · Commercial";"identité-canonique-courante";"pilot-pending"
"Maria Kouznetsova (NS)";"Maria Kouznetsova";"update";"72c4576672942f15 · 5b2082fb60d0f79b · 74e76afa6c3a46e9 · 5ed243195872c8a3 · c44ea0446476559b · 6d1311278a554eb5 · 255f8ab9ddf85244 · 573e80dc421e71ab · a2896f140eab3830 · 329c24ab271096bf · 35dab22f2ddc0a13 · 5ef0a1abc34a9d9d · 473e74ca657feb2a · aba5ed20705b4fc5 · 614ba41cdc276c46 · 27e9e99993cb90b3 · 0c2b6a4158b81bda · 1885a12fd1bc7717 · bd6c9ad39cd28fbc · 571cca63d1732bd8 · 5fde6bd64e29775f · 6cabf8d45858562e · d1af6f832ef6fdf4 · dc2d6530bc55914b · 99d304cdfe2af2f7 · 8a779799c9a9fb85 · b9781e61a28e376e · de214b5c597a79d8 · e9b3da4b39f3b731 · 53d2998f20d169ce · 69eb9ffcfa633a97 · 39766b72096d7898 · 89b2b53e41ca83d9 · bbfc9e50b66e53f9 · d018ebcc03e75942 · 3aa1b0e0e8c06de6 · 0bb72f552678b5cd · c3ec4a00fd6e018c · e789150f6b3412a9 · 2c70deae6d43a952 · 9005d0e31d05c44c · 0eb47a873e937618 · bcdc074be02ff6a0 · f72407861bfdb895 · 42c3c810a5bb52a7 · 0e0b33c6b8178d87";"PGO0014 · Vintage Rock And Remixes · PGO0006 · Acoustic Trip · PGO0004 · Paris Accordéon · PGO0003 · Electro Boutique · PGO0002 · Parfum Pop · PGO0001 · Paris Rocks";"Main · General Underscore · Light · Commercial";"identité-canonique-courante+normalisation-mécanique · identité-canonique-courante+identité-structurée-courante";"pilot-pending"
"Marie Martin (NS)";"Marie Martin";"update";"b1fab04e680bc16d";"PGO0014 · Vintage Rock And Remixes";"Main";"identité-canonique-courante+normalisation-mécanique";"pilot-pending"
"Massimo Guadalupi (NS)";"Massimo Guadalupi · Massimo Guadalupi (NS)";"update · needs-review";"79401646ddf67a45 · 28d32b75977d954f · 2e1421a5bbec9a95 · 3567dda59161d417 · af4b87e0fdd94cb8 · a8727ba12d615c93 · e2d620ad02f93bff · c2ba6b57868fb069 · 7e1e77949ec96324 · e1c029fae3f97bc5";"PGO0006 · Acoustic Trip · PGO0002 · Parfum Pop";"Main · Commercial · General Underscore";"identité-canonique-courante+normalisation-mécanique · normalisation-mécanique · écart-ayant-droit-à-valider";"needs-review"
"Mathieu Livio (NS)";"Mathieu Livio";"update";"f2bce59b49b9dab1 · b2f71b934abab5dd · f40510b52a981bce";"PGO0015 · Reggae Experience";"Main · General Underscore";"identité-structurée-courante · normalisation-mécanique";"pilot-pending"
"Maxime Raynier";"Maxime Raynier";"needs-review · no-change";"31a0c8ac2933e4c4 · 937d234818871592 · e42389ae39e46fe8 · 23008c29b0472de0 · 7948c59cbed1b3d2 · becdd8e499947223 · a78b2b6f55d85dbf · cf77de91528d9b4c · d01985ce8488e525 · 56801320eb1fc366 · b602d107b7a0b0c8 · c25420f1bba01906 · 0419439eacd14b26 · 92d31528787434ab · 82cb295b0ff0e11b · efd3cc295991495d · e323bbc9b5f0e4c7 · a6085fb1235d87e2 · f20d7c075fc0d1c1 · bd17bf0c752f2a0b · d33a95b7675446d8 · 6547b814b3ec4ffc · fce1fa70b3c9a9a2 · 58c00414d627395b · de15ddaa257eb2e6 · e41f531b9bee8fb3 · d7c0c77d1af483f9 · 3b6e17c2ad990bbb · 508b21adf4e1f222 · cbbd6009be560235 · ab2072c1e68e5249 · 95dda0bb50984b36 · cfc3bd6ec041825c · d0437f491bc1eed7 · 8aa67e2863d2d03a · 5530652a43e2284c · 1608c292fbf44690 · a405df65cb548d21 · e621265606abc059 · 6efda9626fc56e38 · 1bf4caf31017b33e · a252c63cdfe17597 · bc22103af9e497c7 · 6755745eb206d515 · 6181d005ee12e2eb · c383634059b37877 · 522f4d8ea4f0a91a · a13bba8236a21779 · 99314e240b2c2329 · 4b8ef9d4917c6ecc · cefa729bc41c77a9 · 0e259e010aa43fba · 5a39e75be56dec58 · 099357d77640a3e0 · 1ff17862a058b642 · ad48c8c7f48d211d · 54bd854adb45fba5 · b8137362382cc13d · 205d8557861e3aab · 15582a7e0746ee5c · 2e30a77733d00662 · 7866f5f7bdf50091 · f1c2f3b66ca35aaa · 20f7c8c1440aaac2 · d1f484f352f81545 · 9712919fb0baaf02 · 062237b8bd5d0f0a · 822761e59843e629 · 711bcf6a76b4d4c6 · 77161dac9f55606b · 5adf40833ddaf606 · b1fdfdf151c1c47f · 010952cc7da7719b · 1e5260fd7b3e191d · 9c7d74ebb1dcefe1 · e2d9bebfedb7c2ec · 27f5ca27cf292616 · cd67681fa6b18f41 · dce83da0e5454c07 · 9f54bee29fbf6ba9 · 106bfed396bc616a · 8f027183532ab650 · 079a6bf014eb26bf · 26daec1882e5e832 · cecc26bbc4e786e3 · 7b820b891619469b · bc342c097c6df364 · 9f184887644ed3a7 · dd05f045eb46f4b9 · 63983e6c0feba66b · 5874a65d845d1218 · f2d6e863c974686a · fe887999a476b20e · 902f2e72c188623a · f40f9fe5c1744251 · 378bd476454f254e · c9f245a9ec260dd7 · 96b1871bc1ba12ee · 1ca10bf92f321a95 · 7dfecb4844b4a856 · 8c6e1d5941b91ba3 · a4627bf10b0cc729 · 4553c0a62d79d1eb · eed7acd0b5d6770d · 3d2c10d1dbe0c9d9 · d98ad542702d84f8 · 1f9ffc61a4cbc9b7 · 995e279a3e5f283b · 7612c79112d5a0ab · ab823e2959d74efb · 858f6a90a93ad0af · d69978935bc8736c · d79adaef9e6f030f · e32d4716c054721f · 75e7f53c9d9405fc · 699fa8186ca6f911 · 2083190dfcbe8da0 · 7d46c4acde5a00ac · 7c3cad4ab4656545 · f12c87d715e0ae99 · fea08121d6d0ae26 · 4e239ba1092924dd · a01834b5a6a79029 · c981e7e67cba0948 · b3bbdb33a225a8ad · 63feb53cf202817c · e8f1e765cdd591d9";"PGO0033 · Surf Fiction";"Main · Commercial · Stem";"écart-ayant-droit-à-valider · déjà-canonique";"needs-review"
"Mellow Mood (NS)";"Mellow Mood";"update";"25f7df751c1f6f14 · 58e89e874c56f57c · c2e9947032dc0634 · e1b87e78c5677650 · 5deb2b7a875ac43f · a0f1ea8f40a2e7e9 · 699494de1b15e890 · 67af0ccfc76c2572 · 206edd3fff2ad664";"PGO0015 · Reggae Experience";"Main · General Underscore";"identité-canonique-courante+identité-structurée-courante · identité-canonique-courante+normalisation-mécanique";"pilot-pending"
"Michael Havard";"Michael Havard";"no-change";"8e1dcf6aa9ac6d33771f862a0c9d5786 · 520602865841b7b134578cde6a14e399 · 12e7d98d7fef071d3966e5b2f77ab9ae";"PGO0048 · Solo Piano Vol.2";"Main";"déjà-canonique";"pilot-pending"
"Michael HAVARD (NS)";"Michael HAVARD";"update";"a6c9582fe97bf9fc · edfc1b05824ed0b4 · 10f704830aaa4ea8 · 17602dabd348eb5e · 2264a41547610aba · 5bf253fe29dbdd82 · 3c2016692cba9244 · fc8ace609d8e6a82 · c3c79a9946cf2f4b · e0e9309227f5ec68 · 03880f302ce16a4a · 9bb82ec91cebc629 · 324689b2ce88980d · 60390a1ae0e67caf · 75326a0ef2b9b97e · fe689af185b287d7 · 48dacc20ba776f29 · b76e9e3a67f6168f · de5b1869061864e1 · ef71301b5fd68cc7 · 5c07ab4e06066911 · 740bbf5553300a3f · 8c1e434ee020a701 · 6b7f9c1f5e8629dc · 0da0fa5627422a83 · 20a05b30cf6479bd · 2af8684974217b91 · d55e871078e9eb6c · 497161884cec9b2d · f6057f6a8fa6302d · 9e07f3c471b24db3 · bd41714f86c1a360 · 84cba2df77996461 · 8664e792800226ad · 4b5e451ac569353d · 4c0859e9a8f8eab8 · 6e449d10caebc6d6 · 421dbe3d25331f0b · 0bc592729c715851 · 9037e4465d6563c5 · b9b03082b245eb7c · 824b3ba9ea658d29 · d2468a2443d87ca0 · a5beebf286bd5188";"PGO0030 · Afrobeat";"Main · Commercial · Alternate";"normalisation-mécanique+identité-canonique-courante · identité-structurée-courante+identité-canonique-courante";"pilot-pending"
"Mikael Sala (NS)";"Mikael Sala";"update";"72c4576672942f15 · 5b2082fb60d0f79b · 74e76afa6c3a46e9 · 5ed243195872c8a3 · c44ea0446476559b · 6d1311278a554eb5 · 255f8ab9ddf85244 · 573e80dc421e71ab";"PGO0014 · Vintage Rock And Remixes";"Main · General Underscore";"identité-canonique-courante+normalisation-mécanique · identité-canonique-courante+identité-structurée-courante";"pilot-pending"
"Mike LADD (NS)";"Mike LADD";"update";"c3c79a9946cf2f4b";"PGO0030 · Afrobeat";"Main";"normalisation-mécanique+identité-canonique-courante";"pilot-pending"
"Minimatic";"Minimatic";"no-change";"5f2a57239026b843efe68489cb48b0d8 · e4634d446f840997aa4a01086dc78f5d · 005e370570a4bf54d07ab1f4f884b52a · b3d35ac29d08cb47a7f2a04d6762122d · d1c266d7485df7327a0570725e3dc24c · 824781be84f75378270206d0237558fe · 4c99273d60953fdbc8e09162fd522fa0 · 7d198183d23bba18dd58067f0bba419c · 334e54b441787d3a9be0ff4653d32893 · 10f439d976983b851f0e5d4526d686ad · 20a04b177cf567e4963dc628ed89b015 · 95f358109058ea23703d479eecebb554 · ac213cd088c8a40e78999e55f670b9f1 · f992babb9335890ea5f6596710fe6e45 · 0b87ac194ab56b28e4e06ed5415c7678 · 236727f04eb5e4573ba639882f392278 · e3ed3625af3396202839298177bae065 · 544ae32feb6fd41465032a20714586b4 · da76fc435c03502eb2b93ab5fbacd101 · 18ea7e6092aef286c35f0338d33b8c06 · 971fd7fe57002381d5254e1b5a75198f · 8dbf80ca29a06754f13b420640c39c79 · e2ef6f56970ba36266d00fa448aa718f · 13e913e849b0fc45751fd8bdbd2125c3 · 26192869670dbfdd2a9c50b4b4c77143 · 631e0f98cdf3ad7cc5fa5fcef9231076 · c9890cbb063cc91dfebc52fb77c58bc0 · 7571567ca8bcca78b3c9f13a72416d85 · 54b49b75f6d573471a21a624e710d6ec · 87e0f06e0978bf9697298b65cf174515 · bb70760bb2dcf2cb1dfa009cecf39278 · ff07e5d6a903f01220737f3eeda52e20 · bda47ba47af05eb0fb959fb67c9bffba · 9d3bac06fc2cde54e44022dfa446d53b · b8e216ef7a25d007ea6b0b4b0c67c0da · 288dcf3ef9c0a30be21d85af5b96d27f · 5cd81bbe172f5bc215fd11c28fdaf3f2 · 52ab46d43be3e2f649994241da5d8df1 · a9c15f1a292bb10837672bc66a140f57 · 53aed3691b7d2cc08fde26c7d7b85a4c · 8b972cd298ffa972fcb2f7f143c2b9ad · e208d4c5d29efcf24da2c7f2e1806817 · b0feb7520983096f506c70eac3f5f9d8 · 794e0c6634a085d6590e3eeffa7d0979 · ebf6292bd7e33421d19ac6c2b3a66e46 · ef0f923bda81ff1525ac91312df49218 · 73803ba6b9bafaceb52f19846f7a5f45 · 16c2e4e256b0f4eb5ef5016a965ba838 · f36a9e2f54c8de28b1f63a0a7d7ed015 · 2200ede67a8fb54f3b89ff04097f509f · 116a9ac806e9c3be5e387a609368afe6 · 96a05aedd42c6f6dd8b7ac55fd74fada · 74edb12b9e76c9ea459fec4e1cb56878 · 980b0311d35eef78a7b183ec04e1cc7a · 29c683975d091eafc4a3770b88e9bc1e · 944e64a29810edb5fb770d290586bc86 · 6e49260964d6411f2ea19a25a63bb48d · 7bfe279cc21f6a282376c3152978c56d · 3563376668e34c4917efb326c1953b86 · 9ad2f22520696b8f8e4266c116d590c2 · bdb18b069f0484c0d8c920aef598eb07 · 91cc5e766f4fcfcd5e6205ef82d3002e · d04a05e058556d24f4ead2fcce1045dc · 8ab320fefcff2cb1f291301e1ee12b1e · 3f980998c04f2814aa06d6541bd1de47 · fa02a20b3f456a8f37222483f5eaf8ec · cd16822226bed538896a0c7b34ecee45 · ba0d7688385ea495dd44f059ec74cdd2 · 5dc0799ba792c7de29f28aef7166cc15 · 732623156225924626643b9d8e0c9d36 · aa8cd203e7c874de5e5c88f98c6c6583 · 4ad7aa5b85d1d3dc218008228c9c5a17 · e2d216d1d192a75ff3d31f21094d2e71 · 200d23630ecff28008538be600f61263 · 8be226df93ee3efaa9ccdba6d4858fad · 83c57318510f2a751ea8644443aa65d1 · 376d26b862bee1a6848c268931291d96 · a10a2976e3b663933defc79e1862f179 · 79f28e397ffb7fb69aad24cdf904cbac · a9a93bcea19aee111a216c0aa75bd221 · 875ecd2720a0a3c0e156b41d2b450b23 · 4d935a68237f4a2ccedaec4d3e7ab8b3 · 2d9e073049d7b43c89cabcfdbae5ec38 · acd5a7018ee523ba083e1fbf453abf10 · 3e8f5aa0c1535e98f74814e0e0b3b8bf · 7052611d10b6944f001855a792d39199 · e198af0d97b9e0c5937f95045b7b3f7e · 39e7ccc4a5e29e4db23cdebe18f55deb · 9b5e985daf851a6d0857fdb4db05478c · 549466c0a170b61218de6d8893bb21ff · ad669e676ffd56f1a37f5180902ffe2d · 13fdbf918a671fb68038350966fd327f · 6a4f8d23b8af8d432bd5f06324cc2c49 · 9249c998f4fdf4dbebda332bd57e8e19 · ebd5e621f22dcd3fa73db5d93121a6b4 · 1c79d36e4ed25ccbdfeb8d38b1282894 · 3202f0b96e7c41425b8b51793e71acf0 · a217485248ccc06f0546df9dce9a0af7 · 12157d63445139adc561927a454c7a64 · e05ac9d4b41fc40e3fe84b276dd34dcb · 906170ca4b4100440d6283a3c612c7d2 · 0d758bd7555f09c0e8dbe0bb420627ee · 8278ae2b7b098271b13dbe7e85c7a6a2 · 707d6b12356ca8892e95eaa9366473e1 · 821c62dd2042bb9bf7c4b7ded5470e00 · b4cb7665f76c02e5b5a492e1c5985867 · 484c77d3c6ec68b8ead439143d8f1a85 · e51d91bf92236818 · 59151f206f438068 · cd267e2a64ec3b23 · a69da78455075640 · 43527f19decf7166 · 5f820c96f363769e · 6b5fca7a7b5f08ed · b8abf6face5ba6bb · f22e7b17ae96858d · 79342cda8958d796 · 0dca24dfe3a42911 · d339096d558fe923 · b715ea1525c3a4f1 · f9b7a95dbd7a2c28 · 5ec72391892a6b0e · ea5e907278bf9187 · 529c2d4ec34d2c08 · 982f3578dc3ec8fa · c49c33cd10eec297 · 05d4dc0d8234785e · 4836b0746392c500 · 7f1b8d82b0377660 · 4d6236f551bb5569 · 631450ac79c0f428 · bdbf91035d259a5d · 2cefd0bb2dd8a6a7 · 5f7da5db60d3393d · 9542529434c8296c · 23e50e48b8329d76 · 71fd2039d4b7c8e7 · 30e90fc7492f9840 · 9fded55d9ff121b6 · 24a43544737ce20b · 3456cefba82cd2f2 · 88e7d31a2a61f046 · eb25df8a3037100f · 49a53082991b2053 · c9975e2d0479af11 · d758e6e4de9cfbd5 · 2e14adae6f3e3534 · 2426c432d6b929c7 · c9ef91cf8c181362 · d724d3699372c834 · 3b3f1a7d6c5ba4e5 · 0999384480291543 · 242f291268239396 · a191d5d1681009e4 · c952c286f6b2b019 · b424037ef2f2bc27 · 310c3e5e4849f40e · f3fff6b22bc1c88f · 1f57c6ce263e7702 · 149e859c61f30366 · 6704c1078f7298d9";"PGO0050 · Riviera Bizarre · PGO0016 · Pigalle Bizarre";"Main · Stem Bass · Stem Chords 1 · Stem Chords 2 Melody · Stem Rhythm · 30 sec · 15 sec · Stem Music · Stem Vocals · Stem Chords · Stem Melody · Stem Aqua Fx · Stem Female Vocals · Stem Male Vocals · Stem Funny Vox · Commercial";"déjà-canonique";"pilot-pending"
"Minimatic (NS)";"Minimatic";"update";"899d7039c42b053d · 8ff6b63b396d75f3 · 6e284b025dd3da64 · 95fa8f055661c431 · 6cf571e437d2ace6 · 4e2e1b5bba6fde7b · d6dca6b4d910e6d8 · 99df8f0d0566329d · 7586ccc91e0dd76e · 3ede8947b3f6960d · 90118955e35e20be · 351a36ff0dcf036e · 286e8d844315f2b2 · 533ac7b173a15feb · bfcd5cde98c4ec8e · f9ff2ecf5a522f88 · 7fe7efa86d41b9f0 · 7a9ce6c87ae44d36";"PGO0005 · Electro Kitsch";"Main · General Underscore";"identité-canonique-courante";"pilot-pending"
"Mister Modo (NS)";"Mister Modo";"update";"5d770bb2d9a3d9ef · c6241091d4143e90 · 35c94039cfbaa3c5 · 830aba9842658ea5 · 880d3736115399e4 · cf3ce5d6307575c6 · 179562a644a0dab0 · 5fb6e7cf31c3e05b · 40f0d0e509ff9465 · fc92d01501e29c7a · 44d3e07e83627787 · a7354b8bb089c92c · d8047327d006a403 · 4cc40b90a85c8caa · 855f789a435f0d83 · 4028893f3e2d053e · 21843ab8a99d4052 · bb65992a96970c08 · d2bea35926f5d447 · b26dbfc793cc5669 · f407926454b7549b · 80151fe83f76e4a8 · efc038ed2c176f47 · c9ec7dde932001c3 · 19c76693a7c07b0a · 69a4f555de4b999c · 316edaa4ca9e0cb2 · 7b79834e3b5d4888 · 266bc6448fac9522 · 4789918d50a618eb · 1630a657725777ad · 7d1dad476246d156 · cbda0a3e3e4acbd4 · e078df0dc7278b4e · 396faa616b4db1bf · 16eeddece6b07afa · 290a59f41c422df1 · 27b04d491f94b299 · be843fe51921964f · 96d5042e5b85925e · e0013ede2459a886 · efa31468c960a512 · 446a3b6d688eaace · 55b62320eea3cbf2 · 5282a6c48ec0b0e9 · 30c4c39b14de745d · afdd0475710a2f79 · 8498172502190b6c · 8e59b0daf786f878 · 2ba32c25ff72c939 · ac2d28787795ce16 · c99d1af787a1b729 · 4ad193fce63a0380 · 7efc3a491b33b4b1 · 19bd3afd96ba785c · 46931ec4fb0fcb83 · 600c407018e20093 · cdfcdc1aee4fe75b · a0d9ad22ef744a0c · 0cb9620b576fe7d9 · f79a919ddc7bd542 · 29b784196e1cf73c · eb0eab154dc1c2be · 0bc646e3b26ac0b8 · c1e93806ec63eaf4 · 1633339438f72c86 · fc84ecfffcdb7f00 · 3b751a9ab6d88e17 · 28b8dc05d2711804 · 52fe78101441a98f · 872f71c70c578e17 · b651ee6982adac6e · 8320b6522d74b497 · 253698f560ef5b05 · 924154674724f4f8 · 80db6892b3649010 · c839b20221deaf38 · 2429e093a47c9043 · bdeb421d3afb53c7 · 0e5297fdc46a38b9 · a4d2ba45a252d903 · 0ab16b1b48deba4b · 295ef098364e7d51 · 74a2155e6c6702fb · 42425634879f9ee6 · 26d258a8585bbbd6 · 65fbf6c7231251f7 · f2c4b446ca95346f · 9bca5ec7ea19760f · 8a07eca508bbdf19 · 730c2b582fba7cf9 · 7f4c1f1c519d5972 · 1dbaab6d0929391a · bbb22cb6797bd306 · 50a1d419f075fcfc · 517598f910026e1a · 3c6e8cd390dc1aee · a89ff268ddd4ba1a · 1dbd3f337f79abe6 · 71b54358e921c7da · 928c743c9cb92e82 · 6984238f7b21078f · 1631694bda1303ec · 52f2faeff60a8483 · ddc2edfa32e77744 · edd46b43b8124eb8 · 5ddde6b8aef65a1f · 4334737cf67ab7ae · ecd9bceaba6819b6 · 6469dcba84865a10 · c986336589e0c690 · d56bca8cf619c86f · 021a2fc655298df1 · 34fcb78df0013039 · be53beb59939b0a7 · 540f7b9013df5cdb · 36ab7d1d9583cfb3 · deafbc4c60f41762 · ba93bd393f796b12 · 9c46e658d524f03a · 28f0dce98f4c5927 · e9b49fe343d25c94 · 50dbe2e2ca8b5fde · 5a41ef6f4968f58f · a87a9b825841d38b · 58edeba204ced9b8 · 8444305865f62ffd · 03e321dab9438687 · 85aee919bd9a5933 · ed4ec5c2de0c5f5c · 510ff111ae6dead1 · 3a4c9d223e4bcc9c · f67f1a56d7d7192a · bf4eb8fad8bafd61 · 6305c75110d8e26f · 59beb89185707a07 · 36792d2ca886eb3e · d889ff9ba064c76c · 20b867a0410cc627 · e2f0367ee797427d · d5077abb8c4e7dda · 0cec5d8a31aff2e9 · a2977db6b74df794 · 8c3022d2551d5ec8 · 45a67006b0753f56 · 07b8a81c0bcfc5bd · 72d246f1e587b0d7 · 08a8fe36c30e0e21 · 589a2de90055357f · fa35184ea3e0079c · a90cdc32c765ee48 · 07ae8a430e3e48fc · bd962f6b21cdc45f · 80e0415cb7ba47e7 · e62cdd4846e8178f · 953c78aa7666d6c7 · b90936b09fdc8573 · 07f6af22ad034e01 · bb88bdcd203d3633 · 99b2bb20b68eb448 · c4e60cd5a360ebe7 · 3ecae5fc938c5106 · 6394a75eb6325062 · ce348585bc01eb9c · 04d2ce1f21f9c80b · 8c4bc5b4b6531be0 · 4132deb7f01c0508 · f71872d45bb6d43e · 94cf0f8515a9f37e · 02d0ea40524d60fc · 63876677608324f5 · cae1918ad18cb401 · 860af4aa25ea8217 · d59be736eeed94a1 · 760c0f007e29364c · fbcff8e9bbfff89e · 64e2db5514c17cbc · 6ffb5531c79d883a · 25dd1db4da974f0a · ea32f5c313fe23af · ecae5965344df990 · 5d7b51c072ae0d3a · 344dcc5ca9ea954d · 639aa8474ce164fc · eedb7e6070b822ce · f82eb782709ac871 · 93146cc2ac13c9a8 · 3b7aec7f1145774a · 77cdf4766cac6400 · 3a348575a12dc1f6 · b66807da996befd3 · 3f61c9e60fe234b8 · 5084f1ba51798a90 · 228e94b9549360f0 · 02da234d42769d0b · cc13fb64a56c35a0 · d0ea8458fbaefa92 · 0b0fd61967edb83b · cf0dc4d398c7ae44 · 5d3a5d7f1fb2d43e · 96c3cd6aa7aee3d9 · 711dcda6627be01f · 5cbb14822c38d2c4 · 90a4258f1918fe30 · 47b59590051d8a06 · 0181b811d63ae5ea · 1b08beace9de6bba · 613ecbcce41648f6 · 662aed16e1678430 · 2bcc7917896446e4 · 5a02b912d9e24e78 · 1fad101831fc281a · de64d6e380833107 · 52c250a78740a465 · 3d6e90fd2c552db3 · 2ea120c885f3d356 · 60e890e0a1bb8940 · 110f372db657b03a · 575d5b35200cc9ee · ee2618ba415bf077 · d3c98f89e562ac65 · 0db74f55f5dc3be5 · 9b03b8ce72f1d119 · 04061bed02e52015 · 1772c492af8b38d7 · 35b21dddcc41a905 · 4d7b6b78524823a5 · f471bf0963da8647 · 98bf5ba22a911819 · 4d61b4ab2edae713 · ce138f9a4d3365a2 · 2a91c0e93d167aab · 9d6bc5a591093a3b · 20350943a35fab13 · e858830716400f05 · eb35b4c591906397 · a6709b930f80cc0d · 6f02b450ef485f5c · d200f221afa4de18 · 22f8be8a2f1bc399 · 108aec442aa3722a · 6b39af7098d09548 · 2d41669ded51cf29 · 1ff47c6c15e18164 · a82b284319d94a37 · 2e65b94566fa2206 · 6cf0fef68b98f373 · df7a70c5ad90dc25 · 33818ede7203faf5 · 0da9d406fe7f2995 · 6f848de9e8784cec · 1bc8db2daf96ac85 · 6c45c6d65a61ea41 · f95a745a7a94bb80 · 1424711298043a2c · 1faa14bcb69ab693 · 37f71dc1ce4b1bc2 · 955f0dcbbac6a15f · a29a804ca1e3446c · 952fce9fce1e0cd2 · 340ad80a12130120 · fae59d68781b28ba · 9c3d6bbce1a6be3b · 4564c7105a0cfd52 · 85a19b20739a2568 · e14ec16085f0c040 · 99cd19df352ca4e9 · 386305da06d6f117 · b2c523f30e256915 · 7effe9c7a7bf4a6a · f6483391f3928a7f · e75ccb9fda5cbcd8 · 20a7c9a799d0b9ea · 55aa0985242e2440 · 8f1380332bff1200 · b5035c7abf737d4f · f159002542a2e1cb · 50cbf3fb9232da34 · d214aeceb1a33465 · 5f981bb28f789a3c · cbf6ba8cab94de5f";"PGO0017 · World Hop · PGO0013 · Dark Ambient · PGO0012 · Urban Crime & Riots · PGO0007 · Diggin Hip Hop";"Main · General Underscore";"identité-canonique-courante · identité-canonique-courante+normalisation-mécanique";"pilot-pending"
"Modulhater (SACEM)";"Modulhater";"update";"d61fac27d92967dbdce0e34f80eeefb4 · 16e4e420eba04ed255f41004b55e4060 · 3688ebf05a547ccc27caff994236dfb4 · f86a54a075cc7ad7a6df7c3e79ca8f3a · 75306f17585fb621acb8dcb877285d59 · 0d421eaa72bb37a160311e4edbe3ccd6 · 468eb459ba29c5cd811f59bd0f1e9684 · 10455589090cc1f0cbd39f711c97d335 · 7527f62fd8b23c09d50760c0e210dd33 · dc2c476e897f023aa91ecfb1e865b232 · 1b0370a524a0acea600b7721874c47f0 · 2647b95e001e0942da9c802f41da3288 · b22181caf690fe4b56e374806a1cdafb · 7315aa94b51e99fce3b1606a7d4915f6 · 9ab2df2fc2ced9271418f4be588d3f8f · b3c2d905ad1ae367ec012c8dd5f718c5 · 39c5c66fede80b3b468188b82a238cca · 62ea87989cb34cb7136547d449026447 · 09f4d308982e1eccce5270cccad93cb6 · eee12c183fb394e2113480bcc24f60d8 · db4495310e7edd4add1f622bfbaea62e · 6260589ef07bd7e233a46f330ccbb83c · f232b187df4b21f3766f20165c6a3719 · b8a70da76f6c41dd7b1c5c8d9875132f · 3d825ead18cfb203fea8cf5a7493c46b · b1e870293633ee8a577f00ae6d43964f · 0a6da3052537e5249789ac4cd48db822 · 025d36074cea942752f9655ea5e655ac · 0e9aec15e449c857366a975c9cfac349 · aeefb255b97b17a5b9f634d2efcd1625 · 17c5f7b4514fa7e052486bd4654f1867 · 2c7fd7f0d3d41af18b8f7a8ca5a75324 · 2904a925ab40cf0d4724a41f9812271b · 826d0d587c3f101763a520e42641670c · 3b633db47833f468b24a169fd7781c9f · db98dbfa5295c67a0784787bc2db4c5e · 1a7c5e36dc56f342586dcd7b6b781c0c · 4c62b78ee0eb15e29caec03ca3ed3184 · b64a080b52d9c36825afd4c9ede06d27 · a2e67cc2462ae64026eceaa1a3c0cca5 · d22297db481bd16aa98d37208af2ed77 · b2f81a6756aeea07442a087b67ef999b · 02f20298ec0cecdfd6e28a6fd5e2a397 · 6c534f58ddedb4a539b3630a91be11c6 · d7774aee00d4e43380e58f54456bbff8 · 4ee6cb5d45659eb1488bd478c4ddd972 · 1b1fc7c2968e77c6924634f6437d6de6 · 8f2982168096d563bbb3e95303aae63c · 020c64c0cdd4c2df31874557b9a5d40a · c9daf0b89ea35b4ba3f02e03f840c026 · 18422b4b2d9320304da7c7f08ed108e0 · 9c16a076e4b8d352255610d23beb68ef · 0b5877e108bff8595dea3e100aff7230 · ddad80d1c015a22007b4e91024696100 · 1ea927541f686c625597ea257e4c44eb · ad5a84e125a8834cbf4bf68cef268cff · 00cf00dfbb805389c10bc4bd14f6be95 · 62ec64cfde6992975cf41e3e93027b39 · 12528aae63d2460f4481861df355539f · 7e7b106589023faa2965aad76a08980c · b8bd333b3973236be5c7d67e7b8895fa · 0c946d40dd1836fd7eafd3a0e365a454 · de83b1e8f3b15ea8c6d427f016292142 · 031db54c42c89cee3360b05598c980d9 · 83964433024a0dcea392014ad85ce160 · f9920fec5c9184b6596c4e7d76141ce6 · f0e36906ebe0e70898e066ab5e3a7552 · aced4ea1755f98acb315cfe39d49c9b8 · c1b2d47e1fe44491a446952f6ac8996f · 8c77e1b4677476e12e239a107cd430a1 · 3db04523815aa3442fae14bb2b1ffa33 · af79c8b0361fd5d712e9a3b1ba8ebf25 · 708f9c68990ee34f45e51652bf9e51bb · 8baf473e45a6c7c9695efd4689284ce8 · 49f31e70a4b755779e51b65abfb87aea · bc84883575caa53ab013cfbb52913e77 · c4675c761c7865f6aa7e72787c619168 · 839012d09d9ba4703b13ac40f21fef50 · c743bcef6e4f9ba14cb994952369401f · 9080945f54a9d97d5b7f932b4ebe7b54 · 68410256342d5d6dbac203e245e689a9 · 2b7e30da6e3c9836cc05da209b6722b5 · 18cd536c6cca4dc070328c0f0a7c696b · b5447d5157ec53bb6f281fa3bea4d3ff · 71ae639cd58cc7ab3635cb73acbd5895 · e8f228760f6c02f9131c5d8b5e74395c · 82d5250ae1dd3fb55bcda4cda215fc57 · bb4c995a72c12c8e65668066aef9f654 · e6641f50509585ce3926f547c3676fff · 28cc77bf95ec0d358499adadad5c2b74 · 9efd4c91de37b59a32354e983c871437 · 37592651b2e49aae091ce1d36c888103 · eeccfc6024d48de3c5b0dff8cd1fa928 · 71a5aa303caccf955685b6c50730ef1f · fcda2fc6f0e12bf6987cdca310fdaaf3 · 69fbb6bf9f18f3ddfffcfd8b9f48d0c6 · 6a667d4a1300d69c4951474f2b8a92cf · dd6cf2932db217cf6b000d8ff1f719b7 · 0df086470866a814a6eb076f13681c54 · 1e516b51db55ff5f30311e0ba134f218 · 65410088bb5be88f88f6c47ec57c7740 · 6ff7b32bc72221abaf5d36457888fd9b · 56e4df3cf502d6a1d575d9047a4d7adb · c6dba221552208d1e5aad37350dcb1bd · 38df86bb2ce48cb4 · 96667909bb6ea63c · 95e4c2df2a48518a · b2765f0d76d12873 · fa5fc9004c0a99fd · b1023970bb6e9512 · c617c0b28ea7bc5d · 392d22834e03267e · bae112a1a257021c · c6ba6cbbb63f62a3 · 297a21a9062dcb77 · 99e96c00af6b383b · 79470ac48e277288 · e480e273b7c965e7 · 7afd6084fa673dad · e693a65499c442d5 · 5455264f352f7d19 · b6302d8d9d4e03e4 · ab36fed70e0774c0 · 9752726df993690a · 7d19eeece34acd43 · d7c4344367fa4366 · aeb3ba45890a1809 · 2a787d386a8e286d · f2ffabc40631be1c · ce69ed80a0da60e0 · 0dcc3b57b88b1329 · 6ffc7cd62bbd3170 · 5f87223441272e47 · 7808565679470c0b · 344b591622f7b2f1 · c58149aad6e3443a · 9d94b4e5866a6a20";"PGO0056 · Acid Body Music · PGO0025 · Acid";"Main · 30 sec · 60 sec · Stem Dark · Stem Juno · Stem MS20 · Stem SH 1 · Stem TR8 3 · Stem SH 10 · Stem Bassline Proone Left · Stem Bassline Proone Right · Stem Drum Loop Left · Stem Drum Loop Right · Stem Juno Arpeg · Stem Reverb · Stem SH101 Module · Stem Volca Lead · Stem Bass HH · Stem Drum Volca · Stem Kick Bass · Stem 303 · Stem Bassline · Stem Codekick Bass · Stem Kick Snare · Stem Noise Dly · Stem Bass Kick · Stem Drum Loop · Stem Synth Lead · Stem Bassdrum · Stem Juno 106 A · Stem CR78 Loop · Stem Juno 60 Arpeg · Stem SH101 Loop · Stem TR606 Juno · Stem Bass Pro One Left · Stem Bass Pro One Right · Stem Bassline SH101 · Stem Volca Key Lead · Stem Juno 106 FM7 · Stem Kick Loop · Stem SH 101 Kick · Stem Snare Loop · Stem Synth · Stem Kick HH · Stem Noise Loop · Stem SH 101 B · Stem Stab Dro · Stem Volca KE · Stem Arpeg SH101 · Stem Bass Loop Snar · Stem Bass SH101 Loop · Stem Kick HH BA · Stem Main Drum · Stem Volca Key · Stem Arpeg Juno 1 · Stem CR78 Loop Left · Stem CR78 Loop Right · Stem Drone Left · Stem Drone Right · Stem Noise Loop MS20 · General Underscore";"identité-canonique-courante · identité-canonique-courante+identité-structurée-courante · identité-canonique-courante+normalisation-mécanique";"pilot-pending"
"Molenat Alexis (SACEM)";"Alexis Molenat";"update";"e8b987787d7b1a6c · 3928d3169641ef77 · 5ba81fa529730740 · fe72adafbd22b93d · 96e45242dcf2c07c · 838d36a787cfa682 · 41c85d5d1c5cac2a · c2a459bc72c1bbb4 · a33b788226627760";"PGO0033 · Surf Fiction";"Commercial · Stem · Main";"identité-canonique-courante+normalisation-mécanique · identité-canonique-courante+identité-structurée-courante · identité-canonique-courante";"pilot-pending"
"Muriel Illouz";"Muriel Illouz";"no-change";"82765264f68f5ca2fbf2eaef635a94e9";"PGO0048 · Solo Piano Vol.2";"Main";"déjà-canonique";"pilot-pending"
"Muriel Illouz (NS)";"Muriel Illouz";"update";"a2864c6926f2ae39 · 70c5d38311fda159 · 4b081baaf52dc08c · 47bbe1944890ba88 · 394d1217173bd587 · d4031ca2a3fb4062 · dc6d2c7ecebe409a · dc49e36dc58dc3f0 · a808fac234a4856d · 4e10ed826e9f1988 · 2acc3caf5180fe1d · e5c316455ec95823 · 24aa005523d7f7e6 · 3f4a157bc3d92082 · 4b4509398f7ed6f0 · 0b9486d846f63a0c · 7802828d605e9519 · cee2da5cc17016e3 · f04915e31059ff22 · 33a8ea18903db607 · 070d24cca6b34396 · f5f73f8e8c72acc5 · 2df44ca75c2189b8 · b211e599e25ff11c · 58f024b5c5138ae7 · 074972e78aa8d3f2 · c5a3e72972c3f9a0 · afa30b1142ee3ef2 · 5bedab986a8b107f · 55f1150e7b652ab7 · fb1c5b054d63d7e6 · 6a64796e6b25f93e · 2bb08dd49c5128ed · f6391b936d9502e4";"PGO0003 · Electro Boutique · PGO0002 · Parfum Pop · PGO0001 · Paris Rocks";"Main · General Underscore · Commercial · Light";"identité-canonique-courante+normalisation-mécanique · identité-canonique-courante+identité-structurée-courante";"pilot-pending"
"N Zeng (SACEM)";"N Zeng";"update";"74c86772d46d335db10b705005dea967 · 44e91b67b712058a7d5b76d2dd1ee1c9 · 028887543e3913f210d0a58d511cb46f · 69e43d82f7105f1b244a9f3f05ee4598 · 5faa5f19ad5e457fd93f70f677e9676c · 2937dfffb2d064d4dcc2a4b6d1098ef9 · 6ddf7369a2dddb5abcd487d41e816fc4 · 77bb8cb4d1852348e965225fb4fad157 · 214eb170f0861fb5600323b36d13555d · a4d72b32bd0756e2033e731a0e8aae54 · a0fdcd79abbe1c48d7a6998e0be7c670 · a1bef823fdbe586d14ee3e2a381b91b0 · 91716c8271814a07e8b8ed81a7d60023 · 690f68690dfc8fd3b3461f6af6162ac5 · e7cbf83e62d4c81bb71200b5c34fd5d2 · 9ca93a6fb5140bb6a1454894f94cc8a8 · 60ca996f3a31b9b4bb2b914d872d9f47 · 881e433f26288c62665abd2c4035b467";"PGO0049 · Odyssey Suites And Remixes";"Main · Stem Drums · Stem Horns · Stem Strings Synthesizer · Stem Bass Drums · 60 sec · 30 sec · 15 sec · 6 sec · Stem Drums Bass · Stem Strings Piano Guitar";"identité-canonique-courante";"pilot-pending"
"Nardos TESFAW (NS)";"Nardos TESFAW";"update";"c3c79a9946cf2f4b · e0e9309227f5ec68";"PGO0030 · Afrobeat";"Main";"normalisation-mécanique+identité-canonique-courante";"pilot-pending"
"Naufalle AL WAHAB (NS)";"Naufalle AL WAHAB";"update";"2587b3d93818e717 · 71a9abdd1a0dc808 · fe0a0a89dfb81ea0 · f85ef0fe985af353 · 75884c68c19f9c12 · bf61245dcbf08d23 · 93d0caef9622d6e5 · 237f242dd1e7b277 · 49adbb5df180778c · 5a4ee3ecf49001da · 0392e835c0c25f74 · f73d06e0c25b53b2 · 5f5c778a8d82e6ff · 1b2d34ca36ee3624 · b0a7ccdfeea03396 · 81041e8c44dfeadb · 8d2f9b234fb9ade0 · 1e7cdcd1bcd0df0a · ba41cbce9584c78a · 2403df3c4d73616f · 182759cd54c4efa3 · 6207858a3b1713a1 · c6bfef741f6ed321 · bbba48afa0f630d3 · 33f522f291fec33e · c2e2c5efdb8ea4ed · f0a65690c5de540e · e335892c555eb79c · d342166bc687a36b · c215b28212915bcc · cc4bbea96b06b56a · b7cabb2e778f096a · 66e9e5b09bd6d48c · c85ff91819b45a0c · 03fda0ae97cf0505 · 57aad6da4a1ada4f · 2a1bb859b17d7148 · 999fcdd94ef60002 · 63103217b46ae419 · 43ee38ffdc533140 · 0606a9cf4af2d2f9 · 773a1a872dc073cd · 499c5857761045fa · ef03096c5387dc4d · eaa376d4d2ddeada · c9a351fe9a5eaaf6 · 985ae5520d39b3a1 · 72cb13ecbd40d614 · 8e835b7ed5218b9b · 9ccadda88034372c · 6e1291979a3fecc8 · 97d232a5c6a3a0f2 · e9e169168a497492 · 523171500f950b7b · 09efee67b9a7c02e · cbd5240821d1e11a · 4c55bcc5e804529a · c61976d2645bcff2 · 75c775067f376161 · a845c246f1703ff2 · 5d8c1ddd5aee94fe · f37036624f9d483c · 14a034bd5d508940 · a90cc79ee219861f · 45900398e2d55dde · bf83ffb229e33f42 · 142a9f9436b2fc1f · 890ca92b461bce22 · 90f9ed22bf88c1f1 · 94d442763a51053f · b60a641a26867ab9 · 34fce2868f2b70fa · 7b41256cf2ea2ded · 3eac92a4b5903493 · f23bbc37dafbb208 · 2448b8fb639405ea · 21d9584313b118c6 · 9382e95db1182771 · d682ea842368d4be · a182a288b03f4b43 · e3e76c3168269327 · ace1ff64e8e73272 · 02cc605353c49c7a · f906251a823d7d07 · 9c4b8bb834850d4f · b1bf1134ad667456 · 40bebf4d9c526818 · ae86bb8d1752769e · 9333d23a55495626 · 5605d0935cd7a167 · 43d20d76c11f3734 · 814f79ab7c1dc827 · 82851e16ddd674b8 · 8fdd7e166cf0ae47 · 9ea7439eb15abe8d · 8ea6067d83ce3343 · cf72a0c4cf11ad7f · d3f14a48811be368 · 9c3b7a0a2b00ed3a · 1d4bf777c9e6406c · 7812e14c85a54cbc · 9dfaee9189177605 · 4a2022751a0ad907 · f4630c5e701c48b9 · 13b3fc80bc05a3f2 · 7bfd6b7d41839758 · cc972d77d4dde53b · 1023530477ab5d0e";"PGO0018 · Middle Eastern Journey";"Main · Commercial";"normalisation-mécanique · identité-structurée-courante";"pilot-pending"
"Nicodrum";"Nicodrum";"needs-review · no-change";"626a9b4d024f7ef13950163a4187f831 · 610948c271313e814b6a3cafc2e11142 · 28da7cfb9341b113f392c65889a69d4f · 17f1f6514532c6a82e6f29513a8d0aa7 · 9717a781bbefdee0a7d3b167166f3113 · dba5e976d20c416cd6b924c7eb90984d · b6e8597fcadff1759b62b1a856858f14 · 65bcb2d9e5dc8928aa780483b1bcedea · 3f64a6c4228b6e5e7218d94bc7ce893a · e5f2e6b7cda4bf1ce563f47cf806a353 · f24b395b51e81b41664ae8fe1d2d7522 · a5c48f365b9733989c1ff9219762467c · f802a31ffe6fa9e84de6034886121d2a · e2ab12c13467775284b476c86c3ef1fb · 2918726ab8e286672ce0086eed91f0a8 · 5868ca042482822910036af007948c5d · e7ebc9422528beea1a0389beb16ef19f · 797fbbe3befe3292d053399f7664c58e · 21d0a7f55feb77e899ec4ece44f3ae82 · dba3effff85d54909dc917d9b2f9b2f9 · 244779e5cefa0e18e2f3d63983696e6c · 20a2677b7ff6647bc67162a4358e09d9 · a22cfd582683e7f0110df24a0522f7df · bb68310b018c1f16656857fe24fea1fd · b00b7db56198e0ec0057d45c1b065210 · c5755e5e29415cc799d001b1d1ea904c · 7e898609d3ff82e6595a1173a02db3c1 · 9d77d45ac52e4a08aa95f04b494653ad · 1ba40e5dc1e78450ec6db8d510a5be4f · 4ee4b0e0ea84b9457fd61d717f276964 · 3d33430a513f17a92f6ba3f5d8815c89 · f4abf0e502c8f4f7f6011e29d68d7846 · be6a8010e19933baba0313aea3653aac · d54c61fe7432a0df410c558a688af339 · dabc6e6269e140dc638fabe606c4cdaa · 0592ceb422b343edd41c0133a2017008 · 8bf32a89d7f221dc59b22af213975b0e · fac7fe2fc7e8ff1be0023d5b762f54ad · 461827454c7fce50d96a52a914451cbd · 9e6563381dc0cae91b3b6e91ee0ca33e · 18c2fa443e1bf7ea5f13368e2dc6288f · 5a5f8385ef852445d48ec7ea1ed78679 · 53dbd537af88cfd18251568c0b94e1dc · 48b7d79c0f69a0e434e401939f8e6e24 · c788222cb48fe2cfefff741b6e3d2bc5 · ce99224ce85413e996937d75d4aad81f · 4448f1d5c216613d1416ab10a7d7ce69 · 407f76c230fe593f0224cfe71aa9debb · 934f9061034c2d1be490f5946bcae99a · b0c34756d7b2028f4378d24f5cabdf19 · a6a2847616f7d12c81f968bb750e744d · b67365421905a8f4bfbbe70a8489dc2b · 2c4562030c4a5b48f4a0dee45b4f1aca · 71fd32fef8d014b46c81e4e49910aed7 · de527f42cf87c0b0c0465f93e2da2763 · 235ca87642451273c32e876643150637 · 34a187abfd0e5b9931ebce7509bbb434 · 62ace895ae112613f4258be2f720c6c3 · 0dbb53bbcfd62faec7366c3a1ac06a02 · f2a5727c134b7172304572249d6eb22b · 34824a067053235d4a5a5bdbdb151f86 · 758286523fe05027563d424eb579b30f · f9467d69f7acb3d7290d64fa096cb15f · e8a954cb1aeeabd5ffcd63f8db6624a7 · 30d50b6600c32376097830698b6e7313 · 18bb8e1bd9d9e29fe9c8336bf181ec32 · 09183b2cd36ab32243a9f55b4fba54ea · aee95db1879ef3e812ee08f7a5014d6a · e94e756ee83226dbebf15157413ef91d · 1c016d984f0f104a7fd5fd331371bcd5 · cdbe4084b451224fabb0fbd01595e9a7 · a5adaab7a4f216768fa6c89bc5d8cc8f · 0c1c014d988572885ed32f3233463297 · 08ea31088c5aa55fdffb0a229b83158e · c152c64da86c176a16c589572085d232 · 58fb91949e315a7f36efd00a5b7686c3 · 4f8b46282255e51b25129a9bcf7ff87b · 15655f88ecb4e266a99587cb7004e64d · db00b56ff7b39ccf4b0f1e59d1a1994a · 3857a40b5a006fd78c01fa5d4e4d7cb0 · ebffede51801a3f55bec0bfe5745c587 · 2e088e1a844cd0880c09474fc9fc379d · 4e38c7af21c5f7176c09d8d813510166 · c03eb93ac2ba844af46119b4f6416957 · 344383cce1b1ae47adae992c05d37098 · f651edf2905b3fdc874b026b4b9463ca · 0507f275ea253655961c41933499b94d · bca98f6cda1a0637a8b5ce66f9aa0e4a · 7cbfd97aa1960d7bcfe47b34792a734d · 3c9dd7eb660d549a02ba23fcb07af363 · b3a8b0b28f6d425353d838ca92e4b2a6 · d83c65be6226b759ee0a34b1b34d9403 · 48e42b581daa8a6b2e9c5c57508987c6 · 6a1fe32a1bf1908f8e4c81bdcdda6042 · 1dccbed80f0742f6a895a529b154f880 · cf15a0ef4589f5c0c3bf3e832adf38e8 · e969f757e612530944d2e9de238fbc83 · e77a6146e93e4baa0abf85ecf58356e9 · 3fb9c1dc84ae27d16fcbf0106fb3d354 · 9b22615146089bf71b05653c79f1f813 · 104f397eda45cbee95e88c9a4a718ee8 · a2dffca2ff20b8e3b3e497dca242ef02 · 619b7312b6ffd59a739d27415773105b · 042cefbcb31d0fe7720098807fe9a57c · cdf1f78a2b51657f0e69106ff46d643d · 3b95b51931ab702281aeb5519ec2c2ec · 375242fcac23f85349a632adcf50b899 · 7dfef5e907505051c25c2be37b06d993 · 5a3f0800c697b120fc7872c573993b28 · 502af15b98088ac1ea04191799f17a27 · 13f67f800849307d73a076c78a1901c5 · 509b4f997e2319db738bfe802eb1400b · a69b7d610bcdfe3d1b153d19d2bc6dc7 · e50734e2cbc7ff6709f7fe5a918de8bb · 8183dbf7ffbe6f532047140748f6848e · 14e99da82cca7b862c8f974a5bc85624 · 95411f1faf44cb8a1bbef438dc2c3219 · 7bd987353e0673888c721e8f590e53f1 · bc3d55f3a5c83a0a34418d33bc2da99b · 3e412b01a4bb545bb9e45b1866693c3c · 663e071ad9c27a8cbcfd0f4f159c305d · 932820015fabad4ee10be3c0122edc83 · e5035e4f43864d869ce30a7b2fd9ea53 · ca0a869caaf49d62f09642fabff1eeca · 506bb19f6f665fda11ac362ba9518ad4 · b3e4e31d1ead3e30d30483631fa14192 · db9dbcae6bae9cb9009b0226533cc910 · df37b0df77241bbd061dbbcc7c3c2669 · 234394c177d8601bb3e7812e2c779dbb · e06a196dffc61a96bdb4114f8f38120f · 7b4861d119cfc715a8b9fa5447d76bef · 02dbb7b0a198a1a67678daf43ddfab00 · 0483be2a82a53607198e804194938718 · ceb1330d59de41aff4aba18fac14d9a5 · 51c2bd0156c60ba67e19589056243035 · dc6c3a7534926fe544457eed3b7661f3 · d32fd92c8c92863e7083853861daa4bf · 53a46ea7c202ed93414e68e6eb2f0cba · 883bff6aaf861a3eda939814e0000cfb · b9094454c713f844c12d2a0ae376173f · 21ae2011883a49449f21097dcae27802 · 01ea2a838af2ae956e34a82e8d0f86b3 · c51cf1f76021ce1efca90705c6aababc · 8be7cd1cc5b1bc3e8db4c977ad43870e · 25122c956d4d061dba3f03920fecdc71 · 1453837d599fdb62ede28fccaa8916f8 · 8e3bbcb11c6868b78a768bfbc68f034f · 0a7cc4d7b91f2dbfc4bc1c38474aa369 · 88238d5a0bae9a6185cd099db06ff389 · 8fa9c54479b896b12f3a652b418b53b6 · ebeb80ad322e2480a16b3d7abcf47213 · dbfc51b112ae6950d6c9aaf420c09d33 · 21b8dafb602798c3b10eaa20bde77256 · fbde5a40c5a21717448825426c6d10de · 4eb1bb76c448567f0df909bf969fb2e9 · 811fca0287b2067ce9e75199bcf80b87 · 075ac10fab4aad04584098a7674e3282 · 8df3137462ed4f0db5692cccc9aba23d · 522611d4c72f93fc17422861800e99d0 · c274af8ce85a35d59709084cf12c8f4c · b47cb4e4e4f56ff303fcf152bebf5640 · db238e6a40e5389690b5b7986b3f4ae6 · d1063db6c896eaaed89907a897caec76 · 55cda2db7503049083ff49fefba43922 · e3804f288c97160eade10750d9932195";"PGO0046 · Dub Experience";"Main · Commercial · Alternate";"écart-ayant-droit-à-valider · déjà-canonique";"needs-review"
"Nicodrum (NS)";"Nicodrum";"update";"5c831b9f3b66744f70d59acd8992716c · 25f7df751c1f6f14 · 58e89e874c56f57c · c2e9947032dc0634 · 565b01c84208c64a · e3d1093fe54e5830 · e4f1e4d7b35c7dd9 · 99a73d4f8aaf506e · c74971434c1b7271 · 93aa5c002c57b800 · 6d75c032c1f0937d · dd6da7702204e65b · a8eda23b279546dc · e1b87e78c5677650 · 5deb2b7a875ac43f · a0f1ea8f40a2e7e9 · 0055f6364a33f183 · 4926399f9f0a3971 · d509dc15540a09f2 · 699494de1b15e890 · 67af0ccfc76c2572 · 206edd3fff2ad664";"PGO0046 · Dub Experience · PGO0015 · Reggae Experience";"Main · General Underscore";"normalisation-mécanique+identité-canonique-courante · identité-canonique-courante+identité-structurée-courante · identité-canonique-courante+normalisation-mécanique";"pilot-pending"
"Nicolas Belouet";"Nicolas Belouet";"no-change";"f065582aee14d8feadb72a307036191c";"PGO0048 · Solo Piano Vol.2";"Main";"déjà-canonique";"pilot-pending"
"Nicolas Belouet (NS)";"Nicolas Belouet";"update";"ee378e6c6ac42c14 · b37a4b2ff95f125e · 860da2d5e10530b6 · f2bce59b49b9dab1 · b2f71b934abab5dd · f40510b52a981bce · 93d8bca202a9e51f · cd7276d776ebde9c · 8a3748359d1b25e7 · 677731adde03a3c9 · f55e09961f6a4f3a · 8cbae12d0ecea662 · afeef2c8a6703858 · 6bd31527958cc456 · 6dc7354f33b79836 · e330073c0031613e · 86a92da8b3484aba · daf9f149a314be2d · dfb7af00af513bc8 · f68ed6213f329257 · 81880d2ad01b9dcc · 2f0e9875c837f6b5 · 976c303f27fcdcac · 22ceca4ad41e8bca · fb8968b91b943988 · bc59ce74bac07340 · 8510ef5790c8ca54 · 352c5591172d7c68 · bc15a5c938e0a537 · 46a7a70390b786e1 · d809b31d49f8fa26 · 465d27d9e985464e · dc671907e0e736fd";"PGO0015 · Reggae Experience";"Main · General Underscore";"identité-structurée-courante · normalisation-mécanique";"pilot-pending"
"Nicolas Pisani";"Nicolas Pisani";"update";"796503a9ee3828fe · bd23e930acfd5dbd · 565e4d0c5c2c154c · e14613e285d6d6a0 · 85c0e676f51de868 · c24ea10460cb2c60 · 98844f2620cff74b · b7477f2ab84ec10e · 4dd465dbdb06e870 · d33863c5f125ab22 · 38494b79c3e466a8 · 1380b22204616bab · 66d7fe416c478182 · 4ecb3ba0ad0eb750 · 3d395670606ed5ea · d6f638dfe37aee35 · 2816892d03337813 · 0523dda9c1c2abdc · 3b00df7d05478f92 · 4fbd2db5010c9b35 · 92f9043aa6d007dd · f164434ce7c10fe5 · a8cc6ab0e3c224fc · b0201ee1aea37ce0 · 2b3c0f3b9bff05ea · b6124e8c62027703 · 9662ba67586e77e5 · 9f8615466a3ac038 · 0a69c5a5b6953579 · 8efd7a228775a707 · 7b733918b5b1821b · 5f170d6ea995b7a5 · 1b30f9d71200b090 · ab5d12a2393c0dc2 · da7ce1906dd58dc2 · 148f2222a1f6b99c · e7fc2f902b2ce0aa · a64f335cfb153ff4 · b2cc8652168232c4 · ff9ecd3f3cc73595 · d19c0e56ad2d7572 · 244f6c49f15c0bdf · d9b785b21f6d1d59 · 24a4dff019045c74 · 5dbbfe1dae366c54 · 5161d5c678913a09 · 07a745090d9090a0 · 610ed53026bde510 · 8aeb7f9bb20906c1 · eb99d7029e9829fb · b2eeaa3b49d7fa4e · e2718cea79d6b1f3";"PGO0043 · Brand Content";"Main · Alternate · Commercial";"identité-canonique-courante";"pilot-pending"
"Of Ivory And Horn (NS)";"Of Ivory And Horn";"update";"2c2a0e2642f51cbe · 734545b81975d08c · e16f919382d08913 · 31f7ab5f4810c26f · 59a2664138a651dc · 27e94f5c7adfd422 · 0af590ee63d0205e · db1e2d3cb50f827c · 3abb8f6111d7ce0a · 5909c9a9c8ac63d7 · 45271aa05756e8e3 · 07389c4ede55b5f7 · 9b95e1fd83c78da2 · a20cdb0c02a177a8 · ae56a81e97f1b256 · 036848373d9fd52e · 5f0261354994079b · 930f2e9c0091db9e · a28caa6796a875fb · 073a4cb4ce1de773 · b455f130eb2a8d1a · df08697ea56304d2 · ba58ad1704e3687c · 4542182ce59aaf15 · f784a3ae1fa98a98 · 02dc8ab47abc3f3d · 13db11ba9d648393 · f140cc3a4de692e6 · 5d69eeaf3d802a1f · 8b0ebb4fe62f4d66 · 9984a396c7f2f9c9 · b6514a3af91ac56b · 3a5f45f6a8b7aec7 · 570081e2857d8d23 · 5265d19dad981b13 · d30ecc23c93beab9 · c93635123b98a2e8 · 38d5c0fab4d54919 · 87013768979b677c · f036e957c1a1ed96 · 1c4b836422fb5612 · c17aeb21c327c56c · 485ebb5886e2e5e3 · c561431b66d72521 · c9b8da5831f76faa · fa4540e574549b3c · 294ee152f492c5bb · 7ebd9f171b30e010 · fa67122ade165b4a · c45a161edf74e8b6 · a926291f2489683a · 7f7f9a734c3e5a60 · f0f78a289eb9a8f0 · 601ba1047608ce78 · 418bcdc9bb774e5f · 88bc32f0805bb653 · 07798c1bce328fb8 · 0ca8bd271738525b · 1dd1e369a2e8930e · f629dbed4b126c7a · 4bb2769e408fb813 · f9804eb840f8c12d · cf2c250bc8ad4e56 · 32457a708843b55c · 04bc5c5beef1f94b · 91b504b5db6a7cf8 · c17be24ea28f5e59 · b262a848aa54db6a · 393c8225f5d11be4 · 1ae5111206b97d63";"PGO0019 · Tears Of Hope";"Main · Commercial";"identité-canonique-courante";"pilot-pending"
"Patrice Dambrine";"Patrice Dambrine";"needs-review · no-change";"31a0c8ac2933e4c4 · 937d234818871592 · e42389ae39e46fe8 · 23008c29b0472de0 · 7948c59cbed1b3d2 · becdd8e499947223 · a78b2b6f55d85dbf · cf77de91528d9b4c · d01985ce8488e525 · 56801320eb1fc366 · b602d107b7a0b0c8 · c25420f1bba01906 · 0419439eacd14b26 · 92d31528787434ab · 82cb295b0ff0e11b · efd3cc295991495d · e323bbc9b5f0e4c7 · a6085fb1235d87e2 · f20d7c075fc0d1c1 · bd17bf0c752f2a0b · d33a95b7675446d8 · 6547b814b3ec4ffc · fce1fa70b3c9a9a2 · 58c00414d627395b · de15ddaa257eb2e6 · e41f531b9bee8fb3 · d7c0c77d1af483f9 · 3b6e17c2ad990bbb · 508b21adf4e1f222 · cbbd6009be560235 · ab2072c1e68e5249 · 95dda0bb50984b36 · cfc3bd6ec041825c · d0437f491bc1eed7 · 8aa67e2863d2d03a · 5530652a43e2284c · 1608c292fbf44690 · a405df65cb548d21 · e621265606abc059 · 6efda9626fc56e38 · 1bf4caf31017b33e · a252c63cdfe17597 · bc22103af9e497c7 · 6755745eb206d515 · 6181d005ee12e2eb · c383634059b37877 · 522f4d8ea4f0a91a · a13bba8236a21779 · 99314e240b2c2329 · 4b8ef9d4917c6ecc · cefa729bc41c77a9 · 0e259e010aa43fba · 5a39e75be56dec58 · 099357d77640a3e0 · 1ff17862a058b642 · ad48c8c7f48d211d · 54bd854adb45fba5 · b8137362382cc13d · 205d8557861e3aab · 15582a7e0746ee5c · 2e30a77733d00662 · 7866f5f7bdf50091 · f1c2f3b66ca35aaa · 20f7c8c1440aaac2 · d1f484f352f81545 · 9712919fb0baaf02 · 062237b8bd5d0f0a · 822761e59843e629 · 711bcf6a76b4d4c6 · 77161dac9f55606b · 5adf40833ddaf606 · b1fdfdf151c1c47f · 010952cc7da7719b · 1e5260fd7b3e191d · 9c7d74ebb1dcefe1 · e2d9bebfedb7c2ec · 27f5ca27cf292616 · cd67681fa6b18f41 · dce83da0e5454c07 · 9f54bee29fbf6ba9 · 106bfed396bc616a · 8f027183532ab650 · 079a6bf014eb26bf · 26daec1882e5e832 · cecc26bbc4e786e3 · 7b820b891619469b · bc342c097c6df364 · 9f184887644ed3a7 · dd05f045eb46f4b9 · 63983e6c0feba66b · 5874a65d845d1218 · f2d6e863c974686a · fe887999a476b20e · 902f2e72c188623a · f40f9fe5c1744251 · 378bd476454f254e · c9f245a9ec260dd7 · 96b1871bc1ba12ee · 1ca10bf92f321a95 · 7dfecb4844b4a856 · 8c6e1d5941b91ba3 · a4627bf10b0cc729 · 4553c0a62d79d1eb · eed7acd0b5d6770d · 3d2c10d1dbe0c9d9 · d98ad542702d84f8 · 1f9ffc61a4cbc9b7 · 995e279a3e5f283b · 7612c79112d5a0ab · ab823e2959d74efb · 858f6a90a93ad0af · d69978935bc8736c · d79adaef9e6f030f · e32d4716c054721f · 75e7f53c9d9405fc · 699fa8186ca6f911 · 2083190dfcbe8da0 · 7d46c4acde5a00ac · 7c3cad4ab4656545 · f12c87d715e0ae99 · fea08121d6d0ae26 · 4e239ba1092924dd · a01834b5a6a79029 · c981e7e67cba0948 · b3bbdb33a225a8ad · 63feb53cf202817c · e8f1e765cdd591d9";"PGO0033 · Surf Fiction";"Main · Commercial · Stem";"écart-ayant-droit-à-valider · déjà-canonique";"needs-review"
"Patrick Chartol";"Patrick Chartol";"no-change";"577d2a0d59e7d2262b2858717246f0c2 · d78b742aaa94610cd26cdfcde2c629c3 · 6b733bf842f10a1226a6cd310e79359e · 2ef85f12a751bed145ea05c415e83301 · bedfe5c41e7a406303ed0f48bb7c94ad · 433ff5a0edcf519e3905326f606081f8 · 2f99cc4ef758f7dfb5783153b9c1f9e0 · ebd8b7b4367766576bb675d92a3da483 · b2b00d6fa493a6fee4269d4862a87fb0 · bcb887922041b1c7619b2bf7671e643f · d6a3e644621d8cc32788ae2a93f608c9 · ec48b9af8480a412b39e9e092f3ec3e5 · ff4d41a7dd54cfb561d2cbac325457df · 964f88252b9ca9b9dff2b1f167d2dced · aa006e4339f14cf117343ea525174a88 · 7b2e7d9bd65e99e47dcc81a2dcaface9 · 4f304b8c7853b7be723a0953a84e1a00 · 5afee8ba57c0825699e890d2eca1eec0 · 67f42791dde8fb9f6fc212783539907f · 128d9314469f7b461652f387c8f13428 · 9ebf30fca1e6941be3ff14b4c338275f · e37353824d0aa755545ce26eb7d854c6 · 308177b8bd405d75e25dc431b3ace5cd · 903d3c1b953972b48b0de74bf51f48e1 · c3fa35fda4144199f863a6c06f8e3f30 · 643e0092c7d4b7c755fb9c171bd19ffa · bcf65ab2c1d324d2b518595f23060c55 · 00e263cec7064e22c457d23a72eafd85 · 99d6ec8885e2fa531e3ad73ae1fcca64 · 737e6ca62a5e035e34710795e4377fda · 0e60ffd95491482af44611c8985648f5 · da94095f99383e0cad4b85d60da0937d · 3ff92deb5f352d1c2ade4806a668c45e · a6f81f1d12faa038421530d981cc226c · 8154959d3d1a0c6673716d221e8d7f3d · 03b1d7af5d991f35e7882d9adfdd3d97 · 1cca3975bd9106924f766dbfd11cee26 · ac1ba84b878d5dbca630dd81fa471847 · de07097d2ff97fa6a9d915abb130e605 · b79f9cb0e0a553ee · b6678fb67f9c8a5f · b584182578cc9356 · ab85e605e47e6aeb · f6a80470e4509afa · bb40a2c24619f6d2 · e5586060058bae77 · 8bbdd5969765432f · 5ac38e27f6e42f2c · e24f02abb879a8aa · 029abfdfd219bc1d · 758405debe1f5c67 · 1aa6f2242d425b9e · b024898bab708fd8 · 131dbaf8dc995a66 · 7c570966108a9cde · ea0527f728178d66 · 778c60968dd3d348 · 07ae8ed7c5a3b0e8 · bfe724134fdb097e · 1b6a17f6ddc1d046 · 28ab64878482333e · 1b8f614b08330ea6 · e90afb7b3a24c4c1 · 719d9cc2bfe743e0 · 0131fad245ab14a8 · bea5a1083a87a734 · 740610f8e2651db4 · 1b8c465012ff065c · 827f74331be20c19 · 13e6d72b25ee6b47 · e7dd1025d7ea93d6 · c0a0d206148d0cc6 · e7ebb4b5e8cf26d3 · ce48d92196b1e371 · d5171d7d6eda017d · b0647db2252e2748 · 76b64ad5540ffa1f · 3487e26b1a5ba146 · ea5a19a59c003a48 · 598b84ae02da952e · e0c465398e9aef31 · 97975b50265df0ca · 0b039ff25145c6c0 · f48eba809140face · 6f1adf79f8683fc4 · e942b4fd98ef1651 · 0b17812cd850145b · 7d5f28c406329fff · 655749c3583f0f01 · 07506dc3b4354230 · 2d1ee1f502785c14 · 8f5ec94e549e388a · e4de1ae067daf2b7 · ca363190650b7545 · b33255d8cbc7f7f5 · 5cd4f7f41f004c92 · fc0ccfdbf9847070 · 35bb95b712585f42 · f04b33691f02915a · ba134745c5d5715b · 188d4d7ece757d58 · 85d6025de0c7921a · dae1793a902e0d13 · ad7e45547ab6d4a8 · 609bfb0e14cb7d2a · 211d884f30e40f96 · 0678c9fb8c1fb1bd · 76b3841ecb777271 · 9db0a9d3afc5fe3f · 1042331aafcde930 · 13d8f73143c92d0c · b0efa104cbde8b2f · 8705d54883b498cf · f956f900fab33321 · ff5fc65558f9010e · 5f5a47f81da91e10 · bd585502171e0b0a · 527ff39363222870 · ec291ec372379f59 · a93320e2b3da44e3 · 5e6641eb952ece8f · cb132da7e9d0bc5a · b87f4993316c8d39 · 6ef913515d812639 · 4bd93da95b49b14f · e60c0ecb33e84e70 · 307ca114d1d2283b · 0f1b3eefa2886ed9 · 8cf2ae306db690b5 · d253ca2887c0c385 · 7cda4dfc82c2770b · 53a6d1c569ef8d65 · ca2babefbc02785f · 013fd2772e7de6a0 · f87510578f8a2ac4 · d0895f904ae2d067 · 85efa89f777cbcc6 · 39862fdcd7cd0ee4 · 8ff459353a0d6604 · 7397e376cdc08ed0 · afc9e2f408e4387d · 09d59c8b03352d04 · 767b0b8bf79aba00 · b6c72540e2aa49c5 · bc32edcf132bbe9a · 4398188600135559 · bc9d91e10fb8ba6b · 0709d7db6a60f6e9 · 7b6e33833f491c54 · 84c146078c9476b9 · b6a30ed4d000df33 · 74b2ecfde9c1f3c7 · 7b3bfa2ca1c003b0 · b3260f4ec4ce313b · 04c8a3c9fa86a353 · 4c09b22868068c61 · 1b9f675e0cbc583b · fe97e5421c164e87 · 42a491a66ea2ff0d · a7b0552b5e1c67b7 · 811f5bd94df95944 · 15c8992842d85afe · a7dab39650ada198 · 2a7dbff538541078 · 87c493c0a1d8161d · f465e395097750f4 · c3aa0ff483207523 · d0170b0111aaca23 · b691ca394f182aa4 · 55a29a9892e9df7b · 2501990ffd2dd9da · 3a016540bb4bd1ef · 4ad800fb9b5b5dbd · 2804eac9fbba2fd5 · 93bec5340797964a · 42fb2ae10fb730a3 · c663014559df9305 · 42d6faa8e7090a61 · 7d24d2b704ca6b69 · ad99eed08c754308 · a92ab8ad813f848e · f6aea579967c722f · f6decb6f2886d265 · 7f25ebf00a585f1c · cd5cd96996da0a16 · 2be8d3d810b2fb9f · da9ae9700bce2532 · 2ef07fdb1653e431 · 1ccd0e6543e8cb82";"PGO0048 · Solo Piano Vol.2 · PGO0047 · Solo Piano · PGO0031 · The Projectionist";"Main · Stem · Commercial";"déjà-canonique";"pilot-pending"
"Patrick Chartol (SACEM)";"Patrick Chartol";"update";"7d44dc5cdec2f99b · 23e14862cd513517 · 6d1940531a71b9d3 · 1e2de382039a6a3a · 404f4874930befc1 · 806220c26df3c8bf · 53267b20a788c1eb · d677559c649443d1 · 351e3cab7f13cfd9 · 067ef3534ad4c2e1 · 4f3821dc1207ac9c · 5fe4a4df44597e3e · 5d1ccc87f537cc69 · 041bab07894bc057 · da1836dc7c0a0e68 · 972e09ae1ba20923 · 56611f68992c7a40 · b080a0c508f52612 · ed0cb36d919c821b · 9dc6e7e7ae68facd · 1660b883cb3c6469 · 7ba439818bd318c0 · cce73554e7b82f6e · 982dbe81c1211147 · cbc72a234a0f222e · ddd1983df8ab3e2d · 8371f3da93a31c46 · f082da34cbbec457 · 02d88bc99f22e603 · cf241bbd048df31a · 484e75f9a38369c0 · 7cfd7e1975e44d30 · f13485705895b7c5 · 48bb2d2d006c3ea3 · e5e61e23e1728d0e · de95f5d06b1a1c6a · ea105d1d4b296732 · 45bd089ac58d280f · 0cee3e926fddb6f0 · 490f081a7edd8e46 · 92c3a05421f7536d · 1b7382639b88cfe3 · 0464f1830123e0a5 · 89c82d1c2a920c3a · 181d32c9ceb99491 · 3d1b60d11b57137f · b351afbac5b091a4 · d94b5f9626a5525d · aa32572b8cd3db54 · 0e902b603e145fcd · 3bba91e280640af8 · d9c83e5093afb8e6 · 043522eff9a09604 · 9ab58c239ff7df01 · d0cabad957dcd839 · ea57cfba541a1d93 · e81a58ced53b5211 · d0d145bc836df5c3 · a7cfd96d8e1fce07 · a9bd6fe3ad5626f6 · 3014ad5116e1a3c6 · 3318df1b902942eb · 192962c864d48ab1 · 6e303b249eaf2c0b · ccd6fa99b311d271 · 08b75d5ebe4196df · 50b055d7a4315f64 · 48ed7d21f166f099 · fb17f7f1e9e2d254 · ea4fea9d34eb1c74 · 1ee15060929cfd8e · a857c7580a9d98f5 · a43bfaf5f1ff8707 · 6622e6a437fd9813 · 6001b9bc8a248af5 · 94a4046cbe4294b9 · 3f5efa6d4dcdd26c · a124e7931c1903bb · 11eb9cc39f4b5db4 · c8c76abcd820df7f · 88dec4ef57de8bf7 · 9b3fb66c6f93afb5 · 1ac637fd41fd1957 · 01fd01aa2611f874 · e4fd90f053b6980a · 967b6b9adc469928 · 24c01ddd05a8b683 · 703678037ca3e1db · a01e032fa388857a · b0e83942aaaaa483 · 4b0950a46cb8ec1b · f56cd1a3649cb452 · 372b5ec5154db052 · d89c12bd1592ff53 · b1a5db34147b3a3d · 7e8ca8e992e1ed4f · 768d0c3cd61f0a43 · ea9afa89feeed48c · a5e98a78b0f8b911 · b5f46078df7f15fa · 44aded10dcb4e68d · 7237ad1e01aebf41 · 7b5fab9b68d8b177 · d7ad2626618dc67c · 56e834ad763d7f69 · c85c7cac97fa7769 · 092c0be249eba222 · 8a411e9f4cab5cd1 · c8ac6caeb5f58a6a · 003ccd056a6fc0c7 · c78bf81d90eb15de · bdeff34aecbcb4e3 · dbb032fe2b85cd2f · 8a9cd2c7c55a61f1 · 1e34cbf70538db18 · 069b7d4c3a5aab5e · 15ec7fb5504d6ff0 · e3ec2e9866179ff0 · a8ec1e80fd9b1ddf · 007e627522d174ea · 8a0ebfeb181913cd · db7b529017738a13 · 2684e5776fe8974b · 6e1d445f1072f56a · beb322f20c742fb1 · 6dea6f3173c1c25c · b680b23872dcb5b7 · 4bf015a67e288608 · 93e7366c753a24b2 · 7295aca251524f7a · ebc0c6ce84d53479 · e6bf8ac62df4e662 · 8af553ad7e018cb1 · 5d29c566d1003258 · 83c62a3dd125fc65 · d5526f9c9c0714bd · 6c5fafe170b1c3b8 · ce0b2cf70204fe8f · c591af3c96da992b · 73b95129e3f574ed · 03b2239ee723ddaf · c8f0c89f91d9695c · 0b03bc0f77d0925f · 1bf73b38b6cabc3a · 61cb30126ea621a3 · d5a5c29df359bd8c · cef249f767f7afc0 · ae21274f47eb0cf8 · e3ba84a191d5a334 · 3486682ed9c7a316 · bdb6ea32d1d44a31 · daf26aa922a1a8a8 · ecbf6e25f7b0b51c · 4e07f0f0fab6f310 · 37400800701af49c · 1664c23b5378b31f · b4eb2d987c6138dd · a4dc6ec383e1bb23 · 8d8ec0112addb976 · 1f8692039d828f43 · 1dac28c39708e149 · 6bc4a5bd24dfc1db · 38cb8ed8c1fcba7b · 2e6fa8883bce85b9 · 26a81d8727b4c1ad · 6f830a21d3f7766e · fe60caf0df343169 · bc3fcc295ef1f20c · 8376a3aa5779e490 · 889798dfb8c8d0f3 · 24a71ce9118cb64d · 76067e3abe5de274 · 2e75ff81309f5678 · 66bb3c2b4fd4ffdb · 67a188512e4946a4 · 21c51a823decad6c · e38759fc33cb9da1 · 9293d45b1b915cc0 · 22e20f0d613c2f83 · 0f3fcec19ad30e80 · a0bb4b10fefbe5a7 · 49c3b295807fe9f9 · 171e23332cbde33c · 945736f137973e33 · 497d7cdc4d0fb9ed · 955fe46431b9e13b · 918268fbe115d989 · ea822c7d30cf7446 · a3f6c3d94aee6cf3 · 10aee3fa658b5c9e · 868db6a05d067967 · 7a3e924114fcf482 · a56486185b1c63d2 · b5aebd8ac3f3e282 · 5a6d0089dd405ad7 · 2992654515f7c35c · 7aa2601515a40424 · 61f830b8afc4d747 · 14196595889c2c57 · 492ed9f43c642aba · e79f159639cf445c · 849e5bb15ed7bd0b · b6289fe5378a9e5e · e2a4c367db2fb4f6 · c9bcc58c7f8f003c · a45c829f4c632655 · 390feee34712814d · 793be9efab2ea881 · fb2ae539404fa14e · 0b23828337be0ff7 · 209c995f4f2800c3 · fade39bd3780729c · b6a4c90aaa55f9bf · 1cc26367cb02d9e0 · 6dfc5eafa1e200fd · ecd956eac02edaba · ee77f2e280b0def5 · 9192802f8969c5e1 · b4ec32171440246c · 486462e59f87f1b9 · e1e85fb2be0e5be4 · 54f1794f52686257 · 9861e33814038a5d · 98d82eee86a854d0 · 98894f9db8e50f73 · 9af082848de59652 · 06ad34acd5adb28e · f798f54f8b1fec5c · c1859b95ae9c9120 · b2c6e299961e134a · be1fbc7a97a75aae · 4febf1a7ecd4fbd4 · a21bda6e7f12b3d2 · a23dbced0d6bb2d6 · 7af8c0095eebf4ad · 8c7ee5e90154d0c3 · 66034d62f17e233c · bb98d8358c26f227 · 44ae4a1e781f587d · 2abb4daa48f2b8fe · 40b8e4932bb71a69 · 9981afd812cca956 · e5f811c324407c33 · 84aecb0dab270bea · d3f98dc3d198dc9f · 31527e14fe2dacad · ef960f747859ee9d · 1daffeeccbbef7cb · 90ed2f586a9bc049 · c34dd79b983b90ab · bdfe2cb912b804c2 · c7e3b79861b01529 · 84ce6700f4de4d68 · 7160645d1f1f7d96 · 801c969c4d2639e3 · 816f2c07813e2e0d · 27cd7dd9aa90784c · 08455c93ef56c929";"PGO0031 · The Projectionist · PGO0020 · A French Romance · PGO0008 · Paris Postcards";"Main · Stem · Commercial · General Underscore";"identité-canonique-courante · identité-structurée-courante · normalisation-mécanique";"pilot-pending"
"Philippe Almosnino (NS)";"Philippe Almosnino";"update";"8ae4cb2693022ff1 · 28ae4c8e75d650cf · 3a80986bbf25188c · af71f4deb1ce4147 · b0591c1994d3baa5 · 33ad0336164e7d0a · 9b1b0ec25ea67ac6 · f1276b473893ecc2 · 3a53aef9129ed41d · 13561fea797ea2bc · c4e24202b144962b · 693cba08cacda8b5 · 50e299a606f134f6 · 9d6def0eef039be0 · 19e18c4aa4d389e6 · f006f9843835abc1 · 6cee51e82b1abcc1 · 56cda9cba051c165 · 12deab2dc950f8a6 · 9f48786721cd314f · ac0afc8c917cb725 · d56ff0f5bd4703b5 · 7bd57a6941c0cc57 · 2dd6a96c93c5ea1b · 95c334c192935b13 · 5c3bcf9ae546bd30 · 593571ab0aaf039d · b763bb66c3e22d8f · c3cf2b1d837e20b7 · 736997b889a72a69 · 0ac7dfcb05cc8585 · 61cd44c08bd90e9e · 684c01c1813be7eb · c9060ae450c5408a · ec10b976747791a0 · 96e13861b5102bd4 · e6cb1cc800d58e65 · 11ac3958ab887b2c · 866d32e8c3dbe540 · 14956abb730eaa1d · 96e424793255492c · 6330ea07d01c67b6 · b6620e2a9d33a241 · 3cd68db9eff679c2 · 3e72c691c35d9968 · eb0f39d011120008 · ad58add4ccf2d766 · 5a06129cee3a4ae1 · b1fab04e680bc16d · 5d47ca8fd87b01f2 · 5b8aa61e98dc1b43 · 61d129e10d52fd99 · 9bbd9d3ec75e1211 · eb13caaae2a23195 · 03d701cf0884f8ea · 8d53306658d1f885 · 5ce84cf81e08c8c3 · e70f440fc09c6215 · a3ff883ce483a281 · 66f598956e349114 · 31f72c150caf1fc5 · d5b91fc351a4408d · 5a4f0d71fa7e63da · e0ab6baffa5ae25c · b80f7309bf3a1525 · 5207e6c423a86bb1 · f5a46ad83dcd20c8 · 1e7c0e1898a2aa8c · c5a9b42847297940 · c3ac30a49e416f09 · 75a048da7aad3ca7 · c7ea0e50207a9c32";"PGO0014 · Vintage Rock And Remixes · PGO0006 · Acoustic Trip · PGO0003 · Electro Boutique · PGO0001 · Paris Rocks";"Main · General Underscore · Light · Alternate";"identité-canonique-courante+identité-structurée-courante · identité-canonique-courante+normalisation-mécanique · identité-structurée-courante+identité-canonique-courante · normalisation-mécanique+identité-canonique-courante";"pilot-pending"
"Philippe Hebrard (NS)";"Philippe Hebrard (NS) · Philippe Hebrard";"needs-review · update";"f1d2ca85545843b4 · 13603bfdaf27825a · 5ad47c3dc74f2557";"PGO0009 · Dance Fever";"Main · General Underscore";"écart-ayant-droit-à-valider · normalisation-mécanique";"needs-review"
"Philippe Rak";"Philippe Rak";"no-change";"82765264f68f5ca2fbf2eaef635a94e9 · 116951ef4d8f708c4a09054824993c92 · 21770be0a33dc5b8474bc68f8e210760 · 942554bf944ff802d5a9d445302c083a · 06ced978bae2f677aa6f7083064503f1";"PGO0048 · Solo Piano Vol.2 · PGO0047 · Solo Piano";"Main";"déjà-canonique";"pilot-pending"
"Pierre MILLET";"Pierre Millet";"update";"c3e502212e8ed0d3 · 347eb239e9f55fc5 · 16db134fcb1ecb7a · 8406fe8af5a54bd0 · 5092afaf588db2ee · f196fa23895da445 · dedd5439aed040ba · 9a0ef366d28c6e1b · fffaf9f34e587045 · 41324532c5f03ac8 · de3d0d4378f16ef9 · 7828997cf92ed890 · 03e23489ea3cde70 · 2d1a01731650bd2b · 60125800fa23cb24 · 4f99bebf049e8691 · 67a4cff27f229a5b · 4040ad839bf4e93d · ba602545188ca157 · 176bc7cc2c23f520 · 5afc3ff643f61f88 · 6455d8a0a91056ee · 7a98f1d833d3914d · 3b3e723240f306a8 · 87ff8cc5dfb610b3 · a4e2dbea692e24a8 · 0e3aa6a2e86bdc21 · 78a4b242d680a45e · d94226e89fd79096 · a6b9e9e35948ed70 · 2bd8f5cf5c085c9a · fc3574f0af988733";"PGO0034 · Jazz Musette";"Main · Commercial";"identité-canonique-courante";"pilot-pending"
"Rafael Victor Felipe Aragon (SACEM)";"Rafael Victor Felipe Aragon";"update";"194fc62283e2900a · 55faf833ad55663a · 73eefc2abad772d9 · 57a8559f3e64e606 · 16570a77a8d9ff90";"PGO0021 · Moombanana";"Main · General Underscore · Commercial";"identité-structurée-courante · normalisation-mécanique";"pilot-pending"
"Raphael Joly (NS)";"Raphael Joly";"update";"eebf338df09d544d · c5c5aaf7159efe44 · 810e6497a12b2c9d";"PGO0007 · Diggin Hip Hop";"Main · General Underscore";"identité-structurée-courante · normalisation-mécanique";"pilot-pending"
"Raynier Maxime (SACEM)";"Maxime Raynier";"update";"e8b987787d7b1a6c · 3928d3169641ef77 · 5ba81fa529730740 · fe72adafbd22b93d · 96e45242dcf2c07c · 838d36a787cfa682 · 41c85d5d1c5cac2a · c2a459bc72c1bbb4 · a33b788226627760";"PGO0033 · Surf Fiction";"Commercial · Stem · Main";"identité-canonique-courante+normalisation-mécanique · identité-canonique-courante+identité-structurée-courante · identité-canonique-courante";"pilot-pending"
"Rebecca Meyer";"Rebecca Meyer";"update";"d8c77f480d7e19ec · 5bf0e57e4faa816e · 796503a9ee3828fe · b7477f2ab84ec10e · 8c24f58acdc45878 · 5459947a620e2ef4 · f43d0da0563896ab · d828af5ff581b979 · 78b9fcf5079f7d79 · cf1e93cc43b3697a · 8efd7a228775a707 · 148f2222a1f6b99c · ff9ecd3f3cc73595 · d19c0e56ad2d7572";"PGO0043 · Brand Content";"Main · Alternate";"identité-canonique-courante";"pilot-pending"
"ROCE (NS)";"ROCE";"update";"48dacc20ba776f29 · b76e9e3a67f6168f · de5b1869061864e1 · ef71301b5fd68cc7";"PGO0030 · Afrobeat";"Main · Commercial";"normalisation-mécanique+identité-canonique-courante · identité-structurée-courante+identité-canonique-courante";"pilot-pending"
"Rodney Lucas (BMI)";"Rodney Lucas";"update";"1c99151372558029 · 7a0ea49325800a5e";"PGO0032 · Diggin Hip-Hop Vol.2";"Main · Alternate";"identité-canonique-courante+identité-structurée-courante · identité-canonique-courante+normalisation-mécanique";"pilot-pending"
"Romain Marx (SACEM)";"Romain Marx";"update";"58f7b865ea9a8992 · da893498c2815b49 · b247d4bdb128de20 · 53c3edbe687258c8 · e68777ae50e12b51";"PGO0021 · Moombanana";"Main · General Underscore · Commercial";"identité-structurée-courante · normalisation-mécanique";"pilot-pending"
"Rudy Ludon";"Rudy Ludon";"update";"bd048c16bc6cdd3a · d966a2aa718a2bae";"PGO0036 · Afro Pop";"Main · Stem";"identité-canonique-courante";"pilot-pending"
"Samuel Hirsch";"Samuel Hirsch";"no-change";"8e1dcf6aa9ac6d33771f862a0c9d5786 · 520602865841b7b134578cde6a14e399 · 12e7d98d7fef071d3966e5b2f77ab9ae";"PGO0048 · Solo Piano Vol.2";"Main";"déjà-canonique";"pilot-pending"
"Samuel HIRSCH (NS)";"Samuel HIRSCH";"update";"a6c9582fe97bf9fc · edfc1b05824ed0b4 · 10f704830aaa4ea8 · 17602dabd348eb5e · 2264a41547610aba · 5bf253fe29dbdd82 · 3c2016692cba9244 · fc8ace609d8e6a82 · c3c79a9946cf2f4b · e0e9309227f5ec68 · 03880f302ce16a4a · 9bb82ec91cebc629 · 324689b2ce88980d · 60390a1ae0e67caf · 75326a0ef2b9b97e · fe689af185b287d7 · 48dacc20ba776f29 · b76e9e3a67f6168f · de5b1869061864e1 · ef71301b5fd68cc7 · 5c07ab4e06066911 · 740bbf5553300a3f · 8c1e434ee020a701 · 6b7f9c1f5e8629dc · 0da0fa5627422a83 · 20a05b30cf6479bd · 2af8684974217b91 · d55e871078e9eb6c · 497161884cec9b2d · f6057f6a8fa6302d · 9e07f3c471b24db3 · bd41714f86c1a360 · 84cba2df77996461 · 8664e792800226ad · 4b5e451ac569353d · 4c0859e9a8f8eab8 · 6e449d10caebc6d6 · 421dbe3d25331f0b · 0bc592729c715851 · 9037e4465d6563c5 · b9b03082b245eb7c · 824b3ba9ea658d29 · d2468a2443d87ca0 · a5beebf286bd5188";"PGO0030 · Afrobeat";"Main · Commercial · Alternate";"normalisation-mécanique+identité-canonique-courante · identité-structurée-courante+identité-canonique-courante";"pilot-pending"
"Scherazade Aissahine";"Scherazade Aissahine";"update";"da27bf176963f38d · c0806d8b5a097ca3 · c72ca5eedd56668e";"PGO0036 · Afro Pop";"Stem · Main";"identité-canonique-courante";"pilot-pending"
"Scherazade Aissahine (NS)";"Scherazade Aissahine";"update";"cb126cd2d9eba8fc · 7c36d2086e2b47d4";"PGO0036 · Afro Pop · PGO0032 · Diggin Hip-Hop Vol.2";"Main";"identité-canonique-courante";"pilot-pending"
"Sean GUEGAN (SACEM)";"Sean GUEGAN";"update";"241ff53473fc89ba · 906c36dea635b1c1 · 56cef962f963c9e9";"PGO0027 · Future Beat";"Main · Commercial";"identité-canonique-courante+identité-structurée-courante · identité-canonique-courante+normalisation-mécanique";"pilot-pending"
"Sebastien Blanchon";"Sébastien Blanchon";"update";"5640e142e43c8014af3db832b13ee61a · 15924ddb986967d06a98faaeea6deede · 632702d481c6023e7e28b966d3f2ab7a";"PGO0049 · Odyssey Suites And Remixes · PGO0048 · Solo Piano Vol.2";"Main · Stem Guitars";"identité-canonique-courante";"pilot-pending"
"Sebastien BLANCHON";"Sébastien Blanchon";"update";"aa354a65ef3409a815d5b3503cb77a3b · c46998e94ef2ba0f40e66f13b0164aad · 8793022b8d9b27b160454c953851da7e · 4d1e88c5cdba31a3924276b7a1473bcf · 919e66e2846f2bfb60e4a88c8509323b · 2a27c83f88659918b0f6c4a1d4c346bb · f3ddc0627919b751a76bc5a615d77da0 · 75cc6b5171ab93d57f3b0a6881c87098 · bdbfbe12ef9e6dc48d73ac3fc373ec05 · 70662976a5d5ce14c009ee062ea81250 · 23619d77c364468b8bb65eb12022abaf · d1ce3444e4e7fc28849e323383919ca4 · db9f4d34540111cb0fce4fe18fa0e182 · eca3d2c07729865b272bd9040b9d54cb · a55add011d972e9d8102bef3efaad20f · a7065f57755e1729e1cf8609274f8e82 · 0349983bac40df2ad42d5a606ad09560 · 9405f1c07211a156d34cfd3a3fe1dbba · 4a568e59144cfdf5c1ab5b47c48716d5 · 23467494a472c783de441ca0f7f39eab · 44c166f7999e701cd34911cd819a402b · f3465eefa48427f836f25d148c563554 · 2c24e0afb3348b6286b91ca3b4f95166 · c7e24d58322d060460c9502b7a4dae4b · 7de080f5dffa2451b0f13b2e871feeba · e9b1b3f1a01f951cc5d5257e12aaed26";"PGO0049 · Odyssey Suites And Remixes";"Main · Stem Bass · Stem Fx · Stem Synthesizer · 60 sec · 30 sec · 15 sec · 6 sec · Stem Beats · Stem Beats Bass · Stem Orchestra Keyboards Voices · Stem Drums · Stem Orchestra Piano Voices";"identité-canonique-courante";"pilot-pending"
"Sebastien Blanchon (SACEM)";"Sébastien Blanchon";"update";"e63137588f5c54732c6171b18261838e · 013a6b6fc06264395f84161f39e9b37b · 2e80ea8877ae1b97e1ccf24f02d595ca · 322e28d2520a7424896e1190ea94da5c · 1f75cc6c1276eaed781138167d0881e5 · 535a1a49dca2ebb6a792c815fba56a31 · d2b769a6f125ce21a5c958e274280dd6 · 205969b250c4f0fbf815e50524faf436 · 86ffc2a948c33ef04c00765daab37a5b · 74c86772d46d335db10b705005dea967 · 44e91b67b712058a7d5b76d2dd1ee1c9 · 028887543e3913f210d0a58d511cb46f · 69e43d82f7105f1b244a9f3f05ee4598 · 5faa5f19ad5e457fd93f70f677e9676c · 2937dfffb2d064d4dcc2a4b6d1098ef9 · 6ddf7369a2dddb5abcd487d41e816fc4 · 77bb8cb4d1852348e965225fb4fad157 · 214eb170f0861fb5600323b36d13555d · 96de051c1dde5002b742fc2ea45dafcc · ce4749af937708738ee5de7e90f8c3e0 · 3fb5a07980d8317f6f46306c0980aef1 · 167c9d8745fcd10bf37759d770460aca · 98eea9393f3983f46c5163a4a109892a · e571e0eefd2173bb2b18ef3397230865 · a943019b1a6e28a262b5b1eedc626a11 · ea07702155bd3274a5ac0ae0ae18b2f8 · a110253f847cae2476f356a5a893252e · 01fc04488557da77b813d65bcbe5ef63 · a54a0e88d95a7970b367f2e6c3d1b301 · c75060cc4017aca8068e1f89ce64d54a · b1f2b29ce00f5e6c136ce61d26c71e98 · 552facd9866da17932ec7f9a9994da4d · e7a905a3c1fa953574cae3d7daac5d6f · 7d69dec15c3a6db681242b9d51ee95b7 · e57154abe0be307d469f86491a4c585f · 51ba834f13cd71ddfac140f3bdc94a32 · bd3072e9bf1eac0efca2ad1ed8005f58 · db080fcd7aa8c10f09997ba0fa095057 · 80321d727e928230b48437118767c182 · d8876bd9814ea283b328c924aeaf394a · cf3b494c634bfe30c0504b3a72c991ce · fba1d973be9a6277a7e6382fccf858be · ab03d815fccf9633665b38407b1716fc · ac147308756cd47fff93303219b2d5c4 · cf3ad017ea421532c33b7b109ad365ea · 99f20a590d052c7c0af2226b8b5b20a3 · f31e41497afa42aacfa2cbc8c960aae9 · 2fa1a6047cff926fa12eee32e2260d81 · 8c5f1e26975545d2a4ff1fb550e2f20b · f239d5edb25b5b2edab20ae3afbc00b8 · eb451533beef44ff5d752c80054d66e4 · 54eacdbdf456b8ef3947e7d3d0e70049 · 47a0fdf2d1798158d2e950f9ce8aa8a3 · 451851c41863dc66ac84b69fd3833596 · 12d15f30ff06747385c9fa735896d82c · a36f378c74cca8068538427c647db17a · 30787d71784023e279a8a5fc9eafb445 · 67412622c275382425505f0e0a180569 · 9cc889186043f36ee4c824f4eb1bebde · 5656e0ff41a09113038e87bcac81beda · 3c39a6533e89baa935ea99d129df6144 · c52c42befbeebc0cc381682f4cd52aae · 7768bdd043cc3635a1dba4a5869a0694 · 17be0e9cdbf7bc4064dc93169634ad9d · 05386d8291134de7dbe938b2c1e0d571 · a524eb2b4ed2b0eb41b1dd30d4b602c2 · 89fc84d5249c26f68d3f2e639d555ece · 9f60ab14db4c6fbf5cafc51e600785e6 · f4f4ec35a41d92f9c383e5340ba29f55 · 0a05c92d721a77d3a7b9157e63830825 · e83e4f5567b10a28b7c1442a84ca4c38 · 964eae06fe7e91e47a9f5369fe31e89e · 260fa1a365e1d537d78b973df31df383 · 2aec7df3dd85a1fd4e508fe4dd00f9bd · 57204e7d869cd9b763b3e1c04c94588e · bbb3f47c6c4c106900e53f607bb40ee6 · 739ca9bcd277da50eba81c8d478f4399 · 102f79659c0a7a457e325678d2845127 · d0ca544261562f37bdb1dd0e8566381a · 55385476aadfce3c94cf3961c72af56a · f9c7e898be3d26915c6f458472d71fac · 1c866cba345910b4700a409476489eb1 · 4a3fadfc26b3e7d794258b76d2b26d0a · 233ea33973b721ef959b1b32ffa1d83b · 46119554db962f6970423fc743bac65e · 1b0edb336cc1bd42d26bf7c8941353c8 · cb4e55587907c76688d94ca801a7c7ad · 41206b4e32b795b8df336b233e7296e1 · 24dba490096045719d2ac3655a7a890a · ac0bb029a02765470179ed027c803886 · fae51d7271da97d0792e7dfbc7fa8af3 · f67a1e36435579171d67695b46fbfbbc · 1dbfdeca6aa68f45d8e246efd4293316 · d05853a9aa930d7795cbcf6210a3b7d5 · 19209a78f1b9be694182ee06207a44af · 365c38ca77f027a7c8309453c04774e2 · 1d6eb32f11bdee28896a2949fd47eb07 · c716a0ea11a9b873b6f8ead82a51a846 · e22799e59385eb6b372fc2d12abf61e7 · a3db13e7e1c59007284d2bb782f14d42 · 1c0d9fff9194bebbd773ead74edd6a40 · d0e9e4ec5720b574dc0964c2c16ab30b · 465778ea7a4e43d476b54f36861b510f · a4d72b32bd0756e2033e731a0e8aae54 · a0fdcd79abbe1c48d7a6998e0be7c670 · a1bef823fdbe586d14ee3e2a381b91b0 · 91716c8271814a07e8b8ed81a7d60023 · 690f68690dfc8fd3b3461f6af6162ac5 · e7cbf83e62d4c81bb71200b5c34fd5d2 · 9ca93a6fb5140bb6a1454894f94cc8a8 · 60ca996f3a31b9b4bb2b914d872d9f47 · 881e433f26288c62665abd2c4035b467";"PGO0049 · Odyssey Suites And Remixes";"Main · Stem Strings · Stem Woodwinds Horns · Part 1 · Part 2 · 60 sec · 30 sec · 15 sec · 6 sec · Stem Drums · Stem Horns · Stem Strings Synthesizer · Stem Bass Drums · Stem Bass · Stem Piano Cymbalum · Stem Orchestra · Stem Synthesizer · Stem Drums Bass · Stem Drums No Kick · Stem Strings Synthesizer Scratches · Stem Sub Bass · Stem Piano · Stem Strings Saccatos · Stem Strings Staccatos · Stem Winds · Stem Percussions · Stem Strings Legato · Stem Strings Main · Stem Piano Synthesizer · Stem Harp · Stem Strings Staccato · Stem Timpani · Stem Woodwinds · Stem Piano Harp · Stem Strings Piano Guitar";"identité-canonique-courante · identité-canonique-courante+identité-structurée-courante · identité-canonique-courante+normalisation-mécanique";"pilot-pending"
"Sébastien BLANCHON (SACEM)";"Sébastien Blanchon";"update";"9fc5f3193d9a25dc · 3cd7c572636d071f · c587912edb0cc3b5 · ed97d77afc86602f · 8d9b8107bc6a4f98 · d2f922837a347209 · 7e8327791dee5cf6 · e8b5cd9ab2e0c2e3 · 75ae4dafc84338db · 1ca0f580e977e305 · 826b0b35ccd322b4 · b5efda3b0b9e548b · 652c3d98969c56e0 · b4dd24d4c0a14783 · 2baf4afb76219e5a · 706491eea5bc38be · 0f703c42be19ffb8 · fd335751e9b912f8 · 91072b5a7a79fbd0 · 850341a0147dcfbe · 657f45532c70e55d · 2c46d7f0823bdd50 · 476821dd506f288e · f2ac47b293803630 · 0acc75bbac0187f5 · 88de2b87671af550 · 5efc5ba1ac08e328 · fc99bdcd45df49ec · 1a3117ddaad4979c · c6f926cca82f76dc · b153b2e860640e31 · 980043d9a796cdc6 · 21b8f92f0e5bdc58 · ad8ab160d075ef41 · 3e6d72139d0677b7 · d397344ecc1113af · 683d2777ccdf2947 · ebbd5265aa4039f6 · a3e40ba0d6891ef1 · 25f92eb8b14be625 · 20f9b6ccdb8c7347 · bab7c269bbccf91e · 1f5411ec717c350d · 30ffff584abe8d5e · e4d110d05fe8dc1a · 93f40967dcd20ae2 · 27d3533992d51363 · 6de10622a74e52ea · dcba6d73465dc7c5 · 4df44530408bc799 · 2be83733a7b22e66 · 0ce11259d466136b · b585180994b5e276 · 4d5378f63f82d6ad · 612d7e1018cdf8bb · 3a47044aebf31bcd · fdcd3a2397d2499f · 681341f1cb8d871a · 6b56dd73c0e691a0 · 9270056610ad1640 · f4ee2efc4b7cc4a9 · 0c442564c270ce3a · 1a3dc1893851be13 · 6718571453f9e9fb · 328153c97b4d94fb · 2211114cea639944 · b080dc8dc298ca4b · 9ed6aeeea36d8856 · b99993de928bc5c3 · 6bf9a0c8d33b4b6f · b4ba8dd10e85ae27 · 6b8e9e616988ffea · 508f9ed05a3f245c · b481e1bfd7ced19a · fd4b1d691b39c3b9 · e1a4611e8b878882 · bd1567629e082465 · 88e37dad71d02d92 · b9ef7e84b29c3d61 · c6a3a471b0b506fe · 56e3cdf810090b0a · 6316c608d03599a8 · 3fc00bb24cb5248b · 60000fcccc51497c · 5d8d9a79c6d74add · 923bc57bff31f366 · e11d5942aa093005 · 38f86ca64155aa90 · 2a4b59ed4e5be9c4 · ef7ba74f00f72121 · ca76f13d14945573 · 6e41435e0733be25 · a400729a29655cb6 · bb7ff3f45b9bd6f4 · 8618e8b8c94f2537 · 4eabe8f15f3ea596 · a5801b56279e22e4 · 77cf68cd87e6d545 · b9ca200f24a66981 · 5536a3f59aed32df · f63a9954270e6593 · 6c240ab17a2b94dc · ad19d250f4590e53 · 5a15a738f9a3e2b3 · 7679cef98190258e · 9538e09b15a4181a · cc238b5976fd4deb · f8f660d773cd3d36 · 05e50d4486c00462 · c537dd6f70372d9f · eb88fddcdf6e487d · e4732404e9b451cf · 860eefec897ad3fa · ae286861e18f3d06 · 8f56660698b55db0 · ef4095f705ff0409 · 3cce76c5b88e51f9 · f8f6f849316a81f0 · 49a69b86ae10a77c · a28687a404f5626e · e1d460d55e93d108 · e97819282da8d27e · cf2db5b8e91cc56c · 62f65d3fc33361ac · 94d3e1c636db98dd · a2e932406273adc8 · 5ff1dec1fd6d314b · 4dea6f3deaf22601 · 1a05ae9fcadb77de · 731af14ffb5fb814 · 2f0fb6a784206e3b · df45f50496d304c1 · efc84bf9759bb075 · dff069c902960dc0 · 81c09d15b5f409d4 · 2c04e11d07f257be · 1dc149149a93a09b · c621c78c36ce6484 · 097f723ea7d33be2 · 5355347973729ba1 · 8051d1116df76c54 · b24256723c4cbcfb · 55465551c2f3afca · 74cfbee44597ab77 · 506a99cbdbc84b78 · d83995c80768f6b8 · 637fecc557af79e1 · b3bce9a701b9c6aa · d559f93e911c782f · 878725b2491c4238 · a9dc701640190cf6 · cd1a251579d55308 · cefaf068dbd5f2d1 · e59b8941b9e1afe6 · 99929a3122fce658 · faddae06bce7f28d · fc1fc27c103c2099 · aa850564c2d25f5e";"PGO0028 · Hollywood Hustlers";"Main · Commercial · Alternate";"identité-canonique-courante+identité-structurée-courante · identité-canonique-courante+normalisation-mécanique";"pilot-pending"
"Sebastien Delazzer (SACEM)";"Sebastien Delazzer";"update";"fc3777845fdd84fb · d5a7d103205ebbe9 · 8224c373da0b4c42 · f48e3e8b79f32dd2 · 194fc62283e2900a · 55faf833ad55663a · 58f7b865ea9a8992 · da893498c2815b49 · d75ba3e90657e29b · b53057c6222d18e2 · c8a81f7a08a1c1cc · 380a9614d1bc36fe · 73eefc2abad772d9 · 57a8559f3e64e606 · 16570a77a8d9ff90 · b247d4bdb128de20 · 53c3edbe687258c8 · e68777ae50e12b51 · 5ae133210aa6b2d3 · 4ffce25524d734f3 · 8f7b135246859114 · d4b8c3d8508759bf · 052bab2d3687a232 · 7bf410124d239cdd";"PGO0021 · Moombanana";"Main · General Underscore · Commercial";"identité-structurée-courante · normalisation-mécanique";"pilot-pending"
"Simon Andrieux (SACEM)";"Simon Andrieux";"update";"f0836084785df97f · 0b4b511046e0b829 · 950dcb1700c8c1ea · 35d0bbcc6208f5f8 · 5b7f8830cc06c77f · 61c75d53f2fdd8c1 · f7d863cec71d14a4 · a51fd6d6a556e05c";"PGO0037 · Quirky Jazz Parade";"Main · Commercial";"identité-structurée-courante · normalisation-mécanique";"pilot-pending"
"Sornin Emile";"Sornin Emile";"needs-review · no-change";"d01985ce8488e525 · 56801320eb1fc366 · b602d107b7a0b0c8 · c25420f1bba01906 · 0419439eacd14b26 · 92d31528787434ab · 82cb295b0ff0e11b · efd3cc295991495d · d7c0c77d1af483f9 · 3b6e17c2ad990bbb · 508b21adf4e1f222 · cbbd6009be560235 · ab2072c1e68e5249 · 95dda0bb50984b36 · cfc3bd6ec041825c · d0437f491bc1eed7 · 8aa67e2863d2d03a · 5530652a43e2284c · 1608c292fbf44690 · a405df65cb548d21 · e621265606abc059 · 6efda9626fc56e38 · 1bf4caf31017b33e · a252c63cdfe17597 · bc22103af9e497c7 · 6755745eb206d515 · 6181d005ee12e2eb · c383634059b37877 · 522f4d8ea4f0a91a · a13bba8236a21779 · 99314e240b2c2329 · 9f54bee29fbf6ba9 · 106bfed396bc616a · 8f027183532ab650 · 079a6bf014eb26bf · 26daec1882e5e832 · cecc26bbc4e786e3 · 7b820b891619469b · bc342c097c6df364 · 9f184887644ed3a7 · dd05f045eb46f4b9 · 63983e6c0feba66b · 5874a65d845d1218 · f2d6e863c974686a · fe887999a476b20e · 902f2e72c188623a · f40f9fe5c1744251 · 378bd476454f254e · c9f245a9ec260dd7 · 96b1871bc1ba12ee · 1ca10bf92f321a95 · 7dfecb4844b4a856 · 8c6e1d5941b91ba3 · a4627bf10b0cc729 · 4553c0a62d79d1eb · eed7acd0b5d6770d";"PGO0033 · Surf Fiction";"Main · Stem · Commercial";"écart-ayant-droit-à-valider · déjà-canonique";"needs-review"
"Sornin Emile (SACEM)";"Sornin Emile";"update";"e8b987787d7b1a6c · 3928d3169641ef77 · 5ba81fa529730740 · 96e45242dcf2c07c";"PGO0033 · Surf Fiction";"Commercial · Stem · Main";"identité-canonique-courante+normalisation-mécanique · identité-canonique-courante+identité-structurée-courante";"pilot-pending"
"Sosth�ne Fanou";"Sosth�ne Fanou";"update";"08a3cf834d4a857c · 1b7984913a0f3de8 · 3a9e4d3b83590427";"PGO0036 · Afro Pop";"Main · Stem";"identité-canonique-courante";"pilot-pending"
"SR ORTEGON (SACEM)";"Senior Ortegon";"update";"fa1272f633e71105 · eace439b03f45a11 · 2c684b776970de5d · 3104888d2b3cbdcd · 53c85d6f071fb7df · cc88351982da48d0 · 59a2ec904de4ef08 · 31aa029a3e41dc8d · 8209d129bdd20a51 · d27c21a3978297c1 · 16679f3e7ad9c084 · 888a87f785cbdad7 · c25939205d2e9ea2 · 91ec66fbbda23a7d · 4346ea3c1b3d6b2e · f5677964cb0ea55b · 1e9b7e9f640b5d19 · 01c934ce619c8a2f · e3e2db5d6833f028 · ce6133623a7d3f37 · 0d62fc8e19c53e45 · 92b2a742ce1e7d30 · d7d4bb4975394a0f · d0bd179e2d1f5149 · 575e9489eb8ef114 · 8678c8d8f7145786 · 0cb3b8f9f94ba401 · e2a943ea0e6fb203 · b71fb40525dc3edd · 505ee0f2050eef3a · 84d5b533ced40b3a · bc4756782a7d0e6c · aa969311d9db6187 · 7b034044ef6a88ff · 2cb06c88da406214 · a6d14263f734641d · 8fa9611eba9231af · 4f3fc13853b750b6 · 32471ec1e8320f95 · 64f5f576e5ad9ba2 · 1c2f03d7f1046ac9 · 3070fa4678463bc5 · e3985435fabfe986 · a51d3fe1a9045cba · 3cba032f28c69969 · b1358f5138902a06 · e52039e5d3bc7190 · 927483eddd838518 · 124772409ab5e6de · b155f752d80ffa49 · 2792708658673288 · 0e0f69cd94f39e03 · 813ca907577529dc · 75dda93bbeb0df80 · 9b5cc81cd00b3be4 · 6a02ea4c4e48f053 · de9083e171169235 · dcc0639274919f73 · cf5943e802bdf0de · 6030cb6cfed5b531 · 6d98266941d6bc03 · 765bf53ac04912fb · 9493296d334383d3 · 275bc5de2180cef0 · 833387cf93870cf7 · 1e723d3dda298b31 · c310fd0da85e536a · 6cf8c79e3cf8cf30 · 2f6f4d10775c4d0f · cedfc40594411c5f · e6343a95628620d8 · ae96d2c7bbc34313 · f31825c418e0a558 · c3bf42e42867bf6e · c62e9e319668e88f · 42c79ac378f05e2b · a8d76dc2b1487f80 · 8c2345617d2b0729 · 7c92eb92ee8c3d7a · 9298364b71ace450 · 330c7e4348ad84f1 · f50e908baad1244b · 153806cae429ed7c · a0d0f7be5eae4718 · 6be6388b0fca5221 · fc3f25f6abf62cae · fc06cf77081c0405 · 4a8b81ca87f87b2e · 77d7f7a31966e574 · 4220f0f76e95f158 · 63b5d50cb7abd81c · 4b391df823ae3cab · 39a386de05673d43 · 8548809e8f027e14 · 03a3a11645318ba6 · bec812794b613652 · 24c63fd60927f9dd · 8aa9b0f013b8190f";"PGO0026 · Latin Experience";"Main · Commercial · Light · General Underscore";"identité-canonique-courante+normalisation-mécanique · identité-canonique-courante+identité-structurée-courante · identité-canonique-courante";"pilot-pending"
"STAN GALOUO (SACEM)";"Stan Galouo";"update";"fa1272f633e71105 · eace439b03f45a11 · 2c684b776970de5d · 3104888d2b3cbdcd · 53c85d6f071fb7df · cc88351982da48d0 · 59a2ec904de4ef08 · 31aa029a3e41dc8d · 8209d129bdd20a51 · d27c21a3978297c1 · 16679f3e7ad9c084 · 888a87f785cbdad7 · c25939205d2e9ea2 · 91ec66fbbda23a7d · 4346ea3c1b3d6b2e · f5677964cb0ea55b · 1e9b7e9f640b5d19 · 01c934ce619c8a2f · e3e2db5d6833f028 · ce6133623a7d3f37 · 0d62fc8e19c53e45 · 92b2a742ce1e7d30 · d7d4bb4975394a0f · d0bd179e2d1f5149 · 575e9489eb8ef114 · 8678c8d8f7145786 · 0cb3b8f9f94ba401 · e2a943ea0e6fb203 · b71fb40525dc3edd · 505ee0f2050eef3a · 84d5b533ced40b3a · bc4756782a7d0e6c · aa969311d9db6187 · 7b034044ef6a88ff · 2cb06c88da406214 · a6d14263f734641d · 8fa9611eba9231af · 4f3fc13853b750b6 · 32471ec1e8320f95 · 64f5f576e5ad9ba2 · 1c2f03d7f1046ac9 · 3070fa4678463bc5 · e3985435fabfe986 · a51d3fe1a9045cba · 3cba032f28c69969 · b1358f5138902a06 · e52039e5d3bc7190 · 927483eddd838518 · 124772409ab5e6de · b155f752d80ffa49 · 2792708658673288 · 0e0f69cd94f39e03 · 813ca907577529dc · 75dda93bbeb0df80 · 9b5cc81cd00b3be4 · 6a02ea4c4e48f053 · de9083e171169235 · dcc0639274919f73 · cf5943e802bdf0de · 6030cb6cfed5b531 · 6d98266941d6bc03 · 765bf53ac04912fb · 9493296d334383d3 · 275bc5de2180cef0 · 833387cf93870cf7 · 1e723d3dda298b31 · c310fd0da85e536a · 6cf8c79e3cf8cf30 · 2f6f4d10775c4d0f · cedfc40594411c5f · e6343a95628620d8 · ae96d2c7bbc34313 · f31825c418e0a558 · c3bf42e42867bf6e · c62e9e319668e88f · 42c79ac378f05e2b · a8d76dc2b1487f80 · 8c2345617d2b0729 · 7c92eb92ee8c3d7a · 9298364b71ace450 · 330c7e4348ad84f1 · f50e908baad1244b · 153806cae429ed7c · a0d0f7be5eae4718 · 6be6388b0fca5221 · fc3f25f6abf62cae · fc06cf77081c0405 · 4a8b81ca87f87b2e · 77d7f7a31966e574 · 4220f0f76e95f158 · 63b5d50cb7abd81c · 4b391df823ae3cab · 39a386de05673d43 · 8548809e8f027e14 · 03a3a11645318ba6 · bec812794b613652 · 24c63fd60927f9dd · 8aa9b0f013b8190f";"PGO0026 · Latin Experience";"Main · Commercial · Light · General Underscore";"identité-canonique-courante+normalisation-mécanique · identité-canonique-courante+identité-structurée-courante · identité-canonique-courante";"pilot-pending"
"Stanislav Bendajevski (SACEM)";"Stanislav Bendajevski";"update";"d75ba3e90657e29b · b53057c6222d18e2 · c8a81f7a08a1c1cc · 380a9614d1bc36fe";"PGO0021 · Moombanana";"Main · General Underscore · Commercial";"identité-structurée-courante · normalisation-mécanique";"pilot-pending"
"Stéphane DELPLANQUE";"Stéphane Delplanque";"update";"f43996784ebe433a · 6ae55722af6d8466 · f214aa550f3b6f1a · 6744630ae82c6c77 · 73d3a65cbf9bc202 · cbe95dcf3fb6b039 · b154d7a96e3682b1 · 0d94506c5fe836f7 · a1244b3ea9d858e0 · ac27c1058dc3255b · 6607614c1432a3c3 · 4eaa6945c7dab4b5 · 1f70805a09c68dbd · 548f2c1007f6d4ba · eec07526c0eaa16d · 475034c0e5fa8323 · 4a27c481ab28771c · 41e228090a530e71 · 4b074bdb14b9e304 · e8aa69960ed6602f · 960f89eef4ee585c · 64eb2b54caf90c82 · 3c03c7a819597ab3 · 0a4e241bd419000b · 3e4204b8d00e0191 · 62f53db9d5aeb576 · b4cc4d6c8145be29 · 36ec14ca3e804e1d · 587de35a51c4bbf2 · 175aacdfd51e15d6 · c104e2051375dedb · 9235174428fcf663 · 1409a502c55e8e77 · 3ce803b6d600e24d · 8208d5fca647634d · f7294b5ab1120fcb · c899f3a8616f8485 · 6efb558b322898e6 · 3717f0f5a13984aa · 875b049aacc7bde2 · 410ab9bf14e38791 · df4bc1bfc9ffd5b2 · a3c46cf90204e2d6 · 765e5e99997d0a50 · 46c7f95c76ae470a · 504431b6039f4af8 · b94622827d2ac9bf · b27564d123536a52 · 3c8767877cca03aa · 4979c38faec56661 · 1178c6b15e179aab · faf8eebf90c84eef · f7cc8bae589abe01 · d7b579e017727e62 · 38ccef7eb205738c · 76689d18951bee18 · ff8ad8b81a32eaa3 · 8ffadc88ed63eb2c · 9247409fdb881c73 · 203d4292304032d6 · b27ca13042ac0838 · 15abf53f24e2afc9 · 5c5c1cd25eeaf0b0 · 532a73d9d956f2da · 31b78a7be2a88671 · 8fa2e9c0c89f4e49 · ab37cbccb3d2f710 · 89df9653244eb7f6 · d1dff7f0a08f9971 · f80bee58962137e4 · 5844f18c0df25958 · 0067d5f2798a75a2 · 7c0b7cdc1316098e · 418e9cf3c79b242a · e4aeb4e20c9dbe33 · 04cee541ee456e67 · 1fbd6e56a894087b · a78388cdd6078bcf · 835ea7b413e618dc · 280bfa5842dcea8d · 8fd07276ec3eb8dd · 9cf30c586837abfc · ee28051926b1e317 · 3b5e5ed9445b5a68 · 9403eb2cea233e81 · 33f23a1e65a78100 · 9279875b86f60052 · 090c8e767cb2e219 · 0fa1dd1ee2eefc5a · 9320afac60ad6ab9 · 885c60ac2319f62d · 05c98cac2f561bf3 · df5fcfe705f60d13 · bf99e8894bcde884 · 6983d45e85fd32f3 · 6b803ee5c40abe89 · ecbf91267a19b6fb · 7b33f0b205928fe7 · fd9ca13b60b22e12 · 6e71ec7ac8c74896 · 348cb1addb868bc4 · 2ff0050222e18534 · 89be7191f40d9b17 · 201ffe591c904fb0 · 632ad68bad4417b4 · f26558ce48d52456";"PGO0041 · Lazer Funk";"Main · Commercial · Alternate";"identité-canonique-courante";"pilot-pending"
"Stéphane DELPLANQUE (SACEM)";"Stéphane Delplanque";"update";"067e9e7645bc96ce · e7d4921fe75a32f4 · 5c493b86afb99319 · 36d42dcba194d128";"PGO0041 · Lazer Funk";"Commercial · Main · Alternate";"identité-canonique-courante";"pilot-pending"
"Syra";"Syra";"update";"f4d46ce6b10c55c1 · bfa54e1f75f89c28";"PGO0036 · Afro Pop";"Main · Stem";"identité-canonique-courante";"pilot-pending"
"Tcheep";"Tcheep";"no-change";"086564484c5ce1bbc961900d97eeb525 · 86decdac28a9ff487d1dac46975c77f7 · 0ef75eda94e21c1d1778fc0bac555f40 · b8d4de035ab48850d34e62595d0741e5 · 8a4a58206e64dee3b49a8050f2adf482 · 87d7da6a5bb152bb4b1e1b3f318ce3dc · f5b896f8a99a2adeaef891efc176f9dd · 891636f0736303f94e62c764b104e3ae · 91357618e027a8d26186ad728b726b19 · a3d445b7bec643e2a4b5b820d2b48364 · ac96c86fc428b62cfe6fa1892a9a7b4a · a47a79e1b4b4bbbda21c3b49618e04a3 · 049f591435687c149fc07a8f95906377 · 21f7c803333593c97083cb0d87f64360 · d66caf51626bd01600d66856e9d5a8fd · 705cd6302dcccc815255ef9def3fad43 · f65a1303d4c8740cc5baafa318158537 · 2ca8e4e84514705ecce88d33d51cc4c8 · 1ff0ce8b40c95b2110e6f77db41fef6b · 74f83d3f58b9fa2ee6881146f11992ed · ad86d9c188da533540c09bdfc0472c65 · bbb65eb913ed4e2e8e958b49bbc4deb1 · 683c0375eb4c59b313c78fa747c01171 · 76b055e762c4430d4e867e49e77d0ec9 · 7317e9e593bc409e65332782381c3c4b · c0dd11edfe0bb01796d653effd2669f5 · 95ebe1b93fe559c1f7ca9668aabe66d7 · b4eb3232c96971e433d1c09ce64d7ac1 · c8623fd27492f51c96827aad4fc80a14 · 231c4f05a8b607a2683fe54aa92678f0 · 57f236c1cce888ab48bb7f5aab77f68d · b88d40f0013beb9cded1ded54fce10f5 · bbf883ef9c620e26b40da0816eb5e5ad · a7c7bc5ff6a6cf5e55303eec3a391ec5 · 2c6092025e222f6c27fd03f6150bfc51 · c5279d6030c10b422008688a6fd58988 · c1f092d882215d394e81a84a877daa8e · 87a4f9a305ecb45fe37286b194b69b3a · bf96bf710c23c0a8b6bbd7a968c96a36 · 277e5e29785ae530fb7cd07ded9b0641 · 8e82029134bbf559148b5c2c07b03cd4 · e53af54ad0f98a17c346955708f5953e · 5979ecc80f63bb7899a91318b727215a · 8ab79b31cbf4fe49d6838001cd17a3aa · 59020b24ef4244b53975ba47e6444a1d · 9612cb22a30bcf68a4f4b59208f7e338 · 8453c96ef63d4fb0ab787d8b2c5a8e72 · 6d0cef063d275a80ee2d0027f4f77d65 · 08ae364aa8236f175a126882d066b4c2 · 30bb9e574370d5c97a70f95dc62b81d8 · 3660699b1f841826d19b2abc242bcabf · f63aa10b3f0590e580d68cc8dfc04fdd · 1c39dfca22329f1bbbad9b086f16016b · 30762f1584427d52f3dd602731851eb9 · 9e4db0032c88cf46f7feba4dcfb7290c · 7636d0989865c8b77ab2d739cccff9fc · ac507278cc5df5a04df14497e41a2911 · c86973bd5eeb4e9016812edb195dd3d9 · c08274db0d0d0b5249d8d3c172c07e91 · 125f56a2db8910b1a7964079e4f32e51 · 389ecad7e4ebf718c2bdddf7cba53c3c · 56e007019da368d28c3aea8cc34eff6f · 02bc0f2e2a0e4eec61b39028fbb619ad · 5adbf71dad8745b2ba5c31b42a563fc9 · 79662e184b781d60b6e26b40cdf748fc · f7f8b8a7603d93aafc86870fa2f23c0f · 17d9d6b5ec24be56420d2b1de70a7598 · 700a605c4396ffbc13e9480921e0504b · a6858d7e0cb170dbc586009a07c80db2 · e97f91f9c2a3c39afd01a1706d09515d · 64a27c3cef5d4184a443b3fee87a1526 · 1069ebc204210785faacde2d34f8ee3d · 23fc751557bcb34b46e4f430b20c573c · 3d34988b649c8bf9769cdb45fb358764 · 6366bc3ba2a1e301e040b85f65b910a1 · a30025cb20ef6294b05458a31fe1d071 · 0f06274c1e2dd25f44ca0dc660a217e9 · d7c4ba80146599b27d8cf6022b382bb1 · 516e9b4ce211f181168b9c1b795489f8 · 66e4567ec413c390e4455d91dbf841e3 · 7abf09e4bad698e8c3c1363e230df031 · 4f3c8454f566a55dbc0613de81dbe474 · 4d018e4405ad3d152ae8d70dfdaa3e26 · a5c1b3829b6fb09ee1d849a1dcfcf94c · fa7aa71b4c262f2b2a581d7165cd203e · dbfec35fb3d0298e9fd11f9c1d02f6ff · 6bd87d6d7b5211b8123338f62165dfa7 · 602d13367cdf143d147a10e55b44a1a5 · d88f93c68331c7666877d5d93687ea5c · f7251b6a368b41bbc5ebc300821f4067 · 915047c6e01b774b9fbe79e12700478c · 58dd86eb8f396bfccc0e0169978b185d · a6a58436c08ce8f7d92322882d127726 · fa91b09566452b246277333843a31284 · 253e5292fc317ad907bd2c9cea74f4cb · 45595ead4e29d56b79d1d46ac6f60d78 · adc2dc082680fd177a0c925933065969 · 5ba20dd2348a2511e59518552151aed9 · 35f144af08f3d3259fd024a96ee7928a · ed3374177b8ec4b2c51d2f29e940f424 · 318299e52e6d49431f46db082511d993 · df883ba92d26dd9a6c9f3109e94c0926 · bc559a9ba78b5f38272dd788c350f86d · 0d5259164e8952fa77d59c382b3abe4a · 914acd5c5df537b0a837cc0a08817071 · 081d230fb317215d6306b8c576050341 · 69fd53f9918ef5e855d32ee34e5b9dfe · bb5e90a68dead1773cbd2aa68e496d85 · 76def836627f970e974eee58d60f25b2 · 5248b484ad97683af56e3ccde39fb26d · d85a114b5f9db934b3440e7504a8e6b5 · cf5250321483373bd25a60d17517567f · 887698e5b90c8ab03e5aeca46e0e2af7 · 83eac8f22e9184b0ad8246e640857b78";"PGO0051 · Lofi Hip Hop";"Main · Stem Bass · Stem Drums · Stem Guitars · Stem Piano · Stem Synthesizer · Stem Vocals · 60 sec · 30 sec · Stem Synthesizer 1 · Stem Synthesizer 2 · Stem Vocals Fx · Stem Guitars 1 · Stem Guitars 2 · Stem Synthesizer Flute Guitar · Stem Synthesizer Saxophone Bells · Stem Synthesizer 3 · Stem Synthesizer 4 · Stem Synthesizer Fx · Stem Strings Saxophone";"déjà-canonique";"pilot-pending"
"Tcheep (NS)";"Tcheep";"update";"28d1b1895002513b · 02835d7cd28be75d · a28a7994f0368a41 · 5a928feff5552c2f · 8a554e7d9c677e4b · a86df89b51078b2c · 8a584a21168a522e · acc17b288444e847 · 47781654911aaf05 · a32bbcb9860d807f · f06561d562ddf6eb · 156fc83570bceae0 · 49adc6bfc5ee7b99 · d4cdf8a0a3d9e054 · a121b2e87350f087 · 741519ac6dcfc039 · f08222990601dcac · da30d4fb192c6422 · 4d38857424cda774 · 53b57cea9091f246 · 1fe3590f0c8adceb · 8e1445d82c7d9015 · 692259f4ce48b23f · 4e888833c5e87a64 · 7081178b93e124b6 · 2ec639340bd3995a · aafdfab1d2b72590";"PGO0032 · Diggin Hip-Hop Vol.2";"Main · Commercial · Alternate";"identité-canonique-courante+identité-structurée-courante · identité-canonique-courante+normalisation-mécanique · identité-structurée-courante · normalisation-mécanique";"pilot-pending"
"The Architect (SACEM)";"The Architect";"update";"365c38ca77f027a7c8309453c04774e2 · 1d6eb32f11bdee28896a2949fd47eb07 · c716a0ea11a9b873b6f8ead82a51a846 · e22799e59385eb6b372fc2d12abf61e7 · a3db13e7e1c59007284d2bb782f14d42 · 1c0d9fff9194bebbd773ead74edd6a40 · d0e9e4ec5720b574dc0964c2c16ab30b · 465778ea7a4e43d476b54f36861b510f";"PGO0049 · Odyssey Suites And Remixes";"Main · Stem Drums Bass · Stem Piano Harp · Stem Strings · 60 sec · 30 sec · 15 sec · 6 sec";"identité-canonique-courante";"pilot-pending"
"THE REAL FAKE MC (SACEM)";"THE REAL FAKE MC";"update";"ea688fa759877ca6 · 18cac71e8785d997 · c204182e97afc229 · 743e0950dd15809c · 9fcddd41041f8ea6 · 5b5f662eee00aacf · f86505312cc8a581 · 02a427e363dbe4d8 · b5d0a97cf81c6e44 · 4070ac60c40c15f7 · e88e94d14600635e · aead18bff7d223cc · 4fbf3efe03f98f77 · ed81479ecfef4717 · b607fa2d371f168c · e4c2c9cc2ddb244f · 62495e13311556ad · e002e4dd162b22b6 · d86bead63d0019cd · bb04e4d227520397 · 5e08993d616c279b · fd4c1132a6f3a289 · 660a6213a52dd80c · 85b6550f3ba49fae · 09f21f66a401b2aa · c88f9eeb9d28e61c · 67be3b8874f80db4 · 7854a2df8af9601a · 95377216d22d4aa3 · 110be16dc9043a2d · ecb49e89d9d48743 · e09bcec8afdb310e · 70f66c8c1d8f0c9f · 7ca987aea3eeed27 · 8319613d1de0599f · 8ec95b43f32cd5ba · 1b9cdc64eef15ef9 · aa0d0f63f49a0363 · 15a8af66ba048da4 · c9ba1e5d1c0151d8 · ce1805c1077806c8 · 5e27e97e6b45b47e · bc73f0d68f1469f5 · 27999b2e8e888f0f · a7452a9847a49918 · 1b2aa8a79d78c346 · bf788c40733d35df · 696559136f45707b · d0cca66ee3a4fdad · db91705370f2054f · 1d5516738d8bb053 · 5fb246166ceb01c7 · b2d1a1bfae2446e7 · 63775f548d0e015a · fdc005857bc7a97b · 59411544a84f3e45 · fb6e769c084d643e · 1dcbaf2fc84fdafe · 1234491aba7a36d8 · 270ebbf604099178 · 1e14acc6eb746eb3 · 85f27d94fe76fb8e · 324b720a172820b7 · ab27c2a804f4aa93 · 1bb3f9dcb9fc486c · 7baa1bb813e8a9d1 · 0c4c0fa8fb01f647 · f6e8508d8ae4a2a3 · fc18ada24d26bec8 · 7d4c2834db9d289e · 54d79b7eee9b0b8e · c2b23666f4e964fd · 1c6bd798bb5bbc03 · 06048196dde76463 · b5e3ff76adafd5ca · 770da9e52ee6bdb1 · 5fd27c6acc635e79 · 93d2d1398b1e6851 · c2919fa83052f142 · 243fe8823a48cf8f · dcc181010db9247f · 9619d55cc0cd493f · d01031dc60d22163 · c9509b57342cd2d0 · 27eaad354bfebc2e · b7ba3d8e2762abb4 · 86982f327a036b9f · 5b7bb4fb95575a19 · 337b5e1cc9fd3272 · 6867ca265ff467f7 · 8e0ec82cdb9bc4e4 · ba9ba3247ddd53d8 · 122b3d578169d352 · bd514275a25b4ae0 · 08964fcd50266d2c · 724ca69ab4cd5cba · 8f2bc2cb1bafd4d0 · 98c35100b8974c00 · 1b2734ee79f308a5 · 603646f5e4b50cb8 · b5ec9a07efbb52cf · eed04054127a453a · da8311a8916dbeb3 · 8e2b2c78cbe76310 · 552d2113ae154dd0 · 05992c38b3b75842 · 58198316c62c7f2f · 9f0d2be1a893907f · 4f6e25606c33de6d · b8e75d1c69125106 · 6fd7addedf4488ee · 4fc9a099717b3c66 · 5ad116b37f172d0a · 40e60006bf0b6db1 · 077cf8af81197947 · 01ff06646a2c6b75 · bd2e920aabf481c6 · 8692aaae1343b46e · e36d5a93856c523e · a0755b354b018414 · f9c96641fa0aad58 · 0b658b398eb49c5f · dfd2f82cdfcf938c · 35c5840fd28309f5 · 77c7c298526cbc11 · 53fb937f82514c61 · 64f9436689219d43 · 315b2b9225a0d184 · 691fe2281d6159eb · 9917982813a0d25b · e5bace83a8334d2e · 5a422f85dfe61ed1 · 2727a000fca6c532 · 9048d2f63aada415 · 8fba213e2b5f232c · 817858ea0439dd85 · 14ada340e261207a · 6e644eb80d83ed16 · 8464ef95521d04e7 · 2abcfc752d4f0b20 · 33b87a003f29df76 · 4c7f81727ad4b23b · e4338913043ecbb0 · a813edf93e5bb8b3 · fbe051a03dd97d95 · 4db2d12a851dce49 · 90829b1d4a5e703f · e03aba50d9b66d3e · 9b617236a682f9a5 · ec054783bc5c8cd4 · e9a1e9e250c9d5d3 · 7785362d364133e2 · 287b64fdd960eeb0 · 0b771f8af2127f9e · cd70ba7bb8963065 · e297f999b692b21e · 419e924311d382cd · 8d2d8864a9e79143 · 11e9fa58b6b9d348 · 1965ab51c8049ddc · 80f82748e9c66661 · 55c0ed09563f50f0 · 19bc554865ffb97f · a02ede22509f3b33 · ca5c943d29e5eb3f · 9bff579b752354c3 · 94c43359a0817393 · edd31d4e866cb739 · a1a1427438345230 · bea13ba9f007938d · 09ad6a8e1ceceb3d · 6a2f0a2d2f16180c · b8feea426c30bc35 · 30c4fda8a24d9ca6 · 545803b457be4c5a · 206ada3856ab30f4 · e7bcb6635ac63706 · 8d5e030ec5080cda · 8f9c177bc880d9fa · 3ca77693e364e42b · 2fc73e8a68e67b08 · d175cc2c4ae45146 · 05c657bfd8df9e03 · a55aa2688f55bc1b · 4c6098e105d9bbb4 · bbbb7b61be5029b9 · 00124270ceedec07 · acc838cde4d73fe7 · ee7923e6f7df1d6e · 18b907227580108e · 12e1e757e51b39d4 · 4b753ca78416738f · 72ddbebc1840cb74 · 624337dba5393d70 · 6c476d79a0ebc0fc · 52a49e420715fdef · d9955aa05a7001c9 · c07248817af28647 · 144324780b0373fc · 06a828f364d6480c · cdac106320ea1203 · d26d94913ac883f6 · 9ba88b7bba330627 · 58ab721a73e6907a · 9eb34c625ba3dc8e · 9d9b8b822ee7013f · 2dafadfabddb1a6e · 5556d781228e4e8b · 866ed7701d60f050 · e64659628e812fb6 · 2abc28121a7a73c7 · 2c2d051dc3d8e68e · 8f76d1143ca427f7";"PGO0029 · Go-Go Funk";"Main · Stem · Commercial · MAIN · Commercials";"identité-canonique-courante+identité-structurée-courante · identité-canonique-courante+normalisation-mécanique";"pilot-pending"
"Thierry Loshouarn";"Thierry Loshouarn";"no-change";"82765264f68f5ca2fbf2eaef635a94e9 · 116951ef4d8f708c4a09054824993c92 · 21770be0a33dc5b8474bc68f8e210760 · 942554bf944ff802d5a9d445302c083a · 06ced978bae2f677aa6f7083064503f1 · 6d511a9a311b5297 · a70b43a2810b1b8d · 825f0a4ecd300af3 · cb278d1b28a2332b · 5d5d2d8e94abfbe3 · 81c09b2229503770 · 07b8a7d50a0924c3 · 4c7700ae626551dd · 552f2c3c791e14de · 5b0df58a704d864f · 66a2108f5a9df60e · 4dc7ef426373f340 · 6469175e88381d46 · 416de6584fa442f1 · 7c5f7c21a8b6553c · 205c25fdf53d7f2e · ba8c1eab820065db · 6d8e58e7d7860b68 · 207391c6aa2e9fda · ba44e78472879a81 · 528ed705d25d7059 · d4d3e250c10e3de3 · 7272ab139a5f4a92";"PGO0048 · Solo Piano Vol.2 · PGO0047 · Solo Piano · PGO0001 · Paris Rocks";"Main · General Underscore";"déjà-canonique";"pilot-pending"
"Thierry Loshouarn (NS)";"Thierry Loshouarn · Thierry Loshouarn (NS)";"update · needs-review";"8ae4cb2693022ff1 · 28ae4c8e75d650cf · 3a80986bbf25188c · af71f4deb1ce4147 · b0591c1994d3baa5 · 33ad0336164e7d0a · 9b1b0ec25ea67ac6 · f1276b473893ecc2 · 3a53aef9129ed41d · 13561fea797ea2bc · c4e24202b144962b · 693cba08cacda8b5 · 50e299a606f134f6 · 9d6def0eef039be0 · 19e18c4aa4d389e6 · 8b14642c96ec58e3 · e3a87b8c45b83945 · 790823dbee8fd3b6 · 00e938f5fda21436 · b47f293784af5dc7 · c85278a80cc20423 · 6384593751770038 · e61d086072f9d651 · ee61dc90e625c8d0 · 72c4576672942f15 · 5b2082fb60d0f79b · 74e76afa6c3a46e9 · 5ed243195872c8a3 · c44ea0446476559b · 6d1311278a554eb5 · 255f8ab9ddf85244 · 573e80dc421e71ab · f006f9843835abc1 · 6cee51e82b1abcc1 · 56cda9cba051c165 · 12deab2dc950f8a6 · 9f48786721cd314f · ac0afc8c917cb725 · d56ff0f5bd4703b5 · 7bd57a6941c0cc57 · 2dd6a96c93c5ea1b · 95c334c192935b13 · 5c3bcf9ae546bd30 · 593571ab0aaf039d · b763bb66c3e22d8f · c3cf2b1d837e20b7 · 736997b889a72a69 · 0ac7dfcb05cc8585 · 61cd44c08bd90e9e · 684c01c1813be7eb · c9060ae450c5408a · ec10b976747791a0 · 96e13861b5102bd4 · f25c770e92bacb00 · dcc0332e57886180 · dbe2db3d53f30c1b · 5164bd7703453ef6 · 234d6acc75b73e0f · 017d46e7ccc2a56a · 4f3a4a521cc8f5fd · f408421993d2d4f1 · e6cb1cc800d58e65 · 11ac3958ab887b2c · 866d32e8c3dbe540 · 14956abb730eaa1d · 96e424793255492c · 6330ea07d01c67b6 · b6620e2a9d33a241 · 3cd68db9eff679c2 · 3e72c691c35d9968 · eb0f39d011120008 · ad58add4ccf2d766 · 5a06129cee3a4ae1 · b1fab04e680bc16d · 5d47ca8fd87b01f2 · 5b8aa61e98dc1b43 · 61d129e10d52fd99 · 45865785ad5da556 · 6c21f7ac737bb028 · 49e67cbd78971bf1 · cb62889c7029f98f · 38798a771f85d84f · 7ae7073d31d9c669 · 6cdda0312c839050 · c684d9c7e1228ec7 · 89d48a978543a674 · aaa008f1e198e8f1 · 536c84eb78c4ea5f · 045c45d7c559098e · ca0f5a15967fb479 · 44302ee709708d98 · 0d518cb40e83700b · 6ec8da65e77ab1c3 · 0637283e0c5ceb65 · fe42d892116ce278 · 144ce65c1add3d4c · 87be7d1306998be3 · bacfd64c1da5c5c7 · 6f3a880f59480b5a · a4ab8bd6548f009d · 3ea454c336ab5dde · 1c44a8c08c1159fa · fb9fc5749d5d01a2 · 4ecc9c29e8962257 · 74e2009b07104142 · f50facb98796780e · 770cb6a71c6d5692 · c761b917b7830925 · 87bb0a4c07cd7c7d · 425fabc63a5b803d · a6fcb9ce765bf576 · c8e4b7150091d09f · cd062c7390a35798 · 8a2ade20e591d60d · 5126d772ac0f425f · f7f003da7df6c727 · 25c20e04ea2bb977 · e1691ee2bdddce2c · b6739cc4a8b61bc1 · 143eb3c9e744672b · 166494461bb672fe · e77dc62ac3b20138 · 76623f82a988636f · 0bc9a6c442071915 · 14fd26cc296f7c79 · cda2fbf9aa3afc6a · 262571772a40bbc1 · a66d97f4613c791f · cfb2e05deb0af978 · 74ecf36da159488f · 596104fb1d0ddb0a · 5ba71df948521e83 · 50084e6dc1b15913 · 120ec7a7d9bc8230 · c459c1cad0389003 · b31908f75c66ac8e · 6164dbab9c36b3e2 · 12435575154aef24 · abe4c835fa7bf3b9 · a5b608be62747980 · 213d9b2062a5b207 · f6b675702cc994df · 85940808a3032a0a · 11cd742b9272227e · 02f73ba657b23893 · 7318a50e14892ac4 · eb81324e3b95afbf · 32d7aee432239198 · 591a47416644f743 · 04405ea472eead64 · 6fdb4260aa603fe2 · 5dbb00422681da4d · aa70b61bfcffc70a · e52bae63f1c2a693 · a7f696e7831bada1 · eb094dbd16400a32 · f37fdcf47abf47fb · 535f106d4476583c · 50d1057892cfb0fa · 5b2c8c5c1df00ba7 · 039db9006755614c · 7a0856102eebc793 · c519e4411cac3c54 · 854d0dfb7ad8c9e7 · 2e1a496c21e54052 · 866e4b99f3cec8d4 · b49361cbd3cfb72d · b9fcc4ea72ac5ce5 · 36c3c6fce7d7d039 · e1339f6e2c041dfe · 0e9114ea60ce15b5 · 49a97cba3927585c · c7225d3406f03b2f · 1aaee322d8d30977 · 39cec0a59755fd38 · eda8eb835e5754f4 · b92fc91381dd2980 · f75e8dd6f11ffa5d · 0e563d671fee1ec5 · 5430bc8250cd9c2e · aa0d0eb1418fd2a1 · 894073f7d9b7d7a7 · f9b80149ad8c448e · 48413ecfe959afe7 · 477ce246206da9cc · 51a6d1d9c574f2f5 · 98ed308639754ecc · 70a4db0a917db1f4 · 0147074e87c4be9b · 56c722e5c5bd6777 · 849b8363c030b0f1 · bde95195e4485bfa · 8174407a0888c977 · cfb1682881b20112 · 19c9ab12647cb7b2 · ccaf5eed0babdd8d · e926627e2b4f3da4 · 111d7af500e1f2d2 · 810223f602a70604 · e6fee6e08527d526 · 4041d76152e52a4a · 58d90ea7b977fb17 · 30d91c18a30dd331 · 74733134feb2a95e · 9cebbbd436999ae1 · 20b872ec473aedb2 · 446dc86cf5763843 · 2a7879a8455c902b · b766786532876cc2 · 1144376ae61527c4 · 44b434968f28d008 · f34a687f496194b5 · 6a3d29358272e4a3 · 9d2ad31860de806d · 8581b25c6d6ad7d0 · 52b6b3251d4b32f3 · 8d72b60c35cb227e · 79401646ddf67a45 · 9ab8fff9e0bed24a · b32f6267b65460eb · 66fe22abefa3d26f · 3fbaddf431ef612b · 959ca7b8b230b9ba · 6e7ec85a6a9afd8a · a8ec937f09bb45ca · 2116045922dd45dd · 73f6384a6c781f45 · c40327ac6eec4f08 · 4d2aa0f6f5689393 · f1464c7b8ef05d8c · b16a411770d1324e · 1b5a6674693a0829 · 1d1ac193c5927aed · 29c47704e58e1719 · 9c3b4b74cfb450da · 68729ccb18b7faac · 423f1bda9aa9c311 · deff068d5b4d0142 · f1bf1d6b3e968807 · bfc120654e8d6d30 · a2baf41d0b3642cd · 2ad626767bf084b2 · 837ef017e442183d · 493908463c671f44 · bfcfb69255a50d97 · 1815d412d42f0a03 · 9bbd9d3ec75e1211 · eb13caaae2a23195 · 03d701cf0884f8ea · 8d53306658d1f885 · 5ce84cf81e08c8c3 · 4d4cd688134b2391 · f31471fbdd9fb6c2 · c763d2557d31c3e0 · 55e5810c23c7c0dd · 2719807bc57f4ec3 · a2ff0f6e33955075 · 0b5b6074869c6889 · 23bb4f2d297e0969 · 16b43405809a0f57 · daf0274c8b00bebc · addbc0b0201a32d4 · f0a3ddfe3c82eb25 · 0c1bd81c048b01c7 · e3e35296a06e12f6 · e70f440fc09c6215 · a3ff883ce483a281 · 66f598956e349114 · 31f72c150caf1fc5 · 3e33503330ca46c3 · 97d679593b84cb3d · 86e44a58531c71e3 · 1fe8a0f2c90e4da0 · 3550c06cb18fccbe · 6e37d238bd5b5ed6 · 37cd6044f77a5cbc · 9f6f0f026fb25ebf · 9080976619ddbfbe · ed952f55ff470fb4 · fdf3c98edcca663d · a2896f140eab3830 · 329c24ab271096bf · d881b0c4f0a0d720 · 104c0644986c9461 · 21a96507b722187f · 74360edec8523ac6 · 08aba4cf9e637713 · 6e8c5a0ed0d3e2f7 · f3cd1ef66debcf8d · 35dab22f2ddc0a13 · 5ef0a1abc34a9d9d · 473e74ca657feb2a · aba5ed20705b4fc5 · 614ba41cdc276c46 · 27e9e99993cb90b3 · 0c2b6a4158b81bda · e078ecd06bb690c4 · 1e39ddd0e032a074 · 28db8f10a9a84546 · e3ce4157af748a64 · f49df79c46b81ef6 · b6967db2df9e0078 · a7b2cea4517c5597 · f15d18b8796e2edf · 4994dbbec79732e7 · daaf0222473854ee · b274217613f3114f · c028eaf028b6dc09 · 83acf676c1fa9fca · 4b2b1e1d6d4bb5b4 · f8aabcd65d80e79e · 893d01db05107e68 · 307bdf1725e2a93b · e892504e52082bb6 · e8dc4d8357f1f56e · 6d8b8901ea3da56e · aa9e30ca4d7fe999 · 407b0876fb8384f1 · 6b39a998bba2b0ee · f8867f48adbf82fb · 01f183d3e9d550fc · 01017b0972aa2996 · a2864c6926f2ae39 · 70c5d38311fda159 · 4b081baaf52dc08c · 47bbe1944890ba88 · d27920cb79ca9c5a · 5ca9e43358f739c0 · 56b6565da2afe6a0 · 9c20bfd2ee0a7443 · 24e44d432d98892a · d6378127be8ff8a6 · fc3a03da7a464caf · 1885a12fd1bc7717 · bd6c9ad39cd28fbc · 571cca63d1732bd8 · 5fde6bd64e29775f · 6cabf8d45858562e · d1af6f832ef6fdf4 · dc2d6530bc55914b · e2e8d0a7f13c2139 · dd0e89d8ad90d727 · 5e5311fdd1d9ad79 · c15874ca48a7049c · d5b91fc351a4408d · 5a4f0d71fa7e63da · e0ab6baffa5ae25c · b80f7309bf3a1525 · 5207e6c423a86bb1 · f5a46ad83dcd20c8 · 1e7c0e1898a2aa8c · 394d1217173bd587 · d4031ca2a3fb4062 · dc6d2c7ecebe409a · dc49e36dc58dc3f0 · a808fac234a4856d · 4e10ed826e9f1988 · 2acc3caf5180fe1d · 23bbf6592cca0b7f · 773c97b8ce5b77f1 · 754f2d0bcbb6e557 · 54f212bf293534dc · 685219eeac7a155e · 119bedc283835133 · e5c316455ec95823 · 24aa005523d7f7e6 · 3f4a157bc3d92082 · 4b4509398f7ed6f0 · 0b9486d846f63a0c · 7802828d605e9519 · f0adfb6c71ff612c · dd2b50a71f744ad8 · c68b4cf3a9683f6f · a28abe10d6908ba3 · 52828d05a8b6ab33 · 857e766283ebd2bd · 63c810595e53b679 · 6c35f24591526609 · affb78269b0c5bef · fa787244c6aa86a2 · 7a930f6abf364799 · c96392e67b33fd4b · 53e2d5d114a01141 · 4a48fb80d169f0fd · 18a6d87d21726b1d · cee2da5cc17016e3 · f04915e31059ff22 · 33a8ea18903db607 · 070d24cca6b34396 · cff7fbfb7ba25af4 · 0a90305bffaabad8 · 77991fdf7b39b1b7 · 16b84e5f1928e6ab · 95d04827cf217049 · a0d1b510f9a4619a · 9ae7029aaf940b44 · b478fc386f850794 · ff1ffe0453543738 · 8bd7b221726f4a11 · 9e8e40dd870f7e28 · b4053549dd3e7aae · f42ca2b0bbe09ba3 · b04fc7f14302689b · 5652ba09a1fb7150 · e974d0be7e16391c · 2d64376f605a7875 · 7adffa1eeae4c376 · 99d304cdfe2af2f7 · 8a779799c9a9fb85 · b9781e61a28e376e · de214b5c597a79d8 · e9b3da4b39f3b731 · 53d2998f20d169ce · 69eb9ffcfa633a97 · 39766b72096d7898 · 89b2b53e41ca83d9 · bbfc9e50b66e53f9 · d018ebcc03e75942 · 3aa1b0e0e8c06de6 · 3250deea63895ae6 · b5fbe360f22a4204 · cc6c497f22bdba9d · ed6bbe965a6c1011 · f5f73f8e8c72acc5 · 2df44ca75c2189b8 · b211e599e25ff11c · 58f024b5c5138ae7 · 074972e78aa8d3f2 · c5a3e72972c3f9a0 · afa30b1142ee3ef2 · ca024c7bed27918a · 6e5f5ad78dbcb744 · f8feafb9df79f15d · 5528ac1fcae45f36 · c7cae1c444271219 · e0e3f51b0be288f1 · bb790c54a9196443 · 1e084f3d3129a1c5 · 8e1447b4422f6851 · 41cbaf9239819197 · 50d1dfd6b46d3cc1 · 720cbb0a32c4b3ca · 423d5a6754ff85c0 · ffc5793668d368c5 · 6537ad38047d8f47 · 9e48135769233918 · 677c39c361786f93 · 6faa50b1bc10fb61 · 4ea653d14d158dce · 0fdd92b57d2f2953 · 9b09600aa455c51b · 112ce386e039d80a · 7a4bd15fee6bd9f0 · f12ee103459451a8 · b19c08f2822363ab · fd615fbb34811e58 · 54d8ac5dbb16cbc2 · c5e1821c9e45fe79 · f1051707787e1f1f · fed9582a4fddcacc · bec4bcb10518cf9f · 3d108666c4ccd48b · 5c57016baf6ad6c0 · bbc00a12c8fa9eea · a101fa47cb659db1 · 0bb72f552678b5cd · c3ec4a00fd6e018c · e789150f6b3412a9 · 2c70deae6d43a952 · 9005d0e31d05c44c · 0eb47a873e937618 · bcdc074be02ff6a0 · f72407861bfdb895 · 42c3c810a5bb52a7 · 0e0b33c6b8178d87 · a2e6fff23c17b9b3 · 827dca1d2ac23d67 · 1d93c97940ff2211 · b2b01e87304f824f · b873dfa15730fdc2 · 9d47ea93819b66a7 · 7b1fd64651de3699 · e1706c97821c7730 · 67c4ab2d54f40b56 · c5a9b42847297940 · c3ac30a49e416f09 · 75a048da7aad3ca7 · c7ea0e50207a9c32 · d246f93bffc12cc3 · bc0fafa4b4528c52 · 66121998c24a642d · 398fab2695d719be · 5bedab986a8b107f · 55f1150e7b652ab7 · fb1c5b054d63d7e6 · 6a64796e6b25f93e · 2bb08dd49c5128ed · f6391b936d9502e4 · 01beef5b4da883ec · c70ce52caf8b6c6c · 7e235fd7ea9d5a5f · b62f3f0006bc7202 · 4a4d23f1f5830c0b · 9e4426e15c0b1259 · 116a0a8608c02fa9 · c2c901c63581997d · c7fe503eeeb0acac · e9f83ca22cdc7aaf · 77dd11dc455ba281 · 729bd1b14b9170bf · 01fb5f282e5bf6ac · 20a4a8b2faf34ef2 · e1b7036b9d7fadd0 · 29b909ca7b8ae8ec · da617953426b0c20 · f36da73342487818 · 4fc4104e0fd7d95f · 781d75dc9de1c057 · 64f865fdd40e56b0 · ccc4095564c27e79 · 335cf8863f27703c · 8cfa6377ec269bae · bd3897ec54e4cf62 · 23cbf8a0d1cfc74f · 12160f3561bdbdd2 · 28452b6e7674f6ba · c81d6c9adf53dec1 · 6fc7876596ba9ada · dc04e82f6a0dfcaa · 93702ad65e58120f · 0b840c1acb5904af · ab99d1f2b3a6251e · 90a0090a214b17af · ec00a805c44bd3a8 · 47b785d21b9f63af";"PGO0014 · Vintage Rock And Remixes · PGO0011 · New Wave Drive · PGO0009 · Dance Fever · PGO0006 · Acoustic Trip · PGO0004 · Paris Accordéon · PGO0003 · Electro Boutique · PGO0002 · Parfum Pop · PGO0001 · Paris Rocks";"Main · General Underscore · Light · Alternate · Commercial";"identité-canonique-courante+identité-structurée-courante · identité-canonique-courante+normalisation-mécanique · identité-canonique-courante · identité-structurée-courante+identité-canonique-courante · normalisation-mécanique+identité-canonique-courante · écart-ayant-droit-à-valider";"needs-review"
"Thierry Tixier (SACEM)";"Thierry Tixier";"update";"8224c373da0b4c42 · f48e3e8b79f32dd2 · d4b8c3d8508759bf · 052bab2d3687a232 · 7bf410124d239cdd";"PGO0021 · Moombanana";"Main · General Underscore · Commercial";"identité-structurée-courante · normalisation-mécanique";"pilot-pending"
"Thomas Cirade";"Thomas Cirade";"no-change · needs-review";"f065582aee14d8feadb72a307036191c · 626a9b4d024f7ef13950163a4187f831 · 610948c271313e814b6a3cafc2e11142 · 28da7cfb9341b113f392c65889a69d4f · 17f1f6514532c6a82e6f29513a8d0aa7 · 9717a781bbefdee0a7d3b167166f3113 · dba5e976d20c416cd6b924c7eb90984d · b6e8597fcadff1759b62b1a856858f14 · 65bcb2d9e5dc8928aa780483b1bcedea · 3f64a6c4228b6e5e7218d94bc7ce893a · e5f2e6b7cda4bf1ce563f47cf806a353 · f24b395b51e81b41664ae8fe1d2d7522 · a5c48f365b9733989c1ff9219762467c · f802a31ffe6fa9e84de6034886121d2a · e2ab12c13467775284b476c86c3ef1fb · 2918726ab8e286672ce0086eed91f0a8 · 5868ca042482822910036af007948c5d · e7ebc9422528beea1a0389beb16ef19f · 797fbbe3befe3292d053399f7664c58e · 21d0a7f55feb77e899ec4ece44f3ae82 · dba3effff85d54909dc917d9b2f9b2f9 · 244779e5cefa0e18e2f3d63983696e6c · 20a2677b7ff6647bc67162a4358e09d9 · a22cfd582683e7f0110df24a0522f7df · bb68310b018c1f16656857fe24fea1fd · b00b7db56198e0ec0057d45c1b065210 · c5755e5e29415cc799d001b1d1ea904c · 7e898609d3ff82e6595a1173a02db3c1 · 9d77d45ac52e4a08aa95f04b494653ad · 1ba40e5dc1e78450ec6db8d510a5be4f · 4ee4b0e0ea84b9457fd61d717f276964 · 3d33430a513f17a92f6ba3f5d8815c89 · f4abf0e502c8f4f7f6011e29d68d7846 · be6a8010e19933baba0313aea3653aac · d54c61fe7432a0df410c558a688af339 · dabc6e6269e140dc638fabe606c4cdaa · 0592ceb422b343edd41c0133a2017008 · 8bf32a89d7f221dc59b22af213975b0e · fac7fe2fc7e8ff1be0023d5b762f54ad · 461827454c7fce50d96a52a914451cbd · 9e6563381dc0cae91b3b6e91ee0ca33e · 18c2fa443e1bf7ea5f13368e2dc6288f · 5a5f8385ef852445d48ec7ea1ed78679 · 53dbd537af88cfd18251568c0b94e1dc · 48b7d79c0f69a0e434e401939f8e6e24 · c788222cb48fe2cfefff741b6e3d2bc5 · ce99224ce85413e996937d75d4aad81f · 4448f1d5c216613d1416ab10a7d7ce69 · 407f76c230fe593f0224cfe71aa9debb · 934f9061034c2d1be490f5946bcae99a · b0c34756d7b2028f4378d24f5cabdf19 · a6a2847616f7d12c81f968bb750e744d · b67365421905a8f4bfbbe70a8489dc2b · 2c4562030c4a5b48f4a0dee45b4f1aca · 71fd32fef8d014b46c81e4e49910aed7 · de527f42cf87c0b0c0465f93e2da2763 · 235ca87642451273c32e876643150637 · 34a187abfd0e5b9931ebce7509bbb434 · 62ace895ae112613f4258be2f720c6c3 · 0dbb53bbcfd62faec7366c3a1ac06a02 · f2a5727c134b7172304572249d6eb22b · 34824a067053235d4a5a5bdbdb151f86 · 758286523fe05027563d424eb579b30f · f9467d69f7acb3d7290d64fa096cb15f · e8a954cb1aeeabd5ffcd63f8db6624a7 · 30d50b6600c32376097830698b6e7313 · 18bb8e1bd9d9e29fe9c8336bf181ec32 · 09183b2cd36ab32243a9f55b4fba54ea · aee95db1879ef3e812ee08f7a5014d6a · e94e756ee83226dbebf15157413ef91d · 1c016d984f0f104a7fd5fd331371bcd5 · cdbe4084b451224fabb0fbd01595e9a7 · a5adaab7a4f216768fa6c89bc5d8cc8f · 0c1c014d988572885ed32f3233463297 · 08ea31088c5aa55fdffb0a229b83158e · c152c64da86c176a16c589572085d232 · 58fb91949e315a7f36efd00a5b7686c3 · 4f8b46282255e51b25129a9bcf7ff87b · 15655f88ecb4e266a99587cb7004e64d · db00b56ff7b39ccf4b0f1e59d1a1994a · 3857a40b5a006fd78c01fa5d4e4d7cb0 · ebffede51801a3f55bec0bfe5745c587 · 2e088e1a844cd0880c09474fc9fc379d · 4e38c7af21c5f7176c09d8d813510166 · c03eb93ac2ba844af46119b4f6416957 · 344383cce1b1ae47adae992c05d37098 · f651edf2905b3fdc874b026b4b9463ca · 0507f275ea253655961c41933499b94d · bca98f6cda1a0637a8b5ce66f9aa0e4a · 7cbfd97aa1960d7bcfe47b34792a734d · 3c9dd7eb660d549a02ba23fcb07af363 · b3a8b0b28f6d425353d838ca92e4b2a6 · d83c65be6226b759ee0a34b1b34d9403 · 48e42b581daa8a6b2e9c5c57508987c6 · 6a1fe32a1bf1908f8e4c81bdcdda6042 · 1dccbed80f0742f6a895a529b154f880 · cf15a0ef4589f5c0c3bf3e832adf38e8 · e969f757e612530944d2e9de238fbc83 · e77a6146e93e4baa0abf85ecf58356e9 · 3fb9c1dc84ae27d16fcbf0106fb3d354 · 9b22615146089bf71b05653c79f1f813 · 104f397eda45cbee95e88c9a4a718ee8 · a2dffca2ff20b8e3b3e497dca242ef02 · 619b7312b6ffd59a739d27415773105b · 042cefbcb31d0fe7720098807fe9a57c · cdf1f78a2b51657f0e69106ff46d643d · 3b95b51931ab702281aeb5519ec2c2ec · 375242fcac23f85349a632adcf50b899 · 7dfef5e907505051c25c2be37b06d993 · 5a3f0800c697b120fc7872c573993b28 · 502af15b98088ac1ea04191799f17a27 · 13f67f800849307d73a076c78a1901c5 · 509b4f997e2319db738bfe802eb1400b · a69b7d610bcdfe3d1b153d19d2bc6dc7 · e50734e2cbc7ff6709f7fe5a918de8bb · 8183dbf7ffbe6f532047140748f6848e · 14e99da82cca7b862c8f974a5bc85624 · 95411f1faf44cb8a1bbef438dc2c3219 · 7bd987353e0673888c721e8f590e53f1 · bc3d55f3a5c83a0a34418d33bc2da99b · 3e412b01a4bb545bb9e45b1866693c3c · 663e071ad9c27a8cbcfd0f4f159c305d · 932820015fabad4ee10be3c0122edc83 · e5035e4f43864d869ce30a7b2fd9ea53 · ca0a869caaf49d62f09642fabff1eeca · 506bb19f6f665fda11ac362ba9518ad4 · b3e4e31d1ead3e30d30483631fa14192 · db9dbcae6bae9cb9009b0226533cc910 · df37b0df77241bbd061dbbcc7c3c2669 · 234394c177d8601bb3e7812e2c779dbb · e06a196dffc61a96bdb4114f8f38120f · 7b4861d119cfc715a8b9fa5447d76bef · 02dbb7b0a198a1a67678daf43ddfab00 · 0483be2a82a53607198e804194938718 · ceb1330d59de41aff4aba18fac14d9a5 · 51c2bd0156c60ba67e19589056243035 · dc6c3a7534926fe544457eed3b7661f3 · d32fd92c8c92863e7083853861daa4bf · 53a46ea7c202ed93414e68e6eb2f0cba · 883bff6aaf861a3eda939814e0000cfb · b9094454c713f844c12d2a0ae376173f · 21ae2011883a49449f21097dcae27802 · 01ea2a838af2ae956e34a82e8d0f86b3 · c51cf1f76021ce1efca90705c6aababc · 8be7cd1cc5b1bc3e8db4c977ad43870e · 25122c956d4d061dba3f03920fecdc71 · 1453837d599fdb62ede28fccaa8916f8 · 8e3bbcb11c6868b78a768bfbc68f034f · 0a7cc4d7b91f2dbfc4bc1c38474aa369 · 88238d5a0bae9a6185cd099db06ff389 · 8fa9c54479b896b12f3a652b418b53b6 · ebeb80ad322e2480a16b3d7abcf47213 · dbfc51b112ae6950d6c9aaf420c09d33 · 21b8dafb602798c3b10eaa20bde77256 · fbde5a40c5a21717448825426c6d10de · 4eb1bb76c448567f0df909bf969fb2e9 · 811fca0287b2067ce9e75199bcf80b87 · 075ac10fab4aad04584098a7674e3282 · 8df3137462ed4f0db5692cccc9aba23d · 522611d4c72f93fc17422861800e99d0 · c274af8ce85a35d59709084cf12c8f4c · b47cb4e4e4f56ff303fcf152bebf5640 · db238e6a40e5389690b5b7986b3f4ae6 · d1063db6c896eaaed89907a897caec76 · 55cda2db7503049083ff49fefba43922 · e3804f288c97160eade10750d9932195";"PGO0048 · Solo Piano Vol.2 · PGO0046 · Dub Experience";"Main · Commercial · Alternate";"déjà-canonique · écart-ayant-droit-à-valider";"needs-review"
"Thomas Cirade (NS)";"Thomas Cirade";"update";"5c831b9f3b66744f70d59acd8992716c · ee378e6c6ac42c14 · b37a4b2ff95f125e · 860da2d5e10530b6 · f2bce59b49b9dab1 · b2f71b934abab5dd · f40510b52a981bce · 565b01c84208c64a · e3d1093fe54e5830 · e4f1e4d7b35c7dd9 · 93d8bca202a9e51f · cd7276d776ebde9c · 8a3748359d1b25e7 · 677731adde03a3c9 · f55e09961f6a4f3a · 8cbae12d0ecea662 · afeef2c8a6703858 · 6bd31527958cc456 · 6dc7354f33b79836 · e330073c0031613e · 86a92da8b3484aba · daf9f149a314be2d · dfb7af00af513bc8 · f68ed6213f329257 · 81880d2ad01b9dcc · 2f0e9875c837f6b5 · 976c303f27fcdcac · 22ceca4ad41e8bca · fb8968b91b943988 · 6d75c032c1f0937d · dd6da7702204e65b · a8eda23b279546dc · bc59ce74bac07340 · 8510ef5790c8ca54 · 352c5591172d7c68 · bc15a5c938e0a537 · 46a7a70390b786e1 · d809b31d49f8fa26 · 465d27d9e985464e · dc671907e0e736fd";"PGO0046 · Dub Experience · PGO0015 · Reggae Experience";"Main · General Underscore";"normalisation-mécanique+identité-canonique-courante · identité-structurée-courante · normalisation-mécanique · identité-canonique-courante+identité-structurée-courante · identité-canonique-courante+normalisation-mécanique";"pilot-pending"
"Thomas Join Lambert (NS)";"Thomas Join Lambert";"update";"6d75c032c1f0937d · dd6da7702204e65b · a8eda23b279546dc";"PGO0015 · Reggae Experience";"Main · General Underscore";"identité-canonique-courante+identité-structurée-courante · identité-canonique-courante+normalisation-mécanique";"pilot-pending"
"Ugly Mac Beer";"Ugly Mac Beer";"needs-review · no-change · update";"af43adedd5770c02f54cb40c36704827 · 485d045372b74290c907f64a674ff1d7 · 8ea1d189f7fbabe2709d49aa9056c4c5 · 0ead1407ddfba92272eae1117b508f37 · a5bf71df3eaaac2df04db2920b941d05 · 8e66b39416d7f05eaaf3b3022a2885c7 · b9ce263327de2edfdf2ef32f3e79ffce · 50f131a7d24528a796fc888987ba6de1 · 0dde0f67ae0480d24215ceb40374d061 · fea0c4d78f9427874b9632eaf7942c0d · 31078d1eab1a738d45ff6d915d9e1ff9 · f2f1a0d176ada66ade4e948170d94be7 · 8eb1d759093836c4e9725b67bada9fa8 · bd0d507f18a4670f1e786652956fbb66 · f4401f3a62276eb1245dff0be2b7cc3a · 269768afa73fefc5abcb499386e61750 · 7eef89122f9bed0be7ce82a956a2e663 · 3840d7b93657650150b677aea736ac49 · b7d7535ba6911a2aefeed83e50d2ed16 · b1d6e7f8e4d8a30adda128ac72461b23 · d1cc4e331285c062d6a6957c32bd1746 · a6acb17d3974cb1621aed86b6bf58172 · de3864a851f0db35e683dffa912b7b7f · 06c6c9f0ea5ad21bcbda954bda336e0c · 3b6b801a4d96b93a90139fff14c7af6a · dae142931cf7f7f9f2f5147f73fd8a96 · ce05409b8830883152ca55f877571807 · 343c94689459686924a013f65035b079 · b3d2651c0734e57fc8cd3a842d8f66ce · 4131a9706d83af347ab4ce7679500de2 · 6632bc576035644b9a9c580206361bbf · 3d8919fb4885bed2476ab41728c99f4e · 8ed018c3a52b190ede0d1fcf3556041f · 15ccd07513bcc76112cb6866befeebae · 11d7142c9cc2b34ddb5571ff9cf03b7c · 321645be132f94b91019245b18b5d553 · 5789b5df61aea6c607161a4925141970 · 6bb1d59c707504bca9f618cdfe2c1ec2 · 7d71d73313d90c303e39190db3fc7ab1 · 1b857388a9511973ad7c880b8332fcd2 · b3ff5265751dc834970fcbf1cb44f15e · e155ac069deddb4ced688427a221043d · 3655abe47264bfd0dffcf7436094256f · f14e369b78586938c9993dc2b64927b1 · ac35c00bc3079f9bc97dc34985463f16 · 926749a8c8bec77182de88b5c2ef4148 · 9e18b1194231156d3359252900a80325 · 65e02dfca9181c12bc111045202378b7 · 21878e55e0deffdffdb45acda554f318 · 4e9b4885da2aa2a9fe2bd0b4e8c7a700 · 02ae173ccedcdec23dd2c57af02673d3 · cc7a63d108657fddaed4c7082c8083f3 · 6b0add709d0c6e74b40a93209027dc12 · 2f9f97127bed1437629895ca08a130eb · 841236bf98403f969aca4df78c3474c6 · 0555fd14bc41c01b7423ebcc7fd57a55 · bbb0aa4ed99a0027b29457fed4b89093 · ba02ebe9b30808338a20245ad09c01ec · e37bb012a3fa3784da7de468f6d1c0d3 · 94a36c136c909d8060c668ef7525e570 · afda7d1537cc54bb0feee1be86c8246c · 48662cf0adc9b682767dc6f091caedbb · 611fc6e9b0b0768e85014e4311c3fc43 · 8d1508bd486c5857499910e81efea4cb · 0b24b2b5a690d48e2538131ee267a424 · 5ccf5f86e02b781eb1a4f7cccb74712a · 5391a5e12aee6103a496f3333a50db05 · 5496fcdcdc37c347e9f0f9e6ca23069b · 12e50f0a9f10c8993d6e112419631b96 · 713c709c804f56644f651df583fb0618 · 1a11e440bc242e8c7808fbe908cd8fb7 · 6678fa6025286e769a6459fab76baa49 · cd83e02fe02594ae315ab92af7fb995d · e5502956d0aee478a65be4175c81a4e2 · ca7905a0d5efecff64358c9c60bcb7c7 · bcbbd0d2a346c9dd789b4a88b93a64f2 · e7c78c2528e5a19077a3b04e036b1e66 · 92a266ac7df63b78554894ab314dd16b · 679ef18e184ae06210d2ef79bd651c99 · 191a58220a3f2bab45bf743ba752c5d9 · f50394a80cd2b89834ea867651437ab8 · 7076cf0d4144b8c4860ca3016bad1728 · 3632b9db74e2c0e474659c42aa0adb5a · 4327450387ad593a0a0130d325150a77 · f964ad8de26c7c66368ba38d69c7eb27 · 77cd43aadc68238717b6f2d3203de828 · 96ee7687c52208d831684f8c8bdb8392 · 4a93b0e168d8585d5d0bd504459dd9bc · 83d9650bec7b6bbceb35f61762ab5c32 · e9ac2e1270b3814f50ee1eba6d849c86 · 6268d5db218166cd8a9bd98b5791b384 · 54483e282c26a8bf9b16f557b6b6c3d7 · 2292d8a07980d537377448d307f6341e · d474403c637b19f52837454ed25729a2 · 24a714e903059e6a597cd87409c5e608 · 13aff7767db1e76059715b046ba1736e · daf82cedb518a3a28cccf6bf42a95a0f · 456c67eb87b0848a066963a880b0c428 · 0c060e6a37d6b1e5c87af095365b77e2 · bd825df0bcdcd05a8e4b27473fb49656 · 11da18c386224b36090228e986dd9f23 · 4901293ec9dc43ca7b63f2fa43e4e806 · 7b54871afb5a35ef676f2cc51ae136fb · 6bd97e5f739c6c0e7189770de126f544 · d6df9d8efc296124663a2f09743f2d7a · ceaa1329145be43f13af03925a56f824 · ec986a53c473491b89aaf62ab2252716 · 212f26ecda3cc61759effc3fedd00b3d · 988df135e062544d7354eb19549a9d17 · ebcd2aba3983fff1bd65bb4d27a6c780 · c16df77fd53b66f1bb3f424d7947eea9 · 13ae4c84401c1d363aeecfbbfe02d043 · b02d5de0aaeab60eae9daf48172207a8 · 8368dc0564b95a6d2026df9934d3a8c0 · e2a460cab4fbd518ed322741a86e5b38 · 5d8297af020867dc7da53b2823c914da · c49453bfb9e710f6d277c58f347e6e38 · 0f8dfded542ba84f5fd5334dc287c3b9 · 6ea11e4dd3c3694ce41ec24fceecc804 · 2ac00cc6d374cb7912e6fcdfee2a38e2 · 3b36387a6b638722e05a44c30f2782d9 · da97b97bd052ed52134a420566aaf6c5 · 6aafd412631032a3abfcce15acb75f3d · 7fce9fe18616f50522c66d641c1ca8a1 · 818d5f803dba36a9a50651250784aed2 · c2da725f792dec4566b56fa3b10489f4 · 5bc3f6b14ab170269e9c151c62c262f9 · d73d02fccef22758208ec369a907d520 · b89b031d999ee413dff295e6d53d1e0b · 8b3675fbaef475d14a8a32b1655ca697 · 458f641fe351035f1eae0922c41b71dd · 1311e37ae1d9e42d1996dcc6c4155e75 · e527849971dff951 · 30c0c4fbb8eadd6e · a28389cac46ac65c · 482de30bd5485b63 · f76755a5ef033248 · 27ad20dba9a6c69a · ff8c79c20ae508a7 · 762233fb29afc224 · c4912f18ae701810 · 16047f9616369bf8 · ab037899cb82d00f · 2f1a71f6d27323ab · 87b810e3bbf931ab · c3d1cc6eae58da79 · 1117c3677882e6b1 · 7a0a6a951a213239 · 4f95ebd4cd227803 · 5fed7118db8b09ef · 48e040e6785d18e5 · 849aa6fec0bf6a4b · d2cb21a74a9b3846 · 018e1d8289d61193 · 74aca960bc8ddadd · 9bb574e32fac6e90 · 4069ca98d8e82435 · d5856817f4870780 · b706eed49a31588d · 50ce04ce9a27fabd · 1ed37970a7612424 · 4cdd225aa2f8cbcd · fa5b61d7b389ab86 · 96626d662eedc0c1 · 781a169196096376 · 6324497ec62aac40 · 8e4996190e9b38e7 · 1173afd27939893f · f3d8d669c59b10a4 · 07f0f7d86faad4ce · 801d4d360fd0e299 · c56c1ea80405a6a4 · 9bc50adeb45e9f09 · 19ce45383780d7da · 66af5f4b5bdabf34 · 35460df6f5ab154a · 008f24419f54f993 · 058edc9ad25b0464 · c94b14c02734e761 · cda56da89e63275c · b682a77d912be327 · dc5b331ad17a361a · d01b8da16380e0b3 · 3bd33219e77bea32 · aaa97a7dffa7ca45 · 165dbc787227bebc · 0fd4297a4f2992ec · b455ba0262841c4f · f203a0249cba2ff5 · e63d600943833bfa · bd739aba12cc1552 · a325bce10124ddc8 · 54477152443daf19 · 330d07f4051b9540 · 4aed99cdeee1950c · bef19ba19a6f0600 · dbed14d3ac370d78 · be2085457551993a · 38a067281a69c82b · 5d900ec561b3f484 · 93488080d3dceb3d · 1ba460cda4a5069c · 7a4e22a5d8e38c55 · b830b73cded829e0 · 20c4d3d67b1f7549 · 03328d4842ecabf6 · bc63bbfbbfe9d754 · 1ad394f3edd481ea · f9937b4b9e23d086 · 5f12b7d9b6b3a94c · a4059908485e5619 · f0b1fcf36df4d8f9 · cca60363313d4563 · e9428a53b7dabd81 · 94082ab133f8dcaf · 4a2ce7dce917a522 · d3414177c7863bae · 4e802c37176bf90f · c98a265f0490bffb · 8c21ee9a0c078d2b · d43433868c228053 · 56c31532ecf88577 · 82be0e114411e120 · 84f63258d4575549 · 36de13c967fd3dfb · ddf62b12a5a75544 · 9efc684270761817 · 1303116322044e77 · c7c59a742e148977 · eae18cd7fb616f65 · 5efc78e54289dd2d · 2e108762213e2d3c · 63f7f3e7f550957d · f663860545a90a68 · 557c131fbf2df211 · 785e8194a11d9148 · d4120701b02d33b1 · ffdfdb1591717bfc · 681bd24832d314a3 · ac38255a570a0743 · ba505f8119837bad · 1aee0dd04a933963 · 3ed81d4a7ff33e6e · 85b9437b0f61ac71 · 836d894d2f0548ab · 3c2a5c7584d8812e · 0ff59762d76da3b3 · b0a8111814ee208d · a8c3c6a1f97fb810 · 5bef0d86914a88d9 · c1808b0a4140c86c · 55a76600b73d9b14";"PGO0054 · Dark Beats · PGO0044 · Dark Ambient Vol. 2";"Main · 15 sec · 30 sec · 60 sec · Stem Drum · Stem FX · Stem Synths · Stem Bass · Stem Drums · Stem Ambiances · Stem Orchestre · Stem Bells · Stem · Commercial · Sting";"écart-ayant-droit-à-valider · déjà-canonique · identité-canonique-courante";"needs-review"
"Ugly Mac Beer (SACEM)";"Ugly Mac Beer";"update";"1c99151372558029 · d1df355b2203b828 · 4412ec43256cb745 · 19ae77d3105b72fa · d837e397147a5fd3 · cbaa2ca3eee5cc76 · 70256553e3f8a50c · 7a0ea49325800a5e · cc4f0a59157a7ae0 · 8df9eebe6b228c99 · 4be041768c70d7d7 · 1f7deae92c4582df · f88d04115868102a · 7c36d2086e2b47d4 · 10a87929eb3313a9 · 2cbd9bb77586d8bd · fd2d99cb22d1fd15 · 9f40244236e5170d · 056a5a66afc4f840 · bb1a58f1f1882193 · 003c424c95d5a096 · 4d1f9a66d2fb6c79 · 90d572e9cad2ad27 · 69d6e28b2fbc6d79 · 27f346bb13bcd119 · 5330126b70818b5d · daf20d6878ad055f · 6d5f11b386b90778 · 0c6b87203e527ead · c5a22ef29b9fb9be · d1a7f20ea029c0e8 · 8dae9faf72b39415 · 08086a7296583f15 · a7c719594a97b008 · 9fd392e998367a1f · d3c2d629d7f378ab · abf9ed33746f9238 · a7ee3efcb47113ff · 9c65f13b285134ac · 75c62c72b6346076 · 40e66b91bd3025d9 · e1c108eae1a1f5f2 · 7da042ce0a2bdf09 · 15e2e8e3ab4590df · 98e338814818260e · db21f1671448510d · 744b2e188dca1e36 · 71425bc5803a9a54 · 6fdb08f651dfb8e9 · 02bcafcbb448bf32 · 8bdf994f77593889 · 49a6cb38aa1370f5 · 89961fd3600a5879 · 9918ce1ea64fc102 · ed0a0e5cab09209f · 3f2f3407632857e2 · d7e765ad64ffaa2d · 2cbaa06e319b3733 · 134288f9d67fb591 · aae393e0a1dfa761 · f865d1822db0f2a6 · 99e8dac86d72d668 · d4b1ebd2d0955a81 · cf019d0f10205b7c · e565b4d6bb1767cd · 39381c49a73f9d10 · 356ffeb17383dd77 · 7c65a63ec7cdcf53 · 468c2b7de419bb65 · 70fd7584168082d6 · 247e2849d8d9df62 · 5f0992f68045bfb5 · 8bc02ac786b0afbe · b05881cc271e17e8 · 0af5edc1e86fc04b · 925e3b47387d92f5 · d5841614d71e99c3 · f2213ad94f13e086 · b17d8b0530c7bbef · f15a84cf395aa22a · 732f87021fe1c71d · f45a8ed69ac822d3 · a96c768e6f220012 · 4011e56fbc83864d · 031beeb21b3da1db · 7611b9a27a4a830f · 853de756302255b4 · c57058a6504efcff · 59891a69d8ff9360 · 7a6404db43fea86d · 0f5ba0e0587db60e · 91b13caca83747d0 · 20ce835d9ea67ba3 · 8f73b5888249fdce · e125bb34636148f7 · ea33ea052143aa8f · 92054136637b5c47 · 75018e16e58b1631 · d840be39de8c8a16 · 4db91d89d36978b8 · 0ab930147bb52519 · 000953cae30d6a70 · 9fc5f3193d9a25dc · 3cd7c572636d071f · c587912edb0cc3b5 · ed97d77afc86602f · 8d9b8107bc6a4f98 · d2f922837a347209 · 7e8327791dee5cf6 · e8b5cd9ab2e0c2e3 · 75ae4dafc84338db · 1ca0f580e977e305 · 826b0b35ccd322b4 · b5efda3b0b9e548b · 652c3d98969c56e0 · b4dd24d4c0a14783 · 2baf4afb76219e5a · 706491eea5bc38be · 0f703c42be19ffb8 · fd335751e9b912f8 · 91072b5a7a79fbd0 · 850341a0147dcfbe · 657f45532c70e55d · 2c46d7f0823bdd50 · 476821dd506f288e · f2ac47b293803630 · 0acc75bbac0187f5 · 88de2b87671af550 · 5efc5ba1ac08e328 · fc99bdcd45df49ec · 1a3117ddaad4979c · c6f926cca82f76dc · b153b2e860640e31 · 980043d9a796cdc6 · 21b8f92f0e5bdc58 · ad8ab160d075ef41 · 3e6d72139d0677b7 · d397344ecc1113af · 683d2777ccdf2947 · ebbd5265aa4039f6 · a3e40ba0d6891ef1 · 25f92eb8b14be625 · 20f9b6ccdb8c7347 · bab7c269bbccf91e · 1f5411ec717c350d · 30ffff584abe8d5e · e4d110d05fe8dc1a · 93f40967dcd20ae2 · 27d3533992d51363 · 6de10622a74e52ea · dcba6d73465dc7c5 · 4df44530408bc799 · 2be83733a7b22e66 · 0ce11259d466136b · b585180994b5e276 · 4d5378f63f82d6ad · 612d7e1018cdf8bb · 3a47044aebf31bcd · fdcd3a2397d2499f · 681341f1cb8d871a · 6b56dd73c0e691a0 · 9270056610ad1640 · f4ee2efc4b7cc4a9 · 0c442564c270ce3a · 1a3dc1893851be13 · 6718571453f9e9fb · 328153c97b4d94fb · 2211114cea639944 · b080dc8dc298ca4b · 9ed6aeeea36d8856 · b99993de928bc5c3 · 6bf9a0c8d33b4b6f · b4ba8dd10e85ae27 · 6b8e9e616988ffea · 508f9ed05a3f245c · b481e1bfd7ced19a · fd4b1d691b39c3b9 · e1a4611e8b878882 · bd1567629e082465 · 88e37dad71d02d92 · b9ef7e84b29c3d61 · c6a3a471b0b506fe · 56e3cdf810090b0a · 6316c608d03599a8 · 3fc00bb24cb5248b · 60000fcccc51497c · 5d8d9a79c6d74add · 923bc57bff31f366 · e11d5942aa093005 · 38f86ca64155aa90 · 2a4b59ed4e5be9c4 · ef7ba74f00f72121 · ca76f13d14945573 · 6e41435e0733be25 · a400729a29655cb6 · bb7ff3f45b9bd6f4 · 8618e8b8c94f2537 · 4eabe8f15f3ea596 · a5801b56279e22e4 · 77cf68cd87e6d545 · b9ca200f24a66981 · 5536a3f59aed32df · f63a9954270e6593 · 6c240ab17a2b94dc · ad19d250f4590e53 · 5a15a738f9a3e2b3 · 7679cef98190258e · 9538e09b15a4181a · cc238b5976fd4deb · f8f660d773cd3d36 · 05e50d4486c00462 · c537dd6f70372d9f · eb88fddcdf6e487d · e4732404e9b451cf · 860eefec897ad3fa · ae286861e18f3d06 · 8f56660698b55db0 · ef4095f705ff0409 · 3cce76c5b88e51f9 · f8f6f849316a81f0 · 49a69b86ae10a77c · a28687a404f5626e · e1d460d55e93d108 · e97819282da8d27e · cf2db5b8e91cc56c · 62f65d3fc33361ac · 94d3e1c636db98dd · a2e932406273adc8 · 5ff1dec1fd6d314b · 4dea6f3deaf22601 · 1a05ae9fcadb77de · 731af14ffb5fb814 · 2f0fb6a784206e3b · df45f50496d304c1 · efc84bf9759bb075 · dff069c902960dc0 · 81c09d15b5f409d4 · 2c04e11d07f257be · 1dc149149a93a09b · c621c78c36ce6484 · 097f723ea7d33be2 · 5355347973729ba1 · 8051d1116df76c54 · b24256723c4cbcfb · 55465551c2f3afca · 74cfbee44597ab77 · 506a99cbdbc84b78 · d83995c80768f6b8 · 637fecc557af79e1 · b3bce9a701b9c6aa · d559f93e911c782f · 878725b2491c4238 · a9dc701640190cf6 · cd1a251579d55308 · cefaf068dbd5f2d1 · e59b8941b9e1afe6 · 99929a3122fce658 · faddae06bce7f28d · fc1fc27c103c2099 · aa850564c2d25f5e · f106d291afdafc49 · 725816c32fcce91d · 72f1e6a294aa538c · 5d770bb2d9a3d9ef · c6241091d4143e90 · 35c94039cfbaa3c5 · 830aba9842658ea5 · 880d3736115399e4 · cf3ce5d6307575c6 · 179562a644a0dab0 · 5fb6e7cf31c3e05b · 40f0d0e509ff9465 · fc92d01501e29c7a · 44d3e07e83627787 · a7354b8bb089c92c · d8047327d006a403 · 4cc40b90a85c8caa · 855f789a435f0d83 · 4028893f3e2d053e · 21843ab8a99d4052 · bb65992a96970c08 · d2bea35926f5d447 · b26dbfc793cc5669 · f407926454b7549b · 80151fe83f76e4a8 · efc038ed2c176f47 · c9ec7dde932001c3 · 19c76693a7c07b0a · 69a4f555de4b999c · 316edaa4ca9e0cb2 · 7b79834e3b5d4888 · 266bc6448fac9522 · 4789918d50a618eb · 1630a657725777ad · 7d1dad476246d156 · cbda0a3e3e4acbd4 · e078df0dc7278b4e · 396faa616b4db1bf · 16eeddece6b07afa · 290a59f41c422df1 · 27b04d491f94b299 · be843fe51921964f · 96d5042e5b85925e · e0013ede2459a886 · efa31468c960a512 · 446a3b6d688eaace · 55b62320eea3cbf2 · 5282a6c48ec0b0e9 · 30c4c39b14de745d · afdd0475710a2f79 · 8498172502190b6c · 8e59b0daf786f878 · 2ba32c25ff72c939 · ac2d28787795ce16 · c99d1af787a1b729 · 4ad193fce63a0380 · 7efc3a491b33b4b1 · 19bd3afd96ba785c · 46931ec4fb0fcb83 · 600c407018e20093 · cdfcdc1aee4fe75b · a0d9ad22ef744a0c · 0cb9620b576fe7d9 · f79a919ddc7bd542 · 29b784196e1cf73c · eb0eab154dc1c2be · 0bc646e3b26ac0b8 · c1e93806ec63eaf4 · 1633339438f72c86 · fc84ecfffcdb7f00 · 3b751a9ab6d88e17 · 28b8dc05d2711804 · 52fe78101441a98f · 872f71c70c578e17 · b651ee6982adac6e · 8320b6522d74b497 · 253698f560ef5b05 · 924154674724f4f8 · 80db6892b3649010 · c839b20221deaf38 · 2429e093a47c9043 · bdeb421d3afb53c7 · 0e5297fdc46a38b9 · a4d2ba45a252d903 · 0ab16b1b48deba4b · 295ef098364e7d51 · 74a2155e6c6702fb · 42425634879f9ee6 · 26d258a8585bbbd6 · 65fbf6c7231251f7 · f2c4b446ca95346f · 9bca5ec7ea19760f · 8a07eca508bbdf19 · 730c2b582fba7cf9 · 7f4c1f1c519d5972 · 1dbaab6d0929391a · bbb22cb6797bd306 · 50a1d419f075fcfc · 517598f910026e1a · 3c6e8cd390dc1aee · a89ff268ddd4ba1a · 1dbd3f337f79abe6 · 71b54358e921c7da · 928c743c9cb92e82 · 6984238f7b21078f · 1631694bda1303ec · 52f2faeff60a8483 · ddc2edfa32e77744 · edd46b43b8124eb8 · 5ddde6b8aef65a1f · 4334737cf67ab7ae · ecd9bceaba6819b6 · 6469dcba84865a10 · c986336589e0c690 · d56bca8cf619c86f · 021a2fc655298df1 · 34fcb78df0013039 · be53beb59939b0a7 · 540f7b9013df5cdb · 36ab7d1d9583cfb3 · deafbc4c60f41762 · ba93bd393f796b12 · 9c46e658d524f03a · 28f0dce98f4c5927 · e9b49fe343d25c94 · 50dbe2e2ca8b5fde · 5a41ef6f4968f58f · a87a9b825841d38b · 58edeba204ced9b8 · 8444305865f62ffd · 03e321dab9438687 · 85aee919bd9a5933 · ed4ec5c2de0c5f5c · 510ff111ae6dead1 · 3a4c9d223e4bcc9c · f67f1a56d7d7192a · bf4eb8fad8bafd61 · 6305c75110d8e26f · 59beb89185707a07 · 36792d2ca886eb3e · d889ff9ba064c76c · 20b867a0410cc627 · e2f0367ee797427d · d5077abb8c4e7dda · 0cec5d8a31aff2e9 · a2977db6b74df794 · 8c3022d2551d5ec8 · 45a67006b0753f56 · 07b8a81c0bcfc5bd · 72d246f1e587b0d7 · 08a8fe36c30e0e21 · 589a2de90055357f · fa35184ea3e0079c · a90cdc32c765ee48 · 07ae8a430e3e48fc · bd962f6b21cdc45f · 80e0415cb7ba47e7 · e62cdd4846e8178f · 953c78aa7666d6c7 · b90936b09fdc8573 · 07f6af22ad034e01 · bb88bdcd203d3633 · 99b2bb20b68eb448 · c4e60cd5a360ebe7 · 3ecae5fc938c5106 · 6394a75eb6325062 · ce348585bc01eb9c · 04d2ce1f21f9c80b · 8c4bc5b4b6531be0 · 4132deb7f01c0508 · f71872d45bb6d43e · 94cf0f8515a9f37e · 02d0ea40524d60fc · 63876677608324f5 · cae1918ad18cb401 · 860af4aa25ea8217 · d59be736eeed94a1 · 760c0f007e29364c · fbcff8e9bbfff89e · 64e2db5514c17cbc · 6ffb5531c79d883a · 25dd1db4da974f0a · ea32f5c313fe23af · ecae5965344df990 · 5d7b51c072ae0d3a · 344dcc5ca9ea954d · 639aa8474ce164fc · eedb7e6070b822ce · f82eb782709ac871 · 93146cc2ac13c9a8 · 3b7aec7f1145774a · 77cdf4766cac6400 · 3a348575a12dc1f6 · b66807da996befd3 · 3f61c9e60fe234b8 · 5084f1ba51798a90 · 228e94b9549360f0 · 02da234d42769d0b · cc13fb64a56c35a0 · d0ea8458fbaefa92 · 0b0fd61967edb83b · cf0dc4d398c7ae44 · 5d3a5d7f1fb2d43e · 96c3cd6aa7aee3d9 · 711dcda6627be01f · 5cbb14822c38d2c4 · 90a4258f1918fe30 · 47b59590051d8a06 · 0181b811d63ae5ea · 1b08beace9de6bba · 613ecbcce41648f6 · 662aed16e1678430 · 2bcc7917896446e4 · 5a02b912d9e24e78 · 1fad101831fc281a · de64d6e380833107 · 52c250a78740a465 · 3d6e90fd2c552db3 · 2ea120c885f3d356 · 60e890e0a1bb8940 · 110f372db657b03a · 575d5b35200cc9ee · ee2618ba415bf077 · d3c98f89e562ac65 · 0db74f55f5dc3be5 · 9b03b8ce72f1d119 · 04061bed02e52015 · 1772c492af8b38d7 · 35b21dddcc41a905 · 4d7b6b78524823a5 · f471bf0963da8647 · 98bf5ba22a911819 · 4d61b4ab2edae713 · ce138f9a4d3365a2 · 2a91c0e93d167aab · 9d6bc5a591093a3b · 20350943a35fab13 · e858830716400f05 · eb35b4c591906397 · a6709b930f80cc0d · 6f02b450ef485f5c · d200f221afa4de18 · 22f8be8a2f1bc399 · 108aec442aa3722a · 6b39af7098d09548 · 2d41669ded51cf29 · 1ff47c6c15e18164 · a82b284319d94a37 · 2e65b94566fa2206 · 6cf0fef68b98f373 · df7a70c5ad90dc25 · 33818ede7203faf5 · 0da9d406fe7f2995 · 6f848de9e8784cec · 1bc8db2daf96ac85 · 6c45c6d65a61ea41 · f95a745a7a94bb80 · 1424711298043a2c · 1faa14bcb69ab693 · 37f71dc1ce4b1bc2 · 955f0dcbbac6a15f · a29a804ca1e3446c · 952fce9fce1e0cd2 · 340ad80a12130120 · fae59d68781b28ba · 9c3d6bbce1a6be3b · 4564c7105a0cfd52 · 85a19b20739a2568 · e14ec16085f0c040 · 99cd19df352ca4e9 · 386305da06d6f117 · b2c523f30e256915 · 7effe9c7a7bf4a6a · f6483391f3928a7f · e75ccb9fda5cbcd8 · 20a7c9a799d0b9ea · 55aa0985242e2440 · 8f1380332bff1200 · b5035c7abf737d4f · f159002542a2e1cb · 50cbf3fb9232da34 · d214aeceb1a33465 · 5f981bb28f789a3c · cbf6ba8cab94de5f";"PGO0032 · Diggin Hip-Hop Vol.2 · PGO0028 · Hollywood Hustlers · PGO0024 · Caught In The Trap · PGO0017 · World Hop · PGO0013 · Dark Ambient · PGO0012 · Urban Crime & Riots · PGO0007 · Diggin Hip Hop";"Main · Alternate · Commercial · General Underscore";"identité-canonique-courante+identité-structurée-courante · identité-canonique-courante · identité-canonique-courante+normalisation-mécanique";"pilot-pending"
"Valérie Labro (NS)";"Valérie Labro";"update";"d56ff0f5bd4703b5 · 7bd57a6941c0cc57 · 2dd6a96c93c5ea1b · 95c334c192935b13 · 5c3bcf9ae546bd30 · 593571ab0aaf039d · b763bb66c3e22d8f · c3cf2b1d837e20b7 · 736997b889a72a69";"PGO0014 · Vintage Rock And Remixes";"Main · General Underscore";"identité-canonique-courante+normalisation-mécanique · identité-canonique-courante+identité-structurée-courante";"pilot-pending"
"Victor BAILLET";"Victor Baillet";"update";"6a5114f9a6d4378c · 9be79729cb3394d5 · 6ba193276982e0b4 · 6868175543bb6a64 · 1cbdae1bfb6320f7 · f6fe10b8a0fb073b · da49d327185214eb · f5187e3abdd602e3 · 37d70cd927f8f884 · 578cedc27780297f · 59489e9e6d725a7b · e1517be4a9172f6a · 81327040ea602e16 · 9f03e68ac4a0acd8 · bb0c100b985bb07b · 6ea84f3ccb78b686 · 64fe1cb342271cbc · 66a30d8fbed0b5ab · 4d6eef631386d6d8 · b0a9189d2477e167 · 2f79f86c4349bf81 · 4988c8a22657d99a · ee5765ecf69778da · efb3b008e0357c4b · b1f9b22c4db6cf95 · 75a3d3d9884c6bb1 · e9700245adce4657 · a44407ba4d1462f8 · da9fff30b1776fdf · a27816a3c72d464f · cc9899a46d1b8673 · cb24bfca5999dc00 · 0e94466e518b892c · bdc191bf2c0297a3 · d6482130a8d6808f · 005700273f5dac21 · 2ea32e886d993c8c · a3799960bf76dec0 · 1386dec232bb9e08 · 1daac3c53fc335fe · 30f928add4e60121 · fc3a3773db26aff4 · 783ad9e27384be81 · 9105591b22009ad3 · 85b4da2868a030b5 · 4a56d3961a528203 · 6ae9ef438d03920f · fb736f928314ba55 · 5af5f5e0ca328e6e · 58e02c8a708237c0 · 0f072666616518cf · be7dcf495114b8ac · 08a3cf834d4a857c · 14a787c545372a63 · 2c0bbf2d61f41f2b · cb822196d2d10d25 · 4b6d52ab6a6ef7c1 · 1b7984913a0f3de8 · 3a9e4d3b83590427 · cd3b934be8166603 · ec46685e7368fdc4 · 30df2176a0da34fd";"PGO0043 · Brand Content · PGO0036 · Afro Pop";"Main · Commercial · Alternate · Stem";"identité-canonique-courante";"pilot-pending"
"Victor Baillet (SACEM)";"Victor Baillet";"update";"a94011f23ebff2f4 · b0e12f01a30ff8c1 · 4e977c6efb45f7d9 · 6c8343ddac632107 · 775b431e4f240711 · 622514a75da8e84e";"PGO0036 · Afro Pop";"Commercial · Stem · Main";"identité-canonique-courante";"pilot-pending"
"Victor BAILLET (SACEM)";"Victor Baillet";"update";"08c684a452847d26 · d8b38cdea25511c0 · a85c526a576b2be6 · 163a7e9549d20509 · 37e1717cf86beff8 · 187caddf5ac70100 · 30a98d3c2afa4a25 · 66ee253cf51d66b1 · 4d73d1e6f06cb399 · b4c864fa9920a451 · 241ff53473fc89ba · 906c36dea635b1c1 · 56cef962f963c9e9 · 521f619e23e14e4e · 3ba721e8898ac724 · be5f2e1a30165a88 · ed45df6d8851cd6e · 7a5435ec8ca5aff0 · 0d9b778e9b5ee7da · 38f2cdd487a1c337 · 6a131cc5dccd69c4 · 2d3dcffbb50badf9 · c15c19c7e926ee16 · 3a653803fe918d5d · be0f18167de4ff3c · b269eb7b79c8dc7c · e36b2e5c16ef1e88";"PGO0027 · Future Beat";"Main · Commercial";"identité-canonique-courante · identité-canonique-courante+identité-structurée-courante · identité-canonique-courante+normalisation-mécanique";"pilot-pending"
"Vincent BOUHELIER";"Vincent Bouhelier";"update";"3855a129bb7fbf9d · 7cc55deb78a50c06 · 301715811c262e6d · 8bd7ec28f7c98906 · f26524ac8198adfa · 9500bc4ac40879e1 · 5529303ac1b3621e · c0806d8b5a097ca3 · 90bc5eae2ea1c8bd · c87b10475d648712 · 652a4c865ad79c8d · 3c9cfde5fdc456fa · c72ca5eedd56668e · 46dc4f8d557d789f · 0bcd1853c038549c · c66d10918b84dfcb · 0213ccafedf23f36 · 1373790f90606f90 · ea280300d64bbfcf · f68f128e4786de86 · e46ad838ac5cf131 · 7f8e9238891d6fb2 · b048d1b234814212 · 31b0945b963e2cfd · cf0544af07e7c8b7 · 7e7354ac04c6b661 · 3e4b43485ec3506c · 58a5dd7cc1e385bf · 39d85b3ba9d189c7 · d92c18cf5acfa959";"PGO0036 · Afro Pop";"Main · Commercial · Stem";"identité-canonique-courante";"pilot-pending"
"Vincent BOUHELIER (SACEM)";"Vincent Bouhelier";"update";"08c684a452847d26 · d8b38cdea25511c0 · a85c526a576b2be6 · 163a7e9549d20509 · 37e1717cf86beff8 · 187caddf5ac70100 · 30a98d3c2afa4a25 · 66ee253cf51d66b1 · 4d73d1e6f06cb399 · b4c864fa9920a451 · 241ff53473fc89ba · 906c36dea635b1c1 · 56cef962f963c9e9 · 521f619e23e14e4e · 3ba721e8898ac724 · be5f2e1a30165a88 · ed45df6d8851cd6e · 7a5435ec8ca5aff0 · 0d9b778e9b5ee7da · 38f2cdd487a1c337 · 6a131cc5dccd69c4 · 2d3dcffbb50badf9 · c15c19c7e926ee16 · 3a653803fe918d5d · be0f18167de4ff3c · b269eb7b79c8dc7c · e36b2e5c16ef1e88";"PGO0027 · Future Beat";"Main · Commercial";"identité-canonique-courante · identité-canonique-courante+identité-structurée-courante · identité-canonique-courante+normalisation-mécanique";"pilot-pending"
"Wamid AL WAHAB (NS)";"Wamid AL WAHAB";"update";"2587b3d93818e717 · 71a9abdd1a0dc808 · fe0a0a89dfb81ea0 · f85ef0fe985af353 · 75884c68c19f9c12 · bf61245dcbf08d23 · 93d0caef9622d6e5 · 237f242dd1e7b277 · 49adbb5df180778c · 5a4ee3ecf49001da · 0392e835c0c25f74 · f73d06e0c25b53b2 · 5f5c778a8d82e6ff · 1b2d34ca36ee3624 · b0a7ccdfeea03396 · 81041e8c44dfeadb · 8d2f9b234fb9ade0 · 1e7cdcd1bcd0df0a · ba41cbce9584c78a · 2403df3c4d73616f · 182759cd54c4efa3 · 6207858a3b1713a1 · c6bfef741f6ed321 · bbba48afa0f630d3 · 33f522f291fec33e · c2e2c5efdb8ea4ed · f0a65690c5de540e · e335892c555eb79c · d342166bc687a36b · c215b28212915bcc · cc4bbea96b06b56a · b7cabb2e778f096a · 66e9e5b09bd6d48c · c85ff91819b45a0c · 03fda0ae97cf0505 · 57aad6da4a1ada4f · 2a1bb859b17d7148 · 999fcdd94ef60002 · 63103217b46ae419 · 43ee38ffdc533140 · 0606a9cf4af2d2f9 · 773a1a872dc073cd · 499c5857761045fa · ef03096c5387dc4d · eaa376d4d2ddeada · c9a351fe9a5eaaf6 · 985ae5520d39b3a1 · 72cb13ecbd40d614 · 8e835b7ed5218b9b · 9ccadda88034372c · 6e1291979a3fecc8 · 97d232a5c6a3a0f2 · e9e169168a497492 · 523171500f950b7b · 09efee67b9a7c02e · cbd5240821d1e11a · 4c55bcc5e804529a · c61976d2645bcff2 · 75c775067f376161 · a845c246f1703ff2 · 5d8c1ddd5aee94fe · f37036624f9d483c · 14a034bd5d508940 · a90cc79ee219861f · 45900398e2d55dde · bf83ffb229e33f42 · 142a9f9436b2fc1f · 890ca92b461bce22 · 90f9ed22bf88c1f1 · 94d442763a51053f · b60a641a26867ab9 · 34fce2868f2b70fa · 7b41256cf2ea2ded · 3eac92a4b5903493 · f23bbc37dafbb208 · 2448b8fb639405ea · 21d9584313b118c6 · 9382e95db1182771 · d682ea842368d4be · a182a288b03f4b43 · e3e76c3168269327 · ace1ff64e8e73272 · 02cc605353c49c7a · f906251a823d7d07 · 9c4b8bb834850d4f · b1bf1134ad667456 · 40bebf4d9c526818 · ae86bb8d1752769e · 9333d23a55495626 · 5605d0935cd7a167 · 43d20d76c11f3734 · 814f79ab7c1dc827 · 82851e16ddd674b8 · 8fdd7e166cf0ae47 · 9ea7439eb15abe8d · 8ea6067d83ce3343 · cf72a0c4cf11ad7f · d3f14a48811be368 · 9c3b7a0a2b00ed3a · 1d4bf777c9e6406c · 7812e14c85a54cbc · 9dfaee9189177605 · 4a2022751a0ad907 · f4630c5e701c48b9 · 13b3fc80bc05a3f2 · 7bfd6b7d41839758 · cc972d77d4dde53b · 1023530477ab5d0e";"PGO0018 · Middle Eastern Journey";"Main · Commercial";"normalisation-mécanique · identité-structurée-courante";"pilot-pending"
"Xavier Begue (NS)";"Xavier Begue";"update";"f2bce59b49b9dab1 · b2f71b934abab5dd · f40510b52a981bce · 565b01c84208c64a · e3d1093fe54e5830 · e4f1e4d7b35c7dd9 · 99a73d4f8aaf506e · c74971434c1b7271 · 93aa5c002c57b800 · 6d75c032c1f0937d · dd6da7702204e65b · a8eda23b279546dc";"PGO0015 · Reggae Experience";"Main · General Underscore";"identité-structurée-courante · normalisation-mécanique · identité-canonique-courante+identité-structurée-courante · identité-canonique-courante+normalisation-mécanique";"pilot-pending"
"Xavier Sibre";"Xavier Sibre";"update";"abec363fcedca644cacf4c0183c8fad5 · 8b6260cc065085e4a2dfaf31e425c6f8 · 04ddea93f57e6cfefe1082ccf13e5847 · 05a8de8aaa710b7c12128f6ce3b0767b · 70d864d0f9268e48a6880162e35216b4 · 53a91a316051904cbe7610c1c141c4c4 · 7495dc88076cd0fd76adc509fc391878 · 375a7f29af7df7fb0ef8c5f6c87e899a · 2f9a6d0dc211ad056b2f9060eabc464f · 255ad0a8c8ba1e63b043fe5e89aaf51f · 7a1ef94a77f8baa05196999db2347634 · 4a6c2cddc52793ce5c8115aa4f64e885 · c8885f3ff79615a37c444fc9f8d1293d · 7085bce0ea2767dc444f61615fab0c47 · 21bea385ffb8c53b216f7be184f6c731 · 8db98c0ba26f70930c4d0f6c0321263d · d4aabb6d2e6594e2a3ac425f9c550fb8 · 0613a2ae695acb017811dab0b8dead2d · 25a314d0dfef292fe409cc22a9b8ab8c · 4ddd7fad41494a6223bb6859dc25406d · a320e75a9f7c6256053c581a3809be20 · 1be33a337fe4c60a55f9ff61fb4da4c7 · d0ae6398cce4ec6f3cb70ce10c6b7894 · 65b6ec742204860de7377947376c8572 · 348672a4d7d756539bcef96d73db9958 · f897d6ce3e9a6153d46bae84a5df003a · c709887532784cf552d12b000ce6790c · cb537f7be6bd8ba8b41a9709e1bda1e0 · a8d6c65fc7d6ae24a322500414f8fdd3 · 27addeae80bc91af910010fdaa9e49b8 · 59b895209a131fee67c47cd84ecfdce5 · 745b3151c3c701d5181457d69730b14b · a92efa49c121789093cb055304265cfd · 50e8a539b154b78cc5506137c18ffe34 · aa5a5be72231ce84dcb00babf1075390 · f684c91f7d0525d899e5ba5e3667d931 · 145cd9e0176be6d256597cc98c4417b9 · 3ecf2adc0eb26136354ac34436a004e6 · 1b466c5599abd341dc2a2d017ce444ab · 8a8f1c9fec62c734de20ac326e13d492 · 8780f8adf58cca426cbc6ba2768aeed9 · e5fbdbed050f690e5e36fc69f100cbd0 · 54e2cf0211466c30762d58150506248e · d0258a5e2c9df3d2263e3afc30476272 · e0c8488fac81e7379c7d04629f9dc348 · c335722f34ac68b93370c3dce37fe32b · 61437484cfa71cfd8046f3bd9773ffc9 · c863d0917c9e3af54299d62c050cbb48 · fc19a5e4e9ced90b3f67a164ec655822 · 9bf8a2cc1b1636c2fbba80deceafc8ec · c4daf64dd70bc0361487a672396d1e8d · 5f23cc5a54a1a39f361360edf2eb0472 · 08991cb3e9133e4713ce50c8383164ca · 01e2b6880188d7367e08fd4dcdf7fd34 · ba1a8b01fc192bed4d628cb10dc118a8 · be0add276b3f0484c36c1981a444322f · be0d8ffb0bc6448c0ae1da72338d6571 · af571ccd38ea3066429cb456200be00f · 551220fd7bdecfd1b7ff9540eff61195 · eee4dc8bcf286ca1edec763a491dc13a · 306e439c0c9ac3b13348e2649cc913ee · 59bd34cbe458b79391b491f7bb0e1bc1 · 310fd92048d035f8385a41ab40a081f4 · 609abae76618a1667494b22ef5eeecd2 · 187ddb17c7da49ba1fdad99b95db027a · 4040ac4241ba84a75aac653a820bac82 · a84eead0ecdac3ced435b1dbb1689113 · 6322ff5f7cd8cfa4da47431fd870046d · c14aec0e471f2faa220e3b641482cda5 · 6e01079617d9a76b932ffc92e2661355 · 3e8d614b9f4699e9b0cfb363b41d9bb5 · 47e52dbd07b7ee12afbd6fe58ccca4ae · b5fe77157dbc8cfd7b2fc73a6637ed3e · 64e3fb05b8565e63d331efbc6a2fe9f7 · 42a90028176b51b538fa58f4f8c54102 · 1302c8b3463d4ae3f90149baa65ba2f3 · 82f7b830c7fac37741b9c956cc134bb4 · 0874b59becf1bece35670464d4955c4a · 7ce30538099301da067dee43dda3f4ee · 93493a6cae4213f6473d3b0b02fef37f · 6ed32a49b7a7f4c5aaf71c2b3887945e · eaa9b77f4e224ed88335ee64b6bb423d · f01c11bd7d3396bfaed9b032ca693377 · 7e220830df196ebad8c4ac23c0e9774e · 06a2161061717be470bdfb6a2afe6fff · 4fdf9a9d84d88b391e22ab6b3941142e · 945d2a789226570d4e74aebea2e0848f · 17556abc2446158959f6eb9bcb174c95 · a73bc44f08fcd8ae1d25fc56e88547e0 · a3f993859952cd0baec381bfc69bd8d8 · 2db9abba6b39bdd619668e55dfcf26bc · c8bbb1394719dcffe1b2af8e031dff1b · bcb2f494c3658d5e869974f6e21d112e · bc96aab61716b98a23f6f0c22ed9125e · cbaf39a853d5afc658081bdeaf0017c8 · ed0df72ed6b5352cc3bd8d4186e39c94 · 76d498a5b8db4726a43c2ca10f3ce5d9 · e2092c9dd7a4f0ab7f54073a0cc72d11 · b3d12d435f32b55823d118d94a3537fd · 9dd7c980e658ced09a8f5805879918fd · 33fca7de2583a9936c3c4dc9558aff41 · 52cd636ca428dd080c3ae9a3d1534beb · 926ae4029f3af46c56463c608a8e5aa4 · 25fc99626dc08ff0970ce567e4998e37 · f850e285869eaae3b65b2a9cefdc62ca · 26bea5261508fcfaf6b45329bb20335e · e1b0452709c5c3a7e119a2c5a300ed50 · f3d20da9bf4e34c91ff9babd6c0c5930 · f0eb3d80e597e62a55c6a7cae279c1ef · f19711f034aa75ddc9a9b3c96502b3f7 · 61815ef1b270a83268de4e463f26bdb5 · e95076ca9a2bc5c43f0bd8a286041a27 · 9ef1926893ecfb72adceb801def589ac · fe7db0f9394dd9f1e8d9756af92b782a · eacf98b1ddc6ff7648cd057cdbd7d9ed · e2ee58c7e4830a5bef0b00fe12f03c0d · b4c008fcd51cabd5c3c9e341c355b66f · 9b516bb4cea8b90ff7caf19f94e0ea5f · 854f61ef562a85002043e37019cc63d1 · af6761b36e701146c3e15e2235e44570 · 5da1de6d7ec01281c8c42f00b5b6a320 · d368bf6c5fa4505ffad85a7c1ba3987e · c945c27f6e2f4ec35e6f9a8b2efcc92e · 1b23a8a11863a04072a6a666e2fd1dca · 37d970cc5301123c892aecbbb9ddf383 · dc61b1294ff5a1bdce9a3f75dc2d4d32 · bff412271050d269e23a3d674e2598a2 · 54b5e05bfad5b6671a6e56bcb782b313 · d92722cf4b0d766e325113c46193f612 · 23f91f79973450a177519f19680bfbcf · 61cdad02a282eb0a29198e9df5ba5384 · fb314392feea41061a699be2ffe6e238 · aba489fa0cd3a516210cf51369938bce · 9f6dcfebf16eb74ba49b80470fa24ffb · 64e99317d173fac3072eaac246b52cdf · 29065fadef161ef13febfc598d0ff1f2 · 53a151dac9082d9f7c1ff4c844d380ad · a996c74d991f97c3c81dbe481fccd31c · 026503a0e2205ca2fb3f5eaeac038211 · 8e2477cb1df35884231a13f92d06c674 · f86a9a25f87eb8b1f6bd123820eddaf9 · fbc6e608cfc3065678e0cfe91f50ee1b · cbeda57a47b86ce7bb132a93ea39113e · 7079e5e36d852252fc3a030cff57e822 · 97bc22f9a09233e53d601b4e945f4203 · e8c01df3e1155a322f466618db2f4bcc · 6af5b3d1d2d671aaea6a4707c891afea · 8cb74701df160ab3ead1c16b8d8e6ce9 · 532f6e0eec6cb421c2f28c504e575237 · d7bc1e2abe07c33312bd0931c61623b3 · 3e5b0842ea70017c8bb7756236792a04 · 36a2df88f0af09610ba6dffd600654f4 · 3aafe9234d8a2d11295ae809631cd26b · 4b29c8ec2f107429bbd48792d4e32d50 · 8b2f7b830df13db82003fabc19d2a19c · b3e3390ad37d7e7d297606cb01e4ccd6 · b23457509b276725253b222fe12e71c1 · 25d467e644d34a954327e7b51339cffc · b9b7eead56397cb8b17fe08709707391 · 91d968abdf07cd83b717d14cba3f41eb · 91bdc7b38ce672688448e871fe75179c · 36e38c868e9e8553b5eda444e54ef809 · fa8cac260cc2925c0512e02dd5eb5e79 · d5276610a40e7e98a088db015ca3880c · 315d95e15d4ce27cdcf86ed2fef825a9 · 11c5d9f839c2297c321b142bae8c28a4 · 18fcad6f83fbc008e4ea122f32cc9d89 · 3221a8b73c3ae7e7eadaab8399190361 · 4df96114901d3c9efa697ba5d469fcc9 · 598bf776fd3c13a699092d065cb6d25f · fba5e4790eecea47184e0371edc7a297 · b9cfa4a6478ba3c05200de1a7c29bfd1 · ed987ad9d9a6621b6f3a8eb825e1ae4f · ebb11f2242cd8e12b294de0dfad261e1 · 0ae8cd92ced36451aa938449c3a2d23b · dc4c76f40b3b266324abe256a25c4d8c · 4ecf4b334f563b8c19bfd41547a8f629 · 8eaf7d7c4a622b2e6f69d0b99c072ac2 · d4645c672781ab0979d4a01079c3a9db · 30bc7edc39d7596d2da1991053ed067e · 86a7d0ea3dedef270b1cd919d46a6553 · 31aa10d2ab21a9d871e5300ea12fcebc · 947796580283d7380383c341384a5122 · 7f82aed63fd28408ff3a4ded1a1ac96a · 9e114936c72ee366718f2b04f56eba69 · 1d0b02ffc234fb2538da7fefe3d70c47 · f560d0bceef7ca9f62c9ba74bbc16738 · 701e75ef6d5591daeb9850b0dcda11d9 · 9b84a73805b2cefb521995f3a48cc044 · 08c24bede34e5509a2ef87ef775a033f · 32dbf3d87be9a2db685504a68dce7a09 · 47031df400254a731b5befddb4729537 · 56cc18832dcb0880faefdb77af9edc3f · 854b38dff87418edf829479795d296fb · 4f202bbfa77dc722cb68edb42a905ebf · 7025ca3a5d0972ad47085324c8121a12 · a993e4a6ee7466e36d8dcb375850ec34 · b2f399760abbb731e3261b2d18c08eec · 67401a6a0722037d25cf959c80e5b29e · 5651bd5f9accaa6d85d1c1df1ad41ccf · dc8a62859cb78521ebd1d20b7a6aec58 · d1e0f4df9555eac7babe788403eb0f41 · aba84a009a5cbfbafff8b8e5c13816fc";"PGO0055 · The World Wedding March";"Main · 30 sec · 60 sec · Stem Bass · Stem Drums · Stem Guitar Keys · Stem Horns · Stem Percussions · Stem Guitar · Stem Keys · Stem Lead Vox · Stem Male Vocals · Stem Piano · Stem Saxophone · Stem Cymbals Gong · Stem Double Bass · Stem Drones · Stem Erhu Violin · Stem Guitar Ukulele · Stem Guzheng Guqin Yangqin · Stem Huan Pen Gu · Stem Live Gong · Stem Naobo Cymbal · Stem Shaker · Stem Sidesticks · Stem Tom · Stem Guitar Lead · Stem Horn Section · Stem Solo Saxophone · Stem Chords · Stem Strings · Stem Tambourin · Stem Tubular Bells · Stem Lead Guitar Harmo · Stem Drum · Stem Flutes · Stem Fender Rhodes · Stem Guitar 2 Wha · Stem Synth Lead · Stem Synth Sweep · Stem Wind Section · Stem Karkabou · Stem Rythm Guitars · Stem Sousaphone · Stem Clap Shaker Tambourin · Stem Esraj · Stem Sitar · Stem Skin Percussions · Stem Tampura · Stem Clarinet · Stem Trombone · Stem Melodica · Stem Solo Guitar · Stem Flute · Stem Percussions Section · Stem Guitar Folk · Stem Keyboard";"identité-canonique-courante";"pilot-pending"
"Yann Jaffre";"Yann Jaffre";"needs-review · no-change";"626a9b4d024f7ef13950163a4187f831 · 610948c271313e814b6a3cafc2e11142 · 28da7cfb9341b113f392c65889a69d4f · 17f1f6514532c6a82e6f29513a8d0aa7 · 9717a781bbefdee0a7d3b167166f3113 · dba5e976d20c416cd6b924c7eb90984d · b6e8597fcadff1759b62b1a856858f14 · 65bcb2d9e5dc8928aa780483b1bcedea · 3f64a6c4228b6e5e7218d94bc7ce893a · e5f2e6b7cda4bf1ce563f47cf806a353 · f24b395b51e81b41664ae8fe1d2d7522 · a5c48f365b9733989c1ff9219762467c · f802a31ffe6fa9e84de6034886121d2a · e2ab12c13467775284b476c86c3ef1fb · 2918726ab8e286672ce0086eed91f0a8 · 5868ca042482822910036af007948c5d · e7ebc9422528beea1a0389beb16ef19f · 797fbbe3befe3292d053399f7664c58e · 21d0a7f55feb77e899ec4ece44f3ae82 · dba3effff85d54909dc917d9b2f9b2f9 · 244779e5cefa0e18e2f3d63983696e6c · 20a2677b7ff6647bc67162a4358e09d9 · a22cfd582683e7f0110df24a0522f7df · bb68310b018c1f16656857fe24fea1fd · b00b7db56198e0ec0057d45c1b065210 · c5755e5e29415cc799d001b1d1ea904c · 7e898609d3ff82e6595a1173a02db3c1 · 9d77d45ac52e4a08aa95f04b494653ad · 1ba40e5dc1e78450ec6db8d510a5be4f · 4ee4b0e0ea84b9457fd61d717f276964 · 3d33430a513f17a92f6ba3f5d8815c89 · f4abf0e502c8f4f7f6011e29d68d7846 · be6a8010e19933baba0313aea3653aac · d54c61fe7432a0df410c558a688af339 · dabc6e6269e140dc638fabe606c4cdaa · 0592ceb422b343edd41c0133a2017008 · 8bf32a89d7f221dc59b22af213975b0e · fac7fe2fc7e8ff1be0023d5b762f54ad · 461827454c7fce50d96a52a914451cbd · 9e6563381dc0cae91b3b6e91ee0ca33e · 18c2fa443e1bf7ea5f13368e2dc6288f · 5a5f8385ef852445d48ec7ea1ed78679 · 53dbd537af88cfd18251568c0b94e1dc · 48b7d79c0f69a0e434e401939f8e6e24 · c788222cb48fe2cfefff741b6e3d2bc5 · ce99224ce85413e996937d75d4aad81f · 4448f1d5c216613d1416ab10a7d7ce69 · 407f76c230fe593f0224cfe71aa9debb · 934f9061034c2d1be490f5946bcae99a · b0c34756d7b2028f4378d24f5cabdf19 · a6a2847616f7d12c81f968bb750e744d · b67365421905a8f4bfbbe70a8489dc2b · 2c4562030c4a5b48f4a0dee45b4f1aca · 71fd32fef8d014b46c81e4e49910aed7 · de527f42cf87c0b0c0465f93e2da2763 · 235ca87642451273c32e876643150637 · 34a187abfd0e5b9931ebce7509bbb434 · 62ace895ae112613f4258be2f720c6c3 · 0dbb53bbcfd62faec7366c3a1ac06a02 · f2a5727c134b7172304572249d6eb22b · 34824a067053235d4a5a5bdbdb151f86 · 758286523fe05027563d424eb579b30f · f9467d69f7acb3d7290d64fa096cb15f · e8a954cb1aeeabd5ffcd63f8db6624a7 · 30d50b6600c32376097830698b6e7313 · 18bb8e1bd9d9e29fe9c8336bf181ec32 · 09183b2cd36ab32243a9f55b4fba54ea · aee95db1879ef3e812ee08f7a5014d6a · e94e756ee83226dbebf15157413ef91d · 1c016d984f0f104a7fd5fd331371bcd5 · cdbe4084b451224fabb0fbd01595e9a7 · a5adaab7a4f216768fa6c89bc5d8cc8f · 0c1c014d988572885ed32f3233463297 · 08ea31088c5aa55fdffb0a229b83158e · c152c64da86c176a16c589572085d232 · 58fb91949e315a7f36efd00a5b7686c3 · 4f8b46282255e51b25129a9bcf7ff87b · 15655f88ecb4e266a99587cb7004e64d · db00b56ff7b39ccf4b0f1e59d1a1994a · 3857a40b5a006fd78c01fa5d4e4d7cb0 · ebffede51801a3f55bec0bfe5745c587 · 2e088e1a844cd0880c09474fc9fc379d · 4e38c7af21c5f7176c09d8d813510166 · c03eb93ac2ba844af46119b4f6416957 · 344383cce1b1ae47adae992c05d37098 · f651edf2905b3fdc874b026b4b9463ca · 0507f275ea253655961c41933499b94d · bca98f6cda1a0637a8b5ce66f9aa0e4a · 7cbfd97aa1960d7bcfe47b34792a734d · 3c9dd7eb660d549a02ba23fcb07af363 · b3a8b0b28f6d425353d838ca92e4b2a6 · d83c65be6226b759ee0a34b1b34d9403 · 48e42b581daa8a6b2e9c5c57508987c6 · 6a1fe32a1bf1908f8e4c81bdcdda6042 · 1dccbed80f0742f6a895a529b154f880 · cf15a0ef4589f5c0c3bf3e832adf38e8 · e969f757e612530944d2e9de238fbc83 · e77a6146e93e4baa0abf85ecf58356e9 · 3fb9c1dc84ae27d16fcbf0106fb3d354 · 9b22615146089bf71b05653c79f1f813 · 104f397eda45cbee95e88c9a4a718ee8 · a2dffca2ff20b8e3b3e497dca242ef02 · 619b7312b6ffd59a739d27415773105b · 042cefbcb31d0fe7720098807fe9a57c · cdf1f78a2b51657f0e69106ff46d643d · 3b95b51931ab702281aeb5519ec2c2ec · 375242fcac23f85349a632adcf50b899 · 7dfef5e907505051c25c2be37b06d993 · 5a3f0800c697b120fc7872c573993b28 · 502af15b98088ac1ea04191799f17a27 · 13f67f800849307d73a076c78a1901c5 · 509b4f997e2319db738bfe802eb1400b · a69b7d610bcdfe3d1b153d19d2bc6dc7 · e50734e2cbc7ff6709f7fe5a918de8bb · 8183dbf7ffbe6f532047140748f6848e · 14e99da82cca7b862c8f974a5bc85624 · 95411f1faf44cb8a1bbef438dc2c3219 · 7bd987353e0673888c721e8f590e53f1 · bc3d55f3a5c83a0a34418d33bc2da99b · 3e412b01a4bb545bb9e45b1866693c3c · 663e071ad9c27a8cbcfd0f4f159c305d · 932820015fabad4ee10be3c0122edc83 · e5035e4f43864d869ce30a7b2fd9ea53 · ca0a869caaf49d62f09642fabff1eeca · 506bb19f6f665fda11ac362ba9518ad4 · b3e4e31d1ead3e30d30483631fa14192 · db9dbcae6bae9cb9009b0226533cc910 · df37b0df77241bbd061dbbcc7c3c2669 · 234394c177d8601bb3e7812e2c779dbb · e06a196dffc61a96bdb4114f8f38120f · 7b4861d119cfc715a8b9fa5447d76bef · 02dbb7b0a198a1a67678daf43ddfab00 · 0483be2a82a53607198e804194938718 · ceb1330d59de41aff4aba18fac14d9a5 · 51c2bd0156c60ba67e19589056243035 · dc6c3a7534926fe544457eed3b7661f3 · d32fd92c8c92863e7083853861daa4bf · 53a46ea7c202ed93414e68e6eb2f0cba · 883bff6aaf861a3eda939814e0000cfb · b9094454c713f844c12d2a0ae376173f · 21ae2011883a49449f21097dcae27802 · 01ea2a838af2ae956e34a82e8d0f86b3 · c51cf1f76021ce1efca90705c6aababc · 8be7cd1cc5b1bc3e8db4c977ad43870e · 25122c956d4d061dba3f03920fecdc71 · 1453837d599fdb62ede28fccaa8916f8 · 8e3bbcb11c6868b78a768bfbc68f034f · 0a7cc4d7b91f2dbfc4bc1c38474aa369 · 88238d5a0bae9a6185cd099db06ff389 · 8fa9c54479b896b12f3a652b418b53b6 · ebeb80ad322e2480a16b3d7abcf47213 · dbfc51b112ae6950d6c9aaf420c09d33 · 21b8dafb602798c3b10eaa20bde77256 · fbde5a40c5a21717448825426c6d10de · 4eb1bb76c448567f0df909bf969fb2e9 · 811fca0287b2067ce9e75199bcf80b87 · 075ac10fab4aad04584098a7674e3282 · 8df3137462ed4f0db5692cccc9aba23d · 522611d4c72f93fc17422861800e99d0 · c274af8ce85a35d59709084cf12c8f4c · b47cb4e4e4f56ff303fcf152bebf5640 · db238e6a40e5389690b5b7986b3f4ae6 · d1063db6c896eaaed89907a897caec76 · 55cda2db7503049083ff49fefba43922 · e3804f288c97160eade10750d9932195";"PGO0046 · Dub Experience";"Main · Commercial · Alternate";"écart-ayant-droit-à-valider · déjà-canonique";"needs-review"
"Yann Jaffre (SACEM)";"Yann Jaffre";"update";"5c831b9f3b66744f70d59acd8992716c";"PGO0046 · Dub Experience";"Main";"normalisation-mécanique+identité-canonique-courante";"pilot-pending"
"Yann Jankielewicz (SACEM)";"Yann Jankielewicz";"update";"e46e97a93db5e9f8 · 3698361b545bfb00 · 5a9998b5f10b7813 · dd5b14d4d696972c · d8a560cc9623ba07 · fc1b2d5db030b326 · 8d713ac12e1cdcb7 · 9ae0d31cb55f47c5 · 3521f3295356cdf8 · d8951383f162064c · b8d95aacfd7ff25e · 782b203eeaaf69b4 · ce56b6c5f581058f · 303b14272e344f39 · a74cbd6ae44b0e57 · b028f827de18e27a · 1cef21045074d1bc · 19684ca5a186cd9d · 4c5b071fd6994c82 · 04fd80f9cb9b1ea0 · 32a3098b1fa81da3 · 3a455c4d19c78a98 · de37437f9f18bc58 · 7ac6531572c631f0 · b3fb955dc26f30ff · 446e878ec1e7db87 · 7fd04104f063cceb · c200dce01f3804a0 · fe89da231658e606 · 0874b6226bacf3d8 · cf9fd4ee20ad827d · 68dc7ae2a318717d · 58a34618a01e1b50 · d64b708a8e0bb501 · 54ac5da2a4999d35 · c9c809973b75f7b8 · 2800bb48ed2775fc · 7f2411a3527c4f6e · 5d655e7e64c48600 · 1bc1a2f3f99b7518 · 53565a66793e78f2 · e943d26d260be1c2 · 0e66350cac73a80c · e0aff93fecb8d8d7 · 6a77f11a44af33fa · 400c9f42c6af48a0 · 013fe3b21def2822 · d47bd30a6b98d719 · 700cdee62faf45b7 · ce425ebdfeb6ab74 · 3985c80b3c5cf380 · 25edc322ea9be9ea · 69f4d52684006d1f · e4efcda335e29696 · 3832caaf15c57a08 · a1c6f151471dfc0e · addcc6834da9cf62 · 083d7564e5b82929 · 3d1a8395365d274d · aa33e9f5136da60f · 549cda43d093ddf5 · 327d3ae3e0cb421e · 9d3b854fb79af366 · 0e8457621b6ca3dc";"PGO0037 · Quirky Jazz Parade";"Main · Commercial · Alternate";"identité-canonique-courante · identité-canonique-courante+identité-structurée-courante · identité-canonique-courante+normalisation-mécanique";"pilot-pending"
"Yann KORNOWICZ";"Yann Kornowicz";"update";"e527849971dff951 · 30c0c4fbb8eadd6e · a28389cac46ac65c · 482de30bd5485b63 · f76755a5ef033248 · 27ad20dba9a6c69a · ff8c79c20ae508a7 · 762233fb29afc224 · c4912f18ae701810 · 16047f9616369bf8 · ab037899cb82d00f · 2f1a71f6d27323ab · 87b810e3bbf931ab · c3d1cc6eae58da79 · 1117c3677882e6b1 · 7a0a6a951a213239 · 4f95ebd4cd227803 · 5fed7118db8b09ef · 48e040e6785d18e5 · 849aa6fec0bf6a4b · d2cb21a74a9b3846 · 018e1d8289d61193 · 74aca960bc8ddadd · 9bb574e32fac6e90 · 4069ca98d8e82435 · d5856817f4870780 · b706eed49a31588d · 50ce04ce9a27fabd · 1ed37970a7612424 · 4cdd225aa2f8cbcd · fa5b61d7b389ab86 · 96626d662eedc0c1 · 781a169196096376 · 6324497ec62aac40 · 8e4996190e9b38e7 · 1173afd27939893f · f3d8d669c59b10a4 · 07f0f7d86faad4ce · 801d4d360fd0e299 · c56c1ea80405a6a4 · 9bc50adeb45e9f09 · 19ce45383780d7da · 66af5f4b5bdabf34 · 35460df6f5ab154a · 008f24419f54f993 · 058edc9ad25b0464 · c94b14c02734e761 · cda56da89e63275c · b682a77d912be327 · dc5b331ad17a361a · d01b8da16380e0b3 · 3bd33219e77bea32 · aaa97a7dffa7ca45 · 165dbc787227bebc · 0fd4297a4f2992ec · b455ba0262841c4f · f203a0249cba2ff5 · e63d600943833bfa · bd739aba12cc1552 · a325bce10124ddc8 · 54477152443daf19 · 330d07f4051b9540 · 4aed99cdeee1950c · bef19ba19a6f0600 · dbed14d3ac370d78 · be2085457551993a · 38a067281a69c82b · 5d900ec561b3f484 · 93488080d3dceb3d · 1ba460cda4a5069c · 7a4e22a5d8e38c55 · b830b73cded829e0 · 20c4d3d67b1f7549 · 03328d4842ecabf6 · bc63bbfbbfe9d754 · 1ad394f3edd481ea · f9937b4b9e23d086 · 5f12b7d9b6b3a94c · a4059908485e5619 · f0b1fcf36df4d8f9 · cca60363313d4563 · e9428a53b7dabd81 · 94082ab133f8dcaf · 4a2ce7dce917a522 · d3414177c7863bae · 4e802c37176bf90f · c98a265f0490bffb · 8c21ee9a0c078d2b · d43433868c228053 · 56c31532ecf88577 · 82be0e114411e120 · 84f63258d4575549 · 36de13c967fd3dfb · ddf62b12a5a75544 · 9efc684270761817 · 1303116322044e77 · c7c59a742e148977 · eae18cd7fb616f65 · 5efc78e54289dd2d · 2e108762213e2d3c · 63f7f3e7f550957d · f663860545a90a68 · 557c131fbf2df211 · 785e8194a11d9148 · d4120701b02d33b1 · ffdfdb1591717bfc · 681bd24832d314a3 · ac38255a570a0743 · ba505f8119837bad · 1aee0dd04a933963 · 3ed81d4a7ff33e6e · 85b9437b0f61ac71 · 836d894d2f0548ab · 3c2a5c7584d8812e · 0ff59762d76da3b3 · b0a8111814ee208d · a8c3c6a1f97fb810 · 5bef0d86914a88d9 · c1808b0a4140c86c · 55a76600b73d9b14 · f8cebd2657036dbe · e7d65b8e80e8bed8 · 01c35fd3da3a2c2a · 1558d74e3100af4b · 6adae5b8854a6926 · f4ab8f2632af7ef6 · b9f1ce6884103b9e · df5a48150f58ff29 · 6fce1f1a09c20801 · f81b8f4a9a483fbf · 16d4d43834993aa2 · 4d829b3fa3db9727 · c6b664e718774f09 · db0e90674863d29a · da70225ff0b8ea87 · 408dee2790cd2bcf · 01b9b636a170192a · 2243f593d8e3d9c1 · 3adeb456336d14a7 · 9edbbafaa5e7481d · d1b03653eca8be63 · be873cad7fc6d9ea · 611c913e3d2753d5 · 5d0e81ab972115ea · 13fc64b03d109b6c · 516820151ee49058 · 5e7db41ec592db2d · c2dfc0b005bc7580 · 90378d72103ddbde · 3d0fd3b9c7267dda · 36f659b97f91532c · adbd6b864981f9c8 · 3026babfe2f90041 · 284c4d069e87a904 · 0eb6bbf9a493971c · 0225461a9b1e46f3 · 395fc203ec2e19bc · 1699d15e2ceb71c9 · 62a40b723af440a9 · 6fdbd34c6bab38d9 · 3e3be6ed31e69703 · 27f80afa7624f4e6 · 6ecc67b013a926bb · d6dbf3c237b43c1a · 4a572f3c5d2b809d · a492799117ee39a4 · 2ceada2a2ae163ce · d718150d9eb49da8 · dd310cd40f46e744 · b4cc4d813c8f55d8 · 355be2cc0708d0a6 · 273e9e235040e547 · 2d6307b88845bb61 · c1514b0f24baf1f3 · a860dd75087eb3cb · 7504693b0c390437 · ced6d6834bb0db74 · 2c7ff14e0fb973df · 4ef1db1e6abef811 · 769796c95a047513 · 5b6db4ee0e39f67d · cc1dc305c70110c9 · a480bcaed208b9cb · 4d483e597e430346 · 0b2e11a446160796 · a6164dbdf623ffa4 · abf2a19442711181 · a393694f5783f475 · 8bc05e06a2396983 · f87157e5623dd6e9 · ee4127bd0ab6c7dd · 2067761a14365bbe · 55908cd3cf403fc7 · 8c14b7df3749df99 · 64ea2508a446b708 · 130e2a78ae5980e8 · 5d0e289bf41da9b5 · a2a5ae62ec9425cc · 17410b4b426c3670 · 03c19ed5f52a019e · 34bea8aa5ebd6103 · 94eaf03da088c902 · b0e423bc0e94bcf6 · fc16c6f920f814e5 · 334c80c69ceaaf3a · 6df7b4dc7415ebaf · 974dfc5a9b72bd9b · b99e74849ad4a8c1 · 7374d0f41bb5018b · 5b1a051158497fbd · 3ab4477db759edc6 · b38ffc24ad189ae8 · 7c557a5bc62f7d69 · 2c5f1489bc9dabd7 · aae6dd191df7c45b · 314e8063410ab35b · 052be40824ab9ff9 · e7faea1975350e57 · d652d85096a38d99 · 55fb038097f690b4 · 3b94a0eaf14a286f · c9693d079e60a8a1 · d8fb7fc7d855f354 · e2258aba3a999262 · 085578df6c9a7898 · be56f565e4651bed · 99097129a9fcec36 · 4a48614932f96ce5 · 9e17a42e93e3f99d · a72144e349f0e99e · 5ecdcb72f640df95 · be223fa943fb4d0d · b1c90ce7eab0df31 · b7d63210f57cb557 · 839b0222f286693f · 51658795c34a5316 · 4ea755b2bf6cd811 · a9916bfc536b2a19 · c8b3e0e756dbdd32 · 52eddc7d346e8985 · 777de3045030936f · 75a88b5ccd9b2a22 · a38ece197f9e6d3f · 296f50ffb5acbc61 · 35c880116c021fba · ce92105a25219220 · facae6d5a4d97078 · 37dec630e97641bf · 9b387a0256164dfb · 1265fbb345ecab1f · d45618ae454bc899 · f19eda8eb297fd29 · 8b266a88206e12fa · 139e54f970286651 · aec907d2bfcc9ece · d13af11e0586cb73 · 1b9508cfa6825e28 · b1db920d0d81f197 · 296fbecdf9c2f62f · f2d93a4078758555 · 1d912d35f5da0f29 · 88e3c07849db81b3 · 3acdbf37acb75365 · 3fd5a95a3ff6d51d · 92857919ebfd736b · 5cc9d411f9704505 · f82fd0e23f1af329 · d69560a2e19db3b2 · 249bf90a88813d1c · 2c25e98c223302e2 · 9bc540100f9b63b8 · 2ae104062471e052 · 5896f5cbe57ffc19 · bc679e1cf2080da1 · 538898ee96a7fc20 · 937b96238eaa07c1 · fc6adeaf443f0916 · aad5d5305ee9c162 · 13ca44a71da14a72";"PGO0044 · Dark Ambient Vol. 2 · PGO0039 · Videoclub";"Main · Stem · Commercial · Sting · Alternate";"identité-canonique-courante";"pilot-pending"
"Yann KORNOWICZ (NS)";"Yann Kornowicz";"update";"68cc3ee1b2831008 · 6349a4fe383929c6 · c5f366a6b6280752 · fc57cc7729ace822 · bf0d2e32bba20ad7";"PGO0039 · Videoclub";"Commercial · Main · Alternate";"identité-canonique-courante";"pilot-pending"
"Yann Martin (NS)";"Yann Martin";"update";"c4e24202b144962b · 19e18c4aa4d389e6 · 8b14642c96ec58e3 · e3a87b8c45b83945 · 790823dbee8fd3b6 · 00e938f5fda21436 · b47f293784af5dc7 · c85278a80cc20423 · 6384593751770038 · e61d086072f9d651 · ee61dc90e625c8d0 · 9ab8fff9e0bed24a · b32f6267b65460eb · 66fe22abefa3d26f · 3fbaddf431ef612b · 959ca7b8b230b9ba · 6e7ec85a6a9afd8a · 3e33503330ca46c3 · 97d679593b84cb3d";"PGO0014 · Vintage Rock And Remixes · PGO0006 · Acoustic Trip";"Main · General Underscore · Light";"identité-canonique-courante+normalisation-mécanique · identité-canonique-courante+identité-structurée-courante";"pilot-pending"
"Yvan Tarlay (NS)";"Yvan Tarlay (NS) · Yvan Tarlay";"needs-review · update";"f1d2ca85545843b4 · 13603bfdaf27825a · 5ad47c3dc74f2557";"PGO0009 · Dance Fever";"Main · General Underscore";"écart-ayant-droit-à-valider · normalisation-mécanique";"needs-review"
"Zoé FAGET";"Zoé FAGET";"update";"d8e76761bcf79461 · 10321eefe7998a96 · b0e66ffa59a22049 · 58b4b552f4e72cde · 7c32b1f77623cea7 · 07c0f16fb809825a";"PGO0042 · Light Ambient";"Main · Stem";"identité-canonique-courante";"pilot-pending"
