"album_code";"album_id";"album";"track_id";"main_track_id";"titre";"version";"alternate";"composer_avant";"composer_proposé";"action";"justification";"artist";"publisher";"ayants_droit_structurés";"validation"
"PGO0055";"8b271091f733803b";"The World Wedding March";"abec363fcedca644cacf4c0183c8fad5";"";"An Afrobeat Wedding";"Main";"false";"Fabien Girard · Xavier Sibre";"Fabien GIRARD · Xavier Sibre";"update";"variante-mécanique-attestée-par-ayant-droit";"";"PARIGO";"Fabien GIRARD|Composer|SACEM|637485318| · PARIGO|Original Publisher|SACEM|461629743| · Xavier Sibre|Composer|SACEM|475989382|";"pilot-pending"
"PGO0055";"8b271091f733803b";"The World Wedding March";"2f9a6d0dc211ad056b2f9060eabc464f";"";"An Afrobeat Wedding Underscore Drums Perc Bass";"Main";"false";"Fabien Girard · Xavier Sibre";"Fabien Girard · Xavier Sibre";"no-change";"déjà-canonique";"";"PARIGO";"";"no-change"
"PGO0055";"8b271091f733803b";"The World Wedding March";"255ad0a8c8ba1e63b043fe5e89aaf51f";"";"An Afrobeat Wedding Underscore No Melody Drums";"Main";"false";"Fabien Girard · Xavier Sibre";"Fabien Girard · Xavier Sibre";"no-change";"déjà-canonique";"";"PARIGO";"";"no-change"
"PGO0055";"8b271091f733803b";"The World Wedding March";"7a1ef94a77f8baa05196999db2347634";"";"An Afrobeat Wedding Underscore Horn Section";"Main";"false";"Fabien Girard · Xavier Sibre";"Fabien Girard · Xavier Sibre";"no-change";"déjà-canonique";"";"PARIGO";"";"no-change"
"PGO0055";"8b271091f733803b";"The World Wedding March";"4a6c2cddc52793ce5c8115aa4f64e885";"";"Yeye It's My Wedding Day";"Main";"false";"Fabien Girard · Xavier Sibre";"Fabien GIRARD · Xavier Sibre";"update";"variante-mécanique-attestée-par-ayant-droit";"";"PARIGO";"PARIGO|Original Publisher|SACEM|461629743| · Fabien GIRARD|Composer|SACEM|637485318| · Xavier Sibre|Composer|SACEM|475989382|";"pilot-pending"
"PGO0055";"8b271091f733803b";"The World Wedding March";"a320e75a9f7c6256053c581a3809be20";"";"Yeye It's My Wedding Day Underscore";"Main";"false";"Fabien Girard · Xavier Sibre";"Fabien Girard · Xavier Sibre";"no-change";"déjà-canonique";"";"PARIGO";"";"no-change"
"PGO0055";"8b271091f733803b";"The World Wedding March";"1be33a337fe4c60a55f9ff61fb4da4c7";"";"Yeye It's My Wedding Day Underscore Drums & Bass";"Main";"false";"Fabien Girard · Xavier Sibre";"Fabien Girard · Xavier Sibre";"no-change";"déjà-canonique";"";"PARIGO";"";"no-change"
"PGO0055";"8b271091f733803b";"The World Wedding March";"d0ae6398cce4ec6f3cb70ce10c6b7894";"";"Yeye It's My Wedding Day Underscore Instrumental";"Main";"false";"Fabien Girard · Xavier Sibre";"Fabien Girard · Xavier Sibre";"no-change";"déjà-canonique";"";"PARIGO";"";"no-change"
"PGO0055";"8b271091f733803b";"The World Wedding March";"65b6ec742204860de7377947376c8572";"";"Yeye It's My Wedding Day Underscore No Melody";"Main";"false";"Fabien Girard · Xavier Sibre";"Fabien Girard · Xavier Sibre";"no-change";"déjà-canonique";"";"PARIGO";"";"no-change"
"PGO0055";"8b271091f733803b";"The World Wedding March";"348672a4d7d756539bcef96d73db9958";"";"A Wedding At The Vanguard";"Main";"false";"Fabien Girard · Xavier Sibre";"Fabien GIRARD · Xavier Sibre";"update";"variante-mécanique-attestée-par-ayant-droit";"";"PARIGO";"PARIGO|Original Publisher|SACEM|461629743| · Fabien GIRARD|Composer|SACEM|637485318| · Xavier Sibre|Composer|SACEM|475989382|";"pilot-pending"
"PGO0055";"8b271091f733803b";"The World Wedding March";"745b3151c3c701d5181457d69730b14b";"";"A Wedding At The Vanguard Underscore No Melody";"Main";"false";"Fabien Girard · Xavier Sibre";"Fabien Girard · Xavier Sibre";"no-change";"déjà-canonique";"";"PARIGO";"";"no-change"
"PGO0055";"8b271091f733803b";"The World Wedding March";"a92efa49c121789093cb055304265cfd";"";"Chinese Wedding March";"Main";"false";"Fabien Girard · Xavier Sibre";"Fabien GIRARD · Xavier Sibre";"update";"variante-mécanique-attestée-par-ayant-droit";"";"PARIGO";"PARIGO|Original Publisher|SACEM|461629743| · Fabien GIRARD|Composer|SACEM|637485318| · Xavier Sibre|Composer|SACEM|475989382|";"pilot-pending"
"PGO0055";"8b271091f733803b";"The World Wedding March";"c863d0917c9e3af54299d62c050cbb48";"";"Chinese Wedding March Underscore All Strings";"Main";"false";"Fabien Girard · Xavier Sibre";"Fabien Girard · Xavier Sibre";"no-change";"déjà-canonique";"";"PARIGO";"";"no-change"
"PGO0055";"8b271091f733803b";"The World Wedding March";"fc19a5e4e9ced90b3f67a164ec655822";"";"Chinese Wedding March Underscore No Melody";"Main";"false";"Fabien Girard · Xavier Sibre";"Fabien Girard · Xavier Sibre";"no-change";"déjà-canonique";"";"PARIGO";"";"no-change"
"PGO0055";"8b271091f733803b";"The World Wedding March";"9bf8a2cc1b1636c2fbba80deceafc8ec";"";"Chinese Wedding March Underscore Rythm Section";"Main";"false";"Fabien Girard · Xavier Sibre";"Fabien Girard · Xavier Sibre";"no-change";"déjà-canonique";"";"PARIGO";"";"no-change"
"PGO0055";"8b271091f733803b";"The World Wedding March";"c4daf64dd70bc0361487a672396d1e8d";"";"A Kingston Wedding";"Main";"false";"Fabien Girard · Xavier Sibre";"Fabien GIRARD · Xavier Sibre";"update";"variante-mécanique-attestée-par-ayant-droit";"";"PARIGO";"PARIGO|Original Publisher|SACEM|461629743| · Fabien GIRARD|Composer|SACEM|637485318| · Xavier Sibre|Composer|SACEM|475989382|";"pilot-pending"
"PGO0055";"8b271091f733803b";"The World Wedding March";"eee4dc8bcf286ca1edec763a491dc13a";"";"A Kingston Wedding Underscore No Melody Drum Bass";"Main";"false";"Fabien Girard · Xavier Sibre";"Fabien Girard · Xavier Sibre";"no-change";"déjà-canonique";"";"PARIGO";"";"no-change"
"PGO0055";"8b271091f733803b";"The World Wedding March";"306e439c0c9ac3b13348e2649cc913ee";"";"A Kingston Wedding Underscore No Melody Rythm Section";"Main";"false";"Fabien Girard · Xavier Sibre";"Fabien Girard · Xavier Sibre";"no-change";"déjà-canonique";"";"PARIGO";"";"no-change"
"PGO0055";"8b271091f733803b";"The World Wedding March";"59bd34cbe458b79391b491f7bb0e1bc1";"";"Disco Funk Wedding";"Main";"false";"Fabien Girard · Xavier Sibre";"Fabien GIRARD · Xavier Sibre";"update";"variante-mécanique-attestée-par-ayant-droit";"";"PARIGO";"PARIGO|Original Publisher|SACEM|461629743| · Fabien GIRARD|Composer|SACEM|637485318| · Xavier Sibre|Composer|SACEM|475989382|";"pilot-pending"
"PGO0055";"8b271091f733803b";"The World Wedding March";"64e3fb05b8565e63d331efbc6a2fe9f7";"";"Disco Funk Wedding Underscore";"Main";"false";"Fabien Girard · Xavier Sibre";"Fabien Girard · Xavier Sibre";"no-change";"déjà-canonique";"";"PARIGO";"";"no-change"
"PGO0055";"8b271091f733803b";"The World Wedding March";"42a90028176b51b538fa58f4f8c54102";"";"Disco Funk Wedding Underscore No Melody";"Main";"false";"Fabien Girard · Xavier Sibre";"Fabien Girard · Xavier Sibre";"no-change";"déjà-canonique";"";"PARIGO";"";"no-change"
"PGO0055";"8b271091f733803b";"The World Wedding March";"1302c8b3463d4ae3f90149baa65ba2f3";"";"Jazzy Caribbean Wedding";"Main";"false";"Fabien Girard · Xavier Sibre";"Fabien GIRARD · Xavier Sibre";"update";"variante-mécanique-attestée-par-ayant-droit";"";"PARIGO";"PARIGO|Original Publisher|SACEM|461629743| · Fabien GIRARD|Composer|SACEM|637485318| · Xavier Sibre|Composer|SACEM|475989382|";"pilot-pending"
"PGO0055";"8b271091f733803b";"The World Wedding March";"7e220830df196ebad8c4ac23c0e9774e";"";"Jazzy Caribbean Wedding Underscore";"Main";"false";"Fabien Girard · Xavier Sibre";"Fabien Girard · Xavier Sibre";"no-change";"déjà-canonique";"";"PARIGO";"";"no-change"
"PGO0055";"8b271091f733803b";"The World Wedding March";"06a2161061717be470bdfb6a2afe6fff";"";"Jazzy Caribbean Wedding Underscore No Melody";"Main";"false";"Fabien Girard · Xavier Sibre";"Fabien Girard · Xavier Sibre";"no-change";"déjà-canonique";"";"PARIGO";"";"no-change"
"PGO0055";"8b271091f733803b";"The World Wedding March";"4fdf9a9d84d88b391e22ab6b3941142e";"";"Jazzy Caribbean Wedding Underscore Rythm Section";"Main";"false";"Fabien Girard · Xavier Sibre";"Fabien Girard · Xavier Sibre";"no-change";"déjà-canonique";"";"PARIGO";"";"no-change"
"PGO0055";"8b271091f733803b";"The World Wedding March";"945d2a789226570d4e74aebea2e0848f";"";"Memphis RnB Wedding";"Main";"false";"Fabien Girard · Xavier Sibre";"Fabien GIRARD · Xavier Sibre";"update";"variante-mécanique-attestée-par-ayant-droit";"";"PARIGO";"PARIGO|Original Publisher|SACEM|461629743| · Fabien GIRARD|Composer|SACEM|637485318| · Xavier Sibre|Composer|SACEM|475989382|";"pilot-pending"
"PGO0055";"8b271091f733803b";"The World Wedding March";"ed0df72ed6b5352cc3bd8d4186e39c94";"";"Memphis RnB Wedding Underscore";"Main";"false";"Fabien Girard · Xavier Sibre";"Fabien Girard · Xavier Sibre";"no-change";"déjà-canonique";"";"PARIGO";"";"no-change"
"PGO0055";"8b271091f733803b";"The World Wedding March";"76d498a5b8db4726a43c2ca10f3ce5d9";"";"Memphis RnB Wedding Underscore Rythm & Horns Section";"Main";"false";"Fabien Girard · Xavier Sibre";"Fabien Girard · Xavier Sibre";"no-change";"déjà-canonique";"";"PARIGO";"";"no-change"
"PGO0055";"8b271091f733803b";"The World Wedding March";"e2092c9dd7a4f0ab7f54073a0cc72d11";"";"Bossa Wedding Cocktail Party";"Main";"false";"Fabien Girard · Xavier Sibre";"Fabien GIRARD · Xavier Sibre";"update";"variante-mécanique-attestée-par-ayant-droit";"";"PARIGO";"PARIGO|Original Publisher|SACEM|461629743| · Fabien GIRARD|Composer|SACEM|637485318| · Xavier Sibre|Composer|SACEM|475989382|";"pilot-pending"
"PGO0055";"8b271091f733803b";"The World Wedding March";"e1b0452709c5c3a7e119a2c5a300ed50";"";"Bossa Wedding Cocktail Party Underscore";"Main";"false";"Fabien Girard · Xavier Sibre";"Fabien Girard · Xavier Sibre";"no-change";"déjà-canonique";"";"PARIGO";"";"no-change"
"PGO0055";"8b271091f733803b";"The World Wedding March";"f3d20da9bf4e34c91ff9babd6c0c5930";"";"Bossa Wedding Cocktail Party Underscore No Drums";"Main";"false";"Fabien Girard · Xavier Sibre";"Fabien Girard · Xavier Sibre";"no-change";"déjà-canonique";"";"PARIGO";"";"no-change"
"PGO0055";"8b271091f733803b";"The World Wedding March";"f0eb3d80e597e62a55c6a7cae279c1ef";"";"Bossa Wedding Cocktail Party Underscore No Melody";"Main";"false";"Fabien Girard · Xavier Sibre";"Fabien Girard · Xavier Sibre";"no-change";"déjà-canonique";"";"PARIGO";"";"no-change"
"PGO0055";"8b271091f733803b";"The World Wedding March";"f19711f034aa75ddc9a9b3c96502b3f7";"";"Colombian Village Wedding";"Main";"false";"Fabien Girard · Xavier Sibre";"Fabien GIRARD · Xavier Sibre";"update";"variante-mécanique-attestée-par-ayant-droit";"";"PARIGO";"PARIGO|Original Publisher|SACEM|461629743| · Fabien GIRARD|Composer|SACEM|637485318| · Xavier Sibre|Composer|SACEM|475989382|";"pilot-pending"
"PGO0055";"8b271091f733803b";"The World Wedding March";"eacf98b1ddc6ff7648cd057cdbd7d9ed";"";"Colombian Village Wedding Underscore";"Main";"false";"Fabien Girard · Xavier Sibre";"Fabien Girard · Xavier Sibre";"no-change";"déjà-canonique";"";"PARIGO";"";"no-change"
"PGO0055";"8b271091f733803b";"The World Wedding March";"e2ee58c7e4830a5bef0b00fe12f03c0d";"";"Neo Soul Wedding";"Main";"false";"Fabien Girard · Xavier Sibre";"Fabien GIRARD · Xavier Sibre";"update";"variante-mécanique-attestée-par-ayant-droit";"";"PARIGO";"PARIGO|Original Publisher|SACEM|461629743| · Fabien GIRARD|Composer|SACEM|637485318| · Xavier Sibre|Composer|SACEM|475989382|";"pilot-pending"
"PGO0055";"8b271091f733803b";"The World Wedding March";"bff412271050d269e23a3d674e2598a2";"";"Neo Soul Wedding Underscore No Melody";"Main";"false";"Fabien Girard · Xavier Sibre";"Fabien Girard · Xavier Sibre";"no-change";"déjà-canonique";"";"PARIGO";"";"no-change"
"PGO0055";"8b271091f733803b";"The World Wedding March";"54b5e05bfad5b6671a6e56bcb782b313";"";"Wedding In The Casbah";"Main";"false";"Fabien Girard · Xavier Sibre";"Fabien GIRARD · Xavier Sibre";"update";"variante-mécanique-attestée-par-ayant-droit";"";"PARIGO";"PARIGO|Original Publisher|SACEM|461629743| · Fabien GIRARD|Composer|SACEM|637485318| · Xavier Sibre|Composer|SACEM|475989382|";"pilot-pending"
"PGO0055";"8b271091f733803b";"The World Wedding March";"29065fadef161ef13febfc598d0ff1f2";"";"Wedding In The Casbah Underscore";"Main";"false";"Fabien Girard · Xavier Sibre";"Fabien Girard · Xavier Sibre";"no-change";"déjà-canonique";"";"PARIGO";"";"no-change"
"PGO0055";"8b271091f733803b";"The World Wedding March";"53a151dac9082d9f7c1ff4c844d380ad";"";"Wedding In The Casbah Underscore No Percussion";"Main";"false";"Fabien Girard · Xavier Sibre";"Fabien Girard · Xavier Sibre";"no-change";"déjà-canonique";"";"PARIGO";"";"no-change"
"PGO0055";"8b271091f733803b";"The World Wedding March";"a996c74d991f97c3c81dbe481fccd31c";"";"Wedding In The Casbah Underscore Percussion Section";"Main";"false";"Fabien Girard · Xavier Sibre";"Fabien Girard · Xavier Sibre";"no-change";"déjà-canonique";"";"PARIGO";"";"no-change"
"PGO0055";"8b271091f733803b";"The World Wedding March";"026503a0e2205ca2fb3f5eaeac038211";"";"New Orleans Brass Band Wedding";"Main";"false";"Fabien Girard · Xavier Sibre";"Fabien GIRARD · Xavier Sibre";"update";"variante-mécanique-attestée-par-ayant-droit";"";"PARIGO";"PARIGO|Original Publisher|SACEM|461629752| · Fabien GIRARD|Composer|SACEM|637485318| · Xavier Sibre|Composer|SACEM|475989382|";"pilot-pending"
"PGO0055";"8b271091f733803b";"The World Wedding March";"e8c01df3e1155a322f466618db2f4bcc";"";"New Orleans Brass Band Wedding Underscore Drums";"Main";"false";"Fabien Girard · Xavier Sibre";"Fabien Girard · Xavier Sibre";"no-change";"déjà-canonique";"";"PARIGO";"";"no-change"
"PGO0055";"8b271091f733803b";"The World Wedding March";"6af5b3d1d2d671aaea6a4707c891afea";"";"New Orleans Brass Band Wedding Underscore Sousaphone & Horns";"Main";"false";"Fabien Girard · Xavier Sibre";"Fabien Girard · Xavier Sibre";"no-change";"déjà-canonique";"";"PARIGO";"";"no-change"
"PGO0055";"8b271091f733803b";"The World Wedding March";"8cb74701df160ab3ead1c16b8d8e6ce9";"";"An Indian Wedding";"Main";"false";"Fabien Girard · Xavier Sibre";"Fabien GIRARD · Xavier Sibre";"update";"variante-mécanique-attestée-par-ayant-droit";"";"PARIGO";"PARIGO|Original Publisher|SACEM|461629761| · Fabien GIRARD|Composer|SACEM|637485318| · Xavier Sibre|Composer|SACEM|475989382|";"pilot-pending"
"PGO0055";"8b271091f733803b";"The World Wedding March";"b9b7eead56397cb8b17fe08709707391";"";"An Indian Wedding Underscore All Percussions";"Main";"false";"Fabien Girard · Xavier Sibre";"Fabien Girard · Xavier Sibre";"no-change";"déjà-canonique";"";"PARIGO";"";"no-change"
"PGO0055";"8b271091f733803b";"The World Wedding March";"91d968abdf07cd83b717d14cba3f41eb";"";"An Indian Wedding Underscore Alternate";"Main";"false";"Fabien Girard · Xavier Sibre";"Fabien Girard · Xavier Sibre";"no-change";"déjà-canonique";"";"PARIGO";"";"no-change"
"PGO0055";"8b271091f733803b";"The World Wedding March";"91bdc7b38ce672688448e871fe75179c";"";"An Indian Wedding Underscore No Tempura";"Main";"false";"Fabien Girard · Xavier Sibre";"Fabien Girard · Xavier Sibre";"no-change";"déjà-canonique";"";"PARIGO";"";"no-change"
"PGO0055";"8b271091f733803b";"The World Wedding March";"36e38c868e9e8553b5eda444e54ef809";"";"An Indian Wedding Underscore Rythm Section";"Main";"false";"Fabien Girard · Xavier Sibre";"Fabien Girard · Xavier Sibre";"no-change";"déjà-canonique";"";"PARIGO";"";"no-change"
"PGO0055";"8b271091f733803b";"The World Wedding March";"fa8cac260cc2925c0512e02dd5eb5e79";"";"Klezmer Wedding Party";"Main";"false";"Fabien Girard · Xavier Sibre";"Fabien GIRARD · Xavier Sibre";"update";"variante-mécanique-attestée-par-ayant-droit";"";"PARIGO";"PARIGO|Original Publisher|SACEM|461629776| · Fabien GIRARD|Composer|SACEM|637485318| · Xavier Sibre|Composer|SACEM|475989382|";"pilot-pending"
"PGO0055";"8b271091f733803b";"The World Wedding March";"b9cfa4a6478ba3c05200de1a7c29bfd1";"";"Klezmer Wedding Party Underscore Brass Band";"Main";"false";"Fabien Girard · Xavier Sibre";"Fabien Girard · Xavier Sibre";"no-change";"déjà-canonique";"";"PARIGO";"";"no-change"
"PGO0055";"8b271091f733803b";"The World Wedding March";"ed987ad9d9a6621b6f3a8eb825e1ae4f";"";"Klezmer Wedding Party Underscore Drums";"Main";"false";"Fabien Girard · Xavier Sibre";"Fabien Girard · Xavier Sibre";"no-change";"déjà-canonique";"";"PARIGO";"";"no-change"
"PGO0055";"8b271091f733803b";"The World Wedding March";"ebb11f2242cd8e12b294de0dfad261e1";"";"Klezmer Wedding Party Underscore Melody";"Main";"false";"Fabien Girard · Xavier Sibre";"Fabien Girard · Xavier Sibre";"no-change";"déjà-canonique";"";"PARIGO";"";"no-change"
"PGO0055";"8b271091f733803b";"The World Wedding March";"0ae8cd92ced36451aa938449c3a2d23b";"";"Klezmer Wedding Party Underscore No Melody";"Main";"false";"Fabien Girard · Xavier Sibre";"Fabien Girard · Xavier Sibre";"no-change";"déjà-canonique";"";"PARIGO";"";"no-change"
"PGO0055";"8b271091f733803b";"The World Wedding March";"dc4c76f40b3b266324abe256a25c4d8c";"";"Countryside Wedding";"Main";"false";"Fabien Girard · Xavier Sibre";"Fabien GIRARD · Xavier Sibre";"update";"variante-mécanique-attestée-par-ayant-droit";"";"PARIGO";"PARIGO|Original Publisher|SACEM|461629789| · Fabien GIRARD|Composer|SACEM|637485318| · Xavier Sibre|Composer|SACEM|475989382|";"pilot-pending"
"PGO0055";"8b271091f733803b";"The World Wedding March";"947796580283d7380383c341384a5122";"";"Countryside Wedding Underscore Solo Guitar";"Main";"false";"Fabien Girard · Xavier Sibre";"Fabien Girard · Xavier Sibre";"no-change";"déjà-canonique";"";"PARIGO";"";"no-change"
"PGO0055";"8b271091f733803b";"The World Wedding March";"7f82aed63fd28408ff3a4ded1a1ac96a";"";"A Copacabana Wedding";"Main";"false";"Fabien Girard · Xavier Sibre";"Fabien GIRARD · Xavier Sibre";"update";"variante-mécanique-attestée-par-ayant-droit";"";"PARIGO";"PARIGO|Original Publisher|SACEM|461629797| · Fabien GIRARD|Composer|SACEM|637485318| · Xavier Sibre|Composer|SACEM|475989382|";"pilot-pending"
"PGO0055";"8b271091f733803b";"The World Wedding March";"47031df400254a731b5befddb4729537";"";"A Copacabana Wedding Underscore No Melody";"Main";"false";"Fabien Girard · Xavier Sibre";"Fabien Girard · Xavier Sibre";"no-change";"déjà-canonique";"";"PARIGO";"";"no-change"
"PGO0055";"8b271091f733803b";"The World Wedding March";"56cc18832dcb0880faefdb77af9edc3f";"";"A Copacabana Wedding Underscore No Percussion";"Main";"false";"Fabien Girard · Xavier Sibre";"Fabien Girard · Xavier Sibre";"no-change";"déjà-canonique";"";"PARIGO";"";"no-change"
"PGO0055";"8b271091f733803b";"The World Wedding March";"854b38dff87418edf829479795d296fb";"";"Hell's Angels Wedding";"Main";"false";"Fabien Girard · Xavier Sibre";"Fabien GIRARD · Xavier Sibre";"update";"variante-mécanique-attestée-par-ayant-droit";"";"PARIGO";"PARIGO|Original Publisher|SACEM|461629807| · Fabien GIRARD|Composer|SACEM|637485318| · Xavier Sibre|Composer|SACEM|475989382|";"pilot-pending"
"PGO0055";"8b271091f733803b";"The World Wedding March";"aba84a009a5cbfbafff8b8e5c13816fc";"";"Hell's Angels Wedding Underscore";"Main";"false";"Fabien Girard · Xavier Sibre";"Fabien Girard · Xavier Sibre";"no-change";"déjà-canonique";"";"PARIGO";"";"no-change"
"PGO0054";"f8c558d97feed65e";"Dark Beats";"af43adedd5770c02f54cb40c36704827";"";"Dark Beats Zombies";"Main";"false";"Ugly Mac Beer";"Ugly Mac Beer";"needs-review";"écart-ayant-droit-à-valider";"";"PARIGO";"Ugly Mac Beer|Composer|SACEM|547737710| · PARIGO|Original Publisher|SACEM|461629743| · Yann KORNOWICZ|Composer|SACEM|803177360|";"needs-review"
"PGO0054";"f8c558d97feed65e";"Dark Beats";"50f131a7d24528a796fc888987ba6de1";"";"Dark Beats Zombies Underscore Low Beat";"Main";"false";"Ugly Mac Beer";"Ugly Mac Beer";"no-change";"déjà-canonique";"";"PARIGO";"";"no-change"
"PGO0054";"f8c558d97feed65e";"Dark Beats";"0dde0f67ae0480d24215ceb40374d061";"";"Dark Beats Sci-Fi";"Main";"false";"Ugly Mac Beer";"Ugly Mac Beer";"needs-review";"écart-ayant-droit-à-valider";"";"PARIGO";"PARIGO|Original Publisher|SACEM|461629743| · Ugly Mac Beer|Composer|SACEM|547737710| · Yann KORNOWICZ|Composer|SACEM|803177360|";"needs-review"
"PGO0054";"f8c558d97feed65e";"Dark Beats";"269768afa73fefc5abcb499386e61750";"";"Dark Beats Sci-Fi Underscore Low Beat";"Main";"false";"Ugly Mac Beer";"Ugly Mac Beer";"no-change";"déjà-canonique";"";"PARIGO";"";"no-change"
"PGO0054";"f8c558d97feed65e";"Dark Beats";"7eef89122f9bed0be7ce82a956a2e663";"";"Dark Beats Suspense";"Main";"false";"Ugly Mac Beer";"Ugly Mac Beer";"needs-review";"écart-ayant-droit-à-valider";"";"PARIGO";"PARIGO|Original Publisher|SACEM|461629743| · Ugly Mac Beer|Composer|SACEM|547737710| · Yann KORNOWICZ|Composer|SACEM|803177360|";"needs-review"
"PGO0054";"f8c558d97feed65e";"Dark Beats";"3b6b801a4d96b93a90139fff14c7af6a";"";"Dark Beats Suspense Underscore Low Beat";"Main";"false";"Ugly Mac Beer";"Ugly Mac Beer";"no-change";"déjà-canonique";"";"PARIGO";"";"no-change"
"PGO0054";"f8c558d97feed65e";"Dark Beats";"dae142931cf7f7f9f2f5147f73fd8a96";"";"Dark Beats Haunting";"Main";"false";"Ugly Mac Beer";"Ugly Mac Beer";"needs-review";"écart-ayant-droit-à-valider";"";"PARIGO";"PARIGO|Original Publisher|SACEM|461629743| · Ugly Mac Beer|Composer|SACEM|547737710| · Yann KORNOWICZ|Composer|SACEM|803177360|";"needs-review"
"PGO0054";"f8c558d97feed65e";"Dark Beats";"8ed018c3a52b190ede0d1fcf3556041f";"";"Dark Beats Haunting Underscore Low Beat";"Main";"false";"Ugly Mac Beer";"Ugly Mac Beer";"no-change";"déjà-canonique";"";"PARIGO";"";"no-change"
"PGO0054";"f8c558d97feed65e";"Dark Beats";"15ccd07513bcc76112cb6866befeebae";"";"Dark Beats Submerged";"Main";"false";"Ugly Mac Beer";"Ugly Mac Beer";"needs-review";"écart-ayant-droit-à-valider";"";"PARIGO";"PARIGO|Original Publisher|SACEM|461629743| · Ugly Mac Beer|Composer|SACEM|547737710| · Yann KORNOWICZ|Composer|SACEM|803177360|";"needs-review"
"PGO0054";"f8c558d97feed65e";"Dark Beats";"e155ac069deddb4ced688427a221043d";"";"Dark Beats Submerged Underscore Low Beat";"Main";"false";"Ugly Mac Beer";"Ugly Mac Beer";"no-change";"déjà-canonique";"";"PARIGO";"";"no-change"
"PGO0054";"f8c558d97feed65e";"Dark Beats";"3655abe47264bfd0dffcf7436094256f";"";"Dark Beats Action";"Main";"false";"Ugly Mac Beer";"Ugly Mac Beer";"needs-review";"écart-ayant-droit-à-valider";"";"PARIGO";"PARIGO|Original Publisher|SACEM|461629743| · Ugly Mac Beer|Composer|SACEM|547737710| · Yann KORNOWICZ|Composer|SACEM|803177360|";"needs-review"
"PGO0054";"f8c558d97feed65e";"Dark Beats";"02ae173ccedcdec23dd2c57af02673d3";"";"Dark Beats Action Underscore Low Beat";"Main";"false";"Ugly Mac Beer";"Ugly Mac Beer";"no-change";"déjà-canonique";"";"PARIGO";"";"no-change"
"PGO0054";"f8c558d97feed65e";"Dark Beats";"cc7a63d108657fddaed4c7082c8083f3";"";"Dark Beats Folk Mystery";"Main";"false";"Ugly Mac Beer";"Ugly Mac Beer";"needs-review";"écart-ayant-droit-à-valider";"";"PARIGO";"PARIGO|Original Publisher|SACEM|461629743| · Ugly Mac Beer|Composer|SACEM|547737710| · Yann KORNOWICZ|Composer|SACEM|803177360|";"needs-review"
"PGO0054";"f8c558d97feed65e";"Dark Beats";"e37bb012a3fa3784da7de468f6d1c0d3";"";"Dark Beats Folk Mystery Underscore Low Beat";"Main";"false";"Ugly Mac Beer";"Ugly Mac Beer";"no-change";"déjà-canonique";"";"PARIGO";"";"no-change"
"PGO0054";"f8c558d97feed65e";"Dark Beats";"94a36c136c909d8060c668ef7525e570";"";"Dark Beats Ticking Danger";"Main";"false";"Ugly Mac Beer";"Ugly Mac Beer";"needs-review";"écart-ayant-droit-à-valider";"";"PARIGO";"PARIGO|Original Publisher|SACEM|461629743| · Ugly Mac Beer|Composer|SACEM|547737710| · Yann KORNOWICZ|Composer|SACEM|803177360|";"needs-review"
"PGO0054";"f8c558d97feed65e";"Dark Beats";"5391a5e12aee6103a496f3333a50db05";"";"Dark Beats Ticking Danger Underscore Low Beat";"Main";"false";"Ugly Mac Beer";"Ugly Mac Beer";"no-change";"déjà-canonique";"";"PARIGO";"";"no-change"
"PGO0054";"f8c558d97feed65e";"Dark Beats";"5496fcdcdc37c347e9f0f9e6ca23069b";"";"Dark Beats Mirage";"Main";"false";"Ugly Mac Beer";"Ugly Mac Beer";"needs-review";"écart-ayant-droit-à-valider";"";"PARIGO";"PARIGO|Original Publisher|SACEM|461629743| · Ugly Mac Beer|Composer|SACEM|547737710| · Yann KORNOWICZ|Composer|SACEM|803177360|";"needs-review"
"PGO0054";"f8c558d97feed65e";"Dark Beats";"bcbbd0d2a346c9dd789b4a88b93a64f2";"";"Dark Beats Mirage Underscore Low Beat";"Main";"false";"Ugly Mac Beer";"Ugly Mac Beer";"no-change";"déjà-canonique";"";"PARIGO";"";"no-change"
"PGO0054";"f8c558d97feed65e";"Dark Beats";"e7c78c2528e5a19077a3b04e036b1e66";"";"Dark Beats Rave";"Main";"false";"Ugly Mac Beer";"Ugly Mac Beer";"needs-review";"écart-ayant-droit-à-valider";"";"PARIGO";"PARIGO|Original Publisher|SACEM|461629743| · Ugly Mac Beer|Composer|SACEM|547737710| · Yann KORNOWICZ|Composer|SACEM|803177360|";"needs-review"
"PGO0054";"f8c558d97feed65e";"Dark Beats";"4327450387ad593a0a0130d325150a77";"";"Dark Beats Rave Underscore Low Beat";"Main";"false";"Ugly Mac Beer";"Ugly Mac Beer";"no-change";"déjà-canonique";"";"PARIGO";"";"no-change"
"PGO0054";"f8c558d97feed65e";"Dark Beats";"f964ad8de26c7c66368ba38d69c7eb27";"";"Dark Beats Subterfuge";"Main";"false";"Ugly Mac Beer";"Ugly Mac Beer";"needs-review";"écart-ayant-droit-à-valider";"";"PARIGO";"PARIGO|Original Publisher|SACEM|461629743| · Ugly Mac Beer|Composer|SACEM|547737710| · Yann KORNOWICZ|Composer|SACEM|803177360|";"needs-review"
"PGO0054";"f8c558d97feed65e";"Dark Beats";"54483e282c26a8bf9b16f557b6b6c3d7";"";"Dark Beats Subterfuge Underscore Low Beat";"Main";"false";"Ugly Mac Beer";"Ugly Mac Beer";"no-change";"déjà-canonique";"";"PARIGO";"";"no-change"
"PGO0054";"f8c558d97feed65e";"Dark Beats";"2292d8a07980d537377448d307f6341e";"";"Dark Beats Industrial";"Main";"false";"Ugly Mac Beer";"Ugly Mac Beer";"needs-review";"écart-ayant-droit-à-valider";"";"PARIGO";"PARIGO|Original Publisher|SACEM|461629743| · Ugly Mac Beer|Composer|SACEM|547737710| · Yann KORNOWICZ|Composer|SACEM|803177360|";"needs-review"
"PGO0054";"f8c558d97feed65e";"Dark Beats";"4901293ec9dc43ca7b63f2fa43e4e806";"";"Dark Beats Industrial Underscore Low Beat";"Main";"false";"Ugly Mac Beer";"Ugly Mac Beer";"no-change";"déjà-canonique";"";"PARIGO";"";"no-change"
"PGO0054";"f8c558d97feed65e";"Dark Beats";"7b54871afb5a35ef676f2cc51ae136fb";"";"Dark Beats Tunnel";"Main";"false";"Ugly Mac Beer";"Ugly Mac Beer";"needs-review";"écart-ayant-droit-à-valider";"";"PARIGO";"PARIGO|Original Publisher|SACEM|461629743| · Ugly Mac Beer|Composer|SACEM|547737710| · Yann KORNOWICZ|Composer|SACEM|803177360|";"needs-review"
"PGO0054";"f8c558d97feed65e";"Dark Beats";"c16df77fd53b66f1bb3f424d7947eea9";"";"Dark Beats Tunnel Underscore Low Beat";"Main";"false";"Ugly Mac Beer";"Ugly Mac Beer";"no-change";"déjà-canonique";"";"PARIGO";"";"no-change"
"PGO0054";"f8c558d97feed65e";"Dark Beats";"13ae4c84401c1d363aeecfbbfe02d043";"";"Dark Beats Showdown";"Main";"false";"Ugly Mac Beer";"Ugly Mac Beer";"needs-review";"écart-ayant-droit-à-valider";"";"PARIGO";"PARIGO|Original Publisher|SACEM|461629743| · Ugly Mac Beer|Composer|SACEM|547737710| · Yann KORNOWICZ|Composer|SACEM|803177360|";"needs-review"
"PGO0054";"f8c558d97feed65e";"Dark Beats";"da97b97bd052ed52134a420566aaf6c5";"";"Dark Beats Showdown Underscore Low Beat";"Main";"false";"Ugly Mac Beer";"Ugly Mac Beer";"no-change";"déjà-canonique";"";"PARIGO";"";"no-change"
"PGO0054";"f8c558d97feed65e";"Dark Beats";"6aafd412631032a3abfcce15acb75f3d";"";"Dark Beats March";"Main";"false";"Ugly Mac Beer";"Ugly Mac Beer";"needs-review";"écart-ayant-droit-à-valider";"";"PARIGO";"PARIGO|Original Publisher|SACEM|461629743| · Ugly Mac Beer|Composer|SACEM|547737710| · Yann KORNOWICZ|Composer|SACEM|803177360|";"needs-review"
"PGO0054";"f8c558d97feed65e";"Dark Beats";"1311e37ae1d9e42d1996dcc6c4155e75";"";"Dark Beats March Underscore Low Beat";"Main";"false";"Ugly Mac Beer";"Ugly Mac Beer";"no-change";"déjà-canonique";"";"PARIGO";"";"no-change"
"PGO0053";"48b4b95fe1f09019";"Synthwave Retrowave";"911a4bf3c2aff655b25c22aeb114f2c7";"";"Victory Lap";"Main";"false";"Franck Sinnassamy (SACEM)";"Franck SINNASSAMY";"update";"suffixe-société-et-identité-structurée";"";"PARIGO";"Franck SINNASSAMY|Composer|SACEM|803548153| · PARIGO|Original Publisher|SACEM|461629743|";"pilot-pending"
"PGO0053";"48b4b95fe1f09019";"Synthwave Retrowave";"66d1d59ecf1d1820694899e59669ff70";"";"First Class Spaceship";"Main";"false";"Franck Sinnassamy (SACEM)";"Franck SINNASSAMY";"update";"suffixe-société-et-identité-structurée";"";"PARIGO";"Franck SINNASSAMY|Composer|SACEM|803548153| · PARIGO|Original Publisher|SACEM|461629743|";"pilot-pending"
"PGO0053";"48b4b95fe1f09019";"Synthwave Retrowave";"23b92c9b02375642f77e44705437fccb";"";"La Fievre Dans Le Sang";"Main";"false";"Franck Sinnassamy (SACEM)";"Franck SINNASSAMY";"update";"suffixe-société-et-identité-structurée";"";"PARIGO";"Franck SINNASSAMY|Composer|SACEM|803548153| · PARIGO|Original Publisher|SACEM|461629743| · Scherazade Aissahine|Author|SACEM|762815425|";"pilot-pending"
"PGO0053";"48b4b95fe1f09019";"Synthwave Retrowave";"26b304102cecb703d4379caf05f73f8d";"";"La Fievre Dans Le Sang Instrumental";"Main";"false";"Franck Sinnassamy (SACEM)";"Franck SINNASSAMY";"update";"suffixe-société-et-identité-structurée";"";"PARIGO";"PARIGO|Original Publisher|SACEM|461629743| · Franck SINNASSAMY|Composer|SACEM|803548153|";"pilot-pending"
"PGO0053";"48b4b95fe1f09019";"Synthwave Retrowave";"6b1e7fb117b4b81a7b4887931c259a10";"";"La Fievre Dans Le Sang Instrumental Edit";"Main";"false";"Franck Sinnassamy (SACEM)";"Franck Sinnassamy";"update";"suffixe-société";"";"PARIGO";"";"pilot-pending"
"PGO0053";"48b4b95fe1f09019";"Synthwave Retrowave";"8050b13f902b3d1342f3356c5b42324d";"";"Synth Roadtrip";"Main";"false";"Franck Sinnassamy (SACEM)";"Franck SINNASSAMY";"update";"suffixe-société-et-identité-structurée";"";"PARIGO";"PARIGO|Original Publisher|SACEM|461629743| · Franck SINNASSAMY|Composer|SACEM|803548153|";"pilot-pending"
"PGO0053";"48b4b95fe1f09019";"Synthwave Retrowave";"7b30f2d4a1914434b019d2951f307ae4";"";"Interstellar Souvenirs";"Main";"false";"Franck Sinnassamy (SACEM)";"Franck SINNASSAMY";"update";"suffixe-société-et-identité-structurée";"";"PARIGO";"PARIGO|Original Publisher|SACEM|461629743| · Franck SINNASSAMY|Composer|SACEM|803548153|";"pilot-pending"
"PGO0053";"48b4b95fe1f09019";"Synthwave Retrowave";"3d766cb26fa5876c9e075c1891164990";"";"Purple Highway";"Main";"false";"Franck Sinnassamy (SACEM)";"Franck SINNASSAMY";"update";"suffixe-société-et-identité-structurée";"";"PARIGO";"PARIGO|Original Publisher|SACEM|461629743| · Franck SINNASSAMY|Composer|SACEM|803548153|";"pilot-pending"
"PGO0053";"48b4b95fe1f09019";"Synthwave Retrowave";"8581ff471cb5a613c8e0a5c813e7feda";"";"Le Tigre Qui Pleure";"Main";"false";"Franck Sinnassamy (SACEM)";"Franck SINNASSAMY";"update";"suffixe-société-et-identité-structurée";"";"PARIGO";"PARIGO|Original Publisher|SACEM|461629743| · Franck SINNASSAMY|Composer|SACEM|803548153| · Nicolas Pisani|Composer|SACEM|886580286| · Scherazade Aissahine|Author|SACEM|762815425|";"pilot-pending"
"PGO0053";"48b4b95fe1f09019";"Synthwave Retrowave";"881b1ac16785a1bf925f2205b88d5a52";"";"Le Tigre Qui Pleure Instrumental";"Main";"false";"Franck Sinnassamy (SACEM)";"Franck SINNASSAMY";"update";"suffixe-société-et-identité-structurée";"";"PARIGO";"PARIGO|Original Publisher|SACEM|461629743| · Franck SINNASSAMY|Composer|SACEM|803548153| · Nicolas Pisani|Composer|SACEM|886580286|";"pilot-pending"
"PGO0053";"48b4b95fe1f09019";"Synthwave Retrowave";"0bbe9a00f7d94f2b6db52acbfb944601";"";"Le Tigre Qui Pleure Instrumental Edit";"Main";"false";"Franck Sinnassamy (SACEM)";"Franck Sinnassamy";"update";"suffixe-société";"";"PARIGO";"";"pilot-pending"
"PGO0053";"48b4b95fe1f09019";"Synthwave Retrowave";"a58fd418d480baeb91703a1395b14b5e";"";"Bridge Of Light";"Main";"false";"Franck Sinnassamy (SACEM)";"Franck SINNASSAMY";"update";"suffixe-société-et-identité-structurée";"";"PARIGO";"PARIGO|Original Publisher|SACEM|461629743| · Franck SINNASSAMY|Composer|SACEM|803548153| · Nicolas Pisani|Composer|SACEM|886580286|";"pilot-pending"
"PGO0053";"48b4b95fe1f09019";"Synthwave Retrowave";"95e9ae557cb042544e09bcd796dfb38e";"";"Synthier Happier";"Main";"false";"Franck Sinnassamy (SACEM)";"Franck SINNASSAMY";"update";"suffixe-société-et-identité-structurée";"";"PARIGO";"PARIGO|Original Publisher|SACEM|461629743| · Franck SINNASSAMY|Composer|SACEM|803548153|";"pilot-pending"
"PGO0053";"48b4b95fe1f09019";"Synthwave Retrowave";"2da6aa1cb250a59a0705562fb62b85a8";"";"Pink Neon";"Main";"false";"Franck Sinnassamy (SACEM)";"Franck SINNASSAMY";"update";"suffixe-société-et-identité-structurée";"";"PARIGO";"PARIGO|Original Publisher|SACEM|461629743| · Franck SINNASSAMY|Composer|SACEM|803548153| · Nicolas Pisani|Composer|SACEM|886580286|";"pilot-pending"
"PGO0053";"48b4b95fe1f09019";"Synthwave Retrowave";"5e0a9a1a8119efbfdd701ecbfa5c39cd";"";"Hybrid Motion";"Main";"false";"Franck Sinnassamy (SACEM)";"Franck SINNASSAMY";"update";"suffixe-société-et-identité-structurée";"";"PARIGO";"PARIGO|Original Publisher|SACEM|461629743| · Franck SINNASSAMY|Composer|SACEM|803548153| · Nicolas Pisani|Composer|SACEM|886580286|";"pilot-pending"
"PGO0053";"48b4b95fe1f09019";"Synthwave Retrowave";"984e25bcdcf72dbc1e71769fde922544";"";"Happy Drive";"Main";"false";"Franck Sinnassamy (SACEM)";"Franck SINNASSAMY";"update";"suffixe-société-et-identité-structurée";"";"PARIGO";"PARIGO|Original Publisher|SACEM|461629743| · Franck SINNASSAMY|Composer|SACEM|803548153|";"pilot-pending"
"PGO0053";"48b4b95fe1f09019";"Synthwave Retrowave";"b35bb2d46f14ef08eecac9302a26cea4";"";"Synth Bubbler";"Main";"false";"Franck Sinnassamy (SACEM)";"Franck SINNASSAMY";"update";"suffixe-société-et-identité-structurée";"";"PARIGO";"PARIGO|Original Publisher|SACEM|461629743| · Franck SINNASSAMY|Composer|SACEM|803548153| · Nicolas Pisani|Composer|SACEM|886580286|";"pilot-pending"
"PGO0053";"48b4b95fe1f09019";"Synthwave Retrowave";"4c93910f697158e6acbcb39fafcc46a9";"";"Carjacking";"Main";"false";"Franck Sinnassamy (SACEM)";"Franck SINNASSAMY";"update";"suffixe-société-et-identité-structurée";"";"PARIGO";"PARIGO|Original Publisher|SACEM|461629743| · Franck SINNASSAMY|Composer|SACEM|803548153| · Nicolas Pisani|Composer|SACEM|886580286|";"pilot-pending"
"PGO0053";"48b4b95fe1f09019";"Synthwave Retrowave";"331cc2152200017dcd05a9188ea9f6df";"";"Midnight Ride";"Main";"false";"Franck Sinnassamy (SACEM)";"Franck SINNASSAMY";"update";"suffixe-société-et-identité-structurée";"";"PARIGO";"PARIGO|Original Publisher|SACEM|461629743| · Franck SINNASSAMY|Composer|SACEM|803548153|";"pilot-pending"
"PGO0053";"48b4b95fe1f09019";"Synthwave Retrowave";"13fea6339664bbb67e9b095e54f54d8e";"";"Emotions Et Influences";"Main";"false";"Franck Sinnassamy (SACEM)";"Franck SINNASSAMY";"update";"suffixe-société-et-identité-structurée";"";"PARIGO";"PARIGO|Original Publisher|SACEM|461629743| · Franck SINNASSAMY|Composer|SACEM|803548153| · Nicolas Pisani|Composer|SACEM|886580286| · Scherazade Aissahine|Author|SACEM|762815425|";"pilot-pending"
"PGO0053";"48b4b95fe1f09019";"Synthwave Retrowave";"285a4b20199b8eb0872cae7c04aeecff";"";"Emotions Et Influences Instrumental";"Main";"false";"Franck Sinnassamy (SACEM)";"Franck SINNASSAMY";"update";"suffixe-société-et-identité-structurée";"";"PARIGO";"PARIGO|Original Publisher|SACEM|461629743| · Franck SINNASSAMY|Composer|SACEM|803548153| · Nicolas Pisani|Composer|SACEM|886580286|";"pilot-pending"
"PGO0053";"48b4b95fe1f09019";"Synthwave Retrowave";"ca3df1d5a176d528f0b6e2e7b23ad6eb";"";"Emotions Et Influences Instrumental Edit";"Main";"false";"Franck Sinnassamy (SACEM)";"Franck Sinnassamy";"update";"suffixe-société";"";"PARIGO";"";"pilot-pending"
"PGO0053";"48b4b95fe1f09019";"Synthwave Retrowave";"c0a1ef1a320637385e3013f280aab00e";"";"Celestial Cruise";"Main";"false";"Franck Sinnassamy (SACEM)";"Franck SINNASSAMY";"update";"suffixe-société-et-identité-structurée";"";"PARIGO";"PARIGO|Original Publisher|SACEM|461629743| · Franck SINNASSAMY|Composer|SACEM|803548153| · Nicolas Pisani|Composer|SACEM|886580286|";"pilot-pending"
"PGO0052";"b6de3ed4ceab893b";"Minimal Stories Vol.3";"1eccc3db47481ed00bdf3124f5173466";"";"A Pensive Promenade";"Main";"false";"Laurent Dury";"Laurent Dury";"no-change";"déjà-canonique";"";"PARIGO";"Laurent Dury|Artist|NS|| · Laurent Dury|Composer|SACEM|152518584| · PARIGO|Original Publisher|SACEM|461629743|";"no-change"
"PGO0052";"b6de3ed4ceab893b";"Minimal Stories Vol.3";"2f8cbd6c9aecbe0289ee2dc4c563861e";"";"A Pensive Promenade Underscore No Percussion";"Main";"false";"Laurent Dury";"Laurent Dury";"no-change";"déjà-canonique";"";"PARIGO";"";"no-change"
"PGO0052";"b6de3ed4ceab893b";"Minimal Stories Vol.3";"760b0956c3e9fef262af464b5abdb0a7";"";"A Pensive Promenade Underscore No winds";"Main";"false";"Laurent Dury";"Laurent Dury";"no-change";"déjà-canonique";"";"PARIGO";"";"no-change"
"PGO0052";"b6de3ed4ceab893b";"Minimal Stories Vol.3";"049f114c1641b1582dcfe7305ad809f0";"";"Work Flow";"Main";"false";"Laurent Dury";"Laurent Dury";"no-change";"déjà-canonique";"";"PARIGO";"Laurent Dury|Artist|NS|| · PARIGO|Original Publisher|SACEM|461629743| · Laurent Dury|Composer|SACEM|152518584|";"no-change"
"PGO0052";"b6de3ed4ceab893b";"Minimal Stories Vol.3";"c041c591f8d89a3009ba8e5964f96e33";"";"Work Flow Underscore No Percussion";"Main";"false";"Laurent Dury";"Laurent Dury";"no-change";"déjà-canonique";"";"PARIGO";"";"no-change"
"PGO0052";"b6de3ed4ceab893b";"Minimal Stories Vol.3";"743e96b126252d51c734f324b842bd2d";"";"Work Flow Underscore No Pizzicato";"Main";"false";"Laurent Dury";"Laurent Dury";"no-change";"déjà-canonique";"";"PARIGO";"";"no-change"
"PGO0052";"b6de3ed4ceab893b";"Minimal Stories Vol.3";"7d14a3f4f9aab7f17f64edb01424f8b0";"";"The Backpacker";"Main";"false";"Laurent Dury";"Laurent Dury";"no-change";"déjà-canonique";"";"PARIGO";"Laurent Dury|Artist|NS|| · PARIGO|Original Publisher|SACEM|461629743| · Laurent Dury|Composer|SACEM|152518584|";"no-change"
"PGO0052";"b6de3ed4ceab893b";"Minimal Stories Vol.3";"e87b7ba74b05a3b57c79ad2b06a091b5";"";"The Backpacker Underscore";"Main";"false";"Laurent Dury";"Laurent Dury";"no-change";"déjà-canonique";"";"PARIGO";"";"no-change"
"PGO0052";"b6de3ed4ceab893b";"Minimal Stories Vol.3";"b7009f0b3705f34658faecc7c73c4f6e";"";"The Backpacker Underscore No Drums No Bass";"Main";"false";"Laurent Dury";"Laurent Dury";"no-change";"déjà-canonique";"";"PARIGO";"";"no-change"
"PGO0052";"b6de3ed4ceab893b";"Minimal Stories Vol.3";"8055939241a74c9458e0e62feaa372c8";"";"A Busy Morning";"Main";"false";"Laurent Dury";"Laurent Dury";"no-change";"déjà-canonique";"";"PARIGO";"Laurent Dury|Artist|NS|| · PARIGO|Original Publisher|SACEM|461629743| · Laurent Dury|Composer|SACEM|152518584|";"no-change"
"PGO0052";"b6de3ed4ceab893b";"Minimal Stories Vol.3";"1c0af3565b5711ffec733a0d5053453b";"";"A Busy Morning Underscore No Woodwinds";"Main";"false";"Laurent Dury";"Laurent Dury";"no-change";"déjà-canonique";"";"PARIGO";"";"no-change"
"PGO0052";"b6de3ed4ceab893b";"Minimal Stories Vol.3";"453694ead9a4333d1ea0eb1eb1eb3aa3";"";"A Busy Morning Underscore No Percussions";"Main";"false";"Laurent Dury";"Laurent Dury";"no-change";"déjà-canonique";"";"PARIGO";"";"no-change"
"PGO0052";"b6de3ed4ceab893b";"Minimal Stories Vol.3";"61217a621b72cd2ca334527cfa8b7de5";"";"Cheeky But Innocent";"Main";"false";"Laurent Dury";"Laurent Dury";"no-change";"déjà-canonique";"";"PARIGO";"Laurent Dury|Artist|NS|| · PARIGO|Original Publisher|SACEM|461629743| · Laurent Dury|Composer|SACEM|152518584|";"no-change"
"PGO0052";"b6de3ed4ceab893b";"Minimal Stories Vol.3";"b3c2d633fc9b5648b0abcd0ec53192d4";"";"Cheeky But Innocent Underscore No Percussions";"Main";"false";"Laurent Dury";"Laurent Dury";"no-change";"déjà-canonique";"";"PARIGO";"";"no-change"
"PGO0052";"b6de3ed4ceab893b";"Minimal Stories Vol.3";"46c1daa86c1946976b3f41c3fb27d616";"";"Cheeky But Innocent Underscore No Woodwinds";"Main";"false";"Laurent Dury";"Laurent Dury";"no-change";"déjà-canonique";"";"PARIGO";"";"no-change"
"PGO0052";"b6de3ed4ceab893b";"Minimal Stories Vol.3";"8aac68eb8eef0da9a47129b19ff93f5e";"";"The Waiting Room";"Main";"false";"Laurent Dury";"Laurent Dury";"no-change";"déjà-canonique";"";"PARIGO";"Laurent Dury|Artist|NS|| · PARIGO|Original Publisher|SACEM|461629743| · Laurent Dury|Composer|SACEM|152518584|";"no-change"
"PGO0052";"b6de3ed4ceab893b";"Minimal Stories Vol.3";"d3848067e9e22f17be876067df01ea20";"";"The Waiting Room Underscore No Percussions";"Main";"false";"Laurent Dury";"Laurent Dury";"no-change";"déjà-canonique";"";"PARIGO";"";"no-change"
"PGO0052";"b6de3ed4ceab893b";"Minimal Stories Vol.3";"8551a976f6cdb8acf678ee69b6e2a50f";"";"The Waiting Room Underscore No Strings";"Main";"false";"Laurent Dury";"Laurent Dury";"no-change";"déjà-canonique";"";"PARIGO";"";"no-change"
"PGO0052";"b6de3ed4ceab893b";"Minimal Stories Vol.3";"1ce016bab55dcee7f3f5adc7b6c51062";"";"Following The Trail";"Main";"false";"Laurent Dury";"Laurent Dury";"no-change";"déjà-canonique";"";"PARIGO";"Laurent Dury|Artist|NS|| · PARIGO|Original Publisher|SACEM|461629743| · Laurent Dury|Composer|SACEM|152518584|";"no-change"
"PGO0052";"b6de3ed4ceab893b";"Minimal Stories Vol.3";"e2517134c217fe88ca8077ed6ba3ee99";"";"Following The Trail Underscore No Woodwinds No Cello";"Main";"false";"Laurent Dury";"Laurent Dury";"no-change";"déjà-canonique";"";"PARIGO";"";"no-change"
"PGO0052";"b6de3ed4ceab893b";"Minimal Stories Vol.3";"7f3c7507585695da0f38ed015c69724e";"";"Following The Trail Underscore Piano Marimba";"Main";"false";"Laurent Dury";"Laurent Dury";"no-change";"déjà-canonique";"";"PARIGO";"";"no-change"
"PGO0052";"b6de3ed4ceab893b";"Minimal Stories Vol.3";"68a4bc8fb2eb746e8b71fefb7e4c8ed4";"";"Human River";"Main";"false";"Laurent Dury";"Laurent Dury";"no-change";"déjà-canonique";"";"PARIGO";"Laurent Dury|Artist|NS|| · PARIGO|Original Publisher|SACEM|461629743| · Laurent Dury|Composer|SACEM|152518584|";"no-change"
"PGO0052";"b6de3ed4ceab893b";"Minimal Stories Vol.3";"a1efd3cab88367427a12a5d68d7d76db";"";"Human River Underscore No Percussions";"Main";"false";"Laurent Dury";"Laurent Dury";"no-change";"déjà-canonique";"";"PARIGO";"";"no-change"
"PGO0052";"b6de3ed4ceab893b";"Minimal Stories Vol.3";"eb7a06b3861eac5610c733eed9e39d30";"";"Human River Underscore No Vibraphone No Bass";"Main";"false";"Laurent Dury";"Laurent Dury";"no-change";"déjà-canonique";"";"PARIGO";"";"no-change"
"PGO0052";"b6de3ed4ceab893b";"Minimal Stories Vol.3";"1d56a141f2a77bb54b9f058ac4f7e8a0";"";"Time Never Stops";"Main";"false";"Laurent Dury";"Laurent Dury";"no-change";"déjà-canonique";"";"PARIGO";"Laurent Dury|Artist|NS|| · PARIGO|Original Publisher|SACEM|461629743| · Laurent Dury|Composer|SACEM|152518584|";"no-change"
"PGO0052";"b6de3ed4ceab893b";"Minimal Stories Vol.3";"070b9a410b3d35f87660791788c4a8b6";"";"Time Never Stops Underscore";"Main";"false";"Laurent Dury";"Laurent Dury";"no-change";"déjà-canonique";"";"PARIGO";"";"no-change"
"PGO0052";"b6de3ed4ceab893b";"Minimal Stories Vol.3";"60d6db584c7d2f226a4cd1bc04e27d64";"";"Time Never Stops Underscore No Percussions";"Main";"false";"Laurent Dury";"Laurent Dury";"no-change";"déjà-canonique";"";"PARIGO";"";"no-change"
"PGO0052";"b6de3ed4ceab893b";"Minimal Stories Vol.3";"99721db66497bec4a8eebfe0b1b4e312";"";"Among The Exhibits";"Main";"false";"Laurent Dury";"Laurent Dury";"no-change";"déjà-canonique";"";"PARIGO";"Laurent Dury|Artist|NS|| · PARIGO|Original Publisher|SACEM|461629743| · Laurent Dury|Composer|SACEM|152518584|";"no-change"
"PGO0052";"b6de3ed4ceab893b";"Minimal Stories Vol.3";"b28a73c7d6abd7bf077532fcede7f9c1";"";"Among The Exhibits Underscore";"Main";"false";"Laurent Dury";"Laurent Dury";"no-change";"déjà-canonique";"";"PARIGO";"";"no-change"
"PGO0052";"b6de3ed4ceab893b";"Minimal Stories Vol.3";"f56ccda07bd1af515c8aae056896e17d";"";"Among The Exhibits Underscore No Sousaphone No Percussions";"Main";"false";"Laurent Dury";"Laurent Dury";"no-change";"déjà-canonique";"";"PARIGO";"";"no-change"
"PGO0052";"b6de3ed4ceab893b";"Minimal Stories Vol.3";"60d5e16c16937269072e4d16956b1c7d";"";"Minimal Fullness";"Main";"false";"Laurent Dury";"Laurent Dury";"no-change";"déjà-canonique";"";"PARIGO";"Laurent Dury|Artist|NS|| · PARIGO|Original Publisher|SACEM|461629743| · Laurent Dury|Composer|SACEM|152518584|";"no-change"
"PGO0052";"b6de3ed4ceab893b";"Minimal Stories Vol.3";"059442fb3517e58cf38efc8209510b18";"";"Minimal Fullness Underscore No Woodwinds";"Main";"false";"Laurent Dury";"Laurent Dury";"no-change";"déjà-canonique";"";"PARIGO";"";"no-change"
"PGO0052";"b6de3ed4ceab893b";"Minimal Stories Vol.3";"db7fc1fa21abad5620227ab0255c779c";"";"Minimal Fullness Underscore No Woodwinds No Percussions";"Main";"false";"Laurent Dury";"Laurent Dury";"no-change";"déjà-canonique";"";"PARIGO";"";"no-change"
"PGO0052";"b6de3ed4ceab893b";"Minimal Stories Vol.3";"6acfc9e2aa3c90e52ccd7bee39b87195";"";"Jazzy Circles";"Main";"false";"Laurent Dury";"Laurent Dury";"no-change";"déjà-canonique";"";"PARIGO";"Laurent Dury|Artist|NS|| · PARIGO|Original Publisher|SACEM|461629743| · Laurent Dury|Composer|SACEM|152518584|";"no-change"
"PGO0052";"b6de3ed4ceab893b";"Minimal Stories Vol.3";"dd3c4d29b928a4eff1eeacfbe8bf9d89";"";"Jazzy Circles Underscore No Bass";"Main";"false";"Laurent Dury";"Laurent Dury";"no-change";"déjà-canonique";"";"PARIGO";"";"no-change"
"PGO0052";"b6de3ed4ceab893b";"Minimal Stories Vol.3";"419f19908e7bf79d1a81ab90cc3a2b1e";"";"Jazzy Circles Underscore No Percussions";"Main";"false";"Laurent Dury";"Laurent Dury";"no-change";"déjà-canonique";"";"PARIGO";"";"no-change"
"PGO0052";"b6de3ed4ceab893b";"Minimal Stories Vol.3";"af234425df0d5e26c1e6cf9b3b44cb35";"";"Hatching Timelapse";"Main";"false";"Laurent Dury";"Laurent Dury";"no-change";"déjà-canonique";"";"PARIGO";"Laurent Dury|Artist|NS|| · PARIGO|Original Publisher|SACEM|461629743| · Laurent Dury|Composer|SACEM|152518584|";"no-change"
"PGO0052";"b6de3ed4ceab893b";"Minimal Stories Vol.3";"f0a5fb3445c100f7ec97d83377f1a9ad";"";"Hatching Timelapse Underscore";"Main";"false";"Laurent Dury";"Laurent Dury";"no-change";"déjà-canonique";"";"PARIGO";"";"no-change"
"PGO0052";"b6de3ed4ceab893b";"Minimal Stories Vol.3";"9c4bc113ad256918c076997d12677f85";"";"Hatching Timelapse Underscore No Cello No Clarinet";"Main";"false";"Laurent Dury";"Laurent Dury";"no-change";"déjà-canonique";"";"PARIGO";"";"no-change"
"PGO0052";"b6de3ed4ceab893b";"Minimal Stories Vol.3";"f78c322e962165d2f411d71cdee7736e";"";"Through The Shadows";"Main";"false";"Laurent Dury";"Laurent Dury";"no-change";"déjà-canonique";"";"PARIGO";"Laurent Dury|Artist|NS|| · PARIGO|Original Publisher|SACEM|461629743| · Laurent Dury|Composer|SACEM|152518584|";"no-change"
"PGO0052";"b6de3ed4ceab893b";"Minimal Stories Vol.3";"45e6c61791cd6e63699f00eda3f6acde";"";"Through The Shadows Underscore";"Main";"false";"Laurent Dury";"Laurent Dury";"no-change";"déjà-canonique";"";"PARIGO";"";"no-change"
"PGO0052";"b6de3ed4ceab893b";"Minimal Stories Vol.3";"dcda46be095879e212d5b24358e2d0fd";"";"Through The Shadows Underscore No Vibraphone No Trumpet";"Main";"false";"Laurent Dury";"Laurent Dury";"no-change";"déjà-canonique";"";"PARIGO";"";"no-change"
"PGO0052";"b6de3ed4ceab893b";"Minimal Stories Vol.3";"e417cc5e4bbf43a64e2c648625fd6f4c";"";"Endless Line";"Main";"false";"Laurent Dury";"Laurent Dury";"no-change";"déjà-canonique";"";"PARIGO";"Laurent Dury|Artist|NS|| · PARIGO|Original Publisher|SACEM|461629743| · Laurent Dury|Composer|SACEM|152518584|";"no-change"
"PGO0052";"b6de3ed4ceab893b";"Minimal Stories Vol.3";"d34561ccb0728d3226b166cedaa3ad5b";"";"Endless Line Underscore No Bass";"Main";"false";"Laurent Dury";"Laurent Dury";"no-change";"déjà-canonique";"";"PARIGO";"";"no-change"
"PGO0052";"b6de3ed4ceab893b";"Minimal Stories Vol.3";"a60a55734298b716b25ee12541aa84bd";"";"Endless Line Underscore No Brass";"Main";"false";"Laurent Dury";"Laurent Dury";"no-change";"déjà-canonique";"";"PARIGO";"";"no-change"
"PGO0052";"b6de3ed4ceab893b";"Minimal Stories Vol.3";"b0c06cd1f92259eb9699937ee4b95e25";"";"Plic Ploc";"Main";"false";"Laurent Dury";"Laurent Dury";"no-change";"déjà-canonique";"";"PARIGO";"Laurent Dury|Artist|NS|| · PARIGO|Original Publisher|SACEM|461629743| · Laurent Dury|Composer|SACEM|152518584|";"no-change"
"PGO0052";"b6de3ed4ceab893b";"Minimal Stories Vol.3";"f813995d7871849f63124adf5f56f340";"";"Plic Ploc Underscore";"Main";"false";"Laurent Dury";"Laurent Dury";"no-change";"déjà-canonique";"";"PARIGO";"";"no-change"
"PGO0052";"b6de3ed4ceab893b";"Minimal Stories Vol.3";"cf599b40941cff9a8a404e32b7d18a21";"";"Plic Ploc Underscore No Piano";"Main";"false";"Laurent Dury";"Laurent Dury";"no-change";"déjà-canonique";"";"PARIGO";"";"no-change"
"PGO0052";"b6de3ed4ceab893b";"Minimal Stories Vol.3";"475d907cf3666bf7d52b2dbaccb9512b";"";"Detective Chuck";"Main";"false";"Laurent Dury";"Laurent Dury";"no-change";"déjà-canonique";"";"PARIGO";"Laurent Dury|Artist|NS|| · PARIGO|Original Publisher|SACEM|461629743| · Laurent Dury|Composer|SACEM|152518584|";"no-change"
"PGO0052";"b6de3ed4ceab893b";"Minimal Stories Vol.3";"b5ab22e5cdd98c169a30d212b1ff4fca";"";"Detective Chuck Underscore No Bass No Woodwinds";"Main";"false";"Laurent Dury";"Laurent Dury";"no-change";"déjà-canonique";"";"PARIGO";"";"no-change"
"PGO0052";"b6de3ed4ceab893b";"Minimal Stories Vol.3";"68080970b74b48e9cad0adefb63b0e8f";"";"Detective Chuck Underscore No Percussions";"Main";"false";"Laurent Dury";"Laurent Dury";"no-change";"déjà-canonique";"";"PARIGO";"";"no-change"
"PGO0051";"fad15b61a412b1a7";"Lofi Hip Hop";"086564484c5ce1bbc961900d97eeb525";"";"Dusky Roller";"Main";"false";"Bonetrips (SACEM) · Chicho Cortez (SACEM) · Tcheep (SACEM)";"Bonetrips · Chicho Cortez · Tcheep";"update";"suffixe-société-et-identité-structurée";"Bonetrips · Chicho Cortez · Tcheep";"PARIGO";"Chicho Cortez|Composer|SACEM|768383689| · PARIGO|Original Publisher|SACEM|461629743| · Tcheep|Composer|SACEM|542993718| · Bonetrips|Composer|SACEM|516806453|";"pilot-pending"
"PGO0051";"fad15b61a412b1a7";"Lofi Hip Hop";"a3d445b7bec643e2a4b5b820d2b48364";"";"Remember Tokyo";"Main";"false";"Bonetrips (SACEM) · Chicho Cortez (SACEM) · Tcheep (SACEM)";"Bonetrips · Chicho Cortez · Tcheep";"update";"suffixe-société-et-identité-structurée";"Bonetrips · Chicho Cortez · Tcheep";"PARIGO";"PARIGO|Original Publisher|SACEM|461629743| · Chicho Cortez|Composer|SACEM|768383689| · Tcheep|Composer|SACEM|542993718| · Bonetrips|Composer|SACEM|516806453|";"pilot-pending"
"PGO0051";"fad15b61a412b1a7";"Lofi Hip Hop";"f65a1303d4c8740cc5baafa318158537";"";"On The Corner";"Main";"false";"Bonetrips (SACEM) · Chicho Cortez (SACEM) · Tcheep (SACEM)";"Bonetrips · Chicho Cortez · Tcheep";"update";"suffixe-société-et-identité-structurée";"Bonetrips · Chicho Cortez · Tcheep";"PARIGO";"PARIGO|Original Publisher|SACEM|461629743| · Chicho Cortez|Composer|SACEM|768383689| · Tcheep|Composer|SACEM|542993718| · Bonetrips|Composer|SACEM|516806453|";"pilot-pending"
"PGO0051";"fad15b61a412b1a7";"Lofi Hip Hop";"c0dd11edfe0bb01796d653effd2669f5";"";"Sea Friends";"Main";"false";"Bonetrips (SACEM) · Chicho Cortez (SACEM) · Tcheep (SACEM)";"Bonetrips · Chicho Cortez · Tcheep";"update";"suffixe-société-et-identité-structurée";"Bonetrips · Chicho Cortez · Tcheep";"PARIGO";"PARIGO|Original Publisher|SACEM|461629743| · Chicho Cortez|Composer|SACEM|768383689| · Tcheep|Composer|SACEM|542993718| · Bonetrips|Composer|SACEM|516806453|";"pilot-pending"
"PGO0051";"fad15b61a412b1a7";"Lofi Hip Hop";"2c6092025e222f6c27fd03f6150bfc51";"";"Bain De Soleil";"Main";"false";"Bonetrips (SACEM) · Chicho Cortez (SACEM) · Tcheep (SACEM)";"Bonetrips · Chicho Cortez · Tcheep";"update";"suffixe-société-et-identité-structurée";"Bonetrips · Chicho Cortez · Tcheep";"PARIGO";"PARIGO|Original Publisher|SACEM|461629743| · Chicho Cortez|Composer|SACEM|768383689| · Tcheep|Composer|SACEM|542993718| · Bonetrips|Composer|SACEM|516806453|";"pilot-pending"
"PGO0051";"fad15b61a412b1a7";"Lofi Hip Hop";"5979ecc80f63bb7899a91318b727215a";"";"Velvet Dreams";"Main";"false";"Bonetrips (SACEM) · Chicho Cortez (SACEM) · Tcheep (SACEM)";"Bonetrips · Chicho Cortez · Tcheep";"update";"suffixe-société-et-identité-structurée";"Bonetrips · Chicho Cortez · Tcheep";"PARIGO";"PARIGO|Original Publisher|SACEM|461629743| · Chicho Cortez|Composer|SACEM|768383689| · Tcheep|Composer|SACEM|542993718| · Bonetrips|Composer|SACEM|516806453|";"pilot-pending"
"PGO0051";"fad15b61a412b1a7";"Lofi Hip Hop";"1c39dfca22329f1bbbad9b086f16016b";"";"ZigZag Boom Bap";"Main";"false";"Bonetrips (SACEM) · Chicho Cortez (SACEM) · Tcheep (SACEM)";"Bonetrips · Chicho Cortez · Tcheep";"update";"suffixe-société-et-identité-structurée";"Bonetrips · Chicho Cortez · Tcheep";"PARIGO";"PARIGO|Original Publisher|SACEM|461629743| · Chicho Cortez|Composer|SACEM|768383689| · Tcheep|Composer|SACEM|542993718| · Bonetrips|Composer|SACEM|516806453|";"pilot-pending"
"PGO0051";"fad15b61a412b1a7";"Lofi Hip Hop";"56e007019da368d28c3aea8cc34eff6f";"";"Running On Vapors";"Main";"false";"Bonetrips (SACEM) · Chicho Cortez (SACEM) · Tcheep (SACEM)";"Bonetrips · Chicho Cortez · Tcheep";"update";"suffixe-société-et-identité-structurée";"Bonetrips · Chicho Cortez · Tcheep";"PARIGO";"PARIGO|Original Publisher|SACEM|461629743| · Chicho Cortez|Composer|SACEM|768383689| · Tcheep|Composer|SACEM|542993718| · Bonetrips|Composer|SACEM|516806453|";"pilot-pending"
"PGO0051";"fad15b61a412b1a7";"Lofi Hip Hop";"e97f91f9c2a3c39afd01a1706d09515d";"";"Pass The Chill";"Main";"false";"Bonetrips (SACEM) · Chicho Cortez (SACEM) · Tcheep (SACEM)";"Bonetrips · Chicho Cortez · Tcheep";"update";"suffixe-société-et-identité-structurée";"Bonetrips · Chicho Cortez · Tcheep";"PARIGO";"PARIGO|Original Publisher|SACEM|461629743| · Chicho Cortez|Composer|SACEM|768383689| · Tcheep|Composer|SACEM|542993718| · Bonetrips|Composer|SACEM|516806453|";"pilot-pending"
"PGO0051";"fad15b61a412b1a7";"Lofi Hip Hop";"7abf09e4bad698e8c3c1363e230df031";"";"Adriatic Sunrise";"Main";"false";"Bonetrips (SACEM) · Chicho Cortez (SACEM) · Tcheep (SACEM)";"Bonetrips · Chicho Cortez · Tcheep";"update";"suffixe-société-et-identité-structurée";"Bonetrips · Chicho Cortez · Tcheep";"PARIGO";"PARIGO|Original Publisher|SACEM|461629743| · Chicho Cortez|Composer|SACEM|768383689| · Tcheep|Composer|SACEM|542993718| · Bonetrips|Composer|SACEM|516806453|";"pilot-pending"
"PGO0051";"fad15b61a412b1a7";"Lofi Hip Hop";"d88f93c68331c7666877d5d93687ea5c";"";"In The Glasshouse";"Main";"false";"Bonetrips (SACEM) · Chicho Cortez (SACEM) · Tcheep (SACEM)";"Bonetrips · Chicho Cortez · Tcheep";"update";"suffixe-société-et-identité-structurée";"Bonetrips · Chicho Cortez · Tcheep";"PARIGO";"PARIGO|Original Publisher|SACEM|461629743| · Chicho Cortez|Composer|SACEM|768383689| · Tcheep|Composer|SACEM|542993718| · Bonetrips|Composer|SACEM|516806453|";"pilot-pending"
"PGO0051";"fad15b61a412b1a7";"Lofi Hip Hop";"5ba20dd2348a2511e59518552151aed9";"";"Lonely Chill";"Main";"false";"Bonetrips (SACEM) · Chicho Cortez (SACEM) · Tcheep (SACEM)";"Bonetrips · Chicho Cortez · Tcheep";"update";"suffixe-société-et-identité-structurée";"Bonetrips · Chicho Cortez · Tcheep";"PARIGO";"PARIGO|Original Publisher|SACEM|461629743| · Chicho Cortez|Composer|SACEM|768383689| · Tcheep|Composer|SACEM|542993718| · Bonetrips|Composer|SACEM|516806453|";"pilot-pending"
"PGO0051";"fad15b61a412b1a7";"Lofi Hip Hop";"69fd53f9918ef5e855d32ee34e5b9dfe";"";"I'm Sorry";"Main";"false";"Bonetrips (SACEM) · Chicho Cortez (SACEM) · Tcheep (SACEM)";"Bonetrips · Chicho Cortez · Tcheep";"update";"suffixe-société-et-identité-structurée";"Bonetrips · Chicho Cortez · Tcheep";"PARIGO";"PARIGO|Original Publisher|SACEM|461629743| · Chicho Cortez|Composer|SACEM|768383689| · Tcheep|Composer|SACEM|542993718| · Bonetrips|Composer|SACEM|516806453|";"pilot-pending"
"PGO0050";"9f243af3f3bbbbdd";"Riviera Bizarre";"5f2a57239026b843efe68489cb48b0d8";"";"Get Set Jet Set";"Main";"false";"Minimatic";"Minimatic";"no-change";"déjà-canonique";"Minimatic";"PARIGO";"Minimatic|Composer|SACEM|535774330| · PARIGO|Original Publisher|SACEM|461629743|";"no-change"
"PGO0050";"9f243af3f3bbbbdd";"Riviera Bizarre";"e4634d446f840997aa4a01086dc78f5d";"";"Cote D'Exotica";"Main";"false";"";"Minimatic";"update";"composer-vide-minimatic-attesté-par-ayant-droit";"";"PARIGO";"PARIGO|Original Publisher|SACEM|461629743| · Minimatic|Composer|SACEM|535774330|";"pilot-pending"
"PGO0050";"9f243af3f3bbbbdd";"Riviera Bizarre";"334e54b441787d3a9be0ff4653d32893";"";"Moi Je N'Aimerais Que Toi";"Main";"false";"";"Minimatic";"update";"composer-vide-minimatic-attesté-par-ayant-droit";"";"PARIGO";"PARIGO|Original Publisher|SACEM|461629743| · Minimatic|Author|SACEM|535774330| · Minimatic|Composer|SACEM|535774330|";"pilot-pending"
"PGO0050";"9f243af3f3bbbbdd";"Riviera Bizarre";"c80e462881843eb2e52be2419c3cdf8b";"";"Moi Je N'Aimerais Que Toi Instrumental";"Main";"false";"";"";"no-change";"aucun-compositeur";"";"PARIGO";"";"no-change"
"PGO0050";"9f243af3f3bbbbdd";"Riviera Bizarre";"236727f04eb5e4573ba639882f392278";"";"Moi Je N'Aimerais Que Toi Electro Pop";"Main";"false";"";"Minimatic";"update";"composer-vide-minimatic-attesté-par-ayant-droit";"";"PARIGO";"PARIGO|Original Publisher|SACEM|461629743| · Minimatic|Author|SACEM|535774330| · Minimatic|Composer|SACEM|535774330|";"pilot-pending"
"PGO0050";"9f243af3f3bbbbdd";"Riviera Bizarre";"aaa4a04cbdf0f49b0fce3a33c78e5b40";"";"Moi Je N'Aimerais Que Toi Electro Pop Instrumental";"Main";"false";"";"";"no-change";"aucun-compositeur";"";"PARIGO";"";"no-change"
"PGO0050";"9f243af3f3bbbbdd";"Riviera Bizarre";"8dbf80ca29a06754f13b420640c39c79";"";"Miss Starlette";"Main";"false";"";"Minimatic";"update";"composer-vide-minimatic-attesté-par-ayant-droit";"";"PARIGO";"PARIGO|Original Publisher|SACEM|461629743| · Minimatic|Composer|SACEM|535774330|";"pilot-pending"
"PGO0050";"9f243af3f3bbbbdd";"Riviera Bizarre";"87e0f06e0978bf9697298b65cf174515";"";"Au Crash Club";"Main";"false";"";"Minimatic";"update";"composer-vide-minimatic-attesté-par-ayant-droit";"";"PARIGO";"PARIGO|Original Publisher|SACEM|461629743| · Minimatic|Author|SACEM|535774330| · Minimatic|Composer|SACEM|535774330|";"pilot-pending"
"PGO0050";"9f243af3f3bbbbdd";"Riviera Bizarre";"e6e4e1d4f86a8914840863fa91001b8c";"";"Au Crash Club Male And Female Vocals";"Main";"false";"";"";"no-change";"aucun-compositeur";"";"PARIGO";"";"no-change"
"PGO0050";"9f243af3f3bbbbdd";"Riviera Bizarre";"14ffab295a516a39c0f3ee6c367fc5a2";"";"Au Crash Club Instrumental";"Main";"false";"";"";"no-change";"aucun-compositeur";"";"PARIGO";"";"no-change"
"PGO0050";"9f243af3f3bbbbdd";"Riviera Bizarre";"52ab46d43be3e2f649994241da5d8df1";"";"San Remo Imbroglio";"Main";"false";"";"Minimatic";"update";"composer-vide-minimatic-attesté-par-ayant-droit";"";"PARIGO";"PARIGO|Original Publisher|SACEM|461629743| · Minimatic|Composer|SACEM|535774330|";"pilot-pending"
"PGO0050";"9f243af3f3bbbbdd";"Riviera Bizarre";"ebf6292bd7e33421d19ac6c2b3a66e46";"";"Fifty Shades Of Azur";"Main";"false";"";"Minimatic";"update";"composer-vide-minimatic-attesté-par-ayant-droit";"";"PARIGO";"PARIGO|Original Publisher|SACEM|461629743| · Minimatic|Composer|SACEM|535774330|";"pilot-pending"
"PGO0050";"9f243af3f3bbbbdd";"Riviera Bizarre";"96a05aedd42c6f6dd8b7ac55fd74fada";"";"Casino Robbery";"Main";"false";"";"Minimatic";"update";"composer-vide-minimatic-attesté-par-ayant-droit";"";"PARIGO";"PARIGO|Original Publisher|SACEM|461629743| · Minimatic|Composer|SACEM|535774330|";"pilot-pending"
"PGO0050";"9f243af3f3bbbbdd";"Riviera Bizarre";"4d35938510e85c3074c6ef8e0b128160";"";"Pling Plang Plung";"Main";"false";"";"";"no-change";"aucun-compositeur";"";"PARIGO";"";"no-change"
"PGO0050";"9f243af3f3bbbbdd";"Riviera Bizarre";"3563376668e34c4917efb326c1953b86";"";"Groovy Saint Tropez";"Main";"false";"";"Minimatic";"update";"composer-vide-minimatic-attesté-par-ayant-droit";"";"PARIGO";"PARIGO|Original Publisher|SACEM|461629743| · Minimatic|Composer|SACEM|535774330|";"pilot-pending"
"PGO0050";"9f243af3f3bbbbdd";"Riviera Bizarre";"fa02a20b3f456a8f37222483f5eaf8ec";"";"Hand In Hand";"Main";"false";"";"Minimatic";"update";"composer-vide-minimatic-attesté-par-ayant-droit";"";"PARIGO";"PARIGO|Original Publisher|SACEM|461629743| · Minimatic|Composer|SACEM|535774330|";"pilot-pending"
"PGO0050";"9f243af3f3bbbbdd";"Riviera Bizarre";"e2d216d1d192a75ff3d31f21094d2e71";"";"Like A Flash";"Main";"false";"";"Minimatic";"update";"composer-vide-minimatic-attesté-par-ayant-droit";"";"PARIGO";"PARIGO|Original Publisher|SACEM|461629743| · Minimatic|Author|SACEM|535774330| · Minimatic|Composer|SACEM|535774330|";"pilot-pending"
"PGO0050";"9f243af3f3bbbbdd";"Riviera Bizarre";"e6eac8acb855ed8887104a7da7cae277";"";"Like A Flash Instrumental";"Main";"false";"";"";"no-change";"aucun-compositeur";"";"PARIGO";"";"no-change"
"PGO0050";"9f243af3f3bbbbdd";"Riviera Bizarre";"a9a93bcea19aee111a216c0aa75bd221";"";"Cognac In The Rain";"Main";"false";"";"Minimatic";"update";"composer-vide-minimatic-attesté-par-ayant-droit";"";"PARIGO";"PARIGO|Original Publisher|SACEM|461629743| · Minimatic|Composer|SACEM|535774330|";"pilot-pending"
"PGO0050";"9f243af3f3bbbbdd";"Riviera Bizarre";"e198af0d97b9e0c5937f95045b7b3f7e";"";"Stupido Bossa";"Main";"false";"";"Minimatic";"update";"composer-vide-minimatic-attesté-par-ayant-droit";"";"PARIGO";"PARIGO|Original Publisher|SACEM|461629743| · Minimatic|Composer|SACEM|535774330|";"pilot-pending"
"PGO0050";"9f243af3f3bbbbdd";"Riviera Bizarre";"ebd5e621f22dcd3fa73db5d93121a6b4";"";"Riviera Sunset";"Main";"false";"";"Minimatic";"update";"composer-vide-minimatic-attesté-par-ayant-droit";"";"PARIGO";"PARIGO|Original Publisher|SACEM|461629743| · Minimatic|Composer|SACEM|535774330|";"pilot-pending"
"PGO0050";"9f243af3f3bbbbdd";"Riviera Bizarre";"0d758bd7555f09c0e8dbe0bb420627ee";"";"Souvenirs From Monaco";"Main";"false";"";"Minimatic";"update";"composer-vide-minimatic-attesté-par-ayant-droit";"";"PARIGO";"PARIGO|Original Publisher|SACEM|461629743| · Minimatic|Composer|SACEM|535774330|";"pilot-pending"
"PGO0049";"5b425421282dc96d";"Odyssey Suites And Remixes";"e63137588f5c54732c6171b18261838e";"";"Free Spirits";"Main";"false";"Sebastien Blanchon (SACEM)";"Sebastien BLANCHON";"update";"suffixe-société-et-identité-structurée";"Sebastien Blanchon";"PARIGO";"Sebastien BLANCHON|Composer|SACEM|154078573| · PARIGO|Original Publisher|SACEM|461629743|";"pilot-pending"
"PGO0049";"5b425421282dc96d";"Odyssey Suites And Remixes";"74c86772d46d335db10b705005dea967";"";"Free Spirits N Zeng Remix";"Main";"false";"Sebastien Blanchon (SACEM) · N Zeng (SACEM)";"Sebastien BLANCHON · N Zeng";"update";"suffixe-société-et-identité-structurée";"Sebastien Blanchon · N Zeng";"PARIGO";"N Zeng|Composer|SACEM|01142389953| · PARIGO|Original Publisher|SACEM|461629743| · Sebastien BLANCHON|Composer|SACEM|154078573|";"pilot-pending"
"PGO0049";"5b425421282dc96d";"Odyssey Suites And Remixes";"96de051c1dde5002b742fc2ea45dafcc";"";"Free Spirits Drixxxe Remix";"Main";"false";"Sebastien Blanchon (SACEM) · Drixxxe (SACEM)";"Sebastien BLANCHON · Drixxxe";"update";"suffixe-société-et-identité-structurée";"Sebastien Blanchon · Drixxxe";"PARIGO";"Drixxxe|Composer|SACEM|151507989| · PARIGO|Original Publisher|SACEM|461629743| · Sebastien BLANCHON|Composer|SACEM|154078573|";"pilot-pending"
"PGO0049";"5b425421282dc96d";"Odyssey Suites And Remixes";"5640e142e43c8014af3db832b13ee61a";"";"Free Spirits Flore Remix";"Main";"false";"Sebastien Blanchon · Flore Morfin";"Sebastien BLANCHON · Flore Morfin";"update";"variante-mécanique-attestée-par-ayant-droit";"Sebastien Blanchon · Flore Morfin";"PARIGO";"PARIGO|Original Publisher|SACEM|461629743| · Flore Morfin|Composer|SACEM|487505424| · Sebastien BLANCHON|Composer|SACEM|154078573|";"pilot-pending"
"PGO0049";"5b425421282dc96d";"Odyssey Suites And Remixes";"7d69dec15c3a6db681242b9d51ee95b7";"";"Free Spirits Arandel Remix";"Main";"false";"Sebastien Blanchon (SACEM) · Arandel (SACEM)";"Sebastien BLANCHON · Arandel";"update";"suffixe-société-et-identité-structurée";"Sebastien Blanchon · Arandel";"PARIGO";"PARIGO|Original Publisher|SACEM|461629743| · Arandel|Composer|SACEM|598995056| · Sebastien BLANCHON|Composer|SACEM|154078573|";"pilot-pending"
"PGO0049";"5b425421282dc96d";"Odyssey Suites And Remixes";"fba1d973be9a6277a7e6382fccf858be";"";"Free Spirits Madben Remix";"Main";"false";"Sebastien Blanchon (SACEM) · Madben (SACEM)";"Sebastien BLANCHON · Madben";"update";"suffixe-société-et-identité-structurée";"Sebastien Blanchon · Madben";"PARIGO";"PARIGO|Original Publisher|SACEM|461629743| · Madben|Composer|SACEM|658306724| · Sebastien BLANCHON|Composer|SACEM|154078573|";"pilot-pending"
"PGO0049";"5b425421282dc96d";"Odyssey Suites And Remixes";"eb451533beef44ff5d752c80054d66e4";"";"Liquid";"Main";"false";"Sebastien Blanchon (SACEM)";"Sebastien BLANCHON";"update";"suffixe-société-et-identité-structurée";"Sebastien Blanchon";"PARIGO";"PARIGO|Original Publisher|SACEM|461629743| · Sebastien BLANCHON|Composer|SACEM|154078573|";"pilot-pending"
"PGO0049";"5b425421282dc96d";"Odyssey Suites And Remixes";"aa354a65ef3409a815d5b3503cb77a3b";"";"Liquid Flore Remix";"Main";"false";"Sebastien Blanchon (SACEM) · Flore Morchin (SACEM)";"Sebastien BLANCHON · Flore Morfin";"update";"suffixe-société-et-identité-structurée+correction-explicite-validée";"Sebastien Blanchon · Flore Morchin";"PARIGO";"PARIGO|Original Publisher|SACEM|461629743| · Flore Morfin|Composer|SACEM|487505424| · Sebastien BLANCHON|Composer|SACEM|154078573|";"pilot-pending"
"PGO0049";"5b425421282dc96d";"Odyssey Suites And Remixes";"3c39a6533e89baa935ea99d129df6144";"";"Take Off";"Main";"false";"Sebastien Blanchon (SACEM)";"Sebastien BLANCHON";"update";"suffixe-société-et-identité-structurée";"Sebastien Blanchon";"PARIGO";"PARIGO|Original Publisher|SACEM|461629743| · Sebastien BLANCHON|Composer|SACEM|154078573|";"pilot-pending"
"PGO0049";"5b425421282dc96d";"Odyssey Suites And Remixes";"e83e4f5567b10a28b7c1442a84ca4c38";"";"Take Off Arandel Remix";"Main";"false";"Sebastien Blanchon (SACEM) · Arandel (SACEM)";"Sebastien BLANCHON · Arandel";"update";"suffixe-société-et-identité-structurée";"Sebastien Blanchon · Arandel";"PARIGO";"PARIGO|Original Publisher|SACEM|461629743| · Arandel|Composer|SACEM|598995056| · Sebastien BLANCHON|Composer|SACEM|154078573|";"pilot-pending"
"PGO0049";"5b425421282dc96d";"Odyssey Suites And Remixes";"bdbfbe12ef9e6dc48d73ac3fc373ec05";"";"Take Off Arom Drill Remix";"Main";"false";"Sebastien Blanchon (SACEM) · Amaury Messelier (SACEM)";"Sebastien BLANCHON · Amaury Messelier";"update";"suffixe-société-et-identité-structurée";"Sebastien Blanchon · Amaury Messelier";"PARIGO";"PARIGO|Original Publisher|SACEM|461629743| · Amaury Messelier|Composer|SACEM|864479588| · Sebastien BLANCHON|Composer|SACEM|154078573|";"pilot-pending"
"PGO0049";"5b425421282dc96d";"Odyssey Suites And Remixes";"55385476aadfce3c94cf3961c72af56a";"";"Take Off NSDOS Rework";"Main";"false";"Sebastien Blanchon (SACEM) · Brice Torres (SACEM)";"Sebastien BLANCHON · Brice Torres";"update";"suffixe-société-et-identité-structurée";"Sebastien Blanchon · Brice Torres";"PARIGO";"PARIGO|Original Publisher|SACEM|461629743| · Brice Torres|Composer|SACEM|806455831| · Sebastien BLANCHON|Composer|SACEM|154078573|";"pilot-pending"
"PGO0049";"5b425421282dc96d";"Odyssey Suites And Remixes";"46119554db962f6970423fc743bac65e";"";"Stalking";"Main";"false";"Sebastien Blanchon (SACEM)";"Sebastien BLANCHON";"update";"suffixe-société-et-identité-structurée";"Sebastien Blanchon";"PARIGO";"PARIGO|Original Publisher|SACEM|461629743| · Sebastien BLANCHON|Composer|SACEM|154078573|";"pilot-pending"
"PGO0049";"5b425421282dc96d";"Odyssey Suites And Remixes";"365c38ca77f027a7c8309453c04774e2";"";"Stalking The Architect Remix";"Main";"false";"Sebastien Blanchon (SACEM) · The Architect (SACEM)";"Sebastien BLANCHON · The Architect";"update";"suffixe-société-et-identité-structurée";"Sebastien Blanchon · The Architect";"PARIGO";"PARIGO|Original Publisher|SACEM|461629743| · The Architect|Composer|SACEM|01046855348| · Sebastien BLANCHON|Composer|SACEM|154078573|";"pilot-pending"
"PGO0049";"5b425421282dc96d";"Odyssey Suites And Remixes";"9405f1c07211a156d34cfd3a3fe1dbba";"";"Stalking Arom Remix";"Main";"false";"Sebastien Blanchon (SACEM) · Amaury Messelier (SACEM)";"Sebastien BLANCHON · Amaury Messelier";"update";"suffixe-société-et-identité-structurée";"Sebastien Blanchon · Amaury Messelier";"PARIGO";"PARIGO|Original Publisher|SACEM|461629743| · Amaury Messelier|Composer|SACEM|864479588| · Sebastien BLANCHON|Composer|SACEM|154078573|";"pilot-pending"
"PGO0049";"5b425421282dc96d";"Odyssey Suites And Remixes";"a4d72b32bd0756e2033e731a0e8aae54";"";"Stalking N Zeng Remix";"Main";"false";"Sebastien Blanchon (SACEM) · N Zeng (SACEM)";"Sebastien BLANCHON · N Zeng";"update";"suffixe-société-et-identité-structurée";"Sebastien Blanchon · N Zeng";"PARIGO";"PARIGO|Original Publisher|SACEM|461629743| · N Zeng|Composer|SACEM|01142389953| · Sebastien BLANCHON|Composer|SACEM|154078573|";"pilot-pending"
"PGO0048";"40239444d70ed311";"Solo Piano Vol.2";"9b4dd133ed66afa5ea42e0858b90d35b";"";"Reset Your Life Solo Piano";"Main";"false";"Laurent Dury (SACEM)";"Laurent Dury";"update";"suffixe-société";"Laurent Dury";"PARIGO";"";"pilot-pending"
"PGO0048";"40239444d70ed311";"Solo Piano Vol.2";"577d2a0d59e7d2262b2858717246f0c2";"";"Romantic Saga Solo Piano";"Main";"false";"Jean-Michel Vallet (SACEM) · Claire Michael (SACEM) · Patrick Chartol (SACEM)";"Jean-Michel Vallet · Claire Michael · Patrick Chartol";"update";"suffixe-société";"Jean-Michel Vallet · Claire Michael · Patrick Chartol";"PARIGO";"";"pilot-pending"
"PGO0048";"40239444d70ed311";"Solo Piano Vol.2";"d78b742aaa94610cd26cdfcde2c629c3";"";"Night Time Au Pere Lachaise Solo Piano";"Main";"false";"Jean-Michel Vallet (SACEM) · Claire Michael (SACEM) · Patrick Chartol (SACEM)";"Jean-Michel Vallet · Claire Michael · Patrick Chartol";"update";"suffixe-société";"Jean-Michel Vallet · Claire Michael · Patrick Chartol";"PARIGO";"";"pilot-pending"
"PGO0048";"40239444d70ed311";"Solo Piano Vol.2";"6b733bf842f10a1226a6cd310e79359e";"";"At The Louvres Solo Piano";"Main";"false";"Jean-Michel Vallet (SACEM) · Claire Michael (SACEM) · Patrick Chartol (SACEM)";"Jean-Michel Vallet · Claire Michael · Patrick Chartol";"update";"suffixe-société";"Jean-Michel Vallet · Claire Michael · Patrick Chartol";"PARIGO";"";"pilot-pending"
"PGO0048";"40239444d70ed311";"Solo Piano Vol.2";"82765264f68f5ca2fbf2eaef635a94e9";"";"For Paris Solo Piano";"Main";"false";"Thierry Loshouarn (SACEM) · Muriel Illouz (SACEM) · Gérard Gacoin (SACEM) · Jean-Michel Haye (SACEM) · Philippe Rak (SACEM)";"Thierry Loshouarn · Muriel Illouz · Gérard Gacoin · Jean-Michel Haye · Philippe Rak";"update";"suffixe-société";"Thierry Loshouarn · Muriel Illouz · Gérard Gacoin · Jean-Michel Haye · Philippe Rak";"PARIGO";"";"pilot-pending"
"PGO0048";"40239444d70ed311";"Solo Piano Vol.2";"04fc1c2266d8fbf42ee582cbb7edf683";"";"Make Your Own Way Solo Piano";"Main";"false";"Laurent Dury (SACEM)";"Laurent Dury";"update";"suffixe-société";"Laurent Dury";"PARIGO";"";"pilot-pending"
"PGO0048";"40239444d70ed311";"Solo Piano Vol.2";"2ef85f12a751bed145ea05c415e83301";"";"Pia Piano Twist Solo Piano";"Main";"false";"Jean-Michel Vallet (SACEM) · Claire Michael (SACEM) · Patrick Chartol (SACEM)";"Jean-Michel Vallet · Claire Michael · Patrick Chartol";"update";"suffixe-société";"Jean-Michel Vallet · Claire Michael · Patrick Chartol";"PARIGO";"";"pilot-pending"
"PGO0048";"40239444d70ed311";"Solo Piano Vol.2";"116951ef4d8f708c4a09054824993c92";"";"Disco Boat Solo Piano";"Main";"false";"Thierry Loshouarn (SACEM) · Philippe Rak (SACEM)";"Thierry Loshouarn · Philippe Rak";"update";"suffixe-société";"Thierry Loshouarn · Philippe Rak";"PARIGO";"";"pilot-pending"
"PGO0048";"40239444d70ed311";"Solo Piano Vol.2";"f065582aee14d8feadb72a307036191c";"";"Dread At The Keys Solo Piano";"Main";"false";"Nicolas Belouet (SACEM) · Thomas Cirade (SACEM)";"Nicolas Belouet · Thomas Cirade";"update";"suffixe-société";"Nicolas Belouet · Thomas Cirade";"PARIGO";"";"pilot-pending"
"PGO0048";"40239444d70ed311";"Solo Piano Vol.2";"341444f41a7662cc144a6e6da7319c48";"";"In Paris And In Love Solo Piano";"Main";"false";"Jean-Pierre Menager (SACEM)";"Jean-Pierre Menager";"update";"suffixe-société";"Jean-Pierre Menager";"PARIGO";"";"pilot-pending"
"PGO0048";"40239444d70ed311";"Solo Piano Vol.2";"bedfe5c41e7a406303ed0f48bb7c94ad";"";"Lovers Waltz Solo Piano";"Main";"false";"Jean-Michel Vallet (SACEM) · Claire Michael (SACEM) · Patrick Chartol (SACEM)";"Jean-Michel Vallet · Claire Michael · Patrick Chartol";"update";"suffixe-société";"Jean-Michel Vallet · Claire Michael · Patrick Chartol";"PARIGO";"";"pilot-pending"
"PGO0048";"40239444d70ed311";"Solo Piano Vol.2";"433ff5a0edcf519e3905326f606081f8";"";"Bill The Buffoon Solo Honky Tonk Piano";"Main";"false";"Jean-Michel Vallet (SACEM) · Claire Michael (SACEM) · Patrick Chartol (SACEM)";"Jean-Michel Vallet · Claire Michael · Patrick Chartol";"update";"suffixe-société";"Jean-Michel Vallet · Claire Michael · Patrick Chartol";"PARIGO";"";"pilot-pending"
"PGO0048";"40239444d70ed311";"Solo Piano Vol.2";"2f99cc4ef758f7dfb5783153b9c1f9e0";"";"Bill The Buffoon Solo Piano";"Main";"false";"Jean-Michel Vallet (SACEM) · Claire Michael (SACEM) · Patrick Chartol (SACEM)";"Jean-Michel Vallet · Claire Michael · Patrick Chartol";"update";"suffixe-société";"Jean-Michel Vallet · Claire Michael · Patrick Chartol";"PARIGO";"";"pilot-pending"
"PGO0048";"40239444d70ed311";"Solo Piano Vol.2";"3ad637894baa821312956d42996dd11b";"";"A Shadow With A Knife Piano Solo";"Main";"false";"Julien Diesnis (SACEM) · Cedric Bertin (SACEM)";"Julien Diesnis · Cedric Bertin";"update";"suffixe-société";"Julien Diesnis · Cedric Bertin";"PARIGO";"";"pilot-pending"
"PGO0048";"40239444d70ed311";"Solo Piano Vol.2";"ebd8b7b4367766576bb675d92a3da483";"";"Montmartre Can Can Solo Piano";"Main";"false";"Jean-Michel Vallet (SACEM) · Claire Michael (SACEM) · Patrick Chartol (SACEM)";"Jean-Michel Vallet · Claire Michael · Patrick Chartol";"update";"suffixe-société";"Jean-Michel Vallet · Claire Michael · Patrick Chartol";"PARIGO";"";"pilot-pending"
"PGO0048";"40239444d70ed311";"Solo Piano Vol.2";"1a68ef53305c3ca4bbdb77c55b6a9f07";"";"Flutterings Solo Piano 2";"Main";"false";"Laurent Dury (SACEM)";"Laurent Dury";"update";"suffixe-société";"Laurent Dury";"PARIGO";"";"pilot-pending"
"PGO0048";"40239444d70ed311";"Solo Piano Vol.2";"8e1dcf6aa9ac6d33771f862a0c9d5786";"";"Zar Solo Piano";"Main";"false";"Michael Havard (SACEM) · Florent Berteau (SACEM) · Samuel Hirsch (SACEM) · Aristide Goncalves (SACEM) · Gerald Bonnegrace (SACEM) · Fabien Girard (SACEM)";"Michael Havard · Florent Berteau · Samuel Hirsch · Aristide Goncalves · Gerald Bonnegrace · Fabien Girard";"update";"suffixe-société";"Michael Havard · Florent Berteau · Samuel Hirsch · Aristide Goncalves · Gerald Bonnegrace · Fabien Girard";"PARIGO";"";"pilot-pending"
"PGO0048";"40239444d70ed311";"Solo Piano Vol.2";"520602865841b7b134578cde6a14e399";"";"Zar Version 2 Solo Piano";"Main";"false";"Michael Havard (SACEM) · Florent Berteau (SACEM) · Samuel Hirsch (SACEM) · Aristide Goncalves (SACEM) · Gerald Bonnegrace (SACEM) · Fabien Girard (SACEM)";"Michael Havard · Florent Berteau · Samuel Hirsch · Aristide Goncalves · Gerald Bonnegrace · Fabien Girard";"update";"suffixe-société";"Michael Havard · Florent Berteau · Samuel Hirsch · Aristide Goncalves · Gerald Bonnegrace · Fabien Girard";"PARIGO";"";"pilot-pending"
"PGO0048";"40239444d70ed311";"Solo Piano Vol.2";"12e7d98d7fef071d3966e5b2f77ab9ae";"";"Zar Version 3 Solo Piano";"Main";"false";"Michael Havard (SACEM) · Florent Berteau (SACEM) · Samuel Hirsch (SACEM) · Aristide Goncalves (SACEM) · Gerald Bonnegrace (SACEM) · Fabien Girard (SACEM)";"Michael Havard · Florent Berteau · Samuel Hirsch · Aristide Goncalves · Gerald Bonnegrace · Fabien Girard";"update";"suffixe-société";"Michael Havard · Florent Berteau · Samuel Hirsch · Aristide Goncalves · Gerald Bonnegrace · Fabien Girard";"PARIGO";"";"pilot-pending"
"PGO0048";"40239444d70ed311";"Solo Piano Vol.2";"21770be0a33dc5b8474bc68f8e210760";"";"Campfire Solo Piano";"Main";"false";"Thierry Loshouarn (SACEM) · Philippe Rak (SACEM)";"Thierry Loshouarn · Philippe Rak";"update";"suffixe-société";"Thierry Loshouarn · Philippe Rak";"PARIGO";"";"pilot-pending"
"PGO0048";"40239444d70ed311";"Solo Piano Vol.2";"b2b00d6fa493a6fee4269d4862a87fb0";"";"The Saudade Of Cap Verde Solo Piano";"Main";"false";"Jean-Michel Vallet (SACEM) · Claire Michael (SACEM) · Patrick Chartol (SACEM)";"Jean-Michel Vallet · Claire Michael · Patrick Chartol";"update";"suffixe-société";"Jean-Michel Vallet · Claire Michael · Patrick Chartol";"PARIGO";"";"pilot-pending"
"PGO0048";"40239444d70ed311";"Solo Piano Vol.2";"bcb887922041b1c7619b2bf7671e643f";"";"The Revenge Of The Monster Solo Piano";"Main";"false";"Jean-Michel Vallet (SACEM) · Claire Michael (SACEM) · Patrick Chartol (SACEM)";"Jean-Michel Vallet · Claire Michael · Patrick Chartol";"update";"suffixe-société";"Jean-Michel Vallet · Claire Michael · Patrick Chartol";"PARIGO";"";"pilot-pending"
"PGO0048";"40239444d70ed311";"Solo Piano Vol.2";"d6a3e644621d8cc32788ae2a93f608c9";"";"Waltz For Emilie Solo Piano";"Main";"false";"Jean-Michel Vallet (SACEM) · Claire Michael (SACEM) · Patrick Chartol (SACEM)";"Jean-Michel Vallet · Claire Michael · Patrick Chartol";"update";"suffixe-société";"Jean-Michel Vallet · Claire Michael · Patrick Chartol";"PARIGO";"";"pilot-pending"
"PGO0048";"40239444d70ed311";"Solo Piano Vol.2";"f2871e76a0356b145b0eaeb34a97d508";"";"Polkaism Solo Piano";"Main";"false";"Laurent Dury (SACEM)";"Laurent Dury";"update";"suffixe-société";"Laurent Dury";"PARIGO";"";"pilot-pending"
"PGO0048";"40239444d70ed311";"Solo Piano Vol.2";"632702d481c6023e7e28b966d3f2ab7a";"";"Impressionist Moments Solo Piano";"Main";"false";"Sebastien Blanchon (SACEM)";"Sebastien Blanchon";"update";"suffixe-société";"Sebastien Blanchon";"PARIGO";"";"pilot-pending"
"PGO0048";"40239444d70ed311";"Solo Piano Vol.2";"ec48b9af8480a412b39e9e092f3ec3e5";"";"The Puppeteer Solo Piano";"Main";"false";"Jean-Michel Vallet (SACEM) · Claire Michael (SACEM) · Patrick Chartol (SACEM)";"Jean-Michel Vallet · Claire Michael · Patrick Chartol";"update";"suffixe-société";"Jean-Michel Vallet · Claire Michael · Patrick Chartol";"PARIGO";"";"pilot-pending"
"PGO0048";"40239444d70ed311";"Solo Piano Vol.2";"ff4d41a7dd54cfb561d2cbac325457df";"";"Happy Birthday Solo Piano";"Main";"false";"Jean-Michel Vallet (SACEM) · Claire Michael (SACEM) · Patrick Chartol (SACEM)";"Jean-Michel Vallet · Claire Michael · Patrick Chartol";"update";"suffixe-société";"Jean-Michel Vallet · Claire Michael · Patrick Chartol";"PARIGO";"";"pilot-pending"
"PGO0048";"40239444d70ed311";"Solo Piano Vol.2";"964f88252b9ca9b9dff2b1f167d2dced";"";"Happy Birthday Mr Ragtime Solo Piano";"Main";"false";"Jean-Michel Vallet (SACEM) · Claire Michael (SACEM) · Patrick Chartol (SACEM)";"Jean-Michel Vallet · Claire Michael · Patrick Chartol";"update";"suffixe-société";"Jean-Michel Vallet · Claire Michael · Patrick Chartol";"PARIGO";"";"pilot-pending"
"PGO0048";"40239444d70ed311";"Solo Piano Vol.2";"aa006e4339f14cf117343ea525174a88";"";"Happy Birthday Mr Grim Solo Piano";"Main";"false";"Jean-Michel Vallet (SACEM) · Claire Michael (SACEM) · Patrick Chartol (SACEM)";"Jean-Michel Vallet · Claire Michael · Patrick Chartol";"update";"suffixe-société";"Jean-Michel Vallet · Claire Michael · Patrick Chartol";"PARIGO";"";"pilot-pending"
"PGO0048";"40239444d70ed311";"Solo Piano Vol.2";"7b2e7d9bd65e99e47dcc81a2dcaface9";"";"Happy Birthday Mr Gloomy Solo Piano";"Main";"false";"Jean-Michel Vallet (SACEM) · Claire Michael (SACEM) · Patrick Chartol (SACEM)";"Jean-Michel Vallet · Claire Michael · Patrick Chartol";"update";"suffixe-société";"Jean-Michel Vallet · Claire Michael · Patrick Chartol";"PARIGO";"";"pilot-pending"
"PGO0048";"40239444d70ed311";"Solo Piano Vol.2";"4f304b8c7853b7be723a0953a84e1a00";"";"Happy Birthday Mr Wrong Solo Piano";"Main";"false";"Jean-Michel Vallet (SACEM) · Claire Michael (SACEM) · Patrick Chartol (SACEM)";"Jean-Michel Vallet · Claire Michael · Patrick Chartol";"update";"suffixe-société";"Jean-Michel Vallet · Claire Michael · Patrick Chartol";"PARIGO";"";"pilot-pending"
"PGO0048";"40239444d70ed311";"Solo Piano Vol.2";"5afee8ba57c0825699e890d2eca1eec0";"";"Happy Birthday Mr Classical Solo Piano";"Main";"false";"Jean-Michel Vallet (SACEM) · Claire Michael (SACEM) · Patrick Chartol (SACEM)";"Jean-Michel Vallet · Claire Michael · Patrick Chartol";"update";"suffixe-société";"Jean-Michel Vallet · Claire Michael · Patrick Chartol";"PARIGO";"";"pilot-pending"
"PGO0047";"67274b8ed0397295";"Solo Piano";"67f42791dde8fb9f6fc212783539907f";"";"A Parisian Promenade Solo Piano";"Main";"false";"Jean-Michel Vallet (SACEM) · Claire Michael (SACEM) · Patrick Chartol (SACEM)";"Jean-Michel Vallet · Claire Michael · Patrick Chartol";"update";"suffixe-société";"Jean-Michel Vallet · Claire Michael · Patrick Chartol";"PARIGO";"";"pilot-pending"
"PGO0047";"67274b8ed0397295";"Solo Piano";"128d9314469f7b461652f387c8f13428";"";"Paris Je T'Aime Solo Piano";"Main";"false";"Jean-Michel Vallet (SACEM) · Claire Michael (SACEM) · Patrick Chartol (SACEM)";"Jean-Michel Vallet · Claire Michael · Patrick Chartol";"update";"suffixe-société";"Jean-Michel Vallet · Claire Michael · Patrick Chartol";"PARIGO";"";"pilot-pending"
"PGO0047";"67274b8ed0397295";"Solo Piano";"9ebf30fca1e6941be3ff14b4c338275f";"";"Unusual Suspect Solo Piano";"Main";"false";"Jean-Michel Vallet (SACEM) · Claire Michael (SACEM) · Patrick Chartol (SACEM)";"Jean-Michel Vallet · Claire Michael · Patrick Chartol";"update";"suffixe-société";"Jean-Michel Vallet · Claire Michael · Patrick Chartol";"PARIGO";"";"pilot-pending"
"PGO0047";"67274b8ed0397295";"Solo Piano";"e37353824d0aa755545ce26eb7d854c6";"";"Little Mozart Solo Piano";"Main";"false";"Jean-Michel Vallet (SACEM) · Claire Michael (SACEM) · Patrick Chartol (SACEM)";"Jean-Michel Vallet · Claire Michael · Patrick Chartol";"update";"suffixe-société";"Jean-Michel Vallet · Claire Michael · Patrick Chartol";"PARIGO";"";"pilot-pending"
"PGO0047";"67274b8ed0397295";"Solo Piano";"308177b8bd405d75e25dc431b3ace5cd";"";"Notes On Reflection Solo Piano";"Main";"false";"Jean-Michel Vallet (SACEM) · Claire Michael (SACEM) · Patrick Chartol (SACEM)";"Jean-Michel Vallet · Claire Michael · Patrick Chartol";"update";"suffixe-société";"Jean-Michel Vallet · Claire Michael · Patrick Chartol";"PARIGO";"";"pilot-pending"
"PGO0047";"67274b8ed0397295";"Solo Piano";"903d3c1b953972b48b0de74bf51f48e1";"";"Beaubourg Modern Art Solo Piano";"Main";"false";"Jean-Michel Vallet (SACEM) · Claire Michael (SACEM) · Patrick Chartol (SACEM)";"Jean-Michel Vallet · Claire Michael · Patrick Chartol";"update";"suffixe-société";"Jean-Michel Vallet · Claire Michael · Patrick Chartol";"PARIGO";"";"pilot-pending"
"PGO0047";"67274b8ed0397295";"Solo Piano";"c3fa35fda4144199f863a6c06f8e3f30";"";"King Of The Keys Solo Piano";"Main";"false";"Jean-Michel Vallet (SACEM) · Claire Michael (SACEM) · Patrick Chartol (SACEM)";"Jean-Michel Vallet · Claire Michael · Patrick Chartol";"update";"suffixe-société";"Jean-Michel Vallet · Claire Michael · Patrick Chartol";"PARIGO";"";"pilot-pending"
"PGO0047";"67274b8ed0397295";"Solo Piano";"942554bf944ff802d5a9d445302c083a";"";"Three Months By Your Side Solo Piano";"Main";"false";"Thierry Loshouarn (SACEM) · Philippe Rak (SACEM)";"Thierry Loshouarn · Philippe Rak";"update";"suffixe-société";"Thierry Loshouarn · Philippe Rak";"PARIGO";"";"pilot-pending"
"PGO0047";"67274b8ed0397295";"Solo Piano";"643e0092c7d4b7c755fb9c171bd19ffa";"";"Pia Cha Cha Solo Piano";"Main";"false";"Jean-Michel Vallet (SACEM) · Claire Michael (SACEM) · Patrick Chartol (SACEM)";"Jean-Michel Vallet · Claire Michael · Patrick Chartol";"update";"suffixe-société";"Jean-Michel Vallet · Claire Michael · Patrick Chartol";"PARIGO";"";"pilot-pending"
"PGO0047";"67274b8ed0397295";"Solo Piano";"bcf65ab2c1d324d2b518595f23060c55";"";"A Romantic Journey Solo Piano";"Main";"false";"Jean-Michel Vallet (SACEM) · Claire Michael (SACEM) · Patrick Chartol (SACEM)";"Jean-Michel Vallet · Claire Michael · Patrick Chartol";"update";"suffixe-société";"Jean-Michel Vallet · Claire Michael · Patrick Chartol";"PARIGO";"";"pilot-pending"
"PGO0047";"67274b8ed0397295";"Solo Piano";"00e263cec7064e22c457d23a72eafd85";"";"The Day After Solo Piano";"Main";"false";"Jean-Michel Vallet (SACEM) · Claire Michael (SACEM) · Patrick Chartol (SACEM)";"Jean-Michel Vallet · Claire Michael · Patrick Chartol";"update";"suffixe-société";"Jean-Michel Vallet · Claire Michael · Patrick Chartol";"PARIGO";"";"pilot-pending"
"PGO0047";"67274b8ed0397295";"Solo Piano";"99d6ec8885e2fa531e3ad73ae1fcca64";"";"Discovering The Catacombes Solo Piano";"Main";"false";"Jean-Michel Vallet (SACEM) · Claire Michael (SACEM) · Patrick Chartol (SACEM)";"Jean-Michel Vallet · Claire Michael · Patrick Chartol";"update";"suffixe-société";"Jean-Michel Vallet · Claire Michael · Patrick Chartol";"PARIGO";"";"pilot-pending"
"PGO0047";"67274b8ed0397295";"Solo Piano";"737e6ca62a5e035e34710795e4377fda";"";"Cheerful Wedding March Solo Piano";"Main";"false";"Jean-Michel Vallet (SACEM) · Claire Michael (SACEM) · Patrick Chartol (SACEM)";"Jean-Michel Vallet · Claire Michael · Patrick Chartol";"update";"suffixe-société";"Jean-Michel Vallet · Claire Michael · Patrick Chartol";"PARIGO";"";"pilot-pending"
"PGO0047";"67274b8ed0397295";"Solo Piano";"0e60ffd95491482af44611c8985648f5";"";"Dark Wedding March Solo Piano";"Main";"false";"Jean-Michel Vallet (SACEM) · Claire Michael (SACEM) · Patrick Chartol (SACEM)";"Jean-Michel Vallet · Claire Michael · Patrick Chartol";"update";"suffixe-société";"Jean-Michel Vallet · Claire Michael · Patrick Chartol";"PARIGO";"";"pilot-pending"
"PGO0047";"67274b8ed0397295";"Solo Piano";"da94095f99383e0cad4b85d60da0937d";"";"Dejeuner By The Lake Solo Piano";"Main";"false";"Jean-Michel Vallet (SACEM) · Claire Michael (SACEM) · Patrick Chartol (SACEM)";"Jean-Michel Vallet · Claire Michael · Patrick Chartol";"update";"suffixe-société";"Jean-Michel Vallet · Claire Michael · Patrick Chartol";"PARIGO";"";"pilot-pending"
"PGO0047";"67274b8ed0397295";"Solo Piano";"3ff92deb5f352d1c2ade4806a668c45e";"";"Carried On A Keystroke Solo Piano";"Main";"false";"Jean-Michel Vallet (SACEM) · Claire Michael (SACEM) · Patrick Chartol (SACEM)";"Jean-Michel Vallet · Claire Michael · Patrick Chartol";"update";"suffixe-société";"Jean-Michel Vallet · Claire Michael · Patrick Chartol";"PARIGO";"";"pilot-pending"
"PGO0047";"67274b8ed0397295";"Solo Piano";"a6f81f1d12faa038421530d981cc226c";"";"Playin' The Blues Solo Piano";"Main";"false";"Jean-Michel Vallet (SACEM) · Claire Michael (SACEM) · Patrick Chartol (SACEM)";"Jean-Michel Vallet · Claire Michael · Patrick Chartol";"update";"suffixe-société";"Jean-Michel Vallet · Claire Michael · Patrick Chartol";"PARIGO";"";"pilot-pending"
"PGO0047";"67274b8ed0397295";"Solo Piano";"06ced978bae2f677aa6f7083064503f1";"";"3 Bikinis Solo Piano";"Main";"false";"Thierry Loshouarn (SACEM) · Philippe Rak (SACEM)";"Thierry Loshouarn · Philippe Rak";"update";"suffixe-société";"Thierry Loshouarn · Philippe Rak";"PARIGO";"";"pilot-pending"
"PGO0047";"67274b8ed0397295";"Solo Piano";"8154959d3d1a0c6673716d221e8d7f3d";"";"Keys Of Fujiyama Solo Piano";"Main";"false";"Jean-Michel Vallet (SACEM) · Claire Michael (SACEM) · Patrick Chartol (SACEM)";"Jean-Michel Vallet · Claire Michael · Patrick Chartol";"update";"suffixe-société";"Jean-Michel Vallet · Claire Michael · Patrick Chartol";"PARIGO";"";"pilot-pending"
"PGO0047";"67274b8ed0397295";"Solo Piano";"a9382d08d38778bee4cff41212aa73bf";"";"A Charming Approach Solo Piano";"Main";"false";"Laurent Dury (SACEM)";"Laurent Dury";"update";"suffixe-société";"Laurent Dury";"PARIGO";"";"pilot-pending"
"PGO0047";"67274b8ed0397295";"Solo Piano";"03b1d7af5d991f35e7882d9adfdd3d97";"";"Parisian Lost Love Solo Piano";"Main";"false";"Jean-Michel Vallet (SACEM) · Claire Michael (SACEM) · Patrick Chartol (SACEM)";"Jean-Michel Vallet · Claire Michael · Patrick Chartol";"update";"suffixe-société";"Jean-Michel Vallet · Claire Michael · Patrick Chartol";"PARIGO";"";"pilot-pending"
"PGO0047";"67274b8ed0397295";"Solo Piano";"1cca3975bd9106924f766dbfd11cee26";"";"Arsene's Getaway Solo Piano";"Main";"false";"Jean-Michel Vallet (SACEM) · Claire Michael (SACEM) · Patrick Chartol (SACEM)";"Jean-Michel Vallet · Claire Michael · Patrick Chartol";"update";"suffixe-société";"Jean-Michel Vallet · Claire Michael · Patrick Chartol";"PARIGO";"";"pilot-pending"
"PGO0047";"67274b8ed0397295";"Solo Piano";"ac1ba84b878d5dbca630dd81fa471847";"";"Suspended In Time Solo Piano";"Main";"false";"Jean-Michel Vallet (SACEM) · Claire Michael (SACEM) · Patrick Chartol (SACEM)";"Jean-Michel Vallet · Claire Michael · Patrick Chartol";"update";"suffixe-société";"Jean-Michel Vallet · Claire Michael · Patrick Chartol";"PARIGO";"";"pilot-pending"
"PGO0047";"67274b8ed0397295";"Solo Piano";"1ed07b919c552785ce86d40bb6a4b86f";"";"Inflexibility Solo Piano";"Main";"false";"Laurent Dury (SACEM)";"Laurent Dury";"update";"suffixe-société";"Laurent Dury";"PARIGO";"";"pilot-pending"
"PGO0047";"67274b8ed0397295";"Solo Piano";"de07097d2ff97fa6a9d915abb130e605";"";"La Marseillaise De L'Arc De Triomphe Solo Piano";"Main";"false";"Jean-Michel Vallet (SACEM) · Claire Michael (SACEM) · Patrick Chartol (SACEM)";"Jean-Michel Vallet · Claire Michael · Patrick Chartol";"update";"suffixe-société";"Jean-Michel Vallet · Claire Michael · Patrick Chartol";"PARIGO";"";"pilot-pending"
"PGO0046";"1ae37aca2b3dfa51";"Dub Experience";"626a9b4d024f7ef13950163a4187f831";"";"DUPPY STEPPIN";"Main";"false";"Thomas Cirade (NS) · Jimmy Zaccardelli (NS) · Nicodrum (NS) · Yann Jaffre (SACEM)";"Thomas Cirade · Jimmy Zaccardelli · Nicodrum · Yann Jaffre";"update";"suffixe-société-et-identité-structurée+suffixe-société";"";"PARIGO  (NS)";"Thomas Cirade|Composer|SACEM|462037083| · Parigo|Original Publisher|SACEM|461629743| · Jimmy Zaccadrelli|Composer|SACEM|153718470| · Nicodrum|Composer|SACEM|554859114| · Yann Jaffre|Composer|SACEM|496141635|";"pilot-pending"
"PGO0046";"1ae37aca2b3dfa51";"Dub Experience";"e2ab12c13467775284b476c86c3ef1fb";"";"DUPPY STEPPIN AMBIENT 1";"Main";"false";"Thomas Cirade (NS) · Jimmy Zaccardelli (NS) · Nicodrum (NS) · Yann Jaffre (SACEM)";"Thomas Cirade · Jimmy Zaccardelli · Nicodrum · Yann Jaffre";"update";"suffixe-société";"";"PARIGO  (NS)";"";"pilot-pending"
"PGO0046";"1ae37aca2b3dfa51";"Dub Experience";"5c831b9f3b66744f70d59acd8992716c";"";"DUPPY STEPPIN AMBIENT 2";"Main";"false";"Thomas Cirade (NS) · Jimmy Zaccardelli (NS) · Nicodrum (NS) · Yann Jaffre (SACEM)";"Thomas Cirade · Jimmy Zaccardelli · Nicodrum · Yann Jaffre";"update";"suffixe-société";"";"PARIGO  (NS)";"";"pilot-pending"
"PGO0046";"1ae37aca2b3dfa51";"Dub Experience";"2918726ab8e286672ce0086eed91f0a8";"";"DUPPY STEPPIN AMBIENT 3";"Main";"false";"Thomas Cirade (NS) · Jimmy Zaccardelli (NS) · Nicodrum (NS) · Yann Jaffre (SACEM)";"Thomas Cirade · Jimmy Zaccardelli · Nicodrum · Yann Jaffre";"update";"suffixe-société";"";"PARIGO  (NS)";"";"pilot-pending"
"PGO0046";"1ae37aca2b3dfa51";"Dub Experience";"5868ca042482822910036af007948c5d";"";"DUPPY STEPPIN SOLO SAXOPHONE";"Main";"false";"Thomas Cirade (NS) · Jimmy Zaccardelli (NS) · Nicodrum (NS) · Yann Jaffre (SACEM)";"Thomas Cirade · Jimmy Zaccardelli · Nicodrum · Yann Jaffre";"update";"suffixe-société";"";"PARIGO  (NS)";"";"pilot-pending"
"PGO0046";"1ae37aca2b3dfa51";"Dub Experience";"e7ebc9422528beea1a0389beb16ef19f";"";"DUPPY STEPPIN RIDDIM";"Main";"false";"Thomas Cirade (NS) · Jimmy Zaccardelli (NS) · Nicodrum (NS) · Yann Jaffre (SACEM)";"Thomas Cirade · Jimmy Zaccardelli · Nicodrum · Yann Jaffre";"update";"suffixe-société";"";"PARIGO  (NS)";"";"pilot-pending"
"PGO0046";"1ae37aca2b3dfa51";"Dub Experience";"797fbbe3befe3292d053399f7664c58e";"";"CORAL";"Main";"false";"Thomas Cirade (NS) · Jimmy Zaccardelli (NS) · Nicodrum (NS) · Yann Jaffre (SACEM)";"Thomas Cirade · Jimmy Zaccardelli · Nicodrum · Yann Jaffre";"update";"suffixe-société-et-identité-structurée+suffixe-société";"";"PARIGO  (NS)";"Thomas Cirade|Composer|SACEM|462037083| · Parigo|Original Publisher|SACEM|461629743| · Jimmy Zaccadrelli|Composer|SACEM|153718470| · Nicodrum|Composer|SACEM|554859114| · Yann Jaffre|Composer|SACEM|496141635|";"pilot-pending"
"PGO0046";"1ae37aca2b3dfa51";"Dub Experience";"3d33430a513f17a92f6ba3f5d8815c89";"";"CORAL UNDERSCORE";"Main";"false";"Thomas Cirade (NS) · Jimmy Zaccardelli (NS) · Nicodrum (NS) · Yann Jaffre (SACEM)";"Thomas Cirade · Jimmy Zaccardelli · Nicodrum · Yann Jaffre";"update";"suffixe-société";"";"PARIGO  (NS)";"";"pilot-pending"
"PGO0046";"1ae37aca2b3dfa51";"Dub Experience";"f4abf0e502c8f4f7f6011e29d68d7846";"";"CORAL RIDDIM";"Main";"false";"Thomas Cirade (NS) · Jimmy Zaccardelli (NS) · Nicodrum (NS) · Yann Jaffre (SACEM)";"Thomas Cirade · Jimmy Zaccardelli · Nicodrum · Yann Jaffre";"update";"suffixe-société";"";"PARIGO  (NS)";"";"pilot-pending"
"PGO0046";"1ae37aca2b3dfa51";"Dub Experience";"be6a8010e19933baba0313aea3653aac";"";"WHITE WOLF";"Main";"false";"Thomas Cirade (NS) · Jimmy Zaccardelli (NS) · Nicodrum (NS) · Yann Jaffre (SACEM)";"Thomas Cirade · Jimmy Zaccardelli · Nicodrum · Yann Jaffre";"update";"suffixe-société-et-identité-structurée+suffixe-société";"";"PARIGO  (NS)";"Thomas Cirade|Composer|SACEM|462037083| · Parigo|Original Publisher|SACEM|461629743| · Jimmy Zaccadrelli|Composer|SACEM|153718470| · Nicodrum|Composer|SACEM|554859114| · Yann Jaffre|Composer|SACEM|496141635|";"pilot-pending"
"PGO0046";"1ae37aca2b3dfa51";"Dub Experience";"c788222cb48fe2cfefff741b6e3d2bc5";"";"WHITE WOLF UNDERSCORE";"Main";"false";"Thomas Cirade (NS) · Jimmy Zaccardelli (NS) · Nicodrum (NS) · Yann Jaffre (SACEM)";"Thomas Cirade · Jimmy Zaccardelli · Nicodrum · Yann Jaffre";"update";"suffixe-société";"";"PARIGO  (NS)";"";"pilot-pending"
"PGO0046";"1ae37aca2b3dfa51";"Dub Experience";"ce99224ce85413e996937d75d4aad81f";"";"WHITE WOLF RIDDIM";"Main";"false";"Thomas Cirade (NS) · Jimmy Zaccardelli (NS) · Nicodrum (NS) · Yann Jaffre (SACEM)";"Thomas Cirade · Jimmy Zaccardelli · Nicodrum · Yann Jaffre";"update";"suffixe-société";"";"PARIGO  (NS)";"";"pilot-pending"
"PGO0046";"1ae37aca2b3dfa51";"Dub Experience";"4448f1d5c216613d1416ab10a7d7ce69";"";"WHITE WOLF SOLO FLUTE";"Main";"false";"Thomas Cirade (NS) · Jimmy Zaccardelli (NS) · Nicodrum (NS) · Yann Jaffre (SACEM)";"Thomas Cirade · Jimmy Zaccardelli · Nicodrum · Yann Jaffre";"update";"suffixe-société";"";"PARIGO  (NS)";"";"pilot-pending"
"PGO0046";"1ae37aca2b3dfa51";"Dub Experience";"407f76c230fe593f0224cfe71aa9debb";"";"BLUE MOUNTAIN FLOW";"Main";"false";"Thomas Cirade (NS) · Jimmy Zaccardelli (NS) · Nicodrum (NS) · Yann Jaffre (SACEM)";"Thomas Cirade · Jimmy Zaccardelli · Nicodrum · Yann Jaffre";"update";"suffixe-société-et-identité-structurée+suffixe-société";"";"PARIGO  (NS)";"Thomas Cirade|Composer|SACEM|462037083| · Parigo|Original Publisher|SACEM|461629743| · Jimmy Zaccadrelli|Composer|SACEM|153718470| · Nicodrum|Composer|SACEM|554859114| · Yann Jaffre|Composer|SACEM|496141635|";"pilot-pending"
"PGO0046";"1ae37aca2b3dfa51";"Dub Experience";"758286523fe05027563d424eb579b30f";"";"BLUE MOUNTAIN FLOW UNDERSCORE 1";"Main";"false";"Thomas Cirade (NS) · Jimmy Zaccardelli (NS) · Nicodrum (NS) · Yann Jaffre (SACEM)";"Thomas Cirade · Jimmy Zaccardelli · Nicodrum · Yann Jaffre";"update";"suffixe-société";"";"PARIGO  (NS)";"";"pilot-pending"
"PGO0046";"1ae37aca2b3dfa51";"Dub Experience";"f9467d69f7acb3d7290d64fa096cb15f";"";"BLUE MOUNTAIN FLOW UNDERSCORE 2";"Main";"false";"Thomas Cirade (NS) · Jimmy Zaccardelli (NS) · Nicodrum (NS) · Yann Jaffre (SACEM)";"Thomas Cirade · Jimmy Zaccardelli · Nicodrum · Yann Jaffre";"update";"suffixe-société";"";"PARIGO  (NS)";"";"pilot-pending"
"PGO0046";"1ae37aca2b3dfa51";"Dub Experience";"e8a954cb1aeeabd5ffcd63f8db6624a7";"";"BLUE MOUNTAIN FLOW RIDDIM";"Main";"false";"Thomas Cirade (NS) · Jimmy Zaccardelli (NS) · Nicodrum (NS) · Yann Jaffre (SACEM)";"Thomas Cirade · Jimmy Zaccardelli · Nicodrum · Yann Jaffre";"update";"suffixe-société";"";"PARIGO  (NS)";"";"pilot-pending"
"PGO0046";"1ae37aca2b3dfa51";"Dub Experience";"30d50b6600c32376097830698b6e7313";"";"BLUE MOUNTAIN FLOW SOLO SAXOPHONE";"Main";"false";"Thomas Cirade (NS) · Jimmy Zaccardelli (NS) · Nicodrum (NS) · Yann Jaffre (SACEM)";"Thomas Cirade · Jimmy Zaccardelli · Nicodrum · Yann Jaffre";"update";"suffixe-société";"";"PARIGO  (NS)";"";"pilot-pending"
"PGO0046";"1ae37aca2b3dfa51";"Dub Experience";"18bb8e1bd9d9e29fe9c8336bf181ec32";"";"SUSPICION";"Main";"false";"Thomas Cirade (NS) · Jimmy Zaccardelli (NS) · Nicodrum (NS) · Yann Jaffre (SACEM)";"Thomas Cirade · Jimmy Zaccardelli · Nicodrum · Yann Jaffre";"update";"suffixe-société-et-identité-structurée+suffixe-société";"";"PARIGO  (NS)";"Thomas Cirade|Composer|SACEM|462037083| · Parigo|Original Publisher|SACEM|461629743| · Jimmy Zaccadrelli|Composer|SACEM|153718470| · Nicodrum|Composer|SACEM|554859114| · Yann Jaffre|Composer|SACEM|496141635|";"pilot-pending"
"PGO0046";"1ae37aca2b3dfa51";"Dub Experience";"15655f88ecb4e266a99587cb7004e64d";"";"SUSPICION UNDERSCORE";"Main";"false";"Thomas Cirade (NS) · Jimmy Zaccardelli (NS) · Nicodrum (NS) · Yann Jaffre (SACEM)";"Thomas Cirade · Jimmy Zaccardelli · Nicodrum · Yann Jaffre";"update";"suffixe-société";"";"PARIGO  (NS)";"";"pilot-pending"
"PGO0046";"1ae37aca2b3dfa51";"Dub Experience";"db00b56ff7b39ccf4b0f1e59d1a1994a";"";"SUSPICION RIDDIM";"Main";"false";"Thomas Cirade (NS) · Jimmy Zaccardelli (NS) · Nicodrum (NS) · Yann Jaffre (SACEM)";"Thomas Cirade · Jimmy Zaccardelli · Nicodrum · Yann Jaffre";"update";"suffixe-société";"";"PARIGO  (NS)";"";"pilot-pending"
"PGO0046";"1ae37aca2b3dfa51";"Dub Experience";"3857a40b5a006fd78c01fa5d4e4d7cb0";"";"SUSPICION SOLO MELODICA";"Main";"false";"Thomas Cirade (NS) · Jimmy Zaccardelli (NS) · Nicodrum (NS) · Yann Jaffre (SACEM)";"Thomas Cirade · Jimmy Zaccardelli · Nicodrum · Yann Jaffre";"update";"suffixe-société";"";"PARIGO  (NS)";"";"pilot-pending"
"PGO0046";"1ae37aca2b3dfa51";"Dub Experience";"ebffede51801a3f55bec0bfe5745c587";"";"ROBO DUB";"Main";"false";"Thomas Cirade (NS) · Jimmy Zaccardelli (NS) · Nicodrum (NS) · Yann Jaffre (SACEM)";"Thomas Cirade · Jimmy Zaccardelli · Nicodrum · Yann Jaffre";"update";"suffixe-société-et-identité-structurée+suffixe-société";"";"PARIGO  (NS)";"Thomas Cirade|Composer|SACEM|462037083| · Parigo|Original Publisher|SACEM|461629743| · Jimmy Zaccadrelli|Composer|SACEM|153718470| · Nicodrum|Composer|SACEM|554859114| · Yann Jaffre|Composer|SACEM|496141635|";"pilot-pending"
"PGO0046";"1ae37aca2b3dfa51";"Dub Experience";"d83c65be6226b759ee0a34b1b34d9403";"";"ROBO DUB INSTRUMENTAL";"Main";"false";"Thomas Cirade (NS) · Jimmy Zaccardelli (NS) · Nicodrum (NS) · Yann Jaffre (SACEM)";"Thomas Cirade · Jimmy Zaccardelli · Nicodrum · Yann Jaffre";"update";"suffixe-société";"";"PARIGO  (NS)";"";"pilot-pending"
"PGO0046";"1ae37aca2b3dfa51";"Dub Experience";"48e42b581daa8a6b2e9c5c57508987c6";"";"ROBO DUB AMBIENT";"Main";"false";"Thomas Cirade (NS) · Jimmy Zaccardelli (NS) · Nicodrum (NS) · Yann Jaffre (SACEM)";"Thomas Cirade · Jimmy Zaccardelli · Nicodrum · Yann Jaffre";"update";"suffixe-société";"";"PARIGO  (NS)";"";"pilot-pending"
"PGO0046";"1ae37aca2b3dfa51";"Dub Experience";"6a1fe32a1bf1908f8e4c81bdcdda6042";"";"ROBO DUB RIDDIM";"Main";"false";"Thomas Cirade (NS) · Jimmy Zaccardelli (NS) · Nicodrum (NS) · Yann Jaffre (SACEM)";"Thomas Cirade · Jimmy Zaccardelli · Nicodrum · Yann Jaffre";"update";"suffixe-société";"";"PARIGO  (NS)";"";"pilot-pending"
"PGO0046";"1ae37aca2b3dfa51";"Dub Experience";"1dccbed80f0742f6a895a529b154f880";"";"BAD JUJU";"Main";"false";"Thomas Cirade (NS) · Jimmy Zaccardelli (NS) · Nicodrum (NS) · Yann Jaffre (SACEM)";"Thomas Cirade · Jimmy Zaccardelli · Nicodrum · Yann Jaffre";"update";"suffixe-société-et-identité-structurée+suffixe-société";"";"PARIGO  (NS)";"Thomas Cirade|Composer|SACEM|462037083| · Parigo|Original Publisher|SACEM|461629743| · Jimmy Zaccadrelli|Composer|SACEM|153718470| · Nicodrum|Composer|SACEM|554859114| · Yann Jaffre|Composer|SACEM|496141635|";"pilot-pending"
"PGO0046";"1ae37aca2b3dfa51";"Dub Experience";"7dfef5e907505051c25c2be37b06d993";"";"BAD JUJU UNDERSCORE";"Main";"false";"Thomas Cirade (NS) · Jimmy Zaccardelli (NS) · Nicodrum (NS) · Yann Jaffre (SACEM)";"Thomas Cirade · Jimmy Zaccardelli · Nicodrum · Yann Jaffre";"update";"suffixe-société";"";"PARIGO  (NS)";"";"pilot-pending"
"PGO0046";"1ae37aca2b3dfa51";"Dub Experience";"5a3f0800c697b120fc7872c573993b28";"";"BAD JUJU RIDDIM";"Main";"false";"Thomas Cirade (NS) · Jimmy Zaccardelli (NS) · Nicodrum (NS) · Yann Jaffre (SACEM)";"Thomas Cirade · Jimmy Zaccardelli · Nicodrum · Yann Jaffre";"update";"suffixe-société";"";"PARIGO  (NS)";"";"pilot-pending"
"PGO0046";"1ae37aca2b3dfa51";"Dub Experience";"502af15b98088ac1ea04191799f17a27";"";"IRIE PIPES";"Main";"false";"Thomas Cirade (NS) · Jimmy Zaccardelli (NS) · Nicodrum (NS) · Yann Jaffre (SACEM)";"Thomas Cirade · Jimmy Zaccardelli · Nicodrum · Yann Jaffre";"update";"suffixe-société-et-identité-structurée+suffixe-société";"";"PARIGO  (NS)";"Thomas Cirade|Composer|SACEM|462037083| · Parigo|Original Publisher|SACEM|461629743| · Jimmy Zaccadrelli|Composer|SACEM|153718470| · Nicodrum|Composer|SACEM|554859114| · Yann Jaffre|Composer|SACEM|496141635|";"pilot-pending"
"PGO0046";"1ae37aca2b3dfa51";"Dub Experience";"ca0a869caaf49d62f09642fabff1eeca";"";"IRIE PIPES UNDERSCORE";"Main";"false";"Thomas Cirade (NS) · Jimmy Zaccardelli (NS) · Nicodrum (NS) · Yann Jaffre (SACEM)";"Thomas Cirade · Jimmy Zaccardelli · Nicodrum · Yann Jaffre";"update";"suffixe-société";"";"PARIGO  (NS)";"";"pilot-pending"
"PGO0046";"1ae37aca2b3dfa51";"Dub Experience";"506bb19f6f665fda11ac362ba9518ad4";"";"IRIE PIPES AMBIENT";"Main";"false";"Thomas Cirade (NS) · Jimmy Zaccardelli (NS) · Nicodrum (NS) · Yann Jaffre (SACEM)";"Thomas Cirade · Jimmy Zaccardelli · Nicodrum · Yann Jaffre";"update";"suffixe-société";"";"PARIGO  (NS)";"";"pilot-pending"
"PGO0046";"1ae37aca2b3dfa51";"Dub Experience";"b3e4e31d1ead3e30d30483631fa14192";"";"IRIE PIPES RIDDIM";"Main";"false";"Thomas Cirade (NS) · Jimmy Zaccardelli (NS) · Nicodrum (NS) · Yann Jaffre (SACEM)";"Thomas Cirade · Jimmy Zaccardelli · Nicodrum · Yann Jaffre";"update";"suffixe-société";"";"PARIGO  (NS)";"";"pilot-pending"
"PGO0046";"1ae37aca2b3dfa51";"Dub Experience";"db9dbcae6bae9cb9009b0226533cc910";"";"IRIE PIPES SOLO FLUTE";"Main";"false";"Thomas Cirade (NS) · Jimmy Zaccardelli (NS) · Nicodrum (NS) · Yann Jaffre (SACEM)";"Thomas Cirade · Jimmy Zaccardelli · Nicodrum · Yann Jaffre";"update";"suffixe-société";"";"PARIGO  (NS)";"";"pilot-pending"
"PGO0046";"1ae37aca2b3dfa51";"Dub Experience";"df37b0df77241bbd061dbbcc7c3c2669";"";"CURSED SHIP";"Main";"false";"Thomas Cirade (NS) · Jimmy Zaccardelli (NS) · Nicodrum (NS) · Yann Jaffre (SACEM)";"Thomas Cirade · Jimmy Zaccardelli · Nicodrum · Yann Jaffre";"update";"suffixe-société-et-identité-structurée+suffixe-société";"";"PARIGO  (NS)";"Thomas Cirade|Composer|SACEM|462037083| · Parigo|Original Publisher|SACEM|461629743| · Jimmy Zaccadrelli|Composer|SACEM|153718470| · Nicodrum|Composer|SACEM|554859114| · Yann Jaffre|Composer|SACEM|496141635|";"pilot-pending"
"PGO0046";"1ae37aca2b3dfa51";"Dub Experience";"01ea2a838af2ae956e34a82e8d0f86b3";"";"CURSED SHIP UNDERSCORE";"Main";"false";"Thomas Cirade (NS) · Jimmy Zaccardelli (NS) · Nicodrum (NS) · Yann Jaffre (SACEM)";"Thomas Cirade · Jimmy Zaccardelli · Nicodrum · Yann Jaffre";"update";"suffixe-société";"";"PARIGO  (NS)";"";"pilot-pending"
"PGO0046";"1ae37aca2b3dfa51";"Dub Experience";"c51cf1f76021ce1efca90705c6aababc";"";"CURSED SHIP AMBIENT";"Main";"false";"Thomas Cirade (NS) · Jimmy Zaccardelli (NS) · Nicodrum (NS) · Yann Jaffre (SACEM)";"Thomas Cirade · Jimmy Zaccardelli · Nicodrum · Yann Jaffre";"update";"suffixe-société";"";"PARIGO  (NS)";"";"pilot-pending"
"PGO0046";"1ae37aca2b3dfa51";"Dub Experience";"8be7cd1cc5b1bc3e8db4c977ad43870e";"";"CURSED SHIP RIDDIM";"Main";"false";"Thomas Cirade (NS) · Jimmy Zaccardelli (NS) · Nicodrum (NS) · Yann Jaffre (SACEM)";"Thomas Cirade · Jimmy Zaccardelli · Nicodrum · Yann Jaffre";"update";"suffixe-société";"";"PARIGO  (NS)";"";"pilot-pending"
"PGO0046";"1ae37aca2b3dfa51";"Dub Experience";"25122c956d4d061dba3f03920fecdc71";"";"CURSED SHIP SOLO TRUMPET";"Main";"false";"Thomas Cirade (NS) · Jimmy Zaccardelli (NS) · Nicodrum (NS) · Yann Jaffre (SACEM)";"Thomas Cirade · Jimmy Zaccardelli · Nicodrum · Yann Jaffre";"update";"suffixe-société";"";"PARIGO  (NS)";"";"pilot-pending"
"PGO0046";"1ae37aca2b3dfa51";"Dub Experience";"1453837d599fdb62ede28fccaa8916f8";"";"MIDNIGHT DUB";"Main";"false";"Thomas Cirade (NS) · Jimmy Zaccardelli (NS) · Nicodrum (NS) · Yann Jaffre (SACEM)";"Thomas Cirade · Jimmy Zaccardelli · Nicodrum · Yann Jaffre";"update";"suffixe-société-et-identité-structurée+suffixe-société";"";"PARIGO  (NS)";"Thomas Cirade|Composer|SACEM|462037083| · Parigo|Original Publisher|SACEM|461629743| · Jimmy Zaccadrelli|Composer|SACEM|153718470| · Nicodrum|Composer|SACEM|554859114| · Yann Jaffre|Composer|SACEM|496141635|";"pilot-pending"
"PGO0046";"1ae37aca2b3dfa51";"Dub Experience";"b47cb4e4e4f56ff303fcf152bebf5640";"";"MIDNIGHT DUB UNDERSCORE 1";"Main";"false";"Thomas Cirade (NS) · Jimmy Zaccardelli (NS) · Nicodrum (NS) · Yann Jaffre (SACEM)";"Thomas Cirade · Jimmy Zaccardelli · Nicodrum · Yann Jaffre";"update";"suffixe-société";"";"PARIGO  (NS)";"";"pilot-pending"
"PGO0046";"1ae37aca2b3dfa51";"Dub Experience";"db238e6a40e5389690b5b7986b3f4ae6";"";"MIDNIGHT DUB UNDERSCORE 2";"Main";"false";"Thomas Cirade (NS) · Jimmy Zaccardelli (NS) · Nicodrum (NS) · Yann Jaffre (SACEM)";"Thomas Cirade · Jimmy Zaccardelli · Nicodrum · Yann Jaffre";"update";"suffixe-société";"";"PARIGO  (NS)";"";"pilot-pending"
"PGO0046";"1ae37aca2b3dfa51";"Dub Experience";"d1063db6c896eaaed89907a897caec76";"";"MIDNIGHT DUB AMBIENT";"Main";"false";"Thomas Cirade (NS) · Jimmy Zaccardelli (NS) · Nicodrum (NS) · Yann Jaffre (SACEM)";"Thomas Cirade · Jimmy Zaccardelli · Nicodrum · Yann Jaffre";"update";"suffixe-société";"";"PARIGO  (NS)";"";"pilot-pending"
"PGO0046";"1ae37aca2b3dfa51";"Dub Experience";"55cda2db7503049083ff49fefba43922";"";"MIDNIGHT DUB RIDDIM";"Main";"false";"Thomas Cirade (NS) · Jimmy Zaccardelli (NS) · Nicodrum (NS) · Yann Jaffre (SACEM)";"Thomas Cirade · Jimmy Zaccardelli · Nicodrum · Yann Jaffre";"update";"suffixe-société";"";"PARIGO  (NS)";"";"pilot-pending"
"PGO0046";"1ae37aca2b3dfa51";"Dub Experience";"e3804f288c97160eade10750d9932195";"";"MIDNIGHT DUB SOLO SAXOPHONE";"Main";"false";"Thomas Cirade (NS) · Jimmy Zaccardelli (NS) · Nicodrum (NS) · Yann Jaffre (SACEM)";"Thomas Cirade · Jimmy Zaccardelli · Nicodrum · Yann Jaffre";"update";"suffixe-société";"";"PARIGO  (NS)";"";"pilot-pending"
"PGO0045";"bb238ebaef5a4b02";"Pixel Fiction";"1e19c3fb4db7dfc9";"";"California Skate Cult";"Main";"false";"2080";"2080";"no-change";"déjà-canonique";"";"PARIGO";"2080|Composer|SACEM|689485078| · PARIGO|Original Publisher|SACEM|461629743|";"no-change"
"PGO0045";"bb238ebaef5a4b02";"Pixel Fiction";"0eca2e38f587f6cc";"";"Mystery Town";"Main";"false";"2080";"2080";"no-change";"déjà-canonique";"";"PARIGO";"2080|Composer|SACEM|689485078| · PARIGO|Original Publisher|SACEM|461629743|";"no-change"
"PGO0045";"bb238ebaef5a4b02";"Pixel Fiction";"769ee077fc732b66";"";"Living For The Music";"Main";"false";"2080 · 208";"2080";"update";"correction-explicite-validée";"";"PARIGO";"2080|Author|SACEM|689485078| · PARIGO|Original Publisher|SACEM|461629743| · 2080|Composer|SACEM|689485078|";"pilot-pending"
"PGO0045";"bb238ebaef5a4b02";"Pixel Fiction";"42f5913a2d0b180d";"";"Living For The Music Instrumental";"Main";"false";"2080 · 208";"2080";"update";"correction-explicite-validée";"";"PARIGO";"2080|Author|SACEM|689485078| · PARIGO|Original Publisher|SACEM|461629743| · 2080|Composer|SACEM|689485078|";"pilot-pending"
"PGO0045";"bb238ebaef5a4b02";"Pixel Fiction";"86b8412bf43ec5a8";"";"The Machine";"Main";"false";"2080 · 208";"2080";"update";"correction-explicite-validée";"";"PARIGO";"2080|Author|SACEM|689485078| · PARIGO|Original Publisher|SACEM|461629743| · 2080|Composer|SACEM|689485078|";"pilot-pending"
"PGO0045";"bb238ebaef5a4b02";"Pixel Fiction";"6d7dc5ca54b15c71";"";"The Machine Instrumental";"Main";"false";"2080 · 208";"2080";"update";"correction-explicite-validée";"";"PARIGO";"2080|Author|SACEM|689485078| · PARIGO|Original Publisher|SACEM|461629743| · 2080|Composer|SACEM|689485078|";"pilot-pending"
"PGO0045";"bb238ebaef5a4b02";"Pixel Fiction";"fae31eda02159382";"";"Running Free";"Main";"false";"2080";"2080";"no-change";"déjà-canonique";"";"PARIGO";"2080|Composer|SACEM|689485078| · PARIGO|Original Publisher|SACEM|461629743|";"no-change"
"PGO0045";"bb238ebaef5a4b02";"Pixel Fiction";"1449ace6609cc034";"";"Haunted Arcade";"Main";"false";"2080";"2080";"no-change";"déjà-canonique";"";"PARIGO";"2080|Composer|SACEM|689485078| · PARIGO|Original Publisher|SACEM|461629743|";"no-change"
"PGO0045";"bb238ebaef5a4b02";"Pixel Fiction";"22cc896eeec38224";"";"Microvision";"Main";"false";"2080";"2080";"no-change";"déjà-canonique";"";"PARIGO";"2080|Composer|SACEM|689485078| · PARIGO|Original Publisher|SACEM|461629743|";"no-change"
"PGO0045";"bb238ebaef5a4b02";"Pixel Fiction";"07d9f4190973c110";"";"Microvision Instrumental";"Main";"false";"2080";"2080";"no-change";"déjà-canonique";"";"PARIGO";"2080|Composer|SACEM|689485078| · PARIGO|Original Publisher|SACEM|461629743|";"no-change"
"PGO0045";"bb238ebaef5a4b02";"Pixel Fiction";"62e1a1d22420ffa9";"";"Virtual Reality";"Main";"false";"2080";"2080";"no-change";"déjà-canonique";"";"PARIGO";"2080|Composer|SACEM|689485078| · PARIGO|Original Publisher|SACEM|461629743|";"no-change"
"PGO0045";"bb238ebaef5a4b02";"Pixel Fiction";"a6b9bad02eb5390e";"";"Knight Awakening";"Main";"false";"2080";"2080";"no-change";"déjà-canonique";"";"PARIGO";"2080|Composer|SACEM|689485078| · PARIGO|Original Publisher|SACEM|461629743|";"no-change"
"PGO0045";"bb238ebaef5a4b02";"Pixel Fiction";"d802c7db2062edc1";"";"Electric Orient";"Main";"false";"2080";"2080";"no-change";"déjà-canonique";"";"PARIGO";"2080|Composer|SACEM|689485078| · PARIGO|Original Publisher|SACEM|461629743|";"no-change"
"PGO0045";"bb238ebaef5a4b02";"Pixel Fiction";"893f1fcc31807e66";"";"Robot Factory";"Main";"false";"2080";"2080";"no-change";"déjà-canonique";"";"PARIGO";"2080|Composer|SACEM|689485078| · PARIGO|Original Publisher|SACEM|461629743|";"no-change"
"PGO0045";"bb238ebaef5a4b02";"Pixel Fiction";"be810288deb5782c";"";"The Hero Is Watching";"Main";"false";"2080";"2080";"no-change";"déjà-canonique";"";"PARIGO";"2080|Composer|SACEM|689485078| · PARIGO|Original Publisher|SACEM|461629743|";"no-change"
"PGO0045";"bb238ebaef5a4b02";"Pixel Fiction";"a8bf526c40440c26";"";"Battle Punch";"Main";"false";"2080";"2080";"no-change";"déjà-canonique";"";"PARIGO";"2080|Composer|SACEM|689485078| · PARIGO|Original Publisher|SACEM|461629743|";"no-change"
"PGO0045";"bb238ebaef5a4b02";"Pixel Fiction";"da2c2bf1cb5e66e8";"";"Into The Darkness";"Main";"false";"2080";"2080";"no-change";"déjà-canonique";"";"PARIGO";"2080|Composer|SACEM|689485078| · PARIGO|Original Publisher|SACEM|461629743|";"no-change"
"PGO0045";"bb238ebaef5a4b02";"Pixel Fiction";"32c12b77e162e59e";"";"Program Error";"Main";"false";"2080";"2080";"no-change";"déjà-canonique";"";"PARIGO";"2080|Composer|SACEM|689485078| · PARIGO|Original Publisher|SACEM|461629743|";"no-change"
"PGO0044";"b9f6d3fa756c657a";"Dark Ambient Vol. 2";"e527849971dff951";"";"Dark Ambient Apocalypse";"Main";"false";"Ugly Mac Beer (SACEM) · Yann Kornowicz (SACEM)";"Ugly Mac Beer · Yann KORNOWICZ";"update";"suffixe-société-et-identité-structurée";"";"PARIGO  (SACEM)";"Yann KORNOWICZ|Composer|SACEM|803177360| · PARIGO|Original Publisher|SACEM|461629743| · Ugly Mac Beer|Composer|SACEM|547737710|";"pilot-pending"
"PGO0044";"b9f6d3fa756c657a";"Dark Ambient Vol. 2";"ff8c79c20ae508a7";"";"Dark Ambient Apocalypse Underscore";"Main";"false";"Ugly Mac Beer (SACEM) · Yann Kornowicz (SACEM)";"Ugly Mac Beer · Yann Kornowicz";"update";"suffixe-société";"";"PARIGO  (SACEM)";"";"pilot-pending"
"PGO0044";"b9f6d3fa756c657a";"Dark Ambient Vol. 2";"762233fb29afc224";"";"Dark Ambient Datas";"Main";"false";"Ugly Mac Beer (SACEM) · Yann Kornowicz (SACEM)";"Ugly Mac Beer · Yann KORNOWICZ";"update";"suffixe-société-et-identité-structurée";"";"PARIGO  (SACEM)";"Yann KORNOWICZ|Composer|SACEM|803177360| · PARIGO|Original Publisher|SACEM|461629743| · Ugly Mac Beer|Composer|SACEM|547737710|";"pilot-pending"
"PGO0044";"b9f6d3fa756c657a";"Dark Ambient Vol. 2";"c3d1cc6eae58da79";"";"Dark Ambient Datas Underscore";"Main";"false";"Ugly Mac Beer (SACEM) · Yann Kornowicz (SACEM)";"Ugly Mac Beer · Yann Kornowicz";"update";"suffixe-société";"";"PARIGO  (SACEM)";"";"pilot-pending"
"PGO0044";"b9f6d3fa756c657a";"Dark Ambient Vol. 2";"1117c3677882e6b1";"";"Dark Ambient Fantasy";"Main";"false";"Ugly Mac Beer (SACEM) · Yann Kornowicz (SACEM)";"Ugly Mac Beer · Yann KORNOWICZ";"update";"suffixe-société-et-identité-structurée";"";"PARIGO  (SACEM)";"Yann KORNOWICZ|Composer|SACEM|803177360| · PARIGO|Original Publisher|SACEM|461629743| · Ugly Mac Beer|Composer|SACEM|547737710|";"pilot-pending"
"PGO0044";"b9f6d3fa756c657a";"Dark Ambient Vol. 2";"d2cb21a74a9b3846";"";"Dark Ambient Memories";"Main";"false";"Ugly Mac Beer (SACEM) · Yann Kornowicz (SACEM)";"Ugly Mac Beer · Yann KORNOWICZ";"update";"suffixe-société-et-identité-structurée";"";"PARIGO  (SACEM)";"Yann KORNOWICZ|Composer|SACEM|803177360| · PARIGO|Original Publisher|SACEM|461629743| · Ugly Mac Beer|Composer|SACEM|547737710|";"pilot-pending"
"PGO0044";"b9f6d3fa756c657a";"Dark Ambient Vol. 2";"b706eed49a31588d";"";"Dark Ambient Ceremony";"Main";"false";"Ugly Mac Beer (SACEM) · Yann Kornowicz (SACEM)";"Ugly Mac Beer · Yann KORNOWICZ";"update";"suffixe-société-et-identité-structurée";"";"PARIGO  (SACEM)";"Yann KORNOWICZ|Composer|SACEM|803177360| · PARIGO|Original Publisher|SACEM|461629743| · Ugly Mac Beer|Composer|SACEM|547737710|";"pilot-pending"
"PGO0044";"b9f6d3fa756c657a";"Dark Ambient Vol. 2";"781a169196096376";"";"Dark Ambient Ceremony Underscore";"Main";"false";"Ugly Mac Beer (SACEM) · Yann Kornowicz (SACEM)";"Ugly Mac Beer · Yann Kornowicz";"update";"suffixe-société";"";"PARIGO  (SACEM)";"";"pilot-pending"
"PGO0044";"b9f6d3fa756c657a";"Dark Ambient Vol. 2";"6324497ec62aac40";"";"Dark Ambient Discovery";"Main";"false";"Ugly Mac Beer (SACEM) · Yann Kornowicz (SACEM)";"Ugly Mac Beer · Yann KORNOWICZ";"update";"suffixe-société-et-identité-structurée";"";"PARIGO  (SACEM)";"Yann KORNOWICZ|Composer|SACEM|803177360| · PARIGO|Original Publisher|SACEM|461629743| · Ugly Mac Beer|Composer|SACEM|547737710|";"pilot-pending"
"PGO0044";"b9f6d3fa756c657a";"Dark Ambient Vol. 2";"c56c1ea80405a6a4";"";"Dark Ambient Alien";"Main";"false";"Ugly Mac Beer (SACEM) · Yann Kornowicz (SACEM)";"Ugly Mac Beer · Yann KORNOWICZ";"update";"suffixe-société-et-identité-structurée";"";"PARIGO  (SACEM)";"Yann KORNOWICZ|Composer|SACEM|803177360| · PARIGO|Original Publisher|SACEM|461629743| · Ugly Mac Beer|Composer|SACEM|547737710|";"pilot-pending"
"PGO0044";"b9f6d3fa756c657a";"Dark Ambient Vol. 2";"058edc9ad25b0464";"";"Dark Ambient Alien Underscore";"Main";"false";"Ugly Mac Beer (SACEM) · Yann Kornowicz (SACEM)";"Ugly Mac Beer · Yann Kornowicz";"update";"suffixe-société";"";"PARIGO  (SACEM)";"";"pilot-pending"
"PGO0044";"b9f6d3fa756c657a";"Dark Ambient Vol. 2";"c94b14c02734e761";"";"Dark Ambient Zone";"Main";"false";"Ugly Mac Beer (SACEM) · Yann Kornowicz (SACEM)";"Ugly Mac Beer · Yann KORNOWICZ";"update";"suffixe-société-et-identité-structurée";"";"PARIGO  (SACEM)";"Yann KORNOWICZ|Composer|SACEM|803177360| · PARIGO|Original Publisher|SACEM|461629743| · Ugly Mac Beer|Composer|SACEM|547737710|";"pilot-pending"
"PGO0044";"b9f6d3fa756c657a";"Dark Ambient Vol. 2";"aaa97a7dffa7ca45";"";"Dark Ambient Zone Underscore";"Main";"false";"Ugly Mac Beer (SACEM) · Yann Kornowicz (SACEM)";"Ugly Mac Beer · Yann Kornowicz";"update";"suffixe-société";"";"PARIGO  (SACEM)";"";"pilot-pending"
"PGO0044";"b9f6d3fa756c657a";"Dark Ambient Vol. 2";"165dbc787227bebc";"";"Dark Ambient Run";"Main";"false";"Ugly Mac Beer (SACEM) · Yann Kornowicz (SACEM)";"Ugly Mac Beer · Yann KORNOWICZ";"update";"suffixe-société-et-identité-structurée";"";"PARIGO  (SACEM)";"Yann KORNOWICZ|Composer|SACEM|803177360| · PARIGO|Original Publisher|SACEM|461629743| · Ugly Mac Beer|Composer|SACEM|547737710|";"pilot-pending"
"PGO0044";"b9f6d3fa756c657a";"Dark Ambient Vol. 2";"a325bce10124ddc8";"";"Dark Ambient Run Underscore";"Main";"false";"Ugly Mac Beer (SACEM) · Yann Kornowicz (SACEM)";"Ugly Mac Beer · Yann Kornowicz";"update";"suffixe-société";"";"PARIGO  (SACEM)";"";"pilot-pending"
"PGO0044";"b9f6d3fa756c657a";"Dark Ambient Vol. 2";"54477152443daf19";"";"Dark Ambient Factory";"Main";"false";"Ugly Mac Beer (SACEM) · Yann Kornowicz (SACEM)";"Ugly Mac Beer · Yann KORNOWICZ";"update";"suffixe-société-et-identité-structurée";"";"PARIGO  (SACEM)";"Yann KORNOWICZ|Composer|SACEM|803177360| · PARIGO|Original Publisher|SACEM|461629743| · Ugly Mac Beer|Composer|SACEM|547737710|";"pilot-pending"
"PGO0044";"b9f6d3fa756c657a";"Dark Ambient Vol. 2";"38a067281a69c82b";"";"Dark Ambient Factory Underscore";"Main";"false";"Ugly Mac Beer (SACEM) · Yann Kornowicz (SACEM)";"Ugly Mac Beer · Yann Kornowicz";"update";"suffixe-société";"";"PARIGO  (SACEM)";"";"pilot-pending"
"PGO0044";"b9f6d3fa756c657a";"Dark Ambient Vol. 2";"5d900ec561b3f484";"";"Dark Ambient Autopsy";"Main";"false";"Ugly Mac Beer (SACEM) · Yann Kornowicz (SACEM)";"Ugly Mac Beer · Yann KORNOWICZ";"update";"suffixe-société-et-identité-structurée";"";"PARIGO  (SACEM)";"Yann KORNOWICZ|Composer|SACEM|803177360| · PARIGO|Original Publisher|SACEM|461629743| · Ugly Mac Beer|Composer|SACEM|547737710|";"pilot-pending"
"PGO0044";"b9f6d3fa756c657a";"Dark Ambient Vol. 2";"03328d4842ecabf6";"";"Dark Ambient Autopsy Underscore";"Main";"false";"Ugly Mac Beer (SACEM) · Yann Kornowicz (SACEM)";"Ugly Mac Beer · Yann Kornowicz";"update";"suffixe-société";"";"PARIGO  (SACEM)";"";"pilot-pending"
"PGO0044";"b9f6d3fa756c657a";"Dark Ambient Vol. 2";"bc63bbfbbfe9d754";"";"Dark Ambient Doom's Day";"Main";"false";"Ugly Mac Beer (SACEM) · Yann Kornowicz (SACEM)";"Ugly Mac Beer · Yann KORNOWICZ";"update";"suffixe-société-et-identité-structurée";"";"PARIGO  (SACEM)";"Yann KORNOWICZ|Composer|SACEM|803177360| · PARIGO|Original Publisher|SACEM|461629743| · Ugly Mac Beer|Composer|SACEM|547737710|";"pilot-pending"
"PGO0044";"b9f6d3fa756c657a";"Dark Ambient Vol. 2";"cca60363313d4563";"";"Dark Ambient Ancient Time";"Main";"false";"Ugly Mac Beer (SACEM) · Yann Kornowicz (SACEM)";"Ugly Mac Beer · Yann KORNOWICZ";"update";"suffixe-société-et-identité-structurée";"";"PARIGO  (SACEM)";"Yann KORNOWICZ|Composer|SACEM|803177360| · PARIGO|Original Publisher|SACEM|461629743| · Ugly Mac Beer|Composer|SACEM|547737710|";"pilot-pending"
"PGO0044";"b9f6d3fa756c657a";"Dark Ambient Vol. 2";"c98a265f0490bffb";"";"Dark Ambient Zombie";"Main";"false";"Ugly Mac Beer (SACEM) · Yann Kornowicz (SACEM)";"Ugly Mac Beer · Yann KORNOWICZ";"update";"suffixe-société-et-identité-structurée";"";"PARIGO  (SACEM)";"Yann KORNOWICZ|Composer|SACEM|803177360| · PARIGO|Original Publisher|SACEM|461629743| · Ugly Mac Beer|Composer|SACEM|547737710|";"pilot-pending"
"PGO0044";"b9f6d3fa756c657a";"Dark Ambient Vol. 2";"36de13c967fd3dfb";"";"Dark Ambient Zombie Underscore";"Main";"false";"Ugly Mac Beer (SACEM) · Yann Kornowicz (SACEM)";"Ugly Mac Beer · Yann Kornowicz";"update";"suffixe-société";"";"PARIGO  (SACEM)";"";"pilot-pending"
"PGO0044";"b9f6d3fa756c657a";"Dark Ambient Vol. 2";"ddf62b12a5a75544";"";"Dark Ambient Fire";"Main";"false";"Ugly Mac Beer (SACEM) · Yann Kornowicz (SACEM)";"Ugly Mac Beer · Yann KORNOWICZ";"update";"suffixe-société-et-identité-structurée";"";"PARIGO  (SACEM)";"Yann KORNOWICZ|Composer|SACEM|803177360| · PARIGO|Original Publisher|SACEM|461629743| · Ugly Mac Beer|Composer|SACEM|547737710|";"pilot-pending"
"PGO0044";"b9f6d3fa756c657a";"Dark Ambient Vol. 2";"2e108762213e2d3c";"";"Dark Ambient Fire Underscore";"Main";"false";"Ugly Mac Beer (SACEM) · Yann Kornowicz (SACEM)";"Ugly Mac Beer · Yann Kornowicz";"update";"suffixe-société";"";"PARIGO  (SACEM)";"";"pilot-pending"
"PGO0044";"b9f6d3fa756c657a";"Dark Ambient Vol. 2";"63f7f3e7f550957d";"";"Dark Ambient Ticking";"Main";"false";"Ugly Mac Beer (SACEM) · Yann Kornowicz (SACEM)";"Ugly Mac Beer · Yann KORNOWICZ";"update";"suffixe-société-et-identité-structurée";"";"PARIGO  (SACEM)";"Yann KORNOWICZ|Composer|SACEM|803177360| · PARIGO|Original Publisher|SACEM|461629743| · Ugly Mac Beer|Composer|SACEM|547737710|";"pilot-pending"
"PGO0044";"b9f6d3fa756c657a";"Dark Ambient Vol. 2";"681bd24832d314a3";"";"Dark Ambient Ticking Underscore";"Main";"false";"Ugly Mac Beer (SACEM) · Yann Kornowicz (SACEM)";"Ugly Mac Beer · Yann Kornowicz";"update";"suffixe-société";"";"PARIGO  (SACEM)";"";"pilot-pending"
"PGO0044";"b9f6d3fa756c657a";"Dark Ambient Vol. 2";"ac38255a570a0743";"";"Dark Ambient Wind";"Main";"false";"Ugly Mac Beer (SACEM) · Yann Kornowicz (SACEM)";"Ugly Mac Beer · Yann KORNOWICZ";"update";"suffixe-société-et-identité-structurée";"";"PARIGO  (SACEM)";"Yann KORNOWICZ|Composer|SACEM|803177360| · PARIGO|Original Publisher|SACEM|461629743| · Ugly Mac Beer|Composer|SACEM|547737710|";"pilot-pending"
"PGO0044";"b9f6d3fa756c657a";"Dark Ambient Vol. 2";"3c2a5c7584d8812e";"";"Dark Ambient Wind Underscore 1";"Main";"false";"Ugly Mac Beer (SACEM) · Yann Kornowicz (SACEM)";"Ugly Mac Beer · Yann Kornowicz";"update";"suffixe-société";"";"PARIGO  (SACEM)";"";"pilot-pending"
"PGO0044";"b9f6d3fa756c657a";"Dark Ambient Vol. 2";"0ff59762d76da3b3";"";"Dark Ambient Wind Underscore 2";"Main";"false";"Ugly Mac Beer (SACEM) · Yann Kornowicz (SACEM)";"Ugly Mac Beer · Yann Kornowicz";"update";"suffixe-société";"";"PARIGO  (SACEM)";"";"pilot-pending"
"PGO0044";"b9f6d3fa756c657a";"Dark Ambient Vol. 2";"b0a8111814ee208d";"";"Dark Ambient Sting 1";"Main";"false";"Ugly Mac Beer (SACEM) · Yann Kornowicz (SACEM)";"Ugly Mac Beer · Yann Kornowicz";"update";"suffixe-société";"";"PARIGO  (SACEM)";"";"pilot-pending"
"PGO0044";"b9f6d3fa756c657a";"Dark Ambient Vol. 2";"a8c3c6a1f97fb810";"";"Dark Ambient Sting 2";"Main";"false";"Ugly Mac Beer (SACEM) · Yann Kornowicz (SACEM)";"Ugly Mac Beer · Yann Kornowicz";"update";"suffixe-société";"";"PARIGO  (SACEM)";"";"pilot-pending"
"PGO0044";"b9f6d3fa756c657a";"Dark Ambient Vol. 2";"5bef0d86914a88d9";"";"Dark Ambient Sting 3";"Main";"false";"Ugly Mac Beer (SACEM) · Yann Kornowicz (SACEM)";"Ugly Mac Beer · Yann Kornowicz";"update";"suffixe-société";"";"PARIGO  (SACEM)";"";"pilot-pending"
"PGO0044";"b9f6d3fa756c657a";"Dark Ambient Vol. 2";"c1808b0a4140c86c";"";"Dark Ambient Sting 4";"Main";"false";"Ugly Mac Beer (SACEM) · Yann Kornowicz (SACEM)";"Ugly Mac Beer · Yann Kornowicz";"update";"suffixe-société";"";"PARIGO  (SACEM)";"";"pilot-pending"
"PGO0044";"b9f6d3fa756c657a";"Dark Ambient Vol. 2";"55a76600b73d9b14";"";"Dark Ambient Sting 5";"Main";"false";"Ugly Mac Beer (SACEM) · Yann Kornowicz (SACEM)";"Ugly Mac Beer · Yann Kornowicz";"update";"suffixe-société";"";"PARIGO  (SACEM)";"";"pilot-pending"
"PGO0043";"25044b5c93c08771";"Brand Content";"20bd62ac795f15cd";"";"MARK OF QUALITY";"Main";"false";"Franck Sinnassamy (SACEM)";"Franck SINNASSAMY";"update";"suffixe-société-et-identité-structurée";"";"PARIGO  (SACEM)";"Franck SINNASSAMY|Composer|SACEM|803548153| · PARIGO|Original Publisher|SACEM|461629743|";"pilot-pending"
"PGO0043";"25044b5c93c08771";"Brand Content";"3f438e53e15d59a7";"";"HAPPY DOG WALK";"Main";"false";"Franck Sinnassamy (SACEM)";"Franck SINNASSAMY";"update";"suffixe-société-et-identité-structurée";"";"PARIGO  (SACEM)";"Franck SINNASSAMY|Composer|SACEM|803548153| · PARIGO|Original Publisher|SACEM|461629743|";"pilot-pending"
"PGO0043";"25044b5c93c08771";"Brand Content";"d8c77f480d7e19ec";"";"HOLD ME CLOSER";"Main";"false";"Franck Sinnassamy (SACEM) · Rebecca Meyer (SACEM)";"Franck SINNASSAMY · Rebecca Meyer";"update";"suffixe-société-et-identité-structurée";"";"PARIGO  (SACEM)";"Rebecca Meyer|Composer|SACEM|737578597| · PARIGO|Original Publisher|SACEM|461629743| · Franck SINNASSAMY|Composer|SACEM|803548153|";"pilot-pending"
"PGO0043";"25044b5c93c08771";"Brand Content";"7b5c05224f4a4b68";"";"HOLD ME CLOSER (INSTRUMENTAL)";"Main";"false";"Franck Sinnassamy (SACEM)";"Franck SINNASSAMY";"update";"suffixe-société-et-identité-structurée";"";"PARIGO  (SACEM)";"Franck SINNASSAMY|Composer|SACEM|803548153| · PARIGO|Original Publisher|SACEM|461629743|";"pilot-pending"
"PGO0043";"25044b5c93c08771";"Brand Content";"d115668194436b44";"";"ROBOTS ARE FOREVER";"Main";"false";"Franck Sinnassamy (SACEM)";"Franck SINNASSAMY";"update";"suffixe-société-et-identité-structurée";"";"PARIGO  (SACEM)";"Franck SINNASSAMY|Composer|SACEM|803548153| · PARIGO|Original Publisher|SACEM|461629743|";"pilot-pending"
"PGO0043";"25044b5c93c08771";"Brand Content";"796503a9ee3828fe";"";"IN MY EYES";"Main";"false";"Franck Sinnassamy (SACEM) · Nicolas Pisani (SACEM) · Rebecca Meyer (SACEM)";"Franck SINNASSAMY · Nicolas Pisani · Rebecca Meyer";"update";"suffixe-société-et-identité-structurée";"";"PARIGO  (SACEM)";"Rebecca Meyer|Composer|SACEM|737578597| · PARIGO|Original Publisher|SACEM|461629743| · Nicolas Pisani|Composer|SACEM|886580286| · Franck SINNASSAMY|Composer|SACEM|803548153|";"pilot-pending"
"PGO0043";"25044b5c93c08771";"Brand Content";"4dd465dbdb06e870";"";"IN MY EYES (INSTRUMENTAL)";"Main";"false";"Franck Sinnassamy (SACEM) · Nicolas Pisani (SACEM)";"Franck SINNASSAMY · Nicolas Pisani";"update";"suffixe-société-et-identité-structurée";"";"PARIGO  (SACEM)";"Nicolas Pisani|Composer|SACEM|886580286| · PARIGO|Original Publisher|SACEM|461629743| · Franck SINNASSAMY|Composer|SACEM|803548153|";"pilot-pending"
"PGO0043";"25044b5c93c08771";"Brand Content";"3fc6b9d533c6db2d";"";"CLOUD DREAMER";"Main";"false";"Franck Sinnassamy (SACEM)";"Franck SINNASSAMY";"update";"suffixe-société-et-identité-structurée";"";"PARIGO  (SACEM)";"Franck SINNASSAMY|Composer|SACEM|803548153| · PARIGO|Original Publisher|SACEM|461629743|";"pilot-pending"
"PGO0043";"25044b5c93c08771";"Brand Content";"8c24f58acdc45878";"";"HABITS";"Main";"false";"Franck Sinnassamy (SACEM) · Rebecca Meyer (SACEM)";"Franck SINNASSAMY · Rebecca Meyer";"update";"suffixe-société-et-identité-structurée";"";"PARIGO  (SACEM)";"Rebecca Meyer|Composer|SACEM|737578597| · PARIGO|Original Publisher|SACEM|461629743| · Franck SINNASSAMY|Composer|SACEM|803548153|";"pilot-pending"
"PGO0043";"25044b5c93c08771";"Brand Content";"f0d950e7b64af76b";"";"HABITS (INSTRUMENTAL)";"Main";"false";"Franck Sinnassamy (SACEM)";"Franck SINNASSAMY";"update";"suffixe-société-et-identité-structurée";"";"PARIGO  (SACEM)";"Franck SINNASSAMY|Composer|SACEM|803548153| · PARIGO|Original Publisher|SACEM|461629743|";"pilot-pending"
"PGO0043";"25044b5c93c08771";"Brand Content";"ffbdfb1d70e1c966";"";"FEELS SO NEW";"Main";"false";"Franck Sinnassamy (SACEM)";"Franck SINNASSAMY";"update";"suffixe-société-et-identité-structurée";"";"PARIGO  (SACEM)";"Franck SINNASSAMY|Composer|SACEM|803548153| · PARIGO|Original Publisher|SACEM|461629743|";"pilot-pending"
"PGO0043";"25044b5c93c08771";"Brand Content";"34a298f9fb039256";"";"A GREEN FUTURE";"Main";"false";"Franck Sinnassamy (SACEM)";"Franck SINNASSAMY";"update";"suffixe-société-et-identité-structurée";"";"PARIGO  (SACEM)";"Franck SINNASSAMY|Composer|SACEM|803548153| · PARIGO|Original Publisher|SACEM|461629743|";"pilot-pending"
"PGO0043";"25044b5c93c08771";"Brand Content";"f43d0da0563896ab";"";"A LITTLE SONG";"Main";"false";"Franck Sinnassamy (SACEM) · Rebecca Meyer (SACEM)";"Franck SINNASSAMY · Rebecca Meyer";"update";"suffixe-société-et-identité-structurée";"";"PARIGO  (SACEM)";"Rebecca Meyer|Composer|SACEM|737578597| · PARIGO|Original Publisher|SACEM|461629743| · Franck SINNASSAMY|Composer|SACEM|803548153|";"pilot-pending"
"PGO0043";"25044b5c93c08771";"Brand Content";"4bf65ffb1d3f3514";"";"A LITTLE SONG (INSTRUMENTAL)";"Main";"false";"Franck Sinnassamy (SACEM)";"Franck SINNASSAMY";"update";"suffixe-société-et-identité-structurée";"";"PARIGO  (SACEM)";"Franck SINNASSAMY|Composer|SACEM|803548153| · PARIGO|Original Publisher|SACEM|461629743|";"pilot-pending"
"PGO0043";"25044b5c93c08771";"Brand Content";"78b9fcf5079f7d79";"";"MY FUNKY WAY";"Main";"false";"Franck Sinnassamy (SACEM) · Rebecca Meyer (SACEM)";"Franck SINNASSAMY · Rebecca Meyer";"update";"suffixe-société-et-identité-structurée";"";"PARIGO  (SACEM)";"Rebecca Meyer|Composer|SACEM|737578597| · PARIGO|Original Publisher|SACEM|461629743| · Franck SINNASSAMY|Composer|SACEM|803548153|";"pilot-pending"
"PGO0043";"25044b5c93c08771";"Brand Content";"ffa6bc4e1c772d9a";"";"MY FUNKY WAY (INSTRUMENTAL)";"Main";"false";"Franck Sinnassamy (SACEM)";"Franck SINNASSAMY";"update";"suffixe-société-et-identité-structurée";"";"PARIGO  (SACEM)";"Franck SINNASSAMY|Composer|SACEM|803548153| · PARIGO|Original Publisher|SACEM|461629743|";"pilot-pending"
"PGO0043";"25044b5c93c08771";"Brand Content";"28b2e59268baf640";"";"ONE JAUNTY MORNING";"Main";"false";"Franck Sinnassamy (SACEM)";"Franck SINNASSAMY";"update";"suffixe-société-et-identité-structurée";"";"PARIGO  (SACEM)";"Franck SINNASSAMY|Composer|SACEM|803548153| · PARIGO|Original Publisher|SACEM|461629743|";"pilot-pending"
"PGO0043";"25044b5c93c08771";"Brand Content";"1380b22204616bab";"";"WE'VE GOT TO MOVE ON";"Main";"false";"Franck Sinnassamy (SACEM) · Nicolas Pisani (SACEM)";"Franck SINNASSAMY · Nicolas Pisani";"update";"suffixe-société-et-identité-structurée";"";"PARIGO  (SACEM)";"Nicolas Pisani|Composer|SACEM|886580286| · PARIGO|Original Publisher|SACEM|461629743| · Franck SINNASSAMY|Composer|SACEM|803548153|";"pilot-pending"
"PGO0043";"25044b5c93c08771";"Brand Content";"3b00df7d05478f92";"";"WE'VE GOT TO MOVE ON (INSTRUMENTAL)";"Main";"false";"Franck Sinnassamy (SACEM) · Nicolas Pisani (SACEM)";"Franck SINNASSAMY · Nicolas Pisani";"update";"suffixe-société-et-identité-structurée";"";"PARIGO  (SACEM)";"Nicolas Pisani|Composer|SACEM|886580286| · PARIGO|Original Publisher|SACEM|461629743| · Franck SINNASSAMY|Composer|SACEM|803548153|";"pilot-pending"
"PGO0043";"25044b5c93c08771";"Brand Content";"f164434ce7c10fe5";"";"BLUE LEATHER JACKET";"Main";"false";"Franck Sinnassamy (SACEM) · Nicolas Pisani (SACEM)";"Franck SINNASSAMY · Nicolas Pisani";"update";"suffixe-société-et-identité-structurée";"";"PARIGO  (SACEM)";"Nicolas Pisani|Composer|SACEM|886580286| · PARIGO|Original Publisher|SACEM|461629743| · Franck SINNASSAMY|Composer|SACEM|803548153|";"pilot-pending"
"PGO0043";"25044b5c93c08771";"Brand Content";"d6994be1c37ca3bc";"";"ASCENSION";"Main";"false";"Franck Sinnassamy (SACEM)";"Franck SINNASSAMY";"update";"suffixe-société-et-identité-structurée";"";"PARIGO  (SACEM)";"Franck SINNASSAMY|Composer|SACEM|803548153| · PARIGO|Original Publisher|SACEM|461629743|";"pilot-pending"
"PGO0043";"25044b5c93c08771";"Brand Content";"8efd7a228775a707";"";"WOULD YOU LIKE TO";"Main";"false";"Franck Sinnassamy (SACEM) · Nicolas Pisani (SACEM) · Rebecca Meyer (SACEM)";"Franck SINNASSAMY · Nicolas Pisani · Rebecca Meyer";"update";"suffixe-société-et-identité-structurée";"";"PARIGO  (SACEM)";"Rebecca Meyer|Composer|SACEM|737578597| · PARIGO|Original Publisher|SACEM|461629743| · Nicolas Pisani|Composer|SACEM|886580286| · Franck SINNASSAMY|Composer|SACEM|803548153|";"pilot-pending"
"PGO0043";"25044b5c93c08771";"Brand Content";"e7fc2f902b2ce0aa";"";"WOULD YOU LIKE TO (INSTRUMENTAL)";"Main";"false";"Franck Sinnassamy (SACEM) · Nicolas Pisani (SACEM)";"Franck SINNASSAMY · Nicolas Pisani";"update";"suffixe-société-et-identité-structurée";"";"PARIGO  (SACEM)";"Nicolas Pisani|Composer|SACEM|886580286| · PARIGO|Original Publisher|SACEM|461629743| · Franck SINNASSAMY|Composer|SACEM|803548153|";"pilot-pending"
"PGO0043";"25044b5c93c08771";"Brand Content";"c0dcbf19a91fdda6";"";"WALKING ON MARS";"Main";"false";"Franck Sinnassamy (SACEM)";"Franck SINNASSAMY";"update";"suffixe-société-et-identité-structurée";"";"PARIGO  (SACEM)";"Franck SINNASSAMY|Composer|SACEM|803548153| · PARIGO|Original Publisher|SACEM|461629743|";"pilot-pending"
"PGO0043";"25044b5c93c08771";"Brand Content";"ff9ecd3f3cc73595";"";"FREE YOUR STYLE";"Main";"false";"Franck Sinnassamy (SACEM) · Nicolas Pisani (SACEM) · Rebecca Meyer (SACEM)";"Franck SINNASSAMY · Nicolas Pisani · Rebecca Meyer";"update";"suffixe-société-et-identité-structurée";"";"PARIGO  (SACEM)";"Rebecca Meyer|Composer|SACEM|737578597| · PARIGO|Original Publisher|SACEM|461629743| · Nicolas Pisani|Composer|SACEM|886580286| · Franck SINNASSAMY|Composer|SACEM|803548153|";"pilot-pending"
"PGO0043";"25044b5c93c08771";"Brand Content";"eb99d7029e9829fb";"";"FREE YOUR STYLE (INSTRUMENTAL)";"Main";"false";"Franck Sinnassamy (SACEM) · Nicolas Pisani (SACEM)";"Franck SINNASSAMY · Nicolas Pisani";"update";"suffixe-société-et-identité-structurée";"";"PARIGO  (SACEM)";"Nicolas Pisani|Composer|SACEM|886580286| · PARIGO|Original Publisher|SACEM|461629743| · Franck SINNASSAMY|Composer|SACEM|803548153|";"pilot-pending"
"PGO0043";"25044b5c93c08771";"Brand Content";"6a5114f9a6d4378c";"";"MASTERSTROKE";"Main";"false";"Franck Sinnassamy (SACEM) · Victor Baillet (SACEM)";"Franck SINNASSAMY · Victor BAILLET";"update";"suffixe-société-et-identité-structurée";"";"PARIGO  (SACEM)";"Victor BAILLET|Composer|SACEM|794971280| · PARIGO|Original Publisher|SACEM|461629743| · Franck SINNASSAMY|Composer|SACEM|803548153|";"pilot-pending"
"PGO0042";"221d6ffcb80d9e9e";"Light Ambient";"b655ae4fb9e3f7bc";"";"SALOME";"Main";"false";"Jean-Baptiste Hanak (NS) · Cédric Hanak (NS)";"Jean-Baptiste HANAK · Cédric HANAK";"update";"suffixe-société-et-identité-structurée";"";"PARIGO  (SACEM)";"Jean-Baptiste HANAK|Composer|SACEM|434440481| · PARIGO|Original Publisher|SACEM|461629743| · Cédric HANAK|Composer|SACEM|842473335|";"pilot-pending"
"PGO0042";"221d6ffcb80d9e9e";"Light Ambient";"8bb203b19867385f";"";"SALOME ET JEAN-BAPTISTE";"Main";"false";"Jean-Baptiste Hanak (NS) · Cédric Hanak (NS)";"Jean-Baptiste HANAK · Cédric HANAK";"update";"suffixe-société-et-identité-structurée";"";"PARIGO  (SACEM)";"Jean-Baptiste HANAK|Composer|SACEM|434440481| · PARIGO|Original Publisher|SACEM|461629743| · Cédric HANAK|Composer|SACEM|842473335|";"pilot-pending"
"PGO0042";"221d6ffcb80d9e9e";"Light Ambient";"f048a847d1a4f7be";"";"MICHAEL ET SANDRA";"Main";"false";"Jean-Baptiste Hanak (NS) · Cédric Hanak (NS)";"Jean-Baptiste HANAK · Cédric HANAK";"update";"suffixe-société-et-identité-structurée";"";"PARIGO  (SACEM)";"Jean-Baptiste HANAK|Composer|SACEM|434440481| · PARIGO|Original Publisher|SACEM|461629743| · Cédric HANAK|Composer|SACEM|842473335|";"pilot-pending"
"PGO0042";"221d6ffcb80d9e9e";"Light Ambient";"66311a6da1814ecf";"";"SANDRA ET MICKAEL";"Main";"false";"Jean-Baptiste Hanak (NS) · Cédric Hanak (NS)";"Jean-Baptiste HANAK · Cédric HANAK";"update";"suffixe-société-et-identité-structurée";"";"PARIGO  (SACEM)";"Jean-Baptiste HANAK|Composer|SACEM|434440481| · PARIGO|Original Publisher|SACEM|461629743| · Cédric HANAK|Composer|SACEM|842473335|";"pilot-pending"
"PGO0042";"221d6ffcb80d9e9e";"Light Ambient";"fc96142caaaee271";"";"MICKAEL";"Main";"false";"Jean-Baptiste Hanak (NS)";"Jean-Baptiste HANAK";"update";"suffixe-société-et-identité-structurée";"";"PARIGO  (SACEM)";"Jean-Baptiste HANAK|Composer|SACEM|434440481| · PARIGO|Original Publisher|SACEM|461629743|";"pilot-pending"
"PGO0042";"221d6ffcb80d9e9e";"Light Ambient";"222e8ce77f9c3b1c";"";"SALOME ET JEROME";"Main";"false";"Jean-Baptiste Hanak (NS)";"Jean-Baptiste HANAK";"update";"suffixe-société-et-identité-structurée";"";"PARIGO  (SACEM)";"Jean-Baptiste HANAK|Composer|SACEM|434440481| · PARIGO|Original Publisher|SACEM|461629743|";"pilot-pending"
"PGO0042";"221d6ffcb80d9e9e";"Light Ambient";"3ebf1711a5af4eb5";"";"SALOME ET SANDRA";"Main";"false";"Jean-Baptiste Hanak (NS)";"Jean-Baptiste HANAK";"update";"suffixe-société-et-identité-structurée";"";"PARIGO  (SACEM)";"Jean-Baptiste HANAK|Composer|SACEM|434440481| · PARIGO|Original Publisher|SACEM|461629743|";"pilot-pending"
"PGO0042";"221d6ffcb80d9e9e";"Light Ambient";"825e897bf93318d9";"";"FLEUR ET MAX";"Main";"false";"Jean-Baptiste Hanak (NS) · Cédric Hanak (NS)";"Jean-Baptiste HANAK · Cédric HANAK";"update";"suffixe-société-et-identité-structurée";"";"PARIGO  (SACEM)";"Jean-Baptiste HANAK|Composer|SACEM|434440481| · PARIGO|Original Publisher|SACEM|461629743| · Cédric HANAK|Composer|SACEM|842473335|";"pilot-pending"
"PGO0042";"221d6ffcb80d9e9e";"Light Ambient";"d8e76761bcf79461";"";"UNE PREMIERE FOIS";"Main";"false";"Jean-Baptiste Hanak (NS) · Zoé FAGET (NS)";"Jean-Baptiste HANAK · Zoé FAGET";"update";"suffixe-société-et-identité-structurée";"";"PARIGO  (SACEM)";"Jean-Baptiste HANAK|Composer|SACEM|434440481| · PARIGO|Original Publisher|SACEM|461629743| · Zoé FAGET|Composer|SACEM|153016116|";"pilot-pending"
"PGO0042";"221d6ffcb80d9e9e";"Light Ambient";"70579d68770af0ad";"";"UNE PREMIERE FOIS (INSTRUMENTAL)";"Main";"false";"Jean-Baptiste Hanak (NS)";"Jean-Baptiste HANAK";"update";"suffixe-société-et-identité-structurée";"";"PARIGO  (SACEM)";"Jean-Baptiste HANAK|Composer|SACEM|434440481| · PARIGO|Original Publisher|SACEM|461629743|";"pilot-pending"
"PGO0041";"a3cec9f568a3578a";"Lazer Funk";"f43996784ebe433a";"";"FUNKY CHASER";"Main";"false";"Stéphane DELPLANQUE (SACEM)";"Stéphane DELPLANQUE";"update";"suffixe-société-et-identité-structurée";"";"PARIGO  (SACEM)";"Stéphane DELPLANQUE|Composer|SACEM|485029147| · PARIGO|Original Publisher|SACEM|461629743|";"pilot-pending"
"PGO0041";"a3cec9f568a3578a";"Lazer Funk";"ac27c1058dc3255b";"";"ASTRAL FUNK FLIGHT";"Main";"false";"Stéphane DELPLANQUE (SACEM)";"Stéphane DELPLANQUE";"update";"suffixe-société-et-identité-structurée";"";"PARIGO  (SACEM)";"Stéphane DELPLANQUE|Composer|SACEM|485029147| · PARIGO|Original Publisher|SACEM|461629743|";"pilot-pending"
"PGO0041";"a3cec9f568a3578a";"Lazer Funk";"475034c0e5fa8323";"";"THE HIDDEN HAND";"Main";"false";"Stéphane DELPLANQUE (SACEM)";"Stéphane DELPLANQUE";"update";"suffixe-société-et-identité-structurée";"";"PARIGO  (SACEM)";"Stéphane DELPLANQUE|Composer|SACEM|485029147| · PARIGO|Original Publisher|SACEM|461629743|";"pilot-pending"
"PGO0041";"a3cec9f568a3578a";"Lazer Funk";"0a4e241bd419000b";"";"SMOOTH AND COOL";"Main";"false";"Stéphane DELPLANQUE (SACEM)";"Stéphane DELPLANQUE";"update";"suffixe-société-et-identité-structurée";"";"PARIGO  (SACEM)";"Stéphane DELPLANQUE|Composer|SACEM|485029147| · PARIGO|Original Publisher|SACEM|461629743|";"pilot-pending"
"PGO0041";"a3cec9f568a3578a";"Lazer Funk";"9235174428fcf663";"";"GENTLEMAN GANGSTA";"Main";"false";"Stéphane DELPLANQUE (SACEM)";"Stéphane DELPLANQUE";"update";"suffixe-société-et-identité-structurée";"";"PARIGO  (SACEM)";"Stéphane DELPLANQUE|Composer|SACEM|485029147| · PARIGO|Original Publisher|SACEM|461629743|";"pilot-pending"
"PGO0041";"a3cec9f568a3578a";"Lazer Funk";"875b049aacc7bde2";"";"ROLLING UP";"Main";"false";"Stéphane DELPLANQUE (SACEM)";"Stéphane DELPLANQUE";"update";"suffixe-société-et-identité-structurée";"";"PARIGO  (SACEM)";"Stéphane DELPLANQUE|Composer|SACEM|485029147| · PARIGO|Original Publisher|SACEM|461629743|";"pilot-pending"
"PGO0041";"a3cec9f568a3578a";"Lazer Funk";"504431b6039f4af8";"";"TRUTH SEEKER";"Main";"false";"Stéphane DELPLANQUE (SACEM)";"Stéphane DELPLANQUE";"update";"suffixe-société-et-identité-structurée";"";"PARIGO  (SACEM)";"Stéphane DELPLANQUE|Composer|SACEM|485029147| · PARIGO|Original Publisher|SACEM|461629743|";"pilot-pending"
"PGO0041";"a3cec9f568a3578a";"Lazer Funk";"e7d4921fe75a32f4";"";"THE MYSTERY OF GRACE";"Main";"false";"Stéphane DELPLANQUE (SACEM)";"Stéphane DELPLANQUE";"update";"suffixe-société-et-identité-structurée";"";"PARIGO  (SACEM)";"Stéphane DELPLANQUE|Composer|SACEM|485029147| · PARIGO|Original Publisher|SACEM|461629743|";"pilot-pending"
"PGO0041";"a3cec9f568a3578a";"Lazer Funk";"ff8ad8b81a32eaa3";"";"CASH IN THE BAG";"Main";"false";"Stéphane DELPLANQUE (SACEM)";"Stéphane DELPLANQUE";"update";"suffixe-société-et-identité-structurée";"";"PARIGO  (SACEM)";"Stéphane DELPLANQUE|Composer|SACEM|485029147| · PARIGO|Original Publisher|SACEM|461629743|";"pilot-pending"
"PGO0041";"a3cec9f568a3578a";"Lazer Funk";"31b78a7be2a88671";"";"THE FUNKYLIZER";"Main";"false";"Stéphane DELPLANQUE (SACEM)";"Stéphane DELPLANQUE";"update";"suffixe-société-et-identité-structurée";"";"PARIGO  (SACEM)";"Stéphane DELPLANQUE|Composer|SACEM|485029147| · PARIGO|Original Publisher|SACEM|461629743|";"pilot-pending"
"PGO0041";"a3cec9f568a3578a";"Lazer Funk";"418e9cf3c79b242a";"";"ALONE AGAINST IT ALL";"Main";"false";"Stéphane DELPLANQUE (SACEM)";"Stéphane DELPLANQUE";"update";"suffixe-société-et-identité-structurée";"";"PARIGO  (SACEM)";"Stéphane DELPLANQUE|Composer|SACEM|485029147| · PARIGO|Original Publisher|SACEM|461629743|";"pilot-pending"
"PGO0041";"a3cec9f568a3578a";"Lazer Funk";"ee28051926b1e317";"";"LOVED UP";"Main";"false";"Stéphane DELPLANQUE (SACEM)";"Stéphane DELPLANQUE";"update";"suffixe-société-et-identité-structurée";"";"PARIGO  (SACEM)";"Stéphane DELPLANQUE|Composer|SACEM|485029147| · PARIGO|Original Publisher|SACEM|461629743|";"pilot-pending"
"PGO0041";"a3cec9f568a3578a";"Lazer Funk";"885c60ac2319f62d";"";"CARDS ON THE TABLE";"Main";"false";"Stéphane DELPLANQUE (SACEM)";"Stéphane DELPLANQUE";"update";"suffixe-société-et-identité-structurée";"";"PARIGO  (SACEM)";"Stéphane DELPLANQUE|Composer|SACEM|485029147| · PARIGO|Original Publisher|SACEM|461629743|";"pilot-pending"
"PGO0041";"a3cec9f568a3578a";"Lazer Funk";"fd9ca13b60b22e12";"";"A WONDROUS ILLUSION";"Main";"false";"Stéphane DELPLANQUE (SACEM)";"Stéphane DELPLANQUE";"update";"suffixe-société-et-identité-structurée";"";"PARIGO  (SACEM)";"Stéphane DELPLANQUE|Composer|SACEM|485029147| · PARIGO|Original Publisher|SACEM|461629743|";"pilot-pending"
"PGO0040";"c0cb9954b8feeba9";"Minimal Stories Vol.2";"6f8d2b8bad0c4ad5";"";"RESET YOUR LIFE";"Main";"false";"Laurent Dury (SACEM)";"Laurent Dury";"update";"suffixe-société-et-identité-structurée";"";"PARIGO  (SACEM)";"Laurent Dury|Composer|SACEM|152518584| · PARIGO|Original Publisher|SACEM|461629743|";"pilot-pending"
"PGO0040";"c0cb9954b8feeba9";"Minimal Stories Vol.2";"c306a7c59841160f";"";"RESET YOUR LIFE (PIANO VERSION)";"Main";"false";"Laurent Dury (SACEM)";"Laurent Dury";"update";"suffixe-société";"";"PARIGO  (SACEM)";"";"pilot-pending"
"PGO0040";"c0cb9954b8feeba9";"Minimal Stories Vol.2";"1c79c5e1b7b11de5";"";"RESET YOUR LIFE (UNDERSCORE)";"Main";"false";"Laurent Dury (SACEM)";"Laurent Dury";"update";"suffixe-société";"";"PARIGO  (SACEM)";"";"pilot-pending"
"PGO0040";"c0cb9954b8feeba9";"Minimal Stories Vol.2";"bc0031cb3503da31";"";"RESET YOUR LIFE (30 SEC)";"Commercial";"false";"Laurent Dury (SACEM)";"Laurent Dury";"update";"suffixe-société";"";"PARIGO  (SACEM)";"";"pilot-pending"
"PGO0040";"c0cb9954b8feeba9";"Minimal Stories Vol.2";"5be5344fc9ae7026";"";"A CHARMING APPROACH";"Main";"false";"Laurent Dury (SACEM)";"Laurent Dury";"update";"suffixe-société-et-identité-structurée";"";"PARIGO  (SACEM)";"Laurent Dury|Composer|SACEM|152518584| · PARIGO|Original Publisher|SACEM|461629743|";"pilot-pending"
"PGO0040";"c0cb9954b8feeba9";"Minimal Stories Vol.2";"a41001ac2f0ef832";"";"A CHARMING APPROACH (DUET STRINGS, PERCUSSIONS)";"Main";"false";"Laurent Dury (SACEM)";"Laurent Dury";"update";"suffixe-société";"";"PARIGO  (SACEM)";"";"pilot-pending"
"PGO0040";"c0cb9954b8feeba9";"Minimal Stories Vol.2";"9c008ec78ac6ee6a";"";"A CHARMING APPROACH (SOLO PIANO)";"Main";"false";"Laurent Dury (SACEM)";"Laurent Dury";"update";"suffixe-société";"";"PARIGO  (SACEM)";"";"pilot-pending"
"PGO0040";"c0cb9954b8feeba9";"Minimal Stories Vol.2";"aeb3d67778354f3b";"";"A CHARMING APPROACH (30 SEC)";"Commercial";"false";"Laurent Dury (SACEM)";"Laurent Dury";"update";"suffixe-société";"";"PARIGO  (SACEM)";"";"pilot-pending"
"PGO0040";"c0cb9954b8feeba9";"Minimal Stories Vol.2";"d470c80e9bd8fe54";"";"BELIEF AND CONFIDENCE";"Main";"false";"Laurent Dury (SACEM)";"Laurent Dury";"update";"suffixe-société-et-identité-structurée";"";"PARIGO  (SACEM)";"Laurent Dury|Composer|SACEM|152518584| · PARIGO|Original Publisher|SACEM|461629743|";"pilot-pending"
"PGO0040";"c0cb9954b8feeba9";"Minimal Stories Vol.2";"4fe3eb38f6c938ef";"";"BELIEF AND CONFIDENCE (PIANO VERSION)";"Main";"false";"Laurent Dury (SACEM)";"Laurent Dury";"update";"suffixe-société";"";"PARIGO  (SACEM)";"";"pilot-pending"
"PGO0040";"c0cb9954b8feeba9";"Minimal Stories Vol.2";"82be807a89d3a55c";"";"BELIEF AND CONFIDENCE (STRINGS VERSION)";"Main";"false";"Laurent Dury (SACEM)";"Laurent Dury";"update";"suffixe-société";"";"PARIGO  (SACEM)";"";"pilot-pending"
"PGO0040";"c0cb9954b8feeba9";"Minimal Stories Vol.2";"ba43e85d370ba3ef";"";"BELIEF AND CONFIDENCE (30 SEC)";"Commercial";"false";"Laurent Dury (SACEM)";"Laurent Dury";"update";"suffixe-société";"";"PARIGO  (SACEM)";"";"pilot-pending"
"PGO0040";"c0cb9954b8feeba9";"Minimal Stories Vol.2";"dac4e00a4aa6e2a8";"";"THE OLD MAN";"Main";"false";"Laurent Dury (SACEM)";"Laurent Dury";"update";"suffixe-société-et-identité-structurée";"";"PARIGO  (SACEM)";"Laurent Dury|Composer|SACEM|152518584| · PARIGO|Original Publisher|SACEM|461629743|";"pilot-pending"
"PGO0040";"c0cb9954b8feeba9";"Minimal Stories Vol.2";"7aa765a8f46cc4e4";"";"THE OLD MAN (BRASS AND WOODWINDS VERSION)";"Main";"false";"Laurent Dury (SACEM)";"Laurent Dury";"update";"suffixe-société";"";"PARIGO  (SACEM)";"";"pilot-pending"
"PGO0040";"c0cb9954b8feeba9";"Minimal Stories Vol.2";"637ae5705ae7d228";"";"THE OLD MAN (MINIMAL UNDERSCORE)";"Main";"false";"Laurent Dury (SACEM)";"Laurent Dury";"update";"suffixe-société";"";"PARIGO  (SACEM)";"";"pilot-pending"
"PGO0040";"c0cb9954b8feeba9";"Minimal Stories Vol.2";"406ffd7e911286f0";"";"THE OLD MAN (STING UNDERSCORE)";"Main";"false";"Laurent Dury (SACEM)";"Laurent Dury";"update";"suffixe-société";"";"PARIGO  (SACEM)";"";"pilot-pending"
"PGO0040";"c0cb9954b8feeba9";"Minimal Stories Vol.2";"1dca69c54bfd586c";"";"THE OLD MAN (30 SEC)";"Commercial";"false";"Laurent Dury (SACEM)";"Laurent Dury";"update";"suffixe-société";"";"PARIGO  (SACEM)";"";"pilot-pending"
"PGO0040";"c0cb9954b8feeba9";"Minimal Stories Vol.2";"254ac8f6aaf95883";"";"MIGRANT'S ODYSSEY";"Main";"false";"Laurent Dury (SACEM)";"Laurent Dury";"update";"suffixe-société-et-identité-structurée";"";"PARIGO  (SACEM)";"Laurent Dury|Composer|SACEM|152518584| · PARIGO|Original Publisher|SACEM|461629743|";"pilot-pending"
"PGO0040";"c0cb9954b8feeba9";"Minimal Stories Vol.2";"a7ee7b9e6bbb42bb";"";"MIGRANT'S ODYSSEY (CELLO VERSION)";"Main";"false";"Laurent Dury (SACEM)";"Laurent Dury";"update";"suffixe-société";"";"PARIGO  (SACEM)";"";"pilot-pending"
"PGO0040";"c0cb9954b8feeba9";"Minimal Stories Vol.2";"c9f479f0cae023e7";"";"MIGRANT'S ODYSSEY (PIANO VERSION)";"Main";"false";"Laurent Dury (SACEM)";"Laurent Dury";"update";"suffixe-société";"";"PARIGO  (SACEM)";"";"pilot-pending"
"PGO0040";"c0cb9954b8feeba9";"Minimal Stories Vol.2";"4088cde61c68ea7a";"";"MIGRANT'S ODYSSEY (30 SEC)";"Commercial";"false";"Laurent Dury (SACEM)";"Laurent Dury";"update";"suffixe-société";"";"PARIGO  (SACEM)";"";"pilot-pending"
"PGO0040";"c0cb9954b8feeba9";"Minimal Stories Vol.2";"4e5ca1ad5ff7b2f1";"";"SOUVENIRS OF LOVE";"Main";"false";"Laurent Dury (SACEM)";"Laurent Dury";"update";"suffixe-société-et-identité-structurée";"";"PARIGO  (SACEM)";"Laurent Dury|Composer|SACEM|152518584| · PARIGO|Original Publisher|SACEM|461629743|";"pilot-pending"
"PGO0040";"c0cb9954b8feeba9";"Minimal Stories Vol.2";"e5f917f749ca069d";"";"SOUVENIRS OF LOVE (PIANO AND PERCUSSIONS VERSION)";"Main";"false";"Laurent Dury (SACEM)";"Laurent Dury";"update";"suffixe-société";"";"PARIGO  (SACEM)";"";"pilot-pending"
"PGO0040";"c0cb9954b8feeba9";"Minimal Stories Vol.2";"12ec67817df54688";"";"SOUVENIRS OF LOVE (STRINGS AND PERCUSSIONS VERSION)";"Main";"false";"Laurent Dury (SACEM)";"Laurent Dury";"update";"suffixe-société";"";"PARIGO  (SACEM)";"";"pilot-pending"
"PGO0040";"c0cb9954b8feeba9";"Minimal Stories Vol.2";"5e6742a715d43440";"";"SOUVENIRS OF LOVE (30 SEC)";"Commercial";"false";"Laurent Dury (SACEM)";"Laurent Dury";"update";"suffixe-société";"";"PARIGO  (SACEM)";"";"pilot-pending"
"PGO0040";"c0cb9954b8feeba9";"Minimal Stories Vol.2";"5faa5d91a1ba199a";"";"MAGICAL CITY";"Main";"false";"Laurent Dury (SACEM)";"Laurent Dury";"update";"suffixe-société-et-identité-structurée";"";"PARIGO  (SACEM)";"Laurent Dury|Composer|SACEM|152518584| · PARIGO|Original Publisher|SACEM|461629743|";"pilot-pending"
"PGO0040";"c0cb9954b8feeba9";"Minimal Stories Vol.2";"2db0318e719ec76b";"";"MAGICAL CITY (STRINGS VERSION)";"Main";"false";"Laurent Dury (SACEM)";"Laurent Dury";"update";"suffixe-société";"";"PARIGO  (SACEM)";"";"pilot-pending"
"PGO0040";"c0cb9954b8feeba9";"Minimal Stories Vol.2";"fc3084ac86600ca6";"";"MAGICAL CITY (PIZZICATO VERSION)";"Main";"false";"Laurent Dury (SACEM)";"Laurent Dury";"update";"suffixe-société";"";"PARIGO  (SACEM)";"";"pilot-pending"
"PGO0040";"c0cb9954b8feeba9";"Minimal Stories Vol.2";"8626b74fb9183df2";"";"MAGICAL CITY (30 SEC)";"Commercial";"false";"Laurent Dury (SACEM)";"Laurent Dury";"update";"suffixe-société";"";"PARIGO  (SACEM)";"";"pilot-pending"
"PGO0040";"c0cb9954b8feeba9";"Minimal Stories Vol.2";"ca90f85a7207f3c9";"";"MAKE YOUR OWN WAY";"Main";"false";"Laurent Dury (SACEM)";"Laurent Dury";"update";"suffixe-société-et-identité-structurée";"";"PARIGO  (SACEM)";"Laurent Dury|Composer|SACEM|152518584| · PARIGO|Original Publisher|SACEM|461629743|";"pilot-pending"
"PGO0040";"c0cb9954b8feeba9";"Minimal Stories Vol.2";"7054f7094993ef91";"";"MAKE YOUR OWN WAY (CELLO VERSION)";"Main";"false";"Laurent Dury (SACEM)";"Laurent Dury";"update";"suffixe-société";"";"PARIGO  (SACEM)";"";"pilot-pending"
"PGO0040";"c0cb9954b8feeba9";"Minimal Stories Vol.2";"d3ffcaf165a8bda8";"";"MAKE YOUR OWN WAY (PIANO VERSION)";"Main";"false";"Laurent Dury (SACEM)";"Laurent Dury";"update";"suffixe-société";"";"PARIGO  (SACEM)";"";"pilot-pending"
"PGO0040";"c0cb9954b8feeba9";"Minimal Stories Vol.2";"772224fc90305765";"";"MAKE YOUR OWN WAY (30 SEC)";"Commercial";"false";"Laurent Dury (SACEM)";"Laurent Dury";"update";"suffixe-société";"";"PARIGO  (SACEM)";"";"pilot-pending"
"PGO0040";"c0cb9954b8feeba9";"Minimal Stories Vol.2";"853c3432f02d673b";"";"A THOUGHTFUL STROLL";"Main";"false";"Laurent Dury (SACEM)";"Laurent Dury";"update";"suffixe-société-et-identité-structurée";"";"PARIGO  (SACEM)";"Laurent Dury|Composer|SACEM|152518584| · PARIGO|Original Publisher|SACEM|461629743|";"pilot-pending"
"PGO0040";"c0cb9954b8feeba9";"Minimal Stories Vol.2";"8b4bedc79678a41a";"";"A THOUGHTFUL STROLL (UNDERSCORE VERSION 1)";"Main";"false";"Laurent Dury (SACEM)";"Laurent Dury";"update";"suffixe-société";"";"PARIGO  (SACEM)";"";"pilot-pending"
"PGO0040";"c0cb9954b8feeba9";"Minimal Stories Vol.2";"66a96c69bab503a9";"";"A THOUGHTFUL STROLL (UNDERSCORE VERSION 2)";"Main";"false";"Laurent Dury (SACEM)";"Laurent Dury";"update";"suffixe-société";"";"PARIGO  (SACEM)";"";"pilot-pending"
"PGO0040";"c0cb9954b8feeba9";"Minimal Stories Vol.2";"0ae82cabcd3c6f91";"";"A THOUGHTFUL STROLL (30 SEC)";"Commercial";"false";"Laurent Dury (SACEM)";"Laurent Dury";"update";"suffixe-société";"";"PARIGO  (SACEM)";"";"pilot-pending"
"PGO0040";"c0cb9954b8feeba9";"Minimal Stories Vol.2";"e32d1152e45bf105";"";"FLIGHT FORWARD";"Main";"false";"Laurent Dury (SACEM)";"Laurent Dury";"update";"suffixe-société-et-identité-structurée";"";"PARIGO  (SACEM)";"Laurent Dury|Composer|SACEM|152518584| · PARIGO|Original Publisher|SACEM|461629743|";"pilot-pending"
"PGO0040";"c0cb9954b8feeba9";"Minimal Stories Vol.2";"53d3fd4cbbefa26d";"";"FLIGHT FORWARD (WOODWINDS AND STRINGS VERSION)";"Main";"false";"Laurent Dury (SACEM)";"Laurent Dury";"update";"suffixe-société";"";"PARIGO  (SACEM)";"";"pilot-pending"
"PGO0040";"c0cb9954b8feeba9";"Minimal Stories Vol.2";"ba21643aa1bb1661";"";"FLIGHT FORWARD (PIANO VERSION)";"Main";"false";"Laurent Dury (SACEM)";"Laurent Dury";"update";"suffixe-société";"";"PARIGO  (SACEM)";"";"pilot-pending"
"PGO0040";"c0cb9954b8feeba9";"Minimal Stories Vol.2";"f8548d42c35ef0f8";"";"FLIGHT FORWARD (30 SEC)";"Commercial";"false";"Laurent Dury (SACEM)";"Laurent Dury";"update";"suffixe-société";"";"PARIGO  (SACEM)";"";"pilot-pending"
"PGO0040";"c0cb9954b8feeba9";"Minimal Stories Vol.2";"beaa8a29cfa035b1";"";"BUSY LIVES";"Main";"false";"Laurent Dury (SACEM)";"Laurent Dury";"update";"suffixe-société-et-identité-structurée";"";"PARIGO  (SACEM)";"Laurent Dury|Composer|SACEM|152518584| · PARIGO|Original Publisher|SACEM|461629743|";"pilot-pending"
"PGO0040";"c0cb9954b8feeba9";"Minimal Stories Vol.2";"8ced7c2c68894158";"";"BUSY LIVES (UNDERSCORE)";"Main";"false";"Laurent Dury (SACEM)";"Laurent Dury";"update";"suffixe-société";"";"PARIGO  (SACEM)";"";"pilot-pending"
"PGO0040";"c0cb9954b8feeba9";"Minimal Stories Vol.2";"0999953a7941cea3";"";"BUSY LIVES (PIANO VERSION)";"Main";"false";"Laurent Dury (SACEM)";"Laurent Dury";"update";"suffixe-société";"";"PARIGO  (SACEM)";"";"pilot-pending"
"PGO0040";"c0cb9954b8feeba9";"Minimal Stories Vol.2";"3689a446004498b0";"";"BUSY LIVES (30 SEC)";"Commercial";"false";"Laurent Dury (SACEM)";"Laurent Dury";"update";"suffixe-société";"";"PARIGO  (SACEM)";"";"pilot-pending"
"PGO0040";"c0cb9954b8feeba9";"Minimal Stories Vol.2";"0f60098121b6476a";"";"PLEASE GET UP";"Main";"false";"Laurent Dury (SACEM)";"Laurent Dury";"update";"suffixe-société-et-identité-structurée";"";"PARIGO  (SACEM)";"Laurent Dury|Composer|SACEM|152518584| · PARIGO|Original Publisher|SACEM|461629743|";"pilot-pending"
"PGO0040";"c0cb9954b8feeba9";"Minimal Stories Vol.2";"85cc4ffb34503b8c";"";"PLEASE GET UP (STRINGS VERSION)";"Main";"false";"Laurent Dury (SACEM)";"Laurent Dury";"update";"suffixe-société";"";"PARIGO  (SACEM)";"";"pilot-pending"
"PGO0040";"c0cb9954b8feeba9";"Minimal Stories Vol.2";"ad54613f90a3e890";"";"PLEASE GET UP (SOLO PIANO)";"Main";"false";"Laurent Dury (SACEM)";"Laurent Dury";"update";"suffixe-société";"";"PARIGO  (SACEM)";"";"pilot-pending"
"PGO0040";"c0cb9954b8feeba9";"Minimal Stories Vol.2";"b4ae105d7935e986";"";"PLEASE GET UP (30 SEC)";"Commercial";"false";"Laurent Dury (SACEM)";"Laurent Dury";"update";"suffixe-société";"";"PARIGO  (SACEM)";"";"pilot-pending"
"PGO0039";"9f983774c56872a7";"Videoclub";"f8cebd2657036dbe";"";"BACK IN TOWN";"Main";"false";"Daniel AMOZIG (NS) · Yann KORNOWICZ (NS)";"Daniel AMOZIG · Yann KORNOWICZ";"update";"suffixe-société-et-identité-structurée";"";"PARIGO";"Daniel AMOZIG|Composer|SACEM|752891804| · PARIGO|Original Publisher|SACEM|461629743| · Yann KORNOWICZ|Composer|SACEM|803177360|";"pilot-pending"
"PGO0039";"9f983774c56872a7";"Videoclub";"6fce1f1a09c20801";"";"BACK IN TOWN (UNDERSOCRE, NO FX)";"Main";"false";"Daniel AMOZIG (NS) · Yann KORNOWICZ (NS)";"Daniel AMOZIG · Yann KORNOWICZ";"update";"suffixe-société";"";"PARIGO";"";"pilot-pending"
"PGO0039";"9f983774c56872a7";"Videoclub";"6349a4fe383929c6";"";"SEVENTIES CAR CHASE";"Main";"false";"Daniel AMOZIG (NS) · Yann KORNOWICZ (NS)";"Daniel AMOZIG · Yann KORNOWICZ";"update";"suffixe-société-et-identité-structurée";"";"PARIGO";"Daniel AMOZIG|Composer|SACEM|752891804| · PARIGO|Original Publisher|SACEM|461629743| · Yann KORNOWICZ|Composer|SACEM|803177360|";"pilot-pending"
"PGO0039";"9f983774c56872a7";"Videoclub";"9edbbafaa5e7481d";"";"BEHIND THE FIRST DOOR";"Main";"false";"Daniel AMOZIG (NS) · Yann KORNOWICZ (NS)";"Daniel AMOZIG · Yann KORNOWICZ";"update";"suffixe-société-et-identité-structurée";"";"PARIGO";"Daniel AMOZIG|Composer|SACEM|752891804| · PARIGO|Original Publisher|SACEM|461629743| · Yann KORNOWICZ|Composer|SACEM|803177360|";"pilot-pending"
"PGO0039";"9f983774c56872a7";"Videoclub";"90378d72103ddbde";"";"THE MAN FROM MONTE CARLO";"Main";"false";"Daniel AMOZIG (NS) · Yann KORNOWICZ (NS)";"Daniel AMOZIG · Yann KORNOWICZ";"update";"suffixe-société-et-identité-structurée";"";"PARIGO";"Daniel AMOZIG|Composer|SACEM|752891804| · PARIGO|Original Publisher|SACEM|461629743| · Yann KORNOWICZ|Composer|SACEM|803177360|";"pilot-pending"
"PGO0039";"9f983774c56872a7";"Videoclub";"6fdbd34c6bab38d9";"";"VIDEOCLUB";"Main";"false";"Daniel AMOZIG (NS) · Yann KORNOWICZ (NS)";"Daniel AMOZIG · Yann KORNOWICZ";"update";"suffixe-société-et-identité-structurée";"";"PARIGO";"Daniel AMOZIG|Composer|SACEM|752891804| · PARIGO|Original Publisher|SACEM|461629743| · Yann KORNOWICZ|Composer|SACEM|803177360|";"pilot-pending"
"PGO0039";"9f983774c56872a7";"Videoclub";"273e9e235040e547";"";"VIDEOCLUB (UNDERSCORE, NO FX)";"Main";"false";"Daniel AMOZIG (NS) · Yann KORNOWICZ (NS)";"Daniel AMOZIG · Yann KORNOWICZ";"update";"suffixe-société";"";"PARIGO";"";"pilot-pending"
"PGO0039";"9f983774c56872a7";"Videoclub";"2d6307b88845bb61";"";"SEE YOU SOON URSULLA";"Main";"false";"Daniel AMOZIG (NS) · Yann KORNOWICZ (NS)";"Daniel AMOZIG · Yann KORNOWICZ";"update";"suffixe-société-et-identité-structurée";"";"PARIGO";"Daniel AMOZIG|Composer|SACEM|752891804| · PARIGO|Original Publisher|SACEM|461629743| · Yann KORNOWICZ|Composer|SACEM|803177360|";"pilot-pending"
"PGO0039";"9f983774c56872a7";"Videoclub";"cc1dc305c70110c9";"";"URSULLA UNDRESSED";"Main";"false";"Daniel AMOZIG (NS) · Yann KORNOWICZ (NS)";"Daniel AMOZIG · Yann KORNOWICZ";"update";"suffixe-société-et-identité-structurée";"";"PARIGO";"Daniel AMOZIG|Composer|SACEM|752891804| · PARIGO|Original Publisher|SACEM|461629743| · Yann KORNOWICZ|Composer|SACEM|803177360|";"pilot-pending"
"PGO0039";"9f983774c56872a7";"Videoclub";"a393694f5783f475";"";"THE SIGN OF THE ANCIENTS";"Main";"false";"Daniel AMOZIG (NS) · Yann KORNOWICZ (NS)";"Daniel AMOZIG · Yann KORNOWICZ";"update";"suffixe-société-et-identité-structurée";"";"PARIGO";"Daniel AMOZIG|Composer|SACEM|752891804| · PARIGO|Original Publisher|SACEM|461629743| · Yann KORNOWICZ|Composer|SACEM|803177360|";"pilot-pending"
"PGO0039";"9f983774c56872a7";"Videoclub";"17410b4b426c3670";"";"CLOSING CREDITS";"Main";"false";"Daniel AMOZIG (NS) · Yann KORNOWICZ (NS)";"Daniel AMOZIG · Yann KORNOWICZ";"update";"suffixe-société-et-identité-structurée";"";"PARIGO";"Daniel AMOZIG|Composer|SACEM|752891804| · PARIGO|Original Publisher|SACEM|461629743| · Yann KORNOWICZ|Composer|SACEM|803177360|";"pilot-pending"
"PGO0039";"9f983774c56872a7";"Videoclub";"974dfc5a9b72bd9b";"";"THE GOLDEN VHS";"Main";"false";"Daniel AMOZIG (NS) · Yann KORNOWICZ (NS)";"Daniel AMOZIG · Yann KORNOWICZ";"update";"suffixe-société-et-identité-structurée";"";"PARIGO";"Daniel AMOZIG|Composer|SACEM|752891804| · PARIGO|Original Publisher|SACEM|461629743| · Yann KORNOWICZ|Composer|SACEM|803177360|";"pilot-pending"
"PGO0039";"9f983774c56872a7";"Videoclub";"314e8063410ab35b";"";"SECRET AGENT SKI CHASE";"Main";"false";"Daniel AMOZIG (NS) · Yann KORNOWICZ (NS)";"Daniel AMOZIG · Yann KORNOWICZ";"update";"suffixe-société-et-identité-structurée";"";"PARIGO";"Daniel AMOZIG|Composer|SACEM|752891804| · PARIGO|Original Publisher|SACEM|461629743| · Yann KORNOWICZ|Composer|SACEM|803177360|";"pilot-pending"
"PGO0039";"9f983774c56872a7";"Videoclub";"99097129a9fcec36";"";"SHOWDOWN AT HIGH NOON";"Main";"false";"Daniel AMOZIG (NS) · Yann KORNOWICZ (NS)";"Daniel AMOZIG · Yann KORNOWICZ";"update";"suffixe-société-et-identité-structurée";"";"PARIGO";"Daniel AMOZIG|Composer|SACEM|752891804| · PARIGO|Original Publisher|SACEM|461629743| · Yann KORNOWICZ|Composer|SACEM|803177360|";"pilot-pending"
"PGO0039";"9f983774c56872a7";"Videoclub";"c8b3e0e756dbdd32";"";"SMOKY ELEVATOR";"Main";"false";"Daniel AMOZIG (NS) · Yann KORNOWICZ (NS)";"Daniel AMOZIG · Yann KORNOWICZ";"update";"suffixe-société-et-identité-structurée";"";"PARIGO";"Daniel AMOZIG|Composer|SACEM|752891804| · PARIGO|Original Publisher|SACEM|461629743| · Yann KORNOWICZ|Composer|SACEM|803177360|";"pilot-pending"
"PGO0039";"9f983774c56872a7";"Videoclub";"ce92105a25219220";"";"JOHNNY THE SNITCH";"Main";"false";"Daniel AMOZIG (NS) · Yann KORNOWICZ (NS)";"Daniel AMOZIG · Yann KORNOWICZ";"update";"suffixe-société-et-identité-structurée";"";"PARIGO";"Daniel AMOZIG|Composer|SACEM|752891804| · PARIGO|Original Publisher|SACEM|461629743| · Yann KORNOWICZ|Composer|SACEM|803177360|";"pilot-pending"
"PGO0039";"9f983774c56872a7";"Videoclub";"139e54f970286651";"";"BEHIND THE SECOND DOOR";"Main";"false";"Daniel AMOZIG (NS) · Yann KORNOWICZ (NS)";"Daniel AMOZIG · Yann KORNOWICZ";"update";"suffixe-société-et-identité-structurée";"";"PARIGO";"Daniel AMOZIG|Composer|SACEM|752891804| · PARIGO|Original Publisher|SACEM|461629743| · Yann KORNOWICZ|Composer|SACEM|803177360|";"pilot-pending"
"PGO0039";"9f983774c56872a7";"Videoclub";"1d912d35f5da0f29";"";"PSYCHEDELIC HAZE";"Main";"false";"Daniel AMOZIG (NS) · Yann KORNOWICZ (NS)";"Daniel AMOZIG · Yann KORNOWICZ";"update";"suffixe-société-et-identité-structurée";"";"PARIGO";"Daniel AMOZIG|Composer|SACEM|752891804| · PARIGO|Original Publisher|SACEM|461629743| · Yann KORNOWICZ|Composer|SACEM|803177360|";"pilot-pending"
"PGO0039";"9f983774c56872a7";"Videoclub";"249bf90a88813d1c";"";"THE CURSE OF THE GOLDEN VHS";"Main";"false";"Daniel AMOZIG (NS) · Yann KORNOWICZ (NS)";"Daniel AMOZIG · Yann KORNOWICZ";"update";"suffixe-société-et-identité-structurée";"";"PARIGO";"Daniel AMOZIG|Composer|SACEM|752891804| · PARIGO|Original Publisher|SACEM|461629743| · Yann KORNOWICZ|Composer|SACEM|803177360|";"pilot-pending"
"PGO0038";"86d50f9b243a17b8";"Rock Of Anarchy";"530f71676d81a80e";"";"MONKEY MONSTER";"Main";"false";"Jean-Baptiste HANAK (SACEM) · Frédéric HANAK (SACEM)";"Jean-Baptiste HANAK · Frédéric HANAK";"update";"suffixe-société-et-identité-structurée";"";"PARIGO  (SACEM)";"Jean-Baptiste HANAK|Composer|SACEM|434440481| · PARIGO|Original Publisher|SACEM|461629743| · Frédéric HANAK|Composer|SACEM|434440089|";"pilot-pending"
"PGO0038";"86d50f9b243a17b8";"Rock Of Anarchy";"bf442980395b1d0d";"";"MONKEY MONSTER (INSTRUMENTAL)";"Main";"false";"Jean-Baptiste HANAK (SACEM)";"Jean-Baptiste HANAK";"update";"suffixe-société-et-identité-structurée";"";"PARIGO  (SACEM)";"Jean-Baptiste HANAK|Composer|SACEM|434440481| · PARIGO|Original Publisher|SACEM|461629743|";"pilot-pending"
"PGO0038";"86d50f9b243a17b8";"Rock Of Anarchy";"79dfd41787ca3d78";"";"SHINY DAY";"Main";"false";"Jean-Baptiste HANAK (SACEM) · Frédéric HANAK (SACEM)";"Jean-Baptiste HANAK · Frédéric HANAK";"update";"suffixe-société-et-identité-structurée";"";"PARIGO  (SACEM)";"Jean-Baptiste HANAK|Composer|SACEM|434440481| · PARIGO|Original Publisher|SACEM|461629743| · Frédéric HANAK|Composer|SACEM|434440089|";"pilot-pending"
"PGO0038";"86d50f9b243a17b8";"Rock Of Anarchy";"52487deacffcb25e";"";"SHINY DAY (INSTRUMENTAL)";"Main";"false";"Jean-Baptiste HANAK (SACEM)";"Jean-Baptiste HANAK";"update";"suffixe-société-et-identité-structurée";"";"PARIGO  (SACEM)";"Jean-Baptiste HANAK|Composer|SACEM|434440481| · PARIGO|Original Publisher|SACEM|461629743|";"pilot-pending"
"PGO0038";"86d50f9b243a17b8";"Rock Of Anarchy";"281431083c60d211";"";"FROGSTYLE";"Main";"false";"Jean-Baptiste HANAK (SACEM)";"Jean-Baptiste HANAK";"update";"suffixe-société-et-identité-structurée";"";"PARIGO  (SACEM)";"Jean-Baptiste HANAK|Composer|SACEM|434440481| · PARIGO|Original Publisher|SACEM|461629743|";"pilot-pending"
"PGO0038";"86d50f9b243a17b8";"Rock Of Anarchy";"55445fce4bc034cd";"";"FROGSTYLE (INSTRUMENTAL)";"Main";"false";"Jean-Baptiste HANAK (SACEM)";"Jean-Baptiste HANAK";"update";"suffixe-société-et-identité-structurée";"";"PARIGO  (SACEM)";"Jean-Baptiste HANAK|Composer|SACEM|434440481| · PARIGO|Original Publisher|SACEM|461629743|";"pilot-pending"
"PGO0038";"86d50f9b243a17b8";"Rock Of Anarchy";"4c64390f5aa4e98d";"";"LOSE";"Main";"false";"Jean-Baptiste HANAK (SACEM)";"Jean-Baptiste HANAK";"update";"suffixe-société-et-identité-structurée";"";"PARIGO  (SACEM)";"Jean-Baptiste HANAK|Composer|SACEM|434440481| · PARIGO|Original Publisher|SACEM|461629743|";"pilot-pending"
"PGO0038";"86d50f9b243a17b8";"Rock Of Anarchy";"e40d3448845ba328";"";"LOSE (INSTRUMENTAL)";"Main";"false";"Jean-Baptiste HANAK (SACEM)";"Jean-Baptiste HANAK";"update";"suffixe-société-et-identité-structurée";"";"PARIGO  (SACEM)";"Jean-Baptiste HANAK|Composer|SACEM|434440481| · PARIGO|Original Publisher|SACEM|461629743|";"pilot-pending"
"PGO0038";"86d50f9b243a17b8";"Rock Of Anarchy";"39f4bc6e7d43d8bc";"";"SETTLE DOWN";"Main";"false";"Jean-Baptiste HANAK (SACEM)";"Jean-Baptiste HANAK";"update";"suffixe-société-et-identité-structurée";"";"PARIGO  (SACEM)";"Jean-Baptiste HANAK|Composer|SACEM|434440481| · PARIGO|Original Publisher|SACEM|461629743|";"pilot-pending"
"PGO0038";"86d50f9b243a17b8";"Rock Of Anarchy";"2e62b7f29fb0dca3";"";"SETTLE DOWN (INSTRUMENTAL)";"Main";"false";"Jean-Baptiste HANAK (SACEM)";"Jean-Baptiste HANAK";"update";"suffixe-société-et-identité-structurée";"";"PARIGO  (SACEM)";"Jean-Baptiste HANAK|Composer|SACEM|434440481| · PARIGO|Original Publisher|SACEM|461629743|";"pilot-pending"
"PGO0038";"86d50f9b243a17b8";"Rock Of Anarchy";"9000897484ed121a";"";"WEED UP SPEED UP";"Main";"false";"Jean-Baptiste HANAK (SACEM) · Cédric HANAK (NS)";"Jean-Baptiste HANAK · Cédric HANAK";"update";"suffixe-société-et-identité-structurée";"";"PARIGO  (SACEM)";"Cédric HANAK|Composer|SACEM|842473335| · PARIGO|Original Publisher|SACEM|461629743| · Jean-Baptiste HANAK|Composer|SACEM|434440481|";"pilot-pending"
"PGO0038";"86d50f9b243a17b8";"Rock Of Anarchy";"2ba77e3fbc01bdd9";"";"SUE ME GIRL";"Main";"false";"Jean-Baptiste HANAK (SACEM)";"Jean-Baptiste HANAK";"update";"suffixe-société-et-identité-structurée";"";"PARIGO  (SACEM)";"Jean-Baptiste HANAK|Composer|SACEM|434440481| · PARIGO|Original Publisher|SACEM|461629743|";"pilot-pending"
"PGO0038";"86d50f9b243a17b8";"Rock Of Anarchy";"059ec189c96f66e0";"";"SUE ME GIRL (INSTRUMENTAL)";"Main";"false";"Jean-Baptiste HANAK (SACEM)";"Jean-Baptiste HANAK";"update";"suffixe-société-et-identité-structurée";"";"PARIGO  (SACEM)";"Jean-Baptiste HANAK|Composer|SACEM|434440481| · PARIGO|Original Publisher|SACEM|461629743|";"pilot-pending"
"PGO0038";"86d50f9b243a17b8";"Rock Of Anarchy";"59a1ba04bf404404";"";"PROSTITUTES";"Main";"false";"Jean-Baptiste HANAK (SACEM)";"Jean-Baptiste HANAK";"update";"suffixe-société-et-identité-structurée";"";"PARIGO  (SACEM)";"Jean-Baptiste HANAK|Composer|SACEM|434440481| · PARIGO|Original Publisher|SACEM|461629743|";"pilot-pending"
"PGO0038";"86d50f9b243a17b8";"Rock Of Anarchy";"a35809ff68ef6b06";"";"PROSTITUTES (INSTRUMENTAL)";"Main";"false";"Jean-Baptiste HANAK (SACEM)";"Jean-Baptiste HANAK";"update";"suffixe-société-et-identité-structurée";"";"PARIGO  (SACEM)";"Jean-Baptiste HANAK|Composer|SACEM|434440481| · PARIGO|Original Publisher|SACEM|461629743|";"pilot-pending"
"PGO0038";"86d50f9b243a17b8";"Rock Of Anarchy";"e1b6a0da6aef5cc6";"";"ANIMAL MACHINE";"Main";"false";"Jean-Baptiste HANAK (SACEM)";"Jean-Baptiste HANAK";"update";"suffixe-société-et-identité-structurée";"";"PARIGO  (SACEM)";"Jean-Baptiste HANAK|Composer|SACEM|434440481| · PARIGO|Original Publisher|SACEM|461629743|";"pilot-pending"
"PGO0038";"86d50f9b243a17b8";"Rock Of Anarchy";"7a619b1df7765e2e";"";"ANIMAL MACHINE (INSTRUMENTAL)";"Main";"false";"Jean-Baptiste HANAK (SACEM)";"Jean-Baptiste HANAK";"update";"suffixe-société-et-identité-structurée";"";"PARIGO  (SACEM)";"Jean-Baptiste HANAK|Composer|SACEM|434440481| · PARIGO|Original Publisher|SACEM|461629743|";"pilot-pending"
"PGO0038";"86d50f9b243a17b8";"Rock Of Anarchy";"61a44aeddafe107a";"";"BIG BLACK SHOTS";"Main";"false";"Jean-Baptiste HANAK (SACEM)";"Jean-Baptiste HANAK";"update";"suffixe-société-et-identité-structurée";"";"PARIGO  (SACEM)";"Jean-Baptiste HANAK|Composer|SACEM|434440481| · PARIGO|Original Publisher|SACEM|461629743|";"pilot-pending"
"PGO0038";"86d50f9b243a17b8";"Rock Of Anarchy";"cc9d1de6d554b5c8";"";"BIG BLACK SHOTS (INSTRUMENTAL)";"Main";"false";"Jean-Baptiste HANAK (SACEM)";"Jean-Baptiste HANAK";"update";"suffixe-société-et-identité-structurée";"";"PARIGO  (SACEM)";"Jean-Baptiste HANAK|Composer|SACEM|434440481| · PARIGO|Original Publisher|SACEM|461629743|";"pilot-pending"
"PGO0038";"86d50f9b243a17b8";"Rock Of Anarchy";"6dffeec56b7076e6";"";"RIBAVIRIN";"Main";"false";"Jean-Baptiste HANAK (SACEM)";"Jean-Baptiste HANAK";"update";"suffixe-société-et-identité-structurée";"";"PARIGO  (SACEM)";"Jean-Baptiste HANAK|Composer|SACEM|434440481| · PARIGO|Original Publisher|SACEM|461629743|";"pilot-pending"
"PGO0038";"86d50f9b243a17b8";"Rock Of Anarchy";"816977d8384ca728";"";"RIBAVIRIN (INSTRUMENTAL)";"Main";"false";"Jean-Baptiste HANAK (SACEM)";"Jean-Baptiste HANAK";"update";"suffixe-société-et-identité-structurée";"";"PARIGO  (SACEM)";"Jean-Baptiste HANAK|Composer|SACEM|434440481| · PARIGO|Original Publisher|SACEM|461629743|";"pilot-pending"
"PGO0038";"86d50f9b243a17b8";"Rock Of Anarchy";"7c8b0d3e42ab8c02";"";"NEEEED";"Main";"false";"Jean-Baptiste HANAK (SACEM)";"Jean-Baptiste HANAK";"update";"suffixe-société-et-identité-structurée";"";"PARIGO  (SACEM)";"Jean-Baptiste HANAK|Composer|SACEM|434440481| · PARIGO|Original Publisher|SACEM|461629743|";"pilot-pending"
"PGO0038";"86d50f9b243a17b8";"Rock Of Anarchy";"c76dcbbbcfcb7e43";"";"NEEEED (INSTRUMENTAL)";"Main";"false";"Jean-Baptiste HANAK (SACEM)";"Jean-Baptiste HANAK";"update";"suffixe-société-et-identité-structurée";"";"PARIGO  (SACEM)";"Jean-Baptiste HANAK|Composer|SACEM|434440481| · PARIGO|Original Publisher|SACEM|461629743|";"pilot-pending"
"PGO0038";"86d50f9b243a17b8";"Rock Of Anarchy";"e2268e782a6faf03";"";"TABLE TOP";"Main";"false";"Jean-Baptiste HANAK (SACEM)";"Jean-Baptiste HANAK";"update";"suffixe-société-et-identité-structurée";"";"PARIGO  (SACEM)";"Jean-Baptiste HANAK|Composer|SACEM|434440481| · PARIGO|Original Publisher|SACEM|461629743|";"pilot-pending"
"PGO0038";"86d50f9b243a17b8";"Rock Of Anarchy";"e8191c0a7d520092";"";"CARCASSE NOISE";"Main";"false";"Jean-Baptiste HANAK (SACEM) · Clément MARTYN (NS)";"Jean-Baptiste HANAK · Clément MARTYN";"update";"suffixe-société-et-identité-structurée";"";"PARIGO  (SACEM)";"Jean-Baptiste HANAK|Composer|SACEM|434440481| · PARIGO|Original Publisher|SACEM|461629743| · Clément MARTYN|Composer|SACEM|825977395|";"pilot-pending"
"PGO0038";"86d50f9b243a17b8";"Rock Of Anarchy";"2ffe155090b7cacc";"";"BASTARD RATS";"Main";"false";"Jean-Baptiste HANAK (SACEM)";"Jean-Baptiste HANAK";"update";"suffixe-société-et-identité-structurée";"";"PARIGO  (SACEM)";"Jean-Baptiste HANAK|Composer|SACEM|434440481| · PARIGO|Original Publisher|SACEM|461629743|";"pilot-pending"
"PGO0038";"86d50f9b243a17b8";"Rock Of Anarchy";"29bf9afa584fabbf";"";"WHISKY HEAD";"Main";"false";"Jean-Baptiste HANAK (SACEM) · Frédéric HANAK (SACEM)";"Jean-Baptiste HANAK · Frédéric HANAK";"update";"suffixe-société-et-identité-structurée";"";"PARIGO  (SACEM)";"Jean-Baptiste HANAK|Composer|SACEM|434440481| · PARIGO|Original Publisher|SACEM|461629743| · Frédéric HANAK|Composer|SACEM|434440089|";"pilot-pending"
"PGO0038";"86d50f9b243a17b8";"Rock Of Anarchy";"1caac8a15440c7d2";"";"WHISKY HEAD (INSTRUMENTAL)";"Main";"false";"Jean-Baptiste HANAK (SACEM)";"Jean-Baptiste HANAK";"update";"suffixe-société";"";"PARIGO  (SACEM)";"";"pilot-pending"
"PGO0038";"86d50f9b243a17b8";"Rock Of Anarchy";"b0cc2f9f3fbd8237";"";"FIRE BRICKS";"Main";"false";"Jean-Baptiste HANAK (SACEM)";"Jean-Baptiste HANAK";"update";"suffixe-société-et-identité-structurée";"";"PARIGO  (SACEM)";"Jean-Baptiste HANAK|Composer|SACEM|434440481| · PARIGO|Original Publisher|SACEM|461629743|";"pilot-pending"
"PGO0037";"331ea35d56d22bcb";"Quirky Jazz Parade";"e46e97a93db5e9f8";"";"FRENCH QUARTER";"Main";"false";"Yann Jankielewicz (SACEM)";"Yann Jankielewicz";"update";"suffixe-société-et-identité-structurée";"";"PARIGO  (SACEM)";"Yann Jankielewicz|Composer|SACEM|648879378| · PARIGO|Original Publisher|SACEM|461629743|";"pilot-pending"
"PGO0037";"331ea35d56d22bcb";"Quirky Jazz Parade";"dd5b14d4d696972c";"";"FRENCH QUARTER (UNDERSCORE, NO SAXOPHONE)";"Main";"false";"Yann Jankielewicz (SACEM)";"Yann Jankielewicz";"update";"suffixe-société";"";"PARIGO  (SACEM)";"";"pilot-pending"
"PGO0037";"331ea35d56d22bcb";"Quirky Jazz Parade";"d8a560cc9623ba07";"";"MY INGENIOUS UNCLE";"Main";"false";"Yann Jankielewicz (SACEM) · Ferdinand Berville (SACEM)";"Yann Jankielewicz · Ferdinand Berville";"update";"suffixe-société-et-identité-structurée";"";"PARIGO  (SACEM)";"Ferdinand Berville|Composer|SACEM|599672082| · PARIGO|Original Publisher|SACEM|461629743| · Yann Jankielewicz|Composer|SACEM|648879378|";"pilot-pending"
"PGO0037";"331ea35d56d22bcb";"Quirky Jazz Parade";"9ae0d31cb55f47c5";"";"MY INGENIOUS UNCLE (UNDERSCORE)";"Main";"false";"Yann Jankielewicz (SACEM) · Ferdinand Berville (SACEM)";"Yann Jankielewicz · Ferdinand Berville";"update";"suffixe-société";"";"PARIGO  (SACEM)";"";"pilot-pending"
"PGO0037";"331ea35d56d22bcb";"Quirky Jazz Parade";"3521f3295356cdf8";"";"MY INGENIOUS UNCLE (SOLO SAXOPHONE)";"Main";"false";"Yann Jankielewicz (SACEM) · Ferdinand Berville (SACEM)";"Yann Jankielewicz · Ferdinand Berville";"update";"suffixe-société";"";"PARIGO  (SACEM)";"";"pilot-pending"
"PGO0037";"331ea35d56d22bcb";"Quirky Jazz Parade";"d8951383f162064c";"";"MY INGENIOUS UNCLE (SOLO FLUTE)";"Main";"false";"Yann Jankielewicz (SACEM) · Ferdinand Berville (SACEM)";"Yann Jankielewicz · Ferdinand Berville";"update";"suffixe-société";"";"PARIGO  (SACEM)";"";"pilot-pending"
"PGO0037";"331ea35d56d22bcb";"Quirky Jazz Parade";"b8d95aacfd7ff25e";"";"MY INGENIOUS UNCLE (SOLO FLUTE 2)";"Main";"false";"Yann Jankielewicz (SACEM) · Ferdinand Berville (SACEM)";"Yann Jankielewicz · Ferdinand Berville";"update";"suffixe-société";"";"PARIGO  (SACEM)";"";"pilot-pending"
"PGO0037";"331ea35d56d22bcb";"Quirky Jazz Parade";"782b203eeaaf69b4";"";"MY INGENIOUS UNCLE (SOLO TRUMPET)";"Main";"false";"Yann Jankielewicz (SACEM) · Ferdinand Berville (SACEM)";"Yann Jankielewicz · Ferdinand Berville";"update";"suffixe-société";"";"PARIGO  (SACEM)";"";"pilot-pending"
"PGO0037";"331ea35d56d22bcb";"Quirky Jazz Parade";"f0836084785df97f";"";"ATTACK OF THE FUNKETEERS";"Main";"false";"Simon Andrieux (SACEM)";"Simon Andrieux";"update";"suffixe-société-et-identité-structurée";"";"PARIGO  (SACEM)";"Simon Andrieux|Composer|SACEM|150770488| · PARIGO|Original Publisher|SACEM|461629743|";"pilot-pending"
"PGO0037";"331ea35d56d22bcb";"Quirky Jazz Parade";"35d0bbcc6208f5f8";"";"ATTACK OF THE FUNKETEERS (UNDERSCORE)";"Main";"false";"Simon Andrieux (SACEM)";"Simon Andrieux";"update";"suffixe-société";"";"PARIGO  (SACEM)";"";"pilot-pending"
"PGO0037";"331ea35d56d22bcb";"Quirky Jazz Parade";"ce56b6c5f581058f";"";"PERPETUAL AWAKENING";"Main";"false";"Yann Jankielewicz (SACEM)";"Yann Jankielewicz";"update";"suffixe-société-et-identité-structurée";"";"PARIGO  (SACEM)";"Yann Jankielewicz|Composer|SACEM|648879378| · PARIGO|Original Publisher|SACEM|461629743|";"pilot-pending"
"PGO0037";"331ea35d56d22bcb";"Quirky Jazz Parade";"b3fb955dc26f30ff";"";"CIRCUS POCUS";"Main";"false";"Yann Jankielewicz (SACEM)";"Yann Jankielewicz";"update";"suffixe-société-et-identité-structurée";"";"PARIGO  (SACEM)";"Yann Jankielewicz|Composer|SACEM|648879378| · PARIGO|Original Publisher|SACEM|461629743|";"pilot-pending"
"PGO0037";"331ea35d56d22bcb";"Quirky Jazz Parade";"c200dce01f3804a0";"";"CIRCUS POCUS (UNDERSCORE, NO LEAD SAXOPHONE)";"Main";"false";"Yann Jankielewicz (SACEM)";"Yann Jankielewicz";"update";"suffixe-société";"";"PARIGO  (SACEM)";"";"pilot-pending"
"PGO0037";"331ea35d56d22bcb";"Quirky Jazz Parade";"fe89da231658e606";"";"CIRCUS POCUS (UNDERSCORE, NO SAXOPHONE, NO XYLOPHONE)";"Main";"false";"Yann Jankielewicz (SACEM)";"Yann Jankielewicz";"update";"suffixe-société";"";"PARIGO  (SACEM)";"";"pilot-pending"
"PGO0037";"331ea35d56d22bcb";"Quirky Jazz Parade";"0874b6226bacf3d8";"";"CIRCUS POCUS (UNDERSCORE, NO XYLOPHONE)";"Main";"false";"Yann Jankielewicz (SACEM)";"Yann Jankielewicz";"update";"suffixe-société";"";"PARIGO  (SACEM)";"";"pilot-pending"
"PGO0037";"331ea35d56d22bcb";"Quirky Jazz Parade";"cf9fd4ee20ad827d";"";"CIRCUS POCUS (SOLO FLUTE)";"Main";"false";"Yann Jankielewicz (SACEM)";"Yann Jankielewicz";"update";"suffixe-société";"";"PARIGO  (SACEM)";"";"pilot-pending"
"PGO0037";"331ea35d56d22bcb";"Quirky Jazz Parade";"68dc7ae2a318717d";"";"LANKY";"Main";"false";"Yann Jankielewicz (SACEM)";"Yann Jankielewicz";"update";"suffixe-société-et-identité-structurée";"";"PARIGO  (SACEM)";"Yann Jankielewicz|Composer|SACEM|648879378| · PARIGO|Original Publisher|SACEM|461629743|";"pilot-pending"
"PGO0037";"331ea35d56d22bcb";"Quirky Jazz Parade";"54ac5da2a4999d35";"";"LANKY (UNDERSCORE)";"Main";"false";"Yann Jankielewicz (SACEM)";"Yann Jankielewicz";"update";"suffixe-société";"";"PARIGO  (SACEM)";"";"pilot-pending"
"PGO0037";"331ea35d56d22bcb";"Quirky Jazz Parade";"c9c809973b75f7b8";"";"LANKY (SOLO HORNS DUB)";"Main";"false";"Yann Jankielewicz (SACEM)";"Yann Jankielewicz";"update";"suffixe-société";"";"PARIGO  (SACEM)";"";"pilot-pending"
"PGO0037";"331ea35d56d22bcb";"Quirky Jazz Parade";"2800bb48ed2775fc";"";"KLEZMER OR BUST";"Main";"false";"Yann Jankielewicz (SACEM)";"Yann Jankielewicz";"update";"suffixe-société-et-identité-structurée";"";"PARIGO  (SACEM)";"Yann Jankielewicz|Composer|SACEM|648879378| · PARIGO|Original Publisher|SACEM|461629743|";"pilot-pending"
"PGO0037";"331ea35d56d22bcb";"Quirky Jazz Parade";"1bc1a2f3f99b7518";"";"KLEZMER OR BUST (UNDERSCORE)";"Main";"false";"Yann Jankielewicz (SACEM)";"Yann Jankielewicz";"update";"suffixe-société";"";"PARIGO  (SACEM)";"";"pilot-pending"
"PGO0037";"331ea35d56d22bcb";"Quirky Jazz Parade";"53565a66793e78f2";"";"KLEZMER OR BUST (DRUMS & SOUSA VERSION)";"Main";"false";"Yann Jankielewicz (SACEM)";"Yann Jankielewicz";"update";"suffixe-société";"";"PARIGO  (SACEM)";"";"pilot-pending"
"PGO0037";"331ea35d56d22bcb";"Quirky Jazz Parade";"e943d26d260be1c2";"";"PALAIS RIVIERA";"Main";"false";"Yann Jankielewicz (SACEM)";"Yann Jankielewicz";"update";"suffixe-société-et-identité-structurée";"";"PARIGO  (SACEM)";"Yann Jankielewicz|Composer|SACEM|648879378| · PARIGO|Original Publisher|SACEM|461629743|";"pilot-pending"
"PGO0037";"331ea35d56d22bcb";"Quirky Jazz Parade";"6a77f11a44af33fa";"";"PALAIS RIVIERA (UNDERSCORE, NO THEME)";"Main";"false";"Yann Jankielewicz (SACEM)";"Yann Jankielewicz";"update";"suffixe-société";"";"PARIGO  (SACEM)";"";"pilot-pending"
"PGO0037";"331ea35d56d22bcb";"Quirky Jazz Parade";"400c9f42c6af48a0";"";"PALAIS RIVIERA (TRIO SAXOPHONE, FLUTE, VIBRAPHONE)";"Main";"false";"Yann Jankielewicz (SACEM)";"Yann Jankielewicz";"update";"suffixe-société";"";"PARIGO  (SACEM)";"";"pilot-pending"
"PGO0037";"331ea35d56d22bcb";"Quirky Jazz Parade";"013fe3b21def2822";"";"PALAIS RIVIERA (DUO SAXOPHONE, FLUTE VERSION)";"Main";"false";"Yann Jankielewicz (SACEM)";"Yann Jankielewicz";"update";"suffixe-société";"";"PARIGO  (SACEM)";"";"pilot-pending"
"PGO0037";"331ea35d56d22bcb";"Quirky Jazz Parade";"d47bd30a6b98d719";"";"PALAIS RIVIERA (SOLO VIBRAPHONE)";"Main";"false";"Yann Jankielewicz (SACEM)";"Yann Jankielewicz";"update";"suffixe-société";"";"PARIGO  (SACEM)";"";"pilot-pending"
"PGO0037";"331ea35d56d22bcb";"Quirky Jazz Parade";"700cdee62faf45b7";"";"MOJITO ROYAL";"Main";"false";"Yann Jankielewicz (SACEM)";"Yann Jankielewicz";"update";"suffixe-société-et-identité-structurée";"";"PARIGO  (SACEM)";"Yann Jankielewicz|Composer|SACEM|648879378| · PARIGO|Original Publisher|SACEM|461629743|";"pilot-pending"
"PGO0037";"331ea35d56d22bcb";"Quirky Jazz Parade";"25edc322ea9be9ea";"";"MOJITO ROYAL (UNDERSORE, NO PERCUSSION)";"Main";"false";"Yann Jankielewicz (SACEM)";"Yann Jankielewicz";"update";"suffixe-société";"";"PARIGO  (SACEM)";"";"pilot-pending"
"PGO0037";"331ea35d56d22bcb";"Quirky Jazz Parade";"1837976e8ad5b076";"";"A SOUVENIR OF AUTUMN";"Main";"false";"Ferdinand Berville (SACEM)";"Ferdinand Berville";"update";"suffixe-société-et-identité-structurée";"";"PARIGO  (SACEM)";"Ferdinand Berville|Composer|SACEM|599672082| · PARIGO|Original Publisher|SACEM|461629743|";"pilot-pending"
"PGO0037";"331ea35d56d22bcb";"Quirky Jazz Parade";"5b7f8830cc06c77f";"";"QFUNK";"Main";"false";"Simon Andrieux (SACEM)";"Simon Andrieux";"update";"suffixe-société-et-identité-structurée";"";"PARIGO  (SACEM)";"Simon Andrieux|Composer|SACEM|150770488| · PARIGO|Original Publisher|SACEM|461629743|";"pilot-pending"
"PGO0037";"331ea35d56d22bcb";"Quirky Jazz Parade";"a51fd6d6a556e05c";"";"QFUNK (UNDERSCORE)";"Main";"false";"Simon Andrieux (SACEM)";"Simon Andrieux";"update";"suffixe-société";"";"PARIGO  (SACEM)";"";"pilot-pending"
"PGO0037";"331ea35d56d22bcb";"Quirky Jazz Parade";"a216382e4809d911";"";"BUCHAREST CARNIVAL";"Main";"false";"Ferdinand Berville (SACEM)";"Ferdinand Berville";"update";"suffixe-société-et-identité-structurée";"";"PARIGO  (SACEM)";"Ferdinand Berville|Composer|SACEM|599672082| · PARIGO|Original Publisher|SACEM|461629743|";"pilot-pending"
"PGO0037";"331ea35d56d22bcb";"Quirky Jazz Parade";"69f4d52684006d1f";"";"WATERZOI AND WAFFLES";"Main";"false";"Yann Jankielewicz (SACEM)";"Yann Jankielewicz";"update";"suffixe-société-et-identité-structurée";"";"PARIGO  (SACEM)";"Yann Jankielewicz|Composer|SACEM|648879378| · PARIGO|Original Publisher|SACEM|461629743|";"pilot-pending"
"PGO0037";"331ea35d56d22bcb";"Quirky Jazz Parade";"a1c6f151471dfc0e";"";"WATERZOI AND WAFFLES (QUARTET VERSION)";"Main";"false";"Yann Jankielewicz (SACEM)";"Yann Jankielewicz";"update";"suffixe-société";"";"PARIGO  (SACEM)";"";"pilot-pending"
"PGO0037";"331ea35d56d22bcb";"Quirky Jazz Parade";"addcc6834da9cf62";"";"WATERZOI AND WAFFLES (EUPHONIUM VERSION)";"Main";"false";"Yann Jankielewicz (SACEM)";"Yann Jankielewicz";"update";"suffixe-société";"";"PARIGO  (SACEM)";"";"pilot-pending"
"PGO0037";"331ea35d56d22bcb";"Quirky Jazz Parade";"083d7564e5b82929";"";"WATERZOI AND WAFFLES (TRIO VERSION)";"Main";"false";"Yann Jankielewicz (SACEM)";"Yann Jankielewicz";"update";"suffixe-société";"";"PARIGO  (SACEM)";"";"pilot-pending"
"PGO0037";"331ea35d56d22bcb";"Quirky Jazz Parade";"3d1a8395365d274d";"";"WATERZOI AND WAFFLES (DUO VERSION)";"Main";"false";"Yann Jankielewicz (SACEM)";"Yann Jankielewicz";"update";"suffixe-société";"";"PARIGO  (SACEM)";"";"pilot-pending"
"PGO0037";"331ea35d56d22bcb";"Quirky Jazz Parade";"aa33e9f5136da60f";"";"WATERZOI AND WAFFLES (SOLO SAXOPHONE)";"Main";"false";"Yann Jankielewicz (SACEM)";"Yann Jankielewicz";"update";"suffixe-société";"";"PARIGO  (SACEM)";"";"pilot-pending"
"PGO0037";"331ea35d56d22bcb";"Quirky Jazz Parade";"549cda43d093ddf5";"";"ZIPPY JUMPY";"Main";"false";"Yann Jankielewicz (SACEM)";"Yann Jankielewicz";"update";"suffixe-société-et-identité-structurée";"";"PARIGO  (SACEM)";"Yann Jankielewicz|Composer|SACEM|648879378| · PARIGO|Original Publisher|SACEM|461629743|";"pilot-pending"
"PGO0037";"331ea35d56d22bcb";"Quirky Jazz Parade";"0e8457621b6ca3dc";"";"ZIPPY JUMPY (UNDERSCORE)";"Main";"false";"Yann Jankielewicz (SACEM)";"Yann Jankielewicz";"update";"suffixe-société";"";"PARIGO  (SACEM)";"";"pilot-pending"
"PGO0036";"a22bd8e11bbd82a2";"Afro Pop";"bd048c16bc6cdd3a";"";"GYAL WHINE FOR ME";"Main";"false";"Franck Sinnassamy (SACEM) · Rudy Ludon (NS)";"Franck SINNASSAMY · Rudy Ludon";"update";"suffixe-société-et-identité-structurée";"";"Parigo  (SACEM)";"Rudy Ludon|Author|SACEM|| · Franck SINNASSAMY|Composer|SACEM|803548153| · PARIGO|Original Publisher|SACEM|461629743|";"pilot-pending"
"PGO0036";"a22bd8e11bbd82a2";"Afro Pop";"6014285bafac7a9e";"";"GYAL WHINE FOR ME (INSTRUMENTAL)";"Main";"false";"Franck Sinnassamy (SACEM)";"Franck SINNASSAMY";"update";"suffixe-société-et-identité-structurée";"";"Parigo  (SACEM)";"Franck SINNASSAMY|Composer|SACEM|803548153| · PARIGO|Original Publisher|SACEM|461629743|";"pilot-pending"
"PGO0036";"a22bd8e11bbd82a2";"Afro Pop";"4992367d9780ee2d";"";"YANA DIARY";"Main";"false";"Franck Sinnassamy (SACEM)";"Franck SINNASSAMY";"update";"suffixe-société-et-identité-structurée";"";"Parigo  (SACEM)";"Franck SINNASSAMY|Composer|SACEM|803548153| · PARIGO|Original Publisher|SACEM|461629743|";"pilot-pending"
"PGO0036";"a22bd8e11bbd82a2";"Afro Pop";"cb126cd2d9eba8fc";"";"GETTING WILD";"Main";"false";"Franck Sinnassamy (SACEM) · Scherazade Aissahine (NS)";"Franck SINNASSAMY · Scherazade Aissahine";"update";"suffixe-société-et-identité-structurée";"";"Parigo  (SACEM)";"Scherazade Aissahine|Author|SACEM|762815425| · Franck SINNASSAMY|Composer|SACEM|803548153| · PARIGO|Original Publisher|SACEM|461629743|";"pilot-pending"
"PGO0036";"a22bd8e11bbd82a2";"Afro Pop";"93433b0679734dba";"";"GETTING WILD (INSTRUMENTAL)";"Main";"false";"Franck Sinnassamy (SACEM)";"Franck SINNASSAMY";"update";"suffixe-société-et-identité-structurée";"";"Parigo  (SACEM)";"Franck SINNASSAMY|Composer|SACEM|803548153| · PARIGO|Original Publisher|SACEM|461629743|";"pilot-pending"
"PGO0036";"a22bd8e11bbd82a2";"Afro Pop";"7e6774c550cde6c0";"";"DARKAF";"Main";"false";"Franck Sinnassamy (SACEM)";"Franck SINNASSAMY";"update";"suffixe-société-et-identité-structurée";"";"Parigo  (SACEM)";"Franck SINNASSAMY|Composer|SACEM|803548153| · PARIGO|Original Publisher|SACEM|461629743|";"pilot-pending"
"PGO0036";"a22bd8e11bbd82a2";"Afro Pop";"f4d46ce6b10c55c1";"";"C'EST TOI ET TOI";"Main";"false";"Franck Sinnassamy (SACEM) · Syra (NS)";"Franck SINNASSAMY · Syra";"update";"suffixe-société-et-identité-structurée";"";"Parigo  (SACEM)";"Syra|Author|SABAM|01009397753| · Franck SINNASSAMY|Composer|SACEM|803548153| · PARIGO|Original Publisher|SACEM|461629743|";"pilot-pending"
"PGO0036";"a22bd8e11bbd82a2";"Afro Pop";"5d2a147155e3ecbf";"";"C'EST TOI ET TOI (INSTRUMENTAL)";"Main";"false";"Franck Sinnassamy (SACEM)";"Franck SINNASSAMY";"update";"suffixe-société-et-identité-structurée";"";"Parigo  (SACEM)";"Franck SINNASSAMY|Composer|SACEM|803548153| · PARIGO|Original Publisher|SACEM|461629743|";"pilot-pending"
"PGO0036";"a22bd8e11bbd82a2";"Afro Pop";"e1517be4a9172f6a";"";"EXOTIC HAPPYNESS";"Main";"false";"Franck Sinnassamy (SACEM) · Victor Baillet (SACEM)";"Franck SINNASSAMY · Victor BAILLET";"update";"suffixe-société-et-identité-structurée";"";"Parigo  (SACEM)";"Victor BAILLET|Composer|SACEM|794971280| · Franck SINNASSAMY|Composer|SACEM|803548153| · PARIGO|Original Publisher|SACEM|461629743|";"pilot-pending"
"PGO0036";"a22bd8e11bbd82a2";"Afro Pop";"4d6eef631386d6d8";"";"BUN UP THE VIBES (INSTRUMENTAL)";"Main";"false";"Franck Sinnassamy (SACEM) · Victor Baillet (SACEM)";"Franck SINNASSAMY · Victor BAILLET";"update";"suffixe-société-et-identité-structurée";"";"Parigo  (SACEM)";"Victor BAILLET|Composer|SACEM|794971280| · Franck SINNASSAMY|Composer|SACEM|803548153| · PARIGO|Original Publisher|SACEM|461629743|";"pilot-pending"
"PGO0036";"a22bd8e11bbd82a2";"Afro Pop";"4988c8a22657d99a";"";"TRAP THE FLUTE";"Main";"false";"Franck Sinnassamy (SACEM) · Victor Baillet (SACEM)";"Franck SINNASSAMY · Victor BAILLET";"update";"suffixe-société-et-identité-structurée";"";"Parigo  (SACEM)";"Victor BAILLET|Composer|SACEM|794971280| · Franck SINNASSAMY|Composer|SACEM|803548153| · PARIGO|Original Publisher|SACEM|461629743|";"pilot-pending"
"PGO0036";"a22bd8e11bbd82a2";"Afro Pop";"a44407ba4d1462f8";"";"DUTTY GYAL";"Main";"false";"Franck Sinnassamy (SACEM) · Victor Baillet (SACEM)";"Franck SINNASSAMY · Victor BAILLET";"update";"suffixe-société-et-identité-structurée";"";"Parigo  (SACEM)";"Victor BAILLET|Author|SACEM|794971280| · Franck SINNASSAMY|Composer|SACEM|803548153| · PARIGO|Original Publisher|SACEM|461629743|";"pilot-pending"
"PGO0036";"a22bd8e11bbd82a2";"Afro Pop";"bdc191bf2c0297a3";"";"DUTTY GYAL (INSTRUMENTAL)";"Main";"false";"Franck Sinnassamy (SACEM) · Victor Baillet (SACEM)";"Franck SINNASSAMY · Victor BAILLET";"update";"suffixe-société-et-identité-structurée";"";"Parigo  (SACEM)";"Victor BAILLET|Composer|SACEM|794971280| · Franck SINNASSAMY|Composer|SACEM|803548153| · PARIGO|Original Publisher|SACEM|461629743|";"pilot-pending"
"PGO0036";"a22bd8e11bbd82a2";"Afro Pop";"3855a129bb7fbf9d";"";"BUZZER IN THE CLUB";"Main";"false";"Franck Sinnassamy (SACEM) · Vincent BOUHELIER (SACEM)";"Franck SINNASSAMY · Vincent BOUHELIER";"update";"suffixe-société-et-identité-structurée";"";"Parigo  (SACEM)";"Vincent BOUHELIER|Composer|SACEM|803547058| · Franck SINNASSAMY|Composer|SACEM|803548153| · PARIGO|Original Publisher|SACEM|461629743|";"pilot-pending"
"PGO0036";"a22bd8e11bbd82a2";"Afro Pop";"2ea32e886d993c8c";"";"FACE DOWN";"Main";"false";"Franck Sinnassamy (SACEM) · Victor Baillet (SACEM)";"Franck SINNASSAMY · Victor BAILLET";"update";"suffixe-société-et-identité-structurée";"";"Parigo  (SACEM)";"Victor BAILLET|Author|SACEM|794971280| · Franck SINNASSAMY|Composer|SACEM|803548153| · PARIGO|Original Publisher|SACEM|461629743|";"pilot-pending"
"PGO0036";"a22bd8e11bbd82a2";"Afro Pop";"fc3a3773db26aff4";"";"FACE DOWN (INSTRUMENTAL)";"Main";"false";"Franck Sinnassamy (SACEM) · Victor Baillet (SACEM)";"Franck SINNASSAMY · Victor BAILLET";"update";"suffixe-société-et-identité-structurée";"";"Parigo  (SACEM)";"Victor BAILLET|Composer|SACEM|794971280| · Franck SINNASSAMY|Composer|SACEM|803548153| · PARIGO|Original Publisher|SACEM|461629743|";"pilot-pending"
"PGO0036";"a22bd8e11bbd82a2";"Afro Pop";"775b431e4f240711";"";"FACE DOWN (INSTRUMENTAL) (UNDERSCORE, NO FX)";"Main";"false";"Franck Sinnassamy (SACEM) · Victor Baillet (SACEM)";"Franck Sinnassamy · Victor Baillet";"update";"suffixe-société";"";"Parigo  (SACEM)";"";"pilot-pending"
"PGO0036";"a22bd8e11bbd82a2";"Afro Pop";"33fffc2d2b4bf313";"";"TERTER FURIOUS";"Main";"false";"Franck Sinnassamy (SACEM)";"Franck SINNASSAMY";"update";"suffixe-société-et-identité-structurée";"";"Parigo  (SACEM)";"Franck SINNASSAMY|Composer|SACEM|803548153| · PARIGO|Original Publisher|SACEM|461629743|";"pilot-pending"
"PGO0036";"a22bd8e11bbd82a2";"Afro Pop";"c0806d8b5a097ca3";"";"EYE TO EYE";"Main";"false";"Franck Sinnassamy (SACEM) · Vincent BOUHELIER (SACEM) · Scherazade Aissahine (NS)";"Franck SINNASSAMY · Vincent BOUHELIER · Scherazade Aissahine";"update";"suffixe-société-et-identité-structurée";"";"Parigo  (SACEM)";"Scherazade Aissahine|Author|SACEM|762815425| · Vincent BOUHELIER|Composer|SACEM|803547058| · Franck SINNASSAMY|Composer|SACEM|803548153| · PARIGO|Original Publisher|SACEM|461629743|";"pilot-pending"
"PGO0036";"a22bd8e11bbd82a2";"Afro Pop";"46dc4f8d557d789f";"";"EYE TO EYE (INSTRUMENTAL)";"Main";"false";"Franck Sinnassamy (SACEM) · Vincent BOUHELIER (SACEM)";"Franck SINNASSAMY · Vincent BOUHELIER";"update";"suffixe-société-et-identité-structurée";"";"Parigo  (SACEM)";"Vincent BOUHELIER|Composer|SACEM|803547058| · Franck SINNASSAMY|Composer|SACEM|803548153| · PARIGO|Original Publisher|SACEM|461629743|";"pilot-pending"
"PGO0036";"a22bd8e11bbd82a2";"Afro Pop";"9105591b22009ad3";"";"TRIBAL OUTBURST";"Main";"false";"Franck Sinnassamy (SACEM) · Victor Baillet (SACEM)";"Franck SINNASSAMY · Victor BAILLET";"update";"suffixe-société-et-identité-structurée";"";"Parigo  (SACEM)";"Victor BAILLET|Composer|SACEM|794971280| · Franck SINNASSAMY|Composer|SACEM|803548153| · PARIGO|Original Publisher|SACEM|461629743|";"pilot-pending"
"PGO0036";"a22bd8e11bbd82a2";"Afro Pop";"58e02c8a708237c0";"";"TRIBAL OUTBURST (UNDERSCORE, NO VOICE)";"Main";"false";"Franck Sinnassamy (SACEM) · Victor Baillet (SACEM)";"Franck SINNASSAMY · Victor BAILLET";"update";"suffixe-société-et-identité-structurée";"";"Parigo  (SACEM)";"Victor BAILLET|Composer|SACEM|794971280| · Franck SINNASSAMY|Composer|SACEM|803548153| · PARIGO|Original Publisher|SACEM|461629743|";"pilot-pending"
"PGO0036";"a22bd8e11bbd82a2";"Afro Pop";"08a3cf834d4a857c";"";"LOUIS VIE";"Main";"false";"Franck Sinnassamy (SACEM) · Victor Baillet (SACEM) · Sosth�ne Fanou (NS)";"Franck SINNASSAMY · Victor BAILLET · Sosth�ne Fanou";"update";"suffixe-société-et-identité-structurée";"";"Parigo  (SACEM)";"Sosth�ne Fanou|Author|SACEM|| · Victor BAILLET|Composer|SACEM|794971280| · Franck SINNASSAMY|Composer|SACEM|803548153| · PARIGO|Original Publisher|SACEM|461629743|";"pilot-pending"
"PGO0036";"a22bd8e11bbd82a2";"Afro Pop";"cd3b934be8166603";"";"LOUIS VIE (INSTRUMENTAL)";"Main";"false";"Franck Sinnassamy (SACEM) · Victor Baillet (SACEM)";"Franck SINNASSAMY · Victor BAILLET";"update";"suffixe-société-et-identité-structurée";"";"Parigo  (SACEM)";"Victor BAILLET|Composer|SACEM|794971280| · Franck SINNASSAMY|Composer|SACEM|803548153| · PARIGO|Original Publisher|SACEM|461629743|";"pilot-pending"
"PGO0036";"a22bd8e11bbd82a2";"Afro Pop";"622514a75da8e84e";"";"LOUIS VIE (INSTRUMENTAL) (UNDERSCORE, NO GIMMICK)";"Main";"false";"Franck Sinnassamy (SACEM) · Victor Baillet (SACEM)";"Franck Sinnassamy · Victor Baillet";"update";"suffixe-société";"";"Parigo  (SACEM)";"";"pilot-pending"
"PGO0036";"a22bd8e11bbd82a2";"Afro Pop";"0213ccafedf23f36";"";"SEKOUSS";"Main";"false";"Franck Sinnassamy (SACEM) · Vincent BOUHELIER (SACEM)";"Franck SINNASSAMY · Vincent BOUHELIER";"update";"suffixe-société-et-identité-structurée";"";"Parigo  (SACEM)";"Vincent BOUHELIER|Composer|SACEM|803547058| · Franck SINNASSAMY|Composer|SACEM|803548153| · PARIGO|Original Publisher|SACEM|461629743|";"pilot-pending"
"PGO0036";"a22bd8e11bbd82a2";"Afro Pop";"63d9309e3a9f6d62";"";"GOLD SAND";"Main";"false";"Franck Sinnassamy (SACEM)";"Franck SINNASSAMY";"update";"suffixe-société-et-identité-structurée";"";"Parigo  (SACEM)";"Franck SINNASSAMY|Composer|SACEM|803548153| · PARIGO|Original Publisher|SACEM|461629743|";"pilot-pending"
"PGO0036";"a22bd8e11bbd82a2";"Afro Pop";"31b0945b963e2cfd";"";"SWEET COMEDOWN";"Main";"false";"Franck Sinnassamy (SACEM) · Vincent BOUHELIER (SACEM)";"Franck SINNASSAMY · Vincent BOUHELIER";"update";"suffixe-société-et-identité-structurée";"";"Parigo  (SACEM)";"Vincent BOUHELIER|Composer|SACEM|803547058| · Franck SINNASSAMY|Composer|SACEM|803548153| · PARIGO|Original Publisher|SACEM|461629743|";"pilot-pending"
"PGO0035";"e74a00033e35e045";"Trap In The Cloud";"e4e33e234c3ab77c";"";"SHINKANSEN";"Main";"false";"Amaury Messelier · Liqid";"Amaury Messelier · Liqid";"no-change";"déjà-canonique";"";"Parigo  (SACEM)";"Liqid|Author|SACEM|543003202| · Amaury Messelier|Composer|SACEM|864479588| · PARIGO|Original Publisher|SACEM|461629743|";"no-change"
"PGO0035";"e74a00033e35e045";"Trap In The Cloud";"cde079836b1ed33b";"";"SHINKANSEN (INSTRUMENTAL)";"Main";"false";"Amaury Messelier (NS)";"Amaury Messelier";"update";"suffixe-société-et-identité-structurée";"";"Parigo  (SACEM)";"Amaury Messelier|Composer|SACEM|864479588| · PARIGO|Original Publisher|SACEM|461629743|";"pilot-pending"
"PGO0035";"e74a00033e35e045";"Trap In The Cloud";"c265958c00eaf8be";"";"SERIAL DREAMER";"Main";"false";"Amaury Messelier (NS)";"Amaury Messelier";"update";"suffixe-société-et-identité-structurée";"";"Parigo  (SACEM)";"Amaury Messelier|Composer|SACEM|864479588| · PARIGO|Original Publisher|SACEM|461629743|";"pilot-pending"
"PGO0035";"e74a00033e35e045";"Trap In The Cloud";"936fbc29c1f8fba2";"";"SPACE MOUNTAINS (EXPLICIT LYRICS)";"Main";"false";"Amaury Messelier (NS) · Cory TATE (NS) · Chris KEMP (NS) · Cally REED (NS)";"Amaury Messelier · Cory TATE · Chris KEMP · Cally REED";"update";"suffixe-société-et-identité-structurée";"";"Parigo  (SACEM)";"Amaury Messelier|Composer|SACEM|864479588| · Cory TATE|Composer|BMI|616055664| · Chris KEMP|Composer|BMI|634823934| · Cally REED|Composer|BMI|674126540| · PARIGO|Original Publisher|SACEM|461629743|";"pilot-pending"
"PGO0035";"e74a00033e35e045";"Trap In The Cloud";"c2d8e4fe06394d07";"";"SPACE MOUNTAINS (CLEAN VERSION)";"Main";"false";"Amaury Messelier (NS) · Cory TATE (NS) · Chris KEMP (NS) · Cally REED (NS)";"Amaury Messelier · Cory TATE · Chris KEMP · Cally REED";"update";"suffixe-société-et-identité-structurée";"";"Parigo  (SACEM)";"Amaury Messelier|Composer|SACEM|864479588| · Cory TATE|Composer|BMI|616055664| · Cally REED|Composer|BMI|674126540| · Chris KEMP|Composer|BMI|634823934| · PARIGO|Original Publisher|SACEM|461629743|";"pilot-pending"
"PGO0035";"e74a00033e35e045";"Trap In The Cloud";"9d1d03690ac0412c";"";"SPACE MOUNTAINS (INSTRUMENTAL)";"Main";"false";"Amaury Messelier (NS)";"Amaury Messelier";"update";"suffixe-société-et-identité-structurée";"";"Parigo  (SACEM)";"Amaury Messelier|Composer|SACEM|864479588| · PARIGO|Original Publisher|SACEM|461629743|";"pilot-pending"
"PGO0035";"e74a00033e35e045";"Trap In The Cloud";"3e065969c3246c70";"";"UFO ARMADA";"Main";"false";"Amaury Messelier (NS)";"Amaury Messelier";"update";"suffixe-société-et-identité-structurée";"";"Parigo  (SACEM)";"Amaury Messelier|Composer|SACEM|864479588| · PARIGO|Original Publisher|SACEM|461629743|";"pilot-pending"
"PGO0035";"e74a00033e35e045";"Trap In The Cloud";"0095c926f85623fc";"";"LE FEU";"Main";"false";"Amaury Messelier (NS) · Charlotte DURAN (NS)";"Amaury Messelier · Charlotte DURAN";"update";"suffixe-société-et-identité-structurée";"";"Parigo  (SACEM)";"Charlotte DURAN|Author|SACEM|718091836| · Amaury Messelier|Composer|SACEM|864479588| · PARIGO|Original Publisher|SACEM|461629743|";"pilot-pending"
"PGO0035";"e74a00033e35e045";"Trap In The Cloud";"83997a6017c32077";"";"LE FEU (INSTRUMENTAL)";"Main";"false";"Amaury Messelier (NS)";"Amaury Messelier";"update";"suffixe-société-et-identité-structurée";"";"Parigo  (SACEM)";"Amaury Messelier|Composer|SACEM|864479588| · PARIGO|Original Publisher|SACEM|461629743|";"pilot-pending"
"PGO0035";"e74a00033e35e045";"Trap In The Cloud";"a71ddcebc5420457";"";"VISIONARY ZONE";"Main";"false";"Amaury Messelier (NS)";"Amaury Messelier";"update";"suffixe-société-et-identité-structurée";"";"Parigo  (SACEM)";"Amaury Messelier|Composer|SACEM|864479588| · PARIGO|Original Publisher|SACEM|461629743|";"pilot-pending"
"PGO0035";"e74a00033e35e045";"Trap In The Cloud";"58250ac0f7239d54";"";"ELFY'S CLOUD";"Main";"false";"Amaury Messelier (NS)";"Amaury Messelier";"update";"suffixe-société-et-identité-structurée";"";"Parigo  (SACEM)";"Amaury Messelier|Composer|SACEM|864479588| · PARIGO|Original Publisher|SACEM|461629743|";"pilot-pending"
"PGO0035";"e74a00033e35e045";"Trap In The Cloud";"1a4b579e5dd70e8e";"";"HIGHER AILLEURS";"Main";"false";"Amaury Messelier (NS)";"Amaury Messelier";"update";"suffixe-société-et-identité-structurée";"";"Parigo  (SACEM)";"Amaury Messelier|Composer|SACEM|864479588| · PARIGO|Original Publisher|SACEM|461629743|";"pilot-pending"
"PGO0035";"e74a00033e35e045";"Trap In The Cloud";"77c2d9aa0e731e52";"";"HIGHER AILLEURS (INSTRUMENTAL)";"Main";"false";"Amaury Messelier (NS)";"Amaury Messelier";"update";"suffixe-société-et-identité-structurée";"";"Parigo  (SACEM)";"Amaury Messelier|Composer|SACEM|864479588| · PARIGO|Original Publisher|SACEM|461629743|";"pilot-pending"
"PGO0035";"e74a00033e35e045";"Trap In The Cloud";"eca268e19a2ec247";"";"CLOUDY LOVE";"Main";"false";"Amaury Messelier (NS)";"Amaury Messelier";"update";"suffixe-société-et-identité-structurée";"";"Parigo  (SACEM)";"Amaury Messelier|Composer|SACEM|864479588| · PARIGO|Original Publisher|SACEM|461629743|";"pilot-pending"
"PGO0035";"e74a00033e35e045";"Trap In The Cloud";"fdf03aa507cc56d2";"";"MAYDAY IN THE CLOUD";"Main";"false";"Amaury Messelier (NS) · Camille LUCA (NS)";"Amaury Messelier · Camille LUCA";"update";"suffixe-société-et-identité-structurée";"";"Parigo  (SACEM)";"Amaury Messelier|Composer|SACEM|864479588| · Camille LUCA|Composer|SACEM|383891711| · PARIGO|Original Publisher|SACEM|461629743|";"pilot-pending"
"PGO0035";"e74a00033e35e045";"Trap In The Cloud";"2533aad79f5767c6";"";"MAYDAY IN THE CLOUD (INSTRUMENTAL)";"Main";"false";"Amaury Messelier (NS)";"Amaury Messelier";"update";"suffixe-société-et-identité-structurée";"";"Parigo  (SACEM)";"Amaury Messelier|Composer|SACEM|864479588| · PARIGO|Original Publisher|SACEM|461629743|";"pilot-pending"
"PGO0035";"e74a00033e35e045";"Trap In The Cloud";"ee941bc56d91b91f";"";"INTERGALAKTIK";"Main";"false";"Amaury Messelier (NS)";"Amaury Messelier";"update";"suffixe-société-et-identité-structurée";"";"Parigo  (SACEM)";"Amaury Messelier|Composer|SACEM|864479588| · PARIGO|Original Publisher|SACEM|461629743|";"pilot-pending"
"PGO0035";"e74a00033e35e045";"Trap In The Cloud";"1afc40b71d0ef68d";"";"HOURGLASS (EXPLICIT LYRICS)";"Main";"false";"Amaury Messelier (NS) · Cory TATE (NS)";"Amaury Messelier · Cory TATE";"update";"suffixe-société-et-identité-structurée";"";"Parigo  (SACEM)";"Amaury Messelier|Composer|SACEM|864479588| · Cory TATE|Composer|BMI|616055664| · PARIGO|Original Publisher|SACEM|461629743|";"pilot-pending"
"PGO0035";"e74a00033e35e045";"Trap In The Cloud";"c48c7911b8eea08b";"";"HOURGLASS (CLEAN VERSION)";"Main";"false";"Amaury Messelier (NS) · Cory TATE (NS)";"Amaury Messelier · Cory TATE";"update";"suffixe-société-et-identité-structurée";"";"Parigo  (SACEM)";"Amaury Messelier|Composer|SACEM|864479588| · Cory TATE|Composer|BMI|616055664| · PARIGO|Original Publisher|SACEM|461629743|";"pilot-pending"
"PGO0035";"e74a00033e35e045";"Trap In The Cloud";"1708d672f6e57c6e";"";"HOURGLASS (INSTRUMENTAL)";"Main";"false";"Amaury Messelier (NS)";"Amaury Messelier";"update";"suffixe-société";"";"Parigo  (SACEM)";"";"pilot-pending"
"PGO0035";"e74a00033e35e045";"Trap In The Cloud";"d02e52c1c316c624";"";"ORION BALLAD";"Main";"false";"Amaury Messelier (NS)";"Amaury Messelier";"update";"suffixe-société-et-identité-structurée";"";"Parigo  (SACEM)";"Amaury Messelier|Composer|SACEM|864479588| · PARIGO|Original Publisher|SACEM|461629743|";"pilot-pending"
"PGO0035";"e74a00033e35e045";"Trap In The Cloud";"08a97ce651826df1";"";"STARGAZER FANTASY";"Main";"false";"Amaury Messelier (NS)";"Amaury Messelier";"update";"suffixe-société-et-identité-structurée";"";"Parigo  (SACEM)";"Amaury Messelier|Composer|SACEM|864479588| · PARIGO|Original Publisher|SACEM|461629743|";"pilot-pending"
"PGO0035";"e74a00033e35e045";"Trap In The Cloud";"b5778bf828a057e6";"";"SOFTLY LANDING";"Main";"false";"Amaury Messelier (NS)";"Amaury Messelier";"update";"suffixe-société-et-identité-structurée";"";"Parigo  (SACEM)";"Amaury Messelier|Composer|SACEM|864479588| · PARIGO|Original Publisher|SACEM|461629743|";"pilot-pending"
"PGO0035";"e74a00033e35e045";"Trap In The Cloud";"d95d747cf8b0418e";"";"SPACE MOUNTAINS (INSTRUMENTAL NO VOCAL HOOK)";"Main";"false";"Amaury Messelier (NS) · Cory TATE (NS) · Chris KEMP (NS) · Cally REED (NS)";"Amaury Messelier · Cory TATE · Chris KEMP · Cally REED";"update";"suffixe-société";"";"Parigo  (SACEM)";"";"pilot-pending"
"PGO0034";"03860e7fb557e6bd";"Jazz Musette";"c3e502212e8ed0d3";"";"ROWBOAT PROMENADE";"Main";"false";"Pierre MILLET (NS)";"Pierre MILLET";"update";"suffixe-société-et-identité-structurée";"";"Parigo  (SACEM)";"Pierre MILLET|Composer|SACEM|152079288| · PARIGO|Original Publisher|SACEM|461629743|";"pilot-pending"
"PGO0034";"03860e7fb557e6bd";"Jazz Musette";"584944b787a9880d";"";"JAVA CIRCUS";"Main";"false";"Manuel DECOCQ (NS)";"Manuel DECOCQ";"update";"suffixe-société-et-identité-structurée";"";"Parigo  (SACEM)";"Manuel DECOCQ|Composer|SACEM|536965021| · PARIGO|Original Publisher|SACEM|461629743|";"pilot-pending"
"PGO0034";"03860e7fb557e6bd";"Jazz Musette";"8406fe8af5a54bd0";"";"CONTEMPLATIVE EYE";"Main";"false";"Pierre MILLET (NS)";"Pierre MILLET";"update";"suffixe-société-et-identité-structurée";"";"Parigo  (SACEM)";"Pierre MILLET|Composer|SACEM|152079288| · PARIGO|Original Publisher|SACEM|461629743|";"pilot-pending"
"PGO0034";"03860e7fb557e6bd";"Jazz Musette";"39e208e250b493dd";"";"DIXIELAND TOYS";"Main";"false";"Jean-Michel TROTOUX (NS)";"Jean-Michel TROTOUX";"update";"suffixe-société-et-identité-structurée";"";"Parigo  (SACEM)";"Jean-Michel TROTOUX|Composer|SACEM|153570480| · PARIGO|Original Publisher|SACEM|461629743|";"pilot-pending"
"PGO0034";"03860e7fb557e6bd";"Jazz Musette";"1e6afc42e879e8f5";"";"LONELY PUPPET";"Main";"false";"Manuel DECOCQ (NS)";"Manuel DECOCQ";"update";"suffixe-société-et-identité-structurée";"";"Parigo  (SACEM)";"Manuel DECOCQ|Composer|SACEM|536965021| · PARIGO|Original Publisher|SACEM|461629743|";"pilot-pending"
"PGO0034";"03860e7fb557e6bd";"Jazz Musette";"dedd5439aed040ba";"";"WALTZ OF THE DUCKS";"Main";"false";"Pierre MILLET (NS)";"Pierre MILLET";"update";"suffixe-société-et-identité-structurée";"";"Parigo  (SACEM)";"Pierre MILLET|Composer|SACEM|152079288| · PARIGO|Original Publisher|SACEM|461629743|";"pilot-pending"
"PGO0034";"03860e7fb557e6bd";"Jazz Musette";"41324532c5f03ac8";"";"REMEMBER MY FRIEND";"Main";"false";"Pierre MILLET (NS)";"Pierre MILLET";"update";"suffixe-société-et-identité-structurée";"";"Parigo  (SACEM)";"Pierre MILLET|Composer|SACEM|152079288| · PARIGO|Original Publisher|SACEM|461629743|";"pilot-pending"
"PGO0034";"03860e7fb557e6bd";"Jazz Musette";"03e23489ea3cde70";"";"FROG RACE";"Main";"false";"Pierre MILLET (NS)";"Pierre MILLET";"update";"suffixe-société-et-identité-structurée";"";"Parigo  (SACEM)";"Pierre MILLET|Composer|SACEM|152079288| · PARIGO|Original Publisher|SACEM|461629743|";"pilot-pending"
"PGO0034";"03860e7fb557e6bd";"Jazz Musette";"4f99bebf049e8691";"";"MONTMARTRE TANGO";"Main";"false";"Pierre MILLET (NS)";"Pierre MILLET";"update";"suffixe-société-et-identité-structurée";"";"Parigo  (SACEM)";"Pierre MILLET|Composer|SACEM|152079288| · PARIGO|Original Publisher|SACEM|461629743|";"pilot-pending"
"PGO0034";"03860e7fb557e6bd";"Jazz Musette";"ba602545188ca157";"";"NOUS VOILA";"Main";"false";"Manuel DECOCQ (NS) · Pierre MILLET (NS) · Jean-Michel TROTOUX (NS)";"Manuel DECOCQ · Pierre MILLET · Jean-Michel TROTOUX";"update";"suffixe-société";"";"Parigo  (SACEM)";"";"pilot-pending"
"PGO0034";"03860e7fb557e6bd";"Jazz Musette";"176bc7cc2c23f520";"";"NOUS VOILA (INSTRUMENTAL)";"Main";"false";"Manuel DECOCQ (NS) · Pierre MILLET (NS) · Jean-Michel TROTOUX (NS)";"Manuel DECOCQ · Pierre MILLET · Jean-Michel TROTOUX";"update";"suffixe-société-et-identité-structurée";"";"Parigo  (SACEM)";"Pierre MILLET|Composer|SACEM|152079288| · Manuel DECOCQ|Composer|SACEM|536965021| · Jean-Michel TROTOUX|Composer|SACEM|153570480| · PARIGO|Original Publisher|SACEM|461629743|";"pilot-pending"
"PGO0034";"03860e7fb557e6bd";"Jazz Musette";"7a98f1d833d3914d";"";"MADAME PRINTEMPS";"Main";"false";"Pierre MILLET (NS)";"Pierre MILLET";"update";"suffixe-société-et-identité-structurée";"";"Parigo  (SACEM)";"Pierre MILLET|Composer|SACEM|152079288| · PARIGO|Original Publisher|SACEM|461629743|";"pilot-pending"
"PGO0034";"03860e7fb557e6bd";"Jazz Musette";"2df701a15873ce1b";"";"POPEYE IN THE BALKANS";"Main";"false";"Emin DZIJAN (NS)";"Emin DZIJAN";"update";"suffixe-société-et-identité-structurée";"";"Parigo  (SACEM)";"Emin DZIJAN|Composer|SACEM|460470570| · PARIGO|Original Publisher|SACEM|461629743|";"pilot-pending"
"PGO0034";"03860e7fb557e6bd";"Jazz Musette";"bb86a05cf60f15df";"";"SILENT CARTOON";"Main";"false";"Manuel DECOCQ (NS)";"Manuel DECOCQ";"update";"suffixe-société-et-identité-structurée";"";"Parigo  (SACEM)";"Manuel DECOCQ|Composer|SACEM|536965021| · PARIGO|Original Publisher|SACEM|461629743|";"pilot-pending"
"PGO0034";"03860e7fb557e6bd";"Jazz Musette";"0e3aa6a2e86bdc21";"";"SPRING OF GUINGUETTES";"Main";"false";"Pierre MILLET (NS)";"Pierre MILLET";"update";"suffixe-société-et-identité-structurée";"";"Parigo  (SACEM)";"Pierre MILLET|Composer|SACEM|152079288| · PARIGO|Original Publisher|SACEM|461629743|";"pilot-pending"
"PGO0034";"03860e7fb557e6bd";"Jazz Musette";"a6b9e9e35948ed70";"";"MOMES DE SHANGHAI";"Main";"false";"Pierre MILLET (NS)";"Pierre MILLET";"update";"suffixe-société-et-identité-structurée";"";"Parigo  (SACEM)";"Pierre MILLET|Composer|SACEM|152079288| · PARIGO|Original Publisher|SACEM|461629743|";"pilot-pending"
"PGO0034";"03860e7fb557e6bd";"Jazz Musette";"db2bb3757970900a";"";"DANSE POUR MOI";"Main";"false";"Jean-Michel TROTOUX (NS)";"Jean-Michel TROTOUX";"update";"suffixe-société-et-identité-structurée";"";"Parigo  (SACEM)";"Jean-Michel TROTOUX|Composer|SACEM|153570480| · PARIGO|Original Publisher|SACEM|461629743|";"pilot-pending"
"PGO0034";"03860e7fb557e6bd";"Jazz Musette";"43d07a05d5600774";"";"FROM PARIS TO MOSCOW";"Main";"false";"Jean-Michel TROTOUX (NS)";"Jean-Michel TROTOUX";"update";"suffixe-société-et-identité-structurée";"";"Parigo  (SACEM)";"Jean-Michel TROTOUX|Composer|SACEM|153570480| · PARIGO|Original Publisher|SACEM|461629743|";"pilot-pending"
"PGO0033";"8b4986739468cfd8";"Surf Fiction";"31a0c8ac2933e4c4";"";"SURF FICTION";"Main";"false";"Molenat Alexis (SACEM) · Raynier Maxime (SACEM) · Dambrine Patrice (SACEM)";"Alexis Molenat · Maxime Raynier · Patrice Dambrine";"update";"correction-explicite-validée";"";"Parigo  (SACEM)";"Raynier Maxime|Composer|SACEM|390690931| · Molenat Alexis|Composer|SACEM|720614772| · Dambrine Patrice|Composer|SACEM|798867345| · PARIGO|Original Publisher|SACEM|461629743|";"pilot-pending"
"PGO0033";"8b4986739468cfd8";"Surf Fiction";"cf77de91528d9b4c";"";"SURF FICTION (UNDERSCORE, NO VOICE FX)";"Main";"false";"Molenat Alexis (SACEM) · Raynier Maxime (SACEM) · Dambrine Patrice (SACEM)";"Alexis Molenat · Maxime Raynier · Patrice Dambrine";"update";"correction-explicite-validée";"";"Parigo  (SACEM)";"";"pilot-pending"
"PGO0033";"8b4986739468cfd8";"Surf Fiction";"d01985ce8488e525";"";"WAVE CHARMER";"Main";"false";"Molenat Alexis (SACEM) · Raynier Maxime (SACEM) · Dambrine Patrice (SACEM) · Sornin Emile (SACEM)";"Alexis Molenat · Maxime Raynier · Patrice Dambrine · Sornin Emile";"update";"correction-explicite-validée+suffixe-société-et-identité-structurée";"";"Parigo  (SACEM)";"Raynier Maxime|Composer|SACEM|390690931| · Molenat Alexis|Composer|SACEM|720614772| · Dambrine Patrice|Composer|SACEM|798867345| · Sornin Emile|Composer|SACEM|758238605| · PARIGO|Original Publisher|SACEM|461629743|";"pilot-pending"
"PGO0033";"8b4986739468cfd8";"Surf Fiction";"efd3cc295991495d";"";"WAVE CHARMER (UNDERSCORE)";"Main";"false";"Molenat Alexis (SACEM) · Raynier Maxime (SACEM) · Dambrine Patrice (SACEM) · Sornin Emile (SACEM)";"Alexis Molenat · Maxime Raynier · Patrice Dambrine · Sornin Emile";"update";"correction-explicite-validée+suffixe-société";"";"Parigo  (SACEM)";"";"pilot-pending"
"PGO0033";"8b4986739468cfd8";"Surf Fiction";"fe72adafbd22b93d";"";"LE PLUS BEAU DES FEUX";"Main";"false";"Molenat Alexis (SACEM) · Raynier Maxime (SACEM) · Dambrine Patrice (SACEM) · Mallet Marie Sophie (SACEM)";"Alexis Molenat · Maxime Raynier · Patrice Dambrine · Mallet Marie Sophie";"update";"correction-explicite-validée+suffixe-société-et-identité-structurée";"";"Parigo  (SACEM)";"Molenat Alexis|Composer|SACEM|720614772| · Raynier Maxime|Composer|SACEM|390690931| · Dambrine Patrice|Composer|SACEM|798867345| · Mallet Marie Sophie|Composer|SACEM|882563799| · PARIGO|Original Publisher|SACEM|461629743|";"pilot-pending"
"PGO0033";"8b4986739468cfd8";"Surf Fiction";"d33a95b7675446d8";"";"SURF'S DOWN";"Main";"false";"Molenat Alexis (SACEM) · Raynier Maxime (SACEM) · Dambrine Patrice (SACEM)";"Alexis Molenat · Maxime Raynier · Patrice Dambrine";"update";"correction-explicite-validée";"";"Parigo  (SACEM)";"Molenat Alexis|Composer|SACEM|720614772| · Raynier Maxime|Composer|SACEM|390690931| · Dambrine Patrice|Composer|SACEM|798867345| · PARIGO|Original Publisher|SACEM|461629743|";"pilot-pending"
"PGO0033";"8b4986739468cfd8";"Surf Fiction";"d7c0c77d1af483f9";"";"WAVES OVER WOODSTOCK";"Main";"false";"Molenat Alexis (SACEM) · Raynier Maxime (SACEM) · Dambrine Patrice (SACEM) · Sornin Emile (SACEM)";"Alexis Molenat · Maxime Raynier · Patrice Dambrine · Sornin Emile";"update";"correction-explicite-validée+suffixe-société-et-identité-structurée";"";"Parigo  (SACEM)";"Raynier Maxime|Composer|SACEM|390690931| · Molenat Alexis|Composer|SACEM|720614772| · Dambrine Patrice|Composer|SACEM|798867345| · Sornin Emile|Composer|SACEM|758238605| · PARIGO|Original Publisher|SACEM|461629743|";"pilot-pending"
"PGO0033";"8b4986739468cfd8";"Surf Fiction";"a405df65cb548d21";"";"JAWS TAKES A BREAK";"Main";"false";"Molenat Alexis (SACEM) · Raynier Maxime (SACEM) · Dambrine Patrice (SACEM) · Sornin Emile (SACEM)";"Alexis Molenat · Maxime Raynier · Patrice Dambrine · Sornin Emile";"update";"correction-explicite-validée+suffixe-société-et-identité-structurée";"";"Parigo  (SACEM)";"Molenat Alexis|Composer|SACEM|720614772| · Dambrine Patrice|Composer|SACEM|798867345| · Sornin Emile|Composer|SACEM|758238605| · Raynier Maxime|Composer|SACEM|390690931| · PARIGO|Original Publisher|SACEM|461629743|";"pilot-pending"
"PGO0033";"8b4986739468cfd8";"Surf Fiction";"99314e240b2c2329";"";"JAWS TAKES A BREAK (UNDERSCORE)";"Main";"false";"Molenat Alexis (SACEM) · Raynier Maxime (SACEM) · Dambrine Patrice (SACEM) · Sornin Emile (SACEM)";"Alexis Molenat · Maxime Raynier · Patrice Dambrine · Sornin Emile";"update";"correction-explicite-validée+suffixe-société";"";"Parigo  (SACEM)";"";"pilot-pending"
"PGO0033";"8b4986739468cfd8";"Surf Fiction";"4b8ef9d4917c6ecc";"";"DESPERADOS";"Main";"false";"Molenat Alexis (SACEM) · Raynier Maxime (SACEM) · Dambrine Patrice (SACEM)";"Alexis Molenat · Maxime Raynier · Patrice Dambrine";"update";"correction-explicite-validée";"";"Parigo  (SACEM)";"Molenat Alexis|Composer|SACEM|720614772| · Dambrine Patrice|Composer|SACEM|798867345| · Raynier Maxime|Composer|SACEM|390690931| · PARIGO|Original Publisher|SACEM|461629743|";"pilot-pending"
"PGO0033";"8b4986739468cfd8";"Surf Fiction";"54bd854adb45fba5";"";"DESPERADOS (UNDERSCORE NO CHOIRS)";"Main";"false";"Molenat Alexis (SACEM) · Raynier Maxime (SACEM) · Dambrine Patrice (SACEM)";"Alexis Molenat · Maxime Raynier · Patrice Dambrine";"update";"correction-explicite-validée";"";"Parigo  (SACEM)";"";"pilot-pending"
"PGO0033";"8b4986739468cfd8";"Surf Fiction";"b8137362382cc13d";"";"DESPERADOS (UNDERSCORE NO VOICE FX, NO CHOIRS)";"Main";"false";"Molenat Alexis (SACEM) · Raynier Maxime (SACEM) · Dambrine Patrice (SACEM)";"Alexis Molenat · Maxime Raynier · Patrice Dambrine";"update";"correction-explicite-validée";"";"Parigo  (SACEM)";"";"pilot-pending"
"PGO0033";"8b4986739468cfd8";"Surf Fiction";"205d8557861e3aab";"";"DESPERADOS (UNDERSCORE NO VOICE FX, NO CHOIRS, NO PERCUSSION";"Main";"false";"Molenat Alexis (SACEM) · Raynier Maxime (SACEM) · Dambrine Patrice (SACEM)";"Alexis Molenat · Maxime Raynier · Patrice Dambrine";"update";"correction-explicite-validée";"";"Parigo  (SACEM)";"";"pilot-pending"
"PGO0033";"8b4986739468cfd8";"Surf Fiction";"15582a7e0746ee5c";"";"BACK OF THE SURF SHACK";"Main";"false";"Molenat Alexis (SACEM) · Raynier Maxime (SACEM) · Dambrine Patrice (SACEM)";"Alexis Molenat · Maxime Raynier · Patrice Dambrine";"update";"correction-explicite-validée";"";"Parigo  (SACEM)";"Molenat Alexis|Composer|SACEM|720614772| · Dambrine Patrice|Composer|SACEM|798867345| · Raynier Maxime|Composer|SACEM|390690931| · PARIGO|Original Publisher|SACEM|461629743|";"pilot-pending"
"PGO0033";"8b4986739468cfd8";"Surf Fiction";"062237b8bd5d0f0a";"";"BACK OF THE SURF SHACK (UNDERSCORE, NO FX)";"Main";"false";"Molenat Alexis (SACEM) · Raynier Maxime (SACEM) · Dambrine Patrice (SACEM)";"Alexis Molenat · Maxime Raynier · Patrice Dambrine";"update";"correction-explicite-validée";"";"Parigo  (SACEM)";"";"pilot-pending"
"PGO0033";"8b4986739468cfd8";"Surf Fiction";"822761e59843e629";"";"SURF DUDE";"Main";"false";"Molenat Alexis (SACEM) · Raynier Maxime (SACEM) · Dambrine Patrice (SACEM)";"Alexis Molenat · Maxime Raynier · Patrice Dambrine";"update";"correction-explicite-validée";"";"Parigo  (SACEM)";"Molenat Alexis|Composer|SACEM|720614772| · Dambrine Patrice|Composer|SACEM|798867345| · Raynier Maxime|Composer|SACEM|390690931| · PARIGO|Original Publisher|SACEM|461629743|";"pilot-pending"
"PGO0033";"8b4986739468cfd8";"Surf Fiction";"1e5260fd7b3e191d";"";"HAWAIAN SPRITZER";"Main";"false";"Molenat Alexis (SACEM) · Raynier Maxime (SACEM) · Dambrine Patrice (SACEM)";"Alexis Molenat · Maxime Raynier · Patrice Dambrine";"update";"correction-explicite-validée";"";"Parigo  (SACEM)";"Molenat Alexis|Composer|SACEM|720614772| · Raynier Maxime|Composer|SACEM|390690931| · Dambrine Patrice|Composer|SACEM|798867345| · PARIGO|Original Publisher|SACEM|461629743|";"pilot-pending"
"PGO0033";"8b4986739468cfd8";"Surf Fiction";"96e45242dcf2c07c";"";"CAVALIER SEUL";"Main";"false";"Molenat Alexis (SACEM) · Raynier Maxime (SACEM) · Dambrine Patrice (SACEM) · Sornin Emile (SACEM) · Mallet Marie Sophie (SACEM)";"Alexis Molenat · Maxime Raynier · Patrice Dambrine · Sornin Emile · Mallet Marie Sophie";"update";"correction-explicite-validée+suffixe-société-et-identité-structurée";"";"Parigo  (SACEM)";"Molenat Alexis|Composer|SACEM|720614772| · Raynier Maxime|Composer|SACEM|390690931| · Dambrine Patrice|Composer|SACEM|798867345| · Sornin Emile|Composer|SACEM|758238605| · Mallet Marie Sophie|Composer|SACEM|882563799| · PARIGO|Original Publisher|SACEM|461629743|";"pilot-pending"
"PGO0033";"8b4986739468cfd8";"Surf Fiction";"dd05f045eb46f4b9";"";"CAVALIER SEUL (INSTRUMENTAL)";"Main";"false";"Molenat Alexis (SACEM) · Raynier Maxime (SACEM) · Dambrine Patrice (SACEM) · Sornin Emile (SACEM) · Mallet Marie Sophie (SACEM)";"Alexis Molenat · Maxime Raynier · Patrice Dambrine · Sornin Emile · Mallet Marie Sophie";"update";"correction-explicite-validée+suffixe-société";"";"Parigo  (SACEM)";"";"pilot-pending"
"PGO0033";"8b4986739468cfd8";"Surf Fiction";"63983e6c0feba66b";"";"THE LONE CAVALIER";"Main";"false";"Molenat Alexis (SACEM) · Raynier Maxime (SACEM) · Dambrine Patrice (SACEM) · Sornin Emile (SACEM)";"Alexis Molenat · Maxime Raynier · Patrice Dambrine · Sornin Emile";"update";"correction-explicite-validée+suffixe-société-et-identité-structurée";"";"Parigo  (SACEM)";"Molenat Alexis|Composer|SACEM|720614772| · Dambrine Patrice|Composer|SACEM|798867345| · Raynier Maxime|Composer|SACEM|390690931| · Sornin Emile|Composer|SACEM|758238605| · PARIGO|Original Publisher|SACEM|461629743|";"pilot-pending"
"PGO0033";"8b4986739468cfd8";"Surf Fiction";"eed7acd0b5d6770d";"";"THE LONE CAVALIER (UNDERSCORE)";"Main";"false";"Molenat Alexis (SACEM) · Raynier Maxime (SACEM) · Dambrine Patrice (SACEM) · Sornin Emile (SACEM)";"Alexis Molenat · Maxime Raynier · Patrice Dambrine · Sornin Emile";"update";"correction-explicite-validée+suffixe-société";"";"Parigo  (SACEM)";"";"pilot-pending"
"PGO0033";"8b4986739468cfd8";"Surf Fiction";"3d2c10d1dbe0c9d9";"";"MILK BAR TWIST";"Main";"false";"Molenat Alexis (SACEM) · Raynier Maxime (SACEM) · Dambrine Patrice (SACEM)";"Alexis Molenat · Maxime Raynier · Patrice Dambrine";"update";"correction-explicite-validée";"";"Parigo  (SACEM)";"Molenat Alexis|Composer|SACEM|720614772| · Raynier Maxime|Composer|SACEM|390690931| · Dambrine Patrice|Composer|SACEM|798867345| · PARIGO|Original Publisher|SACEM|461629743|";"pilot-pending"
"PGO0033";"8b4986739468cfd8";"Surf Fiction";"ab823e2959d74efb";"";"EL PASEO BEACH";"Main";"false";"Molenat Alexis (SACEM) · Raynier Maxime (SACEM) · Dambrine Patrice (SACEM)";"Alexis Molenat · Maxime Raynier · Patrice Dambrine";"update";"correction-explicite-validée";"";"Parigo  (SACEM)";"Molenat Alexis|Composer|SACEM|720614772| · Raynier Maxime|Composer|SACEM|390690931| · Dambrine Patrice|Composer|SACEM|798867345| · PARIGO|Original Publisher|SACEM|461629743|";"pilot-pending"
"PGO0033";"8b4986739468cfd8";"Surf Fiction";"699fa8186ca6f911";"";"COMBI LOVE";"Main";"false";"Molenat Alexis (SACEM) · Raynier Maxime (SACEM) · Dambrine Patrice (SACEM)";"Alexis Molenat · Maxime Raynier · Patrice Dambrine";"update";"correction-explicite-validée";"";"Parigo  (SACEM)";"Molenat Alexis|Composer|SACEM|720614772| · Raynier Maxime|Composer|SACEM|390690931| · Dambrine Patrice|Composer|SACEM|798867345| · PARIGO|Original Publisher|SACEM|461629743|";"pilot-pending"
"PGO0033";"8b4986739468cfd8";"Surf Fiction";"f12c87d715e0ae99";"";"PONY AND CLYDE";"Main";"false";"Molenat Alexis (SACEM) · Raynier Maxime (SACEM) · Dambrine Patrice (SACEM)";"Alexis Molenat · Maxime Raynier · Patrice Dambrine";"update";"correction-explicite-validée";"";"Parigo  (SACEM)";"Molenat Alexis|Composer|SACEM|720614772| · Raynier Maxime|Composer|SACEM|390690931| · Dambrine Patrice|Composer|SACEM|798867345| · PARIGO|Original Publisher|SACEM|461629743|";"pilot-pending"
"PGO0033";"8b4986739468cfd8";"Surf Fiction";"e8f1e765cdd591d9";"";"PONY AND CLYDE (UNDERSCORE, NO FX)";"Main";"false";"Molenat Alexis (SACEM) · Raynier Maxime (SACEM) · Dambrine Patrice (SACEM)";"Alexis Molenat · Maxime Raynier · Patrice Dambrine";"update";"correction-explicite-validée";"";"Parigo  (SACEM)";"";"pilot-pending"
"PGO0032";"2513d961b12a4144";"Diggin Hip-Hop Vol.2";"1c99151372558029";"";"NY PARIGO";"Main";"false";"Ugly Mac Beer (SACEM) · Rodney Lucas (BMI)";"Ugly Mac Beer · Rodney Lucas";"update";"suffixe-société-et-identité-structurée";"";"PARIGO  (NS)";"Ugly Mac Beer|Composer|SACEM|547737710| · Rodney Lucas|Composer|BMI|471186550| · Parigo|Original Publisher|SACEM|461629743|";"pilot-pending"
"PGO0032";"2513d961b12a4144";"Diggin Hip-Hop Vol.2";"cc4f0a59157a7ae0";"";"NY PARIGO (INSTRUMENTAL)";"Main";"false";"Ugly Mac Beer (SACEM)";"Ugly Mac Beer";"update";"suffixe-société-et-identité-structurée";"";"PARIGO  (NS)";"Ugly Mac Beer|Composer|SACEM|547737710| · Parigo|Original Publisher|SACEM|461629743|";"pilot-pending"
"PGO0032";"2513d961b12a4144";"Diggin Hip-Hop Vol.2";"1f7deae92c4582df";"";"NY PARIGO (INSTRUMENTAL SHORT UNDERSCORE)";"Main";"false";"Ugly Mac Beer (SACEM)";"Ugly Mac Beer";"update";"suffixe-société";"";"PARIGO  (NS)";"";"pilot-pending"
"PGO0032";"2513d961b12a4144";"Diggin Hip-Hop Vol.2";"f88d04115868102a";"";"NY PARIGO (INSTRUMENTAL UNDERSCORE, NO SCRATCH)";"Main";"false";"Ugly Mac Beer (SACEM)";"Ugly Mac Beer";"update";"suffixe-société";"";"PARIGO  (NS)";"";"pilot-pending"
"PGO0032";"2513d961b12a4144";"Diggin Hip-Hop Vol.2";"28d1b1895002513b";"";"DR PAYBACK";"Main";"false";"Bonetrips (SACEM) · Tcheep (NS)";"Bonetrips · Tcheep";"update";"suffixe-société-et-identité-structurée";"";"PARIGO  (NS)";"Bonetrips|Composer|SACEM|516806453| · Tcheep|Composer|NS|542993718| · Parigo|Original Publisher|SACEM|461629743|";"pilot-pending"
"PGO0032";"2513d961b12a4144";"Diggin Hip-Hop Vol.2";"7c36d2086e2b47d4";"";"SANTA MONICA PIER";"Main";"false";"Ugly Mac Beer (SACEM) · Drixxxe (NS) · Scherazade Aissahine (NS)";"Ugly Mac Beer · Drixxxe · Scherazade Aissahine";"update";"suffixe-société-et-identité-structurée";"";"PARIGO  (NS)";"Scherazade Aissahine|Composer|NS|762815425| · Drixxxe|Composer|NS|151507989| · Ugly Mac Beer|Composer|SACEM|547737710| · Parigo|Original Publisher|SACEM|461629743|";"pilot-pending"
"PGO0032";"2513d961b12a4144";"Diggin Hip-Hop Vol.2";"003c424c95d5a096";"";"SANTA MONICA PIER (INSTRUMENTAL)";"Main";"false";"Ugly Mac Beer (SACEM) · Drixxxe (NS)";"Ugly Mac Beer · Drixxxe";"update";"suffixe-société-et-identité-structurée";"";"PARIGO  (NS)";"Ugly Mac Beer|Composer|SACEM|547737710| · Drixxxe|Composer|NS|151507989| · Parigo|Original Publisher|SACEM|461629743|";"pilot-pending"
"PGO0032";"2513d961b12a4144";"Diggin Hip-Hop Vol.2";"69d6e28b2fbc6d79";"";"PREDATOR HUNTING";"Main";"false";"Ugly Mac Beer (SACEM)";"Ugly Mac Beer";"update";"suffixe-société-et-identité-structurée";"";"PARIGO  (NS)";"Ugly Mac Beer|Composer|SACEM|547737710| · Parigo|Original Publisher|SACEM|461629743|";"pilot-pending"
"PGO0032";"2513d961b12a4144";"Diggin Hip-Hop Vol.2";"9fd392e998367a1f";"";"PREDATOR HUNTING (UNDERSCORE, NO SCRATCHES)";"Main";"false";"Ugly Mac Beer (SACEM)";"Ugly Mac Beer";"update";"suffixe-société";"";"PARIGO  (NS)";"";"pilot-pending"
"PGO0032";"2513d961b12a4144";"Diggin Hip-Hop Vol.2";"43c6c3657f446b70";"";"WARP ZONE (FEAT. KOKANE)";"Main";"false";"Bonetrips (SACEM) · Liqid (SACEM) · Kokane (NS)";"Bonetrips · Liqid · Kokane";"update";"suffixe-société-et-identité-structurée";"";"PARIGO  (NS)";"Kokane|Composer|NS|238911359| · Bonetrips|Composer|SACEM|516806453| · Liqid|Composer|SACEM|543003202| · Parigo|Original Publisher|SACEM|461629743|";"pilot-pending"
"PGO0032";"2513d961b12a4144";"Diggin Hip-Hop Vol.2";"17da3efe4c030021";"";"WARP ZONE (FEAT. KOKANE) (UNDERSCORE, NO RAP)";"Main";"false";"Bonetrips (SACEM) · Liqid (SACEM)";"Bonetrips · Liqid";"update";"suffixe-société";"";"PARIGO  (NS)";"";"pilot-pending"
"PGO0032";"2513d961b12a4144";"Diggin Hip-Hop Vol.2";"2b7c1e6c2cb512fe";"";"WARP ZONE (INSTRUMENTAL)";"Main";"false";"Bonetrips (SACEM) · Liqid (SACEM)";"Bonetrips · Liqid";"update";"suffixe-société-et-identité-structurée";"";"PARIGO  (NS)";"Bonetrips|Composer|SACEM|516806453| · Liqid|Composer|SACEM|543003202| · Parigo|Original Publisher|SACEM|461629743|";"pilot-pending"
"PGO0032";"2513d961b12a4144";"Diggin Hip-Hop Vol.2";"a32bbcb9860d807f";"";"ARCADE MODE";"Main";"false";"Tcheep (NS)";"Tcheep";"update";"suffixe-société-et-identité-structurée";"";"PARIGO  (NS)";"Tcheep|Composer|NS|542993718| · Parigo|Original Publisher|SACEM|461629743|";"pilot-pending"
"PGO0032";"2513d961b12a4144";"Diggin Hip-Hop Vol.2";"f08222990601dcac";"";"ARCADE MODE (UNDERSCORE, NO VOCALS FX)";"Main";"false";"Tcheep (NS)";"Tcheep";"update";"suffixe-société";"";"PARIGO  (NS)";"";"pilot-pending"
"PGO0032";"2513d961b12a4144";"Diggin Hip-Hop Vol.2";"59e2483a02a82f21";"";"GHETTO DREAMS";"Main";"false";"Amaury Messelier (SACEM)";"Amaury Messelier";"update";"suffixe-société-et-identité-structurée";"";"PARIGO  (NS)";"Amaury Messelier|Composer|SACEM|864479588| · Parigo|Original Publisher|SACEM|461629743|";"pilot-pending"
"PGO0032";"2513d961b12a4144";"Diggin Hip-Hop Vol.2";"1e7ac67c54775d97";"";"GHETTO DREAMS (UNDERSCORE, NO VOCALS)";"Main";"false";"Amaury Messelier (SACEM)";"Amaury Messelier";"update";"suffixe-société";"";"PARIGO  (NS)";"";"pilot-pending"
"PGO0032";"2513d961b12a4144";"Diggin Hip-Hop Vol.2";"d3c2d629d7f378ab";"";"DUBAI RIDERS";"Main";"false";"Ugly Mac Beer (SACEM) · Drixxxe (NS)";"Ugly Mac Beer · Drixxxe";"update";"suffixe-société-et-identité-structurée";"";"PARIGO  (NS)";"Ugly Mac Beer|Composer|SACEM|547737710| · Drixxxe|Composer|NS|151507989| · Parigo|Original Publisher|SACEM|461629743|";"pilot-pending"
"PGO0032";"2513d961b12a4144";"Diggin Hip-Hop Vol.2";"15e2e8e3ab4590df";"";"PRISON BREAKER";"Main";"false";"Ugly Mac Beer (SACEM) · Drixxxe (NS)";"Ugly Mac Beer · Drixxxe";"update";"suffixe-société-et-identité-structurée";"";"PARIGO  (NS)";"Drixxxe|Composer|NS|151507989| · Ugly Mac Beer|Composer|SACEM|547737710| · Parigo|Original Publisher|SACEM|461629743|";"pilot-pending"
"PGO0032";"2513d961b12a4144";"Diggin Hip-Hop Vol.2";"d7e765ad64ffaa2d";"";"RICK ROCK";"Main";"false";"Ugly Mac Beer (SACEM) · Drixxxe (NS)";"Ugly Mac Beer · Drixxxe";"update";"suffixe-société-et-identité-structurée";"";"PARIGO  (NS)";"Ugly Mac Beer|Composer|SACEM|547737710| · Drixxxe|Composer|NS|151507989| · Parigo|Original Publisher|SACEM|461629743|";"pilot-pending"
"PGO0032";"2513d961b12a4144";"Diggin Hip-Hop Vol.2";"356ffeb17383dd77";"";"RICK ROCK (UNDERSCORE, NO VOCALS HOOK)";"Main";"false";"Ugly Mac Beer (SACEM) · Drixxxe (NS)";"Ugly Mac Beer · Drixxxe";"update";"suffixe-société";"";"PARIGO  (NS)";"";"pilot-pending"
"PGO0032";"2513d961b12a4144";"Diggin Hip-Hop Vol.2";"7c65a63ec7cdcf53";"";"UFO ATTACK";"Main";"false";"Ugly Mac Beer (SACEM)";"Ugly Mac Beer";"update";"suffixe-société-et-identité-structurée";"";"PARIGO  (NS)";"Ugly Mac Beer|Composer|SACEM|547737710| · Parigo|Original Publisher|SACEM|461629743|";"pilot-pending"
"PGO0032";"2513d961b12a4144";"Diggin Hip-Hop Vol.2";"925e3b47387d92f5";"";"CHECK THE RIFF";"Main";"false";"Ugly Mac Beer (SACEM) · Drixxxe (NS)";"Ugly Mac Beer · Drixxxe";"update";"suffixe-société-et-identité-structurée";"";"PARIGO  (NS)";"Ugly Mac Beer|Composer|SACEM|547737710| · Drixxxe|Composer|NS|151507989| · Parigo|Original Publisher|SACEM|461629743|";"pilot-pending"
"PGO0032";"2513d961b12a4144";"Diggin Hip-Hop Vol.2";"1a0fc806b1523520";"";"PARLEZ VOUS HIP-HOP";"Main";"false";"Bonetrips (SACEM) · Liqid (SACEM) · Amaury Messelier (SACEM) · Fat Hed (NS)";"Bonetrips · Liqid · Amaury Messelier · Fat Hed";"update";"suffixe-société-et-identité-structurée";"";"PARIGO  (NS)";"Amaury Messelier|Composer|SACEM|864479588| · Liqid|Composer|SACEM|543003202| · Fat Hed|Composer|NS|356995109| · Bonetrips|Composer|SACEM|516806453| · Parigo|Original Publisher|SACEM|461629743|";"pilot-pending"
"PGO0032";"2513d961b12a4144";"Diggin Hip-Hop Vol.2";"2754dfa92efa3a7d";"";"PARLEZ VOUS HIP-HOP (VOCAL HOOK VERSION)";"Main";"false";"Bonetrips (SACEM) · Liqid (SACEM) · Amaury Messelier (SACEM) · Fat Hed (NS)";"Bonetrips · Liqid · Amaury Messelier · Fat Hed";"update";"suffixe-société";"";"PARIGO  (NS)";"";"pilot-pending"
"PGO0032";"2513d961b12a4144";"Diggin Hip-Hop Vol.2";"e6edc2b383a014db";"";"PARLEZ VOUS HIP-HOP (INSTRUMENTAL)";"Main";"false";"Bonetrips (SACEM) · Liqid (SACEM) · Amaury Messelier (SACEM) · Fat Hed (NS)";"Bonetrips · Liqid · Amaury Messelier · Fat Hed";"update";"suffixe-société-et-identité-structurée";"";"PARIGO  (NS)";"Bonetrips|Composer|SACEM|516806453| · Liqid|Composer|SACEM|543003202| · Fat Hed|Composer|NS|356995109| · Amaury Messelier|Composer|SACEM|864479588| · Parigo|Original Publisher|SACEM|461629743|";"pilot-pending"
"PGO0032";"2513d961b12a4144";"Diggin Hip-Hop Vol.2";"8fc8847c82298f28";"";"REMEMBER THE TWINS";"Main";"false";"Ducer (SACEM)";"Ducer";"update";"suffixe-société-et-identité-structurée";"";"PARIGO  (NS)";"Ducer|Composer|SACEM|809357224| · Parigo|Original Publisher|SACEM|461629743|";"pilot-pending"
"PGO0032";"2513d961b12a4144";"Diggin Hip-Hop Vol.2";"031beeb21b3da1db";"";"B-BOY FANTAISIE";"Main";"false";"Ugly Mac Beer (SACEM)";"Ugly Mac Beer";"update";"suffixe-société-et-identité-structurée";"";"PARIGO  (NS)";"Ugly Mac Beer|Composer|SACEM|547737710| · Parigo|Original Publisher|SACEM|461629743|";"pilot-pending"
"PGO0032";"2513d961b12a4144";"Diggin Hip-Hop Vol.2";"3e61debb00aef8e1";"";"THUG SPACED";"Main";"false";"Amaury Messelier (SACEM)";"Amaury Messelier";"update";"suffixe-société-et-identité-structurée";"";"PARIGO  (NS)";"Amaury Messelier|Composer|SACEM|864479588| · Parigo|Original Publisher|SACEM|461629743|";"pilot-pending"
"PGO0032";"2513d961b12a4144";"Diggin Hip-Hop Vol.2";"80930ec69f831fec";"";"THUG SPACED (INSTRUMENTAL)";"Main";"false";"Amaury Messelier (SACEM)";"Amaury Messelier";"update";"suffixe-société";"";"PARIGO  (NS)";"";"pilot-pending"
"PGO0032";"2513d961b12a4144";"Diggin Hip-Hop Vol.2";"8f73b5888249fdce";"";"HAZIN DAY";"Main";"false";"Ugly Mac Beer (SACEM) · Drixxxe (NS)";"Ugly Mac Beer · Drixxxe";"update";"suffixe-société-et-identité-structurée";"";"PARIGO  (NS)";"Drixxxe|Composer|NS|151507989| · Ugly Mac Beer|Composer|SACEM|547737710| · Parigo|Original Publisher|SACEM|461629743|";"pilot-pending"
"PGO0032";"2513d961b12a4144";"Diggin Hip-Hop Vol.2";"699658789624d483";"";"WHERE U AH!";"Main";"false";"Blankalfe (NS)";"Blankalfe";"update";"suffixe-société-et-identité-structurée";"";"PARIGO  (NS)";"Blankalfe|Composer|NS|725663039| · Parigo|Original Publisher|SACEM|461629743|";"pilot-pending"
"PGO0032";"2513d961b12a4144";"Diggin Hip-Hop Vol.2";"c5c1c3a1a3859b9d";"";"WHERE U AH! (UNDERSCORE, NO SCRATCHES)";"Main";"false";"Blankalfe (NS)";"Blankalfe";"update";"suffixe-société";"";"PARIGO  (NS)";"";"pilot-pending"
"PGO0032";"2513d961b12a4144";"Diggin Hip-Hop Vol.2";"da30d4fb192c6422";"";"UNDER SYZZURP";"Main";"false";"Tcheep (NS)";"Tcheep";"update";"suffixe-société-et-identité-structurée";"";"PARIGO  (NS)";"Tcheep|Composer|NS|542993718| · Parigo|Original Publisher|SACEM|461629743|";"pilot-pending"
"PGO0032";"2513d961b12a4144";"Diggin Hip-Hop Vol.2";"aafdfab1d2b72590";"";"UNDER SYZZURP (INSTRUMENTAL)";"Main";"false";"Tcheep (NS)";"Tcheep";"update";"suffixe-société";"";"PARIGO  (NS)";"";"pilot-pending"
"PGO0031";"750a3d73a7f4dae6";"The Projectionist";"b79f9cb0e0a553ee";"";"THE PUPPETEER";"Main";"false";"Jean-Michel Vallet (SACEM) · Claire Michael (SACEM) · Patrick Chartol (SACEM)";"Jean-Michel Vallet · Claire Michael · Patrick Chartol";"update";"suffixe-société-et-identité-structurée";"";"Parigo  (SACEM)";"Jean-Michel Vallet|Composer|SACEM|147167466| · Claire Michael|Composer|SACEM|148965034| · Patrick Chartol|Composer|SACEM|147553168| · PARIGO|Original Publisher|SACEM|461629743|";"pilot-pending"
"PGO0031";"750a3d73a7f4dae6";"The Projectionist";"5ac38e27f6e42f2c";"";"THE PUPPETEER (STRINGS PIZZICATO VERSION)";"Main";"false";"Jean-Michel Vallet (SACEM) · Claire Michael (SACEM) · Patrick Chartol (SACEM)";"Jean-Michel Vallet · Claire Michael · Patrick Chartol";"update";"suffixe-société";"";"Parigo  (SACEM)";"";"pilot-pending"
"PGO0031";"750a3d73a7f4dae6";"The Projectionist";"e24f02abb879a8aa";"";"UNUSUAL SUSPECT";"Main";"false";"Jean-Michel Vallet (SACEM) · Claire Michael (SACEM) · Patrick Chartol (SACEM)";"Jean-Michel Vallet · Claire Michael · Patrick Chartol";"update";"suffixe-société-et-identité-structurée";"";"Parigo  (SACEM)";"Jean-Michel Vallet|Composer|SACEM|147167466| · Claire Michael|Composer|SACEM|148965034| · Patrick Chartol|Composer|SACEM|147553168| · PARIGO|Original Publisher|SACEM|461629743|";"pilot-pending"
"PGO0031";"750a3d73a7f4dae6";"The Projectionist";"7d44dc5cdec2f99b";"";"UNUSUAL SUSPECT (GLOCKENSPIEL VERSION, UNDERSCORE)";"Main";"false";"Jean-Michel Vallet (SACEM) · Claire Michael (SACEM) · Patrick Chartol (SACEM)";"Jean-Michel Vallet · Claire Michael · Patrick Chartol";"update";"suffixe-société";"";"Parigo  (SACEM)";"";"pilot-pending"
"PGO0031";"750a3d73a7f4dae6";"The Projectionist";"ea0527f728178d66";"";"THE REVENGE OF THE MONSTER";"Main";"false";"Jean-Michel Vallet (SACEM) · Claire Michael (SACEM) · Patrick Chartol (SACEM)";"Jean-Michel Vallet · Claire Michael · Patrick Chartol";"update";"suffixe-société-et-identité-structurée";"";"Parigo  (SACEM)";"Jean-Michel Vallet|Composer|SACEM|147167466| · Claire Michael|Composer|SACEM|148965034| · Patrick Chartol|Composer|SACEM|147553168| · PARIGO|Original Publisher|SACEM|461629743|";"pilot-pending"
"PGO0031";"750a3d73a7f4dae6";"The Projectionist";"0131fad245ab14a8";"";"THE REVENGE OF THE MONSTER (UNDERSCORE, NO PIANO)";"Main";"false";"Jean-Michel Vallet (SACEM) · Claire Michael (SACEM) · Patrick Chartol (SACEM)";"Jean-Michel Vallet · Claire Michael · Patrick Chartol";"update";"suffixe-société";"";"Parigo  (SACEM)";"";"pilot-pending"
"PGO0031";"750a3d73a7f4dae6";"The Projectionist";"bea5a1083a87a734";"";"THE LITTLE FARM";"Main";"false";"Jean-Michel Vallet (SACEM) · Claire Michael (SACEM) · Patrick Chartol (SACEM)";"Jean-Michel Vallet · Claire Michael · Patrick Chartol";"update";"suffixe-société-et-identité-structurée";"";"Parigo  (SACEM)";"Jean-Michel Vallet|Composer|SACEM|147167466| · Patrick Chartol|Composer|SACEM|147553168| · Claire Michael|Composer|SACEM|148965034| · PARIGO|Original Publisher|SACEM|461629743|";"pilot-pending"
"PGO0031";"750a3d73a7f4dae6";"The Projectionist";"76b64ad5540ffa1f";"";"PARIS JE T'AIME";"Main";"false";"Jean-Michel Vallet (SACEM) · Claire Michael (SACEM) · Patrick Chartol (SACEM)";"Jean-Michel Vallet · Claire Michael · Patrick Chartol";"update";"suffixe-société-et-identité-structurée";"";"Parigo  (SACEM)";"Jean-Michel Vallet|Composer|SACEM|147167466| · Claire Michael|Composer|SACEM|148965034| · Patrick Chartol|Composer|SACEM|147553168| · PARIGO|Original Publisher|SACEM|461629743|";"pilot-pending"
"PGO0031";"750a3d73a7f4dae6";"The Projectionist";"6f1adf79f8683fc4";"";"PARIS JE T'AIME (STRINGS PIZZICATO PLAYBACK VERSION)";"Main";"false";"Jean-Michel Vallet (SACEM) · Claire Michael (SACEM) · Patrick Chartol (SACEM)";"Jean-Michel Vallet · Claire Michael · Patrick Chartol";"update";"suffixe-société";"";"Parigo  (SACEM)";"";"pilot-pending"
"PGO0031";"750a3d73a7f4dae6";"The Projectionist";"e942b4fd98ef1651";"";"ARSENE'S GETAWAY";"Main";"false";"Jean-Michel Vallet (SACEM) · Claire Michael (SACEM) · Patrick Chartol (SACEM)";"Jean-Michel Vallet · Claire Michael · Patrick Chartol";"update";"suffixe-société-et-identité-structurée";"";"Parigo  (SACEM)";"Jean-Michel Vallet|Composer|SACEM|147167466| · Claire Michael|Composer|SACEM|148965034| · Patrick Chartol|Composer|SACEM|147553168| · PARIGO|Original Publisher|SACEM|461629743|";"pilot-pending"
"PGO0031";"750a3d73a7f4dae6";"The Projectionist";"23e14862cd513517";"";"THREE WEDDINGS AND A DOG";"Main";"false";"Jean-Michel Vallet (SACEM) · Claire Michael (SACEM) · Patrick Chartol (SACEM)";"Jean-Michel Vallet · Claire Michael · Patrick Chartol";"update";"suffixe-société-et-identité-structurée";"";"Parigo  (SACEM)";"Jean-Michel Vallet|Composer|SACEM|147167466| · Claire Michael|Composer|SACEM|148965034| · Patrick Chartol|Composer|SACEM|147553168| · PARIGO|Original Publisher|SACEM|461629743|";"pilot-pending"
"PGO0031";"750a3d73a7f4dae6";"The Projectionist";"188d4d7ece757d58";"";"THE CLOCK MASTER";"Main";"false";"Jean-Michel Vallet (SACEM) · Claire Michael (SACEM) · Patrick Chartol (SACEM)";"Jean-Michel Vallet · Claire Michael · Patrick Chartol";"update";"suffixe-société-et-identité-structurée";"";"Parigo  (SACEM)";"Jean-Michel Vallet|Composer|SACEM|147167466| · Claire Michael|Composer|SACEM|148965034| · Patrick Chartol|Composer|SACEM|147553168| · PARIGO|Original Publisher|SACEM|461629743|";"pilot-pending"
"PGO0031";"750a3d73a7f4dae6";"The Projectionist";"211d884f30e40f96";"";"DEJEUNER BY THE LAKE";"Main";"false";"Jean-Michel Vallet (SACEM) · Claire Michael (SACEM) · Patrick Chartol (SACEM)";"Jean-Michel Vallet · Claire Michael · Patrick Chartol";"update";"suffixe-société-et-identité-structurée";"";"Parigo  (SACEM)";"Jean-Michel Vallet|Composer|SACEM|147167466| · Claire Michael|Composer|SACEM|148965034| · Patrick Chartol|Composer|SACEM|147553168| · PARIGO|Original Publisher|SACEM|461629743|";"pilot-pending"
"PGO0031";"750a3d73a7f4dae6";"The Projectionist";"5f5a47f81da91e10";"";"ALICE'S ESCAPADE";"Main";"false";"Jean-Michel Vallet (SACEM) · Claire Michael (SACEM) · Patrick Chartol (SACEM)";"Jean-Michel Vallet · Claire Michael · Patrick Chartol";"update";"suffixe-société-et-identité-structurée";"";"Parigo  (SACEM)";"Claire Michael|Composer|SACEM|148965034| · Jean-Michel Vallet|Composer|SACEM|147167466| · Patrick Chartol|Composer|SACEM|147553168| · PARIGO|Original Publisher|SACEM|461629743|";"pilot-pending"
"PGO0031";"750a3d73a7f4dae6";"The Projectionist";"307ca114d1d2283b";"";"THE 13TH DOOR";"Main";"false";"Jean-Michel Vallet (SACEM) · Claire Michael (SACEM) · Patrick Chartol (SACEM)";"Jean-Michel Vallet · Claire Michael · Patrick Chartol";"update";"suffixe-société-et-identité-structurée";"";"Parigo  (SACEM)";"Claire Michael|Composer|SACEM|148965034| · Jean-Michel Vallet|Composer|SACEM|147167466| · Patrick Chartol|Composer|SACEM|147553168| · PARIGO|Original Publisher|SACEM|461629743|";"pilot-pending"
"PGO0031";"750a3d73a7f4dae6";"The Projectionist";"013fd2772e7de6a0";"";"THE 13TH DOOR (DUET PIANO AND VOICES VERSION)";"Main";"false";"Jean-Michel Vallet (SACEM) · Claire Michael (SACEM) · Patrick Chartol (SACEM)";"Jean-Michel Vallet · Claire Michael · Patrick Chartol";"update";"suffixe-société";"";"Parigo  (SACEM)";"";"pilot-pending"
"PGO0031";"750a3d73a7f4dae6";"The Projectionist";"f87510578f8a2ac4";"";"BILL THE BUFFOON";"Main";"false";"Jean-Michel Vallet (SACEM) · Claire Michael (SACEM) · Patrick Chartol (SACEM)";"Jean-Michel Vallet · Claire Michael · Patrick Chartol";"update";"suffixe-société-et-identité-structurée";"";"Parigo  (SACEM)";"Claire Michael|Composer|SACEM|148965034| · Jean-Michel Vallet|Composer|SACEM|147167466| · Patrick Chartol|Composer|SACEM|147553168| · PARIGO|Original Publisher|SACEM|461629743|";"pilot-pending"
"PGO0031";"750a3d73a7f4dae6";"The Projectionist";"afc9e2f408e4387d";"";"BILL THE BUFFOON (SOLO PERCUSSIONS)";"Main";"false";"Jean-Michel Vallet (SACEM) · Claire Michael (SACEM) · Patrick Chartol (SACEM)";"Jean-Michel Vallet · Claire Michael · Patrick Chartol";"update";"suffixe-société";"";"Parigo  (SACEM)";"";"pilot-pending"
"PGO0031";"750a3d73a7f4dae6";"The Projectionist";"09d59c8b03352d04";"";"THE SORCERER OF NOTRE DAME";"Main";"false";"Jean-Michel Vallet (SACEM) · Claire Michael (SACEM) · Patrick Chartol (SACEM)";"Jean-Michel Vallet · Claire Michael · Patrick Chartol";"update";"suffixe-société-et-identité-structurée";"";"Parigo  (SACEM)";"Jean-Michel Vallet|Composer|SACEM|147167466| · Claire Michael|Composer|SACEM|148965034| · Patrick Chartol|Composer|SACEM|147553168| · PARIGO|Original Publisher|SACEM|461629743|";"pilot-pending"
"PGO0031";"750a3d73a7f4dae6";"The Projectionist";"bc32edcf132bbe9a";"";"EDWARD AT THE TOY FACTORY";"Main";"false";"Jean-Michel Vallet (SACEM) · Claire Michael (SACEM) · Patrick Chartol (SACEM)";"Jean-Michel Vallet · Claire Michael · Patrick Chartol";"update";"suffixe-société-et-identité-structurée";"";"Parigo  (SACEM)";"Jean-Michel Vallet|Composer|SACEM|147167466| · Claire Michael|Composer|SACEM|148965034| · Patrick Chartol|Composer|SACEM|147553168| · PARIGO|Original Publisher|SACEM|461629743|";"pilot-pending"
"PGO0031";"750a3d73a7f4dae6";"The Projectionist";"bc9d91e10fb8ba6b";"";"EDWARD AT THE TOY FACTORY (SOLO STRINGS PIZZICATO VERSION)";"Main";"false";"Jean-Michel Vallet (SACEM) · Claire Michael (SACEM) · Patrick Chartol (SACEM)";"Jean-Michel Vallet · Claire Michael · Patrick Chartol";"update";"suffixe-société";"";"Parigo  (SACEM)";"";"pilot-pending"
"PGO0031";"750a3d73a7f4dae6";"The Projectionist";"0709d7db6a60f6e9";"";"THE DAY AFTER";"Main";"false";"Jean-Michel Vallet (SACEM) · Claire Michael (SACEM) · Patrick Chartol (SACEM)";"Jean-Michel Vallet · Claire Michael · Patrick Chartol";"update";"suffixe-société-et-identité-structurée";"";"Parigo  (SACEM)";"Jean-Michel Vallet|Composer|SACEM|147167466| · Claire Michael|Composer|SACEM|148965034| · Patrick Chartol|Composer|SACEM|147553168| · PARIGO|Original Publisher|SACEM|461629743|";"pilot-pending"
"PGO0031";"750a3d73a7f4dae6";"The Projectionist";"7b6e33833f491c54";"";"THE DAY AFTER (UNDERSCORE, NO CELLO)";"Main";"false";"Jean-Michel Vallet (SACEM) · Claire Michael (SACEM) · Patrick Chartol (SACEM)";"Jean-Michel Vallet · Claire Michael · Patrick Chartol";"update";"suffixe-société";"";"Parigo  (SACEM)";"";"pilot-pending"
"PGO0031";"750a3d73a7f4dae6";"The Projectionist";"84c146078c9476b9";"";"THE PUPPETEER (GLOCKENSPIEL VERSION)";"Main";"false";"Jean-Michel Vallet (SACEM) · Claire Michael (SACEM) · Patrick Chartol (SACEM)";"Jean-Michel Vallet · Claire Michael · Patrick Chartol";"update";"suffixe-société";"";"Parigo  (SACEM)";"";"pilot-pending"
"PGO0031";"750a3d73a7f4dae6";"The Projectionist";"b6a30ed4d000df33";"";"PARIS JE T'AIME (SOLO ACCORDION)";"Main";"false";"Jean-Michel Vallet (SACEM) · Claire Michael (SACEM) · Patrick Chartol (SACEM)";"Jean-Michel Vallet · Claire Michael · Patrick Chartol";"update";"suffixe-société";"";"Parigo  (SACEM)";"";"pilot-pending"
"PGO0031";"750a3d73a7f4dae6";"The Projectionist";"74b2ecfde9c1f3c7";"";"PARIS JE T'AIME (SOLO PIANO)";"Main";"false";"Jean-Michel Vallet (SACEM) · Claire Michael (SACEM) · Patrick Chartol (SACEM)";"Jean-Michel Vallet · Claire Michael · Patrick Chartol";"update";"suffixe-société";"";"Parigo  (SACEM)";"";"pilot-pending"
"PGO0031";"750a3d73a7f4dae6";"The Projectionist";"7b3bfa2ca1c003b0";"";"ARSENE'S GETAWAY (UNDERSCORE)";"Main";"false";"Jean-Michel Vallet (SACEM) · Claire Michael (SACEM) · Patrick Chartol (SACEM)";"Jean-Michel Vallet · Claire Michael · Patrick Chartol";"update";"suffixe-société";"";"Parigo  (SACEM)";"";"pilot-pending"
"PGO0031";"750a3d73a7f4dae6";"The Projectionist";"b3260f4ec4ce313b";"";"ARSENE'S GETAWAY (UNDERSCORE, NO PIANO)";"Main";"false";"Jean-Michel Vallet (SACEM) · Claire Michael (SACEM) · Patrick Chartol (SACEM)";"Jean-Michel Vallet · Claire Michael · Patrick Chartol";"update";"suffixe-société";"";"Parigo  (SACEM)";"";"pilot-pending"
"PGO0031";"750a3d73a7f4dae6";"The Projectionist";"04c8a3c9fa86a353";"";"ARSENE'S GETAWAY (STRINGS PIZZICATO VERSION)";"Main";"false";"Jean-Michel Vallet (SACEM) · Claire Michael (SACEM) · Patrick Chartol (SACEM)";"Jean-Michel Vallet · Claire Michael · Patrick Chartol";"update";"suffixe-société";"";"Parigo  (SACEM)";"";"pilot-pending"
"PGO0031";"750a3d73a7f4dae6";"The Projectionist";"4c09b22868068c61";"";"ARSENE'S GETAWAY (SOLO PIANO)";"Main";"false";"Jean-Michel Vallet (SACEM) · Claire Michael (SACEM) · Patrick Chartol (SACEM)";"Jean-Michel Vallet · Claire Michael · Patrick Chartol";"update";"suffixe-société";"";"Parigo  (SACEM)";"";"pilot-pending"
"PGO0031";"750a3d73a7f4dae6";"The Projectionist";"1b9f675e0cbc583b";"";"THREE WEDDINGS AND A DOG (UNDERSCORE)";"Main";"false";"Jean-Michel Vallet (SACEM) · Claire Michael (SACEM) · Patrick Chartol (SACEM)";"Jean-Michel Vallet · Claire Michael · Patrick Chartol";"update";"suffixe-société";"";"Parigo  (SACEM)";"";"pilot-pending"
"PGO0031";"750a3d73a7f4dae6";"The Projectionist";"fe97e5421c164e87";"";"THREE WEDDINGS AND A DOG (UNDERSCORE, NO PIANO)";"Main";"false";"Jean-Michel Vallet (SACEM) · Claire Michael (SACEM) · Patrick Chartol (SACEM)";"Jean-Michel Vallet · Claire Michael · Patrick Chartol";"update";"suffixe-société";"";"Parigo  (SACEM)";"";"pilot-pending"
"PGO0031";"750a3d73a7f4dae6";"The Projectionist";"42a491a66ea2ff0d";"";"THREE WEDDINGS AND A DOG (SOLO PIANO)";"Main";"false";"Jean-Michel Vallet (SACEM) · Claire Michael (SACEM) · Patrick Chartol (SACEM)";"Jean-Michel Vallet · Claire Michael · Patrick Chartol";"update";"suffixe-société";"";"Parigo  (SACEM)";"";"pilot-pending"
"PGO0031";"750a3d73a7f4dae6";"The Projectionist";"a7b0552b5e1c67b7";"";"THE CLOCK MASTER (UNDERSCORE)";"Main";"false";"Jean-Michel Vallet (SACEM) · Claire Michael (SACEM) · Patrick Chartol (SACEM)";"Jean-Michel Vallet · Claire Michael · Patrick Chartol";"update";"suffixe-société";"";"Parigo  (SACEM)";"";"pilot-pending"
"PGO0031";"750a3d73a7f4dae6";"The Projectionist";"811f5bd94df95944";"";"THE CLOCK MASTER (PERCUSSION VERSION)";"Main";"false";"Jean-Michel Vallet (SACEM) · Claire Michael (SACEM) · Patrick Chartol (SACEM)";"Jean-Michel Vallet · Claire Michael · Patrick Chartol";"update";"suffixe-société";"";"Parigo  (SACEM)";"";"pilot-pending"
"PGO0031";"750a3d73a7f4dae6";"The Projectionist";"15c8992842d85afe";"";"THE CLOCK MASTER (SOLO PIANO)";"Main";"false";"Jean-Michel Vallet (SACEM) · Claire Michael (SACEM) · Patrick Chartol (SACEM)";"Jean-Michel Vallet · Claire Michael · Patrick Chartol";"update";"suffixe-société";"";"Parigo  (SACEM)";"";"pilot-pending"
"PGO0031";"750a3d73a7f4dae6";"The Projectionist";"a7dab39650ada198";"";"DEJEUNER BY THE LAKE (UNDERSCORE)";"Main";"false";"Jean-Michel Vallet (SACEM) · Claire Michael (SACEM) · Patrick Chartol (SACEM)";"Jean-Michel Vallet · Claire Michael · Patrick Chartol";"update";"suffixe-société";"";"Parigo  (SACEM)";"";"pilot-pending"
"PGO0031";"750a3d73a7f4dae6";"The Projectionist";"2a7dbff538541078";"";"DEJEUNER BY THE LAKE (UNDERSCORE PLAYBACK, NO PIANO)";"Main";"false";"Jean-Michel Vallet (SACEM) · Claire Michael (SACEM) · Patrick Chartol (SACEM)";"Jean-Michel Vallet · Claire Michael · Patrick Chartol";"update";"suffixe-société";"";"Parigo  (SACEM)";"";"pilot-pending"
"PGO0031";"750a3d73a7f4dae6";"The Projectionist";"87c493c0a1d8161d";"";"DEJEUNER BY THE LAKE (STRINGS VERSION)";"Main";"false";"Jean-Michel Vallet (SACEM) · Claire Michael (SACEM) · Patrick Chartol (SACEM)";"Jean-Michel Vallet · Claire Michael · Patrick Chartol";"update";"suffixe-société";"";"Parigo  (SACEM)";"";"pilot-pending"
"PGO0031";"750a3d73a7f4dae6";"The Projectionist";"f465e395097750f4";"";"DEJEUNER BY THE LAKE (DUET FLUTE AND PIANO VERSION)";"Main";"false";"Jean-Michel Vallet (SACEM) · Claire Michael (SACEM) · Patrick Chartol (SACEM)";"Jean-Michel Vallet · Claire Michael · Patrick Chartol";"update";"suffixe-société";"";"Parigo  (SACEM)";"";"pilot-pending"
"PGO0031";"750a3d73a7f4dae6";"The Projectionist";"c3aa0ff483207523";"";"DEJEUNER BY THE LAKE (ACAPPELLA VERSION)";"Main";"false";"Jean-Michel Vallet (SACEM) · Claire Michael (SACEM) · Patrick Chartol (SACEM)";"Jean-Michel Vallet · Claire Michael · Patrick Chartol";"update";"suffixe-société";"";"Parigo  (SACEM)";"";"pilot-pending"
"PGO0031";"750a3d73a7f4dae6";"The Projectionist";"d0170b0111aaca23";"";"DEJEUNER BY THE LAKE (SOLO PIANO)";"Main";"false";"Jean-Michel Vallet (SACEM) · Claire Michael (SACEM) · Patrick Chartol (SACEM)";"Jean-Michel Vallet · Claire Michael · Patrick Chartol";"update";"suffixe-société";"";"Parigo  (SACEM)";"";"pilot-pending"
"PGO0031";"750a3d73a7f4dae6";"The Projectionist";"b691ca394f182aa4";"";"ALICE'S ESCAPADE (UNDERSCORE, NO PIANO)";"Main";"false";"Jean-Michel Vallet (SACEM) · Claire Michael (SACEM) · Patrick Chartol (SACEM)";"Jean-Michel Vallet · Claire Michael · Patrick Chartol";"update";"suffixe-société";"";"Parigo  (SACEM)";"";"pilot-pending"
"PGO0031";"750a3d73a7f4dae6";"The Projectionist";"55a29a9892e9df7b";"";"ALICE'S ESCAPADE (STRINGS PIZZICATO VERSION)";"Main";"false";"Jean-Michel Vallet (SACEM) · Claire Michael (SACEM) · Patrick Chartol (SACEM)";"Jean-Michel Vallet · Claire Michael · Patrick Chartol";"update";"suffixe-société";"";"Parigo  (SACEM)";"";"pilot-pending"
"PGO0031";"750a3d73a7f4dae6";"The Projectionist";"2501990ffd2dd9da";"";"ALICE'S ESCAPADE (STRINGS PIZZICATO PLAYBACK VERSION)";"Main";"false";"Jean-Michel Vallet (SACEM) · Claire Michael (SACEM) · Patrick Chartol (SACEM)";"Jean-Michel Vallet · Claire Michael · Patrick Chartol";"update";"suffixe-société";"";"Parigo  (SACEM)";"";"pilot-pending"
"PGO0031";"750a3d73a7f4dae6";"The Projectionist";"3a016540bb4bd1ef";"";"ALICE'S ESCAPADE (DUET STRINGS PIZZICATO AND TUBA VERSION)";"Main";"false";"Jean-Michel Vallet (SACEM) · Claire Michael (SACEM) · Patrick Chartol (SACEM)";"Jean-Michel Vallet · Claire Michael · Patrick Chartol";"update";"suffixe-société";"";"Parigo  (SACEM)";"";"pilot-pending"
"PGO0031";"750a3d73a7f4dae6";"The Projectionist";"4ad800fb9b5b5dbd";"";"ALICE'S ESCAPADE (TRIO PIANO, FLUTE AND OBOE VERSION)";"Main";"false";"Jean-Michel Vallet (SACEM) · Claire Michael (SACEM) · Patrick Chartol (SACEM)";"Jean-Michel Vallet · Claire Michael · Patrick Chartol";"update";"suffixe-société";"";"Parigo  (SACEM)";"";"pilot-pending"
"PGO0031";"750a3d73a7f4dae6";"The Projectionist";"2804eac9fbba2fd5";"";"ALICE'S ESCAPADE (SOLO PIANO)";"Main";"false";"Jean-Michel Vallet (SACEM) · Claire Michael (SACEM) · Patrick Chartol (SACEM)";"Jean-Michel Vallet · Claire Michael · Patrick Chartol";"update";"suffixe-société";"";"Parigo  (SACEM)";"";"pilot-pending"
"PGO0031";"750a3d73a7f4dae6";"The Projectionist";"93bec5340797964a";"";"THE 13TH DOOR (REVERB VERSION)";"Main";"false";"Jean-Michel Vallet (SACEM) · Claire Michael (SACEM) · Patrick Chartol (SACEM)";"Jean-Michel Vallet · Claire Michael · Patrick Chartol";"update";"suffixe-société";"";"Parigo  (SACEM)";"";"pilot-pending"
"PGO0031";"750a3d73a7f4dae6";"The Projectionist";"42fb2ae10fb730a3";"";"THE 13TH DOOR (UNDERSCORE, NO VOICES)";"Main";"false";"Jean-Michel Vallet (SACEM) · Claire Michael (SACEM) · Patrick Chartol (SACEM)";"Jean-Michel Vallet · Claire Michael · Patrick Chartol";"update";"suffixe-société";"";"Parigo  (SACEM)";"";"pilot-pending"
"PGO0031";"750a3d73a7f4dae6";"The Projectionist";"c663014559df9305";"";"THE PUPPETEER (STRINGS PIZZICATO PLAYBACK VERSION)";"Main";"false";"Jean-Michel Vallet (SACEM) · Claire Michael (SACEM) · Patrick Chartol (SACEM)";"Jean-Michel Vallet · Claire Michael · Patrick Chartol";"update";"suffixe-société";"";"Parigo  (SACEM)";"";"pilot-pending"
"PGO0031";"750a3d73a7f4dae6";"The Projectionist";"42d6faa8e7090a61";"";"THE PUPPETEER (SOLO PIANO)";"Main";"false";"Jean-Michel Vallet (SACEM) · Claire Michael (SACEM) · Patrick Chartol (SACEM)";"Jean-Michel Vallet · Claire Michael · Patrick Chartol";"update";"suffixe-société";"";"Parigo  (SACEM)";"";"pilot-pending"
"PGO0031";"750a3d73a7f4dae6";"The Projectionist";"7d24d2b704ca6b69";"";"THE 13TH DOOR (SOLO PIANO)";"Main";"false";"Jean-Michel Vallet (SACEM) · Claire Michael (SACEM) · Patrick Chartol (SACEM)";"Jean-Michel Vallet · Claire Michael · Patrick Chartol";"update";"suffixe-société";"";"Parigo  (SACEM)";"";"pilot-pending"
"PGO0031";"750a3d73a7f4dae6";"The Projectionist";"ad99eed08c754308";"";"THE 13TH DOOR (SOLO PIANO, REVERB VERSION)";"Main";"false";"Jean-Michel Vallet (SACEM) · Claire Michael (SACEM) · Patrick Chartol (SACEM)";"Jean-Michel Vallet · Claire Michael · Patrick Chartol";"update";"suffixe-société";"";"Parigo  (SACEM)";"";"pilot-pending"
"PGO0031";"750a3d73a7f4dae6";"The Projectionist";"a92ab8ad813f848e";"";"THE 13TH DOOR (SOLO PIANO, FX VERSION)";"Main";"false";"Jean-Michel Vallet (SACEM) · Claire Michael (SACEM) · Patrick Chartol (SACEM)";"Jean-Michel Vallet · Claire Michael · Patrick Chartol";"update";"suffixe-société";"";"Parigo  (SACEM)";"";"pilot-pending"
"PGO0031";"750a3d73a7f4dae6";"The Projectionist";"d94b5f9626a5525d";"";"BILL THE BUFFOON (UNDERSCORE, NO PERCUSSION)";"Main";"false";"Jean-Michel Vallet (SACEM) · Claire Michael (SACEM) · Patrick Chartol (SACEM)";"Jean-Michel Vallet · Claire Michael · Patrick Chartol";"update";"suffixe-société";"";"Parigo  (SACEM)";"";"pilot-pending"
"PGO0031";"750a3d73a7f4dae6";"The Projectionist";"aa32572b8cd3db54";"";"BILL THE BUFFOON (UNDERSCORE, NO PIANO)";"Main";"false";"Jean-Michel Vallet (SACEM) · Claire Michael (SACEM) · Patrick Chartol (SACEM)";"Jean-Michel Vallet · Claire Michael · Patrick Chartol";"update";"suffixe-société";"";"Parigo  (SACEM)";"";"pilot-pending"
"PGO0031";"750a3d73a7f4dae6";"The Projectionist";"0e902b603e145fcd";"";"BILL THE BUFFOON (TRIO PIANO, FLUTE AND BASSOON VERSION)";"Main";"false";"Jean-Michel Vallet (SACEM) · Claire Michael (SACEM) · Patrick Chartol (SACEM)";"Jean-Michel Vallet · Claire Michael · Patrick Chartol";"update";"suffixe-société";"";"Parigo  (SACEM)";"";"pilot-pending"
"PGO0031";"750a3d73a7f4dae6";"The Projectionist";"3bba91e280640af8";"";"BILL THE BUFFOON (SOLO PIANO)";"Main";"false";"Jean-Michel Vallet (SACEM) · Claire Michael (SACEM) · Patrick Chartol (SACEM)";"Jean-Michel Vallet · Claire Michael · Patrick Chartol";"update";"suffixe-société";"";"Parigo  (SACEM)";"";"pilot-pending"
"PGO0031";"750a3d73a7f4dae6";"The Projectionist";"d9c83e5093afb8e6";"";"BILL THE BUFFOON (SOLO HONKY TONK PIANO)";"Main";"false";"Jean-Michel Vallet (SACEM) · Claire Michael (SACEM) · Patrick Chartol (SACEM)";"Jean-Michel Vallet · Claire Michael · Patrick Chartol";"update";"suffixe-société";"";"Parigo  (SACEM)";"";"pilot-pending"
"PGO0031";"750a3d73a7f4dae6";"The Projectionist";"043522eff9a09604";"";"THE SORCERER OF NOTRE DAME (UNDERSCORE, NO PIANO)";"Main";"false";"Jean-Michel Vallet (SACEM) · Claire Michael (SACEM) · Patrick Chartol (SACEM)";"Jean-Michel Vallet · Claire Michael · Patrick Chartol";"update";"suffixe-société";"";"Parigo  (SACEM)";"";"pilot-pending"
"PGO0031";"750a3d73a7f4dae6";"The Projectionist";"9ab58c239ff7df01";"";"THE SORCERER OF NOTRE DAME (UNDERSCORE, NO GLOCKENSPIEL)";"Main";"false";"Jean-Michel Vallet (SACEM) · Claire Michael (SACEM) · Patrick Chartol (SACEM)";"Jean-Michel Vallet · Claire Michael · Patrick Chartol";"update";"suffixe-société";"";"Parigo  (SACEM)";"";"pilot-pending"
"PGO0031";"750a3d73a7f4dae6";"The Projectionist";"d0cabad957dcd839";"";"THE SORCERER OF NOTRE DAME (STRINGS VERSION)";"Main";"false";"Jean-Michel Vallet (SACEM) · Claire Michael (SACEM) · Patrick Chartol (SACEM)";"Jean-Michel Vallet · Claire Michael · Patrick Chartol";"update";"suffixe-société";"";"Parigo  (SACEM)";"";"pilot-pending"
"PGO0031";"750a3d73a7f4dae6";"The Projectionist";"ea57cfba541a1d93";"";"THE SORCERER OF NOTRE DAME (SOLO GLOCKENSPIEL)";"Main";"false";"Jean-Michel Vallet (SACEM) · Claire Michael (SACEM) · Patrick Chartol (SACEM)";"Jean-Michel Vallet · Claire Michael · Patrick Chartol";"update";"suffixe-société";"";"Parigo  (SACEM)";"";"pilot-pending"
"PGO0031";"750a3d73a7f4dae6";"The Projectionist";"e81a58ced53b5211";"";"THE SORCERER OF NOTRE DAME (SOLO PIANO)";"Main";"false";"Jean-Michel Vallet (SACEM) · Claire Michael (SACEM) · Patrick Chartol (SACEM)";"Jean-Michel Vallet · Claire Michael · Patrick Chartol";"update";"suffixe-société";"";"Parigo  (SACEM)";"";"pilot-pending"
"PGO0031";"750a3d73a7f4dae6";"The Projectionist";"d0d145bc836df5c3";"";"EDWARD AT THE TOY FACTORY (UNDERSCORE, NO PIANO)";"Main";"false";"Jean-Michel Vallet (SACEM) · Claire Michael (SACEM) · Patrick Chartol (SACEM)";"Jean-Michel Vallet · Claire Michael · Patrick Chartol";"update";"suffixe-société";"";"Parigo  (SACEM)";"";"pilot-pending"
"PGO0031";"750a3d73a7f4dae6";"The Projectionist";"a7cfd96d8e1fce07";"";"EDWARD AT THE TOY FACTORY (BASSOON VERSION)";"Main";"false";"Jean-Michel Vallet (SACEM) · Claire Michael (SACEM) · Patrick Chartol (SACEM)";"Jean-Michel Vallet · Claire Michael · Patrick Chartol";"update";"suffixe-société";"";"Parigo  (SACEM)";"";"pilot-pending"
"PGO0031";"750a3d73a7f4dae6";"The Projectionist";"a9bd6fe3ad5626f6";"";"EDWARD AT THE TOY FACTORY (STRINGS PIZZICATO VERSION)";"Main";"false";"Jean-Michel Vallet (SACEM) · Claire Michael (SACEM) · Patrick Chartol (SACEM)";"Jean-Michel Vallet · Claire Michael · Patrick Chartol";"update";"suffixe-société";"";"Parigo  (SACEM)";"";"pilot-pending"
"PGO0031";"750a3d73a7f4dae6";"The Projectionist";"3014ad5116e1a3c6";"";"EDWARD AT THE TOY FACTORY (SOLO PIANO)";"Main";"false";"Jean-Michel Vallet (SACEM) · Claire Michael (SACEM) · Patrick Chartol (SACEM)";"Jean-Michel Vallet · Claire Michael · Patrick Chartol";"update";"suffixe-société";"";"Parigo  (SACEM)";"";"pilot-pending"
"PGO0031";"750a3d73a7f4dae6";"The Projectionist";"f6aea579967c722f";"";"UNUSUAL SUSPECT (UNDERSCORE)";"Main";"false";"Jean-Michel Vallet (SACEM) · Claire Michael (SACEM) · Patrick Chartol (SACEM)";"Jean-Michel Vallet · Claire Michael · Patrick Chartol";"update";"suffixe-société";"";"Parigo  (SACEM)";"";"pilot-pending"
"PGO0031";"750a3d73a7f4dae6";"The Projectionist";"f6decb6f2886d265";"";"UNUSUAL SUSPECT (GLOCKENSPIEL VERSION)";"Main";"false";"Jean-Michel Vallet (SACEM) · Claire Michael (SACEM) · Patrick Chartol (SACEM)";"Jean-Michel Vallet · Claire Michael · Patrick Chartol";"update";"suffixe-société";"";"Parigo  (SACEM)";"";"pilot-pending"
"PGO0031";"750a3d73a7f4dae6";"The Projectionist";"3318df1b902942eb";"";"THE DAY AFTER (UNDERSCORE)";"Main";"false";"Jean-Michel Vallet (SACEM) · Claire Michael (SACEM) · Patrick Chartol (SACEM)";"Jean-Michel Vallet · Claire Michael · Patrick Chartol";"update";"suffixe-société";"";"Parigo  (SACEM)";"";"pilot-pending"
"PGO0031";"750a3d73a7f4dae6";"The Projectionist";"192962c864d48ab1";"";"THE DAY AFTER (UNDERSCORE, NO PIANO)";"Main";"false";"Jean-Michel Vallet (SACEM) · Claire Michael (SACEM) · Patrick Chartol (SACEM)";"Jean-Michel Vallet · Claire Michael · Patrick Chartol";"update";"suffixe-société";"";"Parigo  (SACEM)";"";"pilot-pending"
"PGO0031";"750a3d73a7f4dae6";"The Projectionist";"6e303b249eaf2c0b";"";"THE DAY AFTER (SOLO PIANO)";"Main";"false";"Jean-Michel Vallet (SACEM) · Claire Michael (SACEM) · Patrick Chartol (SACEM)";"Jean-Michel Vallet · Claire Michael · Patrick Chartol";"update";"suffixe-société";"";"Parigo  (SACEM)";"";"pilot-pending"
"PGO0031";"750a3d73a7f4dae6";"The Projectionist";"7f25ebf00a585f1c";"";"UNUSUAL SUSPECT (SOLO GLOCKENSPIEL)";"Main";"false";"Jean-Michel Vallet (SACEM) · Claire Michael (SACEM) · Patrick Chartol (SACEM)";"Jean-Michel Vallet · Claire Michael · Patrick Chartol";"update";"suffixe-société";"";"Parigo  (SACEM)";"";"pilot-pending"
"PGO0031";"750a3d73a7f4dae6";"The Projectionist";"ccd6fa99b311d271";"";"UNUSUAL SUSPECT (SOLO PIANO)";"Main";"false";"Jean-Michel Vallet (SACEM) · Claire Michael (SACEM) · Patrick Chartol (SACEM)";"Jean-Michel Vallet · Claire Michael · Patrick Chartol";"update";"suffixe-société";"";"Parigo  (SACEM)";"";"pilot-pending"
"PGO0031";"750a3d73a7f4dae6";"The Projectionist";"cd5cd96996da0a16";"";"THE REVENGE OF THE MONSTER (UNDERSCORE, NO PIANO, NO KETTLED";"Main";"false";"Jean-Michel Vallet (SACEM) · Claire Michael (SACEM) · Patrick Chartol (SACEM)";"Jean-Michel Vallet · Claire Michael · Patrick Chartol";"update";"suffixe-société";"";"Parigo  (SACEM)";"";"pilot-pending"
"PGO0031";"750a3d73a7f4dae6";"The Projectionist";"2be8d3d810b2fb9f";"";"THE REVENGE OF THE MONSTER (SOLO PIANO)";"Main";"false";"Jean-Michel Vallet (SACEM) · Claire Michael (SACEM) · Patrick Chartol (SACEM)";"Jean-Michel Vallet · Claire Michael · Patrick Chartol";"update";"suffixe-société";"";"Parigo  (SACEM)";"";"pilot-pending"
"PGO0031";"750a3d73a7f4dae6";"The Projectionist";"da9ae9700bce2532";"";"THE LITTLE FARM (UNDERSCORE, NO PIANO)";"Main";"false";"Jean-Michel Vallet (SACEM) · Claire Michael (SACEM) · Patrick Chartol (SACEM)";"Jean-Michel Vallet · Claire Michael · Patrick Chartol";"update";"suffixe-société";"";"Parigo  (SACEM)";"";"pilot-pending"
"PGO0031";"750a3d73a7f4dae6";"The Projectionist";"2ef07fdb1653e431";"";"THE LITTLE FARM (SOLO PIANO)";"Main";"false";"Jean-Michel Vallet (SACEM) · Claire Michael (SACEM) · Patrick Chartol (SACEM)";"Jean-Michel Vallet · Claire Michael · Patrick Chartol";"update";"suffixe-société";"";"Parigo  (SACEM)";"";"pilot-pending"
"PGO0031";"750a3d73a7f4dae6";"The Projectionist";"1ccd0e6543e8cb82";"";"PARIS JE T'AIME (STRINGS PIZZICATO VERSION)";"Main";"false";"Jean-Michel Vallet (SACEM) · Claire Michael (SACEM) · Patrick Chartol (SACEM)";"Jean-Michel Vallet · Claire Michael · Patrick Chartol";"update";"suffixe-société";"";"Parigo  (SACEM)";"";"pilot-pending"
"PGO0030";"369b08221a52b4a0";"Afrobeat";"a6c9582fe97bf9fc";"";"MADALA (FEAT. MAMANI KEITA)";"Main";"false";"Samuel HIRSCH (NS) · Florent BERTEAU (NS) · Fabien GIRARD (NS) · Gerald BONNEGRACE (NS) · Michael HAVARD (NS) · Aristide GONCALVES (NS) · Arnold TURPIN (NS) · Camille FLORIOT (NS) · Assitan KEITA (NS)";"Samuel HIRSCH · Florent BERTEAU · Fabien GIRARD · Gerald BONNEGRACE · Michael HAVARD · Aristide GONCALVES · Arnold TURPIN · Camille FLORIOT · Assitan KEITA";"update";"suffixe-société";"";"Parigo  (SACEM)";"";"pilot-pending"
"PGO0030";"369b08221a52b4a0";"Afrobeat";"edfc1b05824ed0b4";"";"MADALA (INSTRUMENTAL)";"Main";"false";"Samuel HIRSCH (NS) · Florent BERTEAU (NS) · Fabien GIRARD (NS) · Gerald BONNEGRACE (NS) · Michael HAVARD (NS) · Aristide GONCALVES (NS) · Arnold TURPIN (NS) · Camille FLORIOT (NS) · Assitan KEITA (NS)";"Samuel HIRSCH · Florent BERTEAU · Fabien GIRARD · Gerald BONNEGRACE · Michael HAVARD · Aristide GONCALVES · Arnold TURPIN · Camille FLORIOT · Assitan KEITA";"update";"suffixe-société-et-identité-structurée";"";"Parigo  (SACEM)";"Aristide GONCALVES|Composer|SACEM|579162318| · Arnold TURPIN|Composer|SACEM|637490427| · Assitan KEITA|Composer|SACEM|152884357| · Camille FLORIOT|Composer|SACEM|637490035| · Fabien GIRARD|Composer|SACEM|637485318| · Florent BERTEAU|Composer|SACEM|840264750| · Gerald BONNEGRACE|Composer|SACEM|472773233| · Michael HAVARD|Composer|SACEM|637490133| · Samuel HIRSCH|Composer|SACEM|591545821| · PARIGO|Original Publisher|SACEM|461629743|";"pilot-pending"
"PGO0030";"369b08221a52b4a0";"Afrobeat";"2264a41547610aba";"";"AMBUSH IN CAIRO";"Main";"false";"Samuel HIRSCH (NS) · Florent BERTEAU (NS) · Fabien GIRARD (NS) · Gerald BONNEGRACE (NS) · Michael HAVARD (NS) · Aristide GONCALVES (NS) · Arnold TURPIN (NS) · Camille FLORIOT (NS)";"Samuel HIRSCH · Florent BERTEAU · Fabien GIRARD · Gerald BONNEGRACE · Michael HAVARD · Aristide GONCALVES · Arnold TURPIN · Camille FLORIOT";"update";"suffixe-société-et-identité-structurée";"";"Parigo  (SACEM)";"Aristide GONCALVES|Composer|SACEM|579162318| · Arnold TURPIN|Composer|SACEM|637490427| · Camille FLORIOT|Composer|SACEM|637490035| · Fabien GIRARD|Composer|SACEM|637485318| · Florent BERTEAU|Composer|SACEM|840264750| · Gerald BONNEGRACE|Composer|SACEM|472773233| · Michael HAVARD|Composer|SACEM|637490133| · Samuel HIRSCH|Composer|SACEM|591545821| · PARIGO|Original Publisher|SACEM|461629743|";"pilot-pending"
"PGO0030";"369b08221a52b4a0";"Afrobeat";"c3c79a9946cf2f4b";"";"LANCINANT (FEAT. MIKE LADD AND NARDOS TESFAW)";"Main";"false";"Samuel HIRSCH (NS) · Florent BERTEAU (NS) · Fabien GIRARD (NS) · Gerald BONNEGRACE (NS) · Michael HAVARD (NS) · Aristide GONCALVES (NS) · Arnold TURPIN (NS) · Camille FLORIOT (NS) · Mike LADD (NS) · Nardos TESFAW (NS)";"Samuel HIRSCH · Florent BERTEAU · Fabien GIRARD · Gerald BONNEGRACE · Michael HAVARD · Aristide GONCALVES · Arnold TURPIN · Camille FLORIOT · Mike LADD · Nardos TESFAW";"update";"suffixe-société";"";"Parigo  (SACEM)";"";"pilot-pending"
"PGO0030";"369b08221a52b4a0";"Afrobeat";"e0e9309227f5ec68";"";"LANCINANT (FEAT. NARDOS TESFAW)";"Main";"false";"Samuel HIRSCH (NS) · Florent BERTEAU (NS) · Fabien GIRARD (NS) · Gerald BONNEGRACE (NS) · Michael HAVARD (NS) · Aristide GONCALVES (NS) · Arnold TURPIN (NS) · Camille FLORIOT (NS) · Nardos TESFAW (NS)";"Samuel HIRSCH · Florent BERTEAU · Fabien GIRARD · Gerald BONNEGRACE · Michael HAVARD · Aristide GONCALVES · Arnold TURPIN · Camille FLORIOT · Nardos TESFAW";"update";"suffixe-société";"";"Parigo  (SACEM)";"";"pilot-pending"
"PGO0030";"369b08221a52b4a0";"Afrobeat";"03880f302ce16a4a";"";"LANCINANT (INSTRUMENTAL)";"Main";"false";"Samuel HIRSCH (NS) · Florent BERTEAU (NS) · Fabien GIRARD (NS) · Gerald BONNEGRACE (NS) · Michael HAVARD (NS) · Aristide GONCALVES (NS) · Arnold TURPIN (NS) · Camille FLORIOT (NS)";"Samuel HIRSCH · Florent BERTEAU · Fabien GIRARD · Gerald BONNEGRACE · Michael HAVARD · Aristide GONCALVES · Arnold TURPIN · Camille FLORIOT";"update";"suffixe-société-et-identité-structurée";"";"Parigo  (SACEM)";"Aristide GONCALVES|Composer|SACEM|579162318| · Arnold TURPIN|Composer|SACEM|637490427| · Camille FLORIOT|Composer|SACEM|637490035| · Fabien GIRARD|Composer|SACEM|637485318| · Florent BERTEAU|Composer|SACEM|840264750| · Michael HAVARD|Composer|SACEM|637490133| · Gerald BONNEGRACE|Composer|SACEM|472773233| · Samuel HIRSCH|Composer|SACEM|591545821| · PARIGO|Original Publisher|SACEM|461629743|";"pilot-pending"
"PGO0030";"369b08221a52b4a0";"Afrobeat";"60390a1ae0e67caf";"";"WONDEMIYE";"Main";"false";"Samuel HIRSCH (NS) · Florent BERTEAU (NS) · Fabien GIRARD (NS) · Gerald BONNEGRACE (NS) · Michael HAVARD (NS) · Aristide GONCALVES (NS) · Arnold TURPIN (NS) · Camille FLORIOT (NS)";"Samuel HIRSCH · Florent BERTEAU · Fabien GIRARD · Gerald BONNEGRACE · Michael HAVARD · Aristide GONCALVES · Arnold TURPIN · Camille FLORIOT";"update";"suffixe-société-et-identité-structurée";"";"Parigo  (SACEM)";"Aristide GONCALVES|Composer|SACEM|579162318| · Arnold TURPIN|Composer|SACEM|637490427| · Camille FLORIOT|Composer|SACEM|637490035| · Fabien GIRARD|Composer|SACEM|637485318| · Florent BERTEAU|Composer|SACEM|840264750| · Michael HAVARD|Composer|SACEM|637490133| · Gerald BONNEGRACE|Composer|SACEM|472773233| · Samuel HIRSCH|Composer|SACEM|591545821| · PARIGO|Original Publisher|SACEM|461629743|";"pilot-pending"
"PGO0030";"369b08221a52b4a0";"Afrobeat";"48dacc20ba776f29";"";"RESISTER (FEAT. ROCE)";"Main";"false";"Samuel HIRSCH (NS) · Florent BERTEAU (NS) · Fabien GIRARD (NS) · Gerald BONNEGRACE (NS) · Michael HAVARD (NS) · Aristide GONCALVES (NS) · Arnold TURPIN (NS) · Camille FLORIOT (NS) · ROCE (NS)";"Samuel HIRSCH · Florent BERTEAU · Fabien GIRARD · Gerald BONNEGRACE · Michael HAVARD · Aristide GONCALVES · Arnold TURPIN · Camille FLORIOT · ROCE";"update";"suffixe-société";"";"Parigo  (SACEM)";"";"pilot-pending"
"PGO0030";"369b08221a52b4a0";"Afrobeat";"b76e9e3a67f6168f";"";"RESISTER (INSTRUMENTAL)";"Main";"false";"Samuel HIRSCH (NS) · Florent BERTEAU (NS) · Fabien GIRARD (NS) · Gerald BONNEGRACE (NS) · Michael HAVARD (NS) · Aristide GONCALVES (NS) · Arnold TURPIN (NS) · Camille FLORIOT (NS) · ROCE (NS)";"Samuel HIRSCH · Florent BERTEAU · Fabien GIRARD · Gerald BONNEGRACE · Michael HAVARD · Aristide GONCALVES · Arnold TURPIN · Camille FLORIOT · ROCE";"update";"suffixe-société-et-identité-structurée";"";"Parigo  (SACEM)";"Arnold TURPIN|Composer|SACEM|637490427| · Aristide GONCALVES|Composer|SACEM|579162318| · Camille FLORIOT|Composer|SACEM|637490035| · Fabien GIRARD|Composer|SACEM|637485318| · Florent BERTEAU|Composer|SACEM|840264750| · Michael HAVARD|Composer|SACEM|637490133| · Gerald BONNEGRACE|Composer|SACEM|472773233| · ROCE|Composer|SACEM|153240112| · Samuel HIRSCH|Composer|SACEM|591545821| · PARIGO|Original Publisher|SACEM|461629743|";"pilot-pending"
"PGO0030";"369b08221a52b4a0";"Afrobeat";"5c07ab4e06066911";"";"NOUVELLE FLEUR";"Main";"false";"Samuel HIRSCH (NS) · Florent BERTEAU (NS) · Fabien GIRARD (NS) · Gerald BONNEGRACE (NS) · Michael HAVARD (NS) · Aristide GONCALVES (NS) · Arnold TURPIN (NS) · Camille FLORIOT (NS)";"Samuel HIRSCH · Florent BERTEAU · Fabien GIRARD · Gerald BONNEGRACE · Michael HAVARD · Aristide GONCALVES · Arnold TURPIN · Camille FLORIOT";"update";"suffixe-société-et-identité-structurée";"";"Parigo  (SACEM)";"Arnold TURPIN|Composer|SACEM|637490427| · Aristide GONCALVES|Composer|SACEM|579162318| · Camille FLORIOT|Composer|SACEM|637490035| · Fabien GIRARD|Composer|SACEM|637485318| · Florent BERTEAU|Composer|SACEM|840264750| · Michael HAVARD|Composer|SACEM|637490133| · Gerald BONNEGRACE|Composer|SACEM|472773233| · Samuel HIRSCH|Composer|SACEM|591545821| · PARIGO|Original Publisher|SACEM|461629743|";"pilot-pending"
"PGO0030";"369b08221a52b4a0";"Afrobeat";"6b7f9c1f5e8629dc";"";"MESTEFEKER (FEAT. BRUCK TESFAYE)";"Main";"false";"Samuel HIRSCH (NS) · Florent BERTEAU (NS) · Fabien GIRARD (NS) · Gerald BONNEGRACE (NS) · Michael HAVARD (NS) · Aristide GONCALVES (NS) · Arnold TURPIN (NS) · Camille FLORIOT (NS) · Bruck TESFAYE (NS)";"Samuel HIRSCH · Florent BERTEAU · Fabien GIRARD · Gerald BONNEGRACE · Michael HAVARD · Aristide GONCALVES · Arnold TURPIN · Camille FLORIOT · Bruck TESFAYE";"update";"suffixe-société";"";"Parigo  (SACEM)";"";"pilot-pending"
"PGO0030";"369b08221a52b4a0";"Afrobeat";"0da0fa5627422a83";"";"MESTEFEKER (INSTRUMENTAL)";"Main";"false";"Samuel HIRSCH (NS) · Florent BERTEAU (NS) · Fabien GIRARD (NS) · Gerald BONNEGRACE (NS) · Michael HAVARD (NS) · Aristide GONCALVES (NS) · Arnold TURPIN (NS) · Camille FLORIOT (NS)";"Samuel HIRSCH · Florent BERTEAU · Fabien GIRARD · Gerald BONNEGRACE · Michael HAVARD · Aristide GONCALVES · Arnold TURPIN · Camille FLORIOT";"update";"suffixe-société-et-identité-structurée";"";"Parigo  (SACEM)";"Aristide GONCALVES|Composer|SACEM|579162318| · Arnold TURPIN|Composer|SACEM|637490427| · Camille FLORIOT|Composer|SACEM|637490035| · Fabien GIRARD|Composer|SACEM|637485318| · Florent BERTEAU|Composer|SACEM|840264750| · Gerald BONNEGRACE|Composer|SACEM|472773233| · Michael HAVARD|Composer|SACEM|637490133| · Samuel HIRSCH|Composer|SACEM|591545821| · PARIGO|Original Publisher|SACEM|461629743|";"pilot-pending"
"PGO0030";"369b08221a52b4a0";"Afrobeat";"497161884cec9b2d";"";"MASARAT";"Main";"false";"Samuel HIRSCH (NS) · Florent BERTEAU (NS) · Fabien GIRARD (NS) · Gerald BONNEGRACE (NS) · Michael HAVARD (NS) · Aristide GONCALVES (NS) · Arnold TURPIN (NS) · Camille FLORIOT (NS)";"Samuel HIRSCH · Florent BERTEAU · Fabien GIRARD · Gerald BONNEGRACE · Michael HAVARD · Aristide GONCALVES · Arnold TURPIN · Camille FLORIOT";"update";"suffixe-société-et-identité-structurée";"";"Parigo  (SACEM)";"Aristide GONCALVES|Composer|SACEM|579162318| · Arnold TURPIN|Composer|SACEM|637490427| · Fabien GIRARD|Composer|SACEM|637485318| · Camille FLORIOT|Composer|SACEM|637490035| · Florent BERTEAU|Composer|SACEM|840264750| · Gerald BONNEGRACE|Composer|SACEM|472773233| · Samuel HIRSCH|Composer|SACEM|591545821| · Michael HAVARD|Composer|SACEM|637490133| · PARIGO|Original Publisher|SACEM|461629743|";"pilot-pending"
"PGO0030";"369b08221a52b4a0";"Afrobeat";"84cba2df77996461";"";"SIDDIST";"Main";"false";"Samuel HIRSCH (NS) · Florent BERTEAU (NS) · Fabien GIRARD (NS) · Gerald BONNEGRACE (NS) · Michael HAVARD (NS) · Aristide GONCALVES (NS)";"Samuel HIRSCH · Florent BERTEAU · Fabien GIRARD · Gerald BONNEGRACE · Michael HAVARD · Aristide GONCALVES";"update";"suffixe-société-et-identité-structurée";"";"Parigo  (SACEM)";"Aristide GONCALVES|Composer|SACEM|579162318| · Florent BERTEAU|Composer|SACEM|840264750| · Fabien GIRARD|Composer|SACEM|637485318| · Gerald BONNEGRACE|Composer|SACEM|472773233| · Michael HAVARD|Composer|SACEM|637490133| · Samuel HIRSCH|Composer|SACEM|591545821| · PARIGO|Original Publisher|SACEM|461629743|";"pilot-pending"
"PGO0030";"369b08221a52b4a0";"Afrobeat";"6e449d10caebc6d6";"";"SIDDIST (UNDERSCORE DRUMS, BASS)";"Main";"false";"Samuel HIRSCH (NS) · Florent BERTEAU (NS) · Fabien GIRARD (NS) · Gerald BONNEGRACE (NS) · Michael HAVARD (NS) · Aristide GONCALVES (NS)";"Samuel HIRSCH · Florent BERTEAU · Fabien GIRARD · Gerald BONNEGRACE · Michael HAVARD · Aristide GONCALVES";"update";"suffixe-société";"";"Parigo  (SACEM)";"";"pilot-pending"
"PGO0030";"369b08221a52b4a0";"Afrobeat";"421dbe3d25331f0b";"";"SIDDIST (UNDERSCORE DRUMS, PERCUSSIONS)";"Main";"false";"Samuel HIRSCH (NS) · Florent BERTEAU (NS) · Fabien GIRARD (NS) · Gerald BONNEGRACE (NS) · Michael HAVARD (NS) · Aristide GONCALVES (NS)";"Samuel HIRSCH · Florent BERTEAU · Fabien GIRARD · Gerald BONNEGRACE · Michael HAVARD · Aristide GONCALVES";"update";"suffixe-société";"";"Parigo  (SACEM)";"";"pilot-pending"
"PGO0030";"369b08221a52b4a0";"Afrobeat";"0bc592729c715851";"";"SIDDIST (SOLO DRUMS)";"Main";"false";"Samuel HIRSCH (NS) · Florent BERTEAU (NS) · Fabien GIRARD (NS) · Gerald BONNEGRACE (NS) · Michael HAVARD (NS) · Aristide GONCALVES (NS)";"Samuel HIRSCH · Florent BERTEAU · Fabien GIRARD · Gerald BONNEGRACE · Michael HAVARD · Aristide GONCALVES";"update";"suffixe-société";"";"Parigo  (SACEM)";"";"pilot-pending"
"PGO0030";"369b08221a52b4a0";"Afrobeat";"9037e4465d6563c5";"";"ZAR";"Main";"false";"Samuel HIRSCH (NS) · Florent BERTEAU (NS) · Fabien GIRARD (NS) · Gerald BONNEGRACE (NS) · Michael HAVARD (NS) · Aristide GONCALVES (NS)";"Samuel HIRSCH · Florent BERTEAU · Fabien GIRARD · Gerald BONNEGRACE · Michael HAVARD · Aristide GONCALVES";"update";"suffixe-société-et-identité-structurée";"";"Parigo  (SACEM)";"Aristide GONCALVES|Composer|SACEM|579162318| · Florent BERTEAU|Composer|SACEM|840264750| · Fabien GIRARD|Composer|SACEM|637485318| · Michael HAVARD|Composer|SACEM|637490133| · Gerald BONNEGRACE|Composer|SACEM|472773233| · Samuel HIRSCH|Composer|SACEM|591545821| · PARIGO|Original Publisher|SACEM|461629743|";"pilot-pending"
"PGO0030";"369b08221a52b4a0";"Afrobeat";"d2468a2443d87ca0";"";"ZAR (VERSION 2)";"Main";"false";"Samuel HIRSCH (NS) · Florent BERTEAU (NS) · Fabien GIRARD (NS) · Gerald BONNEGRACE (NS) · Michael HAVARD (NS) · Aristide GONCALVES (NS)";"Samuel HIRSCH · Florent BERTEAU · Fabien GIRARD · Gerald BONNEGRACE · Michael HAVARD · Aristide GONCALVES";"update";"suffixe-société";"";"Parigo  (SACEM)";"";"pilot-pending"
"PGO0030";"369b08221a52b4a0";"Afrobeat";"a5beebf286bd5188";"";"ZAR (VERSION 3)";"Main";"false";"Samuel HIRSCH (NS) · Florent BERTEAU (NS) · Fabien GIRARD (NS) · Gerald BONNEGRACE (NS) · Michael HAVARD (NS) · Aristide GONCALVES (NS)";"Samuel HIRSCH · Florent BERTEAU · Fabien GIRARD · Gerald BONNEGRACE · Michael HAVARD · Aristide GONCALVES";"update";"suffixe-société";"";"Parigo  (SACEM)";"";"pilot-pending"
"PGO0029";"f59f978fe68158b3";"Go-Go Funk";"ea688fa759877ca6";"";"ROCK IT UP";"Main";"false";"Bruno HOVART (SACEM) · THE REAL FAKE MC (SACEM)";"Bruno HOVART · THE REAL FAKE MC";"update";"suffixe-société-et-identité-structurée";"";"Parigo  (SACEM)";"Bruno HOVART|Composer|SACEM|151381100| · THE REAL FAKE MC|Composer|SACEM|470962046| · PARIGO|Original Publisher|SACEM|461629743|";"pilot-pending"
"PGO0029";"f59f978fe68158b3";"Go-Go Funk";"4070ac60c40c15f7";"";"ROCK IT UP (INSTRUMENTAL VOCAL HOOK)";"Main";"false";"Bruno HOVART (SACEM) · THE REAL FAKE MC (SACEM)";"Bruno HOVART · THE REAL FAKE MC";"update";"suffixe-société";"";"Parigo  (SACEM)";"";"pilot-pending"
"PGO0029";"f59f978fe68158b3";"Go-Go Funk";"e88e94d14600635e";"";"ROCK IT UP (INSTRUMENTAL)";"Main";"false";"Bruno HOVART (SACEM) · THE REAL FAKE MC (SACEM)";"Bruno HOVART · THE REAL FAKE MC";"update";"suffixe-société-et-identité-structurée";"";"Parigo  (SACEM)";"Bruno HOVART|Composer|SACEM|151381100| · THE REAL FAKE MC|Composer|SACEM|470962046| · PARIGO|Original Publisher|SACEM|461629743|";"pilot-pending"
"PGO0029";"f59f978fe68158b3";"Go-Go Funk";"aead18bff7d223cc";"e88e94d14600635e";"ROCK IT UP (INSTRUMENTAL) (30 SEC)";"Commercial";"true";"Bruno HOVART (SACEM) · THE REAL FAKE MC (SACEM)";"Bruno HOVART · THE REAL FAKE MC";"update";"suffixe-société";"";"Parigo  (SACEM)";"";"pilot-pending"
"PGO0029";"f59f978fe68158b3";"Go-Go Funk";"4fbf3efe03f98f77";"e88e94d14600635e";"ROCK IT UP (INSTRUMENTAL) (60 SEC)";"Commercial";"true";"Bruno HOVART (SACEM) · THE REAL FAKE MC (SACEM)";"Bruno HOVART · THE REAL FAKE MC";"update";"suffixe-société";"";"Parigo  (SACEM)";"";"pilot-pending"
"PGO0029";"f59f978fe68158b3";"Go-Go Funk";"ed81479ecfef4717";"";"LIVE AND SURVIVE";"Main";"false";"Bruno HOVART (SACEM) · THE REAL FAKE MC (SACEM)";"Bruno HOVART · THE REAL FAKE MC";"update";"suffixe-société-et-identité-structurée";"";"Parigo  (SACEM)";"Bruno HOVART|Composer|SACEM|151381100| · THE REAL FAKE MC|Composer|SACEM|470962046| · PARIGO|Original Publisher|SACEM|461629743|";"pilot-pending"
"PGO0029";"f59f978fe68158b3";"Go-Go Funk";"fd4c1132a6f3a289";"";"LIVE AND SURVIVE (INSTRUMENTAL)";"Main";"false";"Bruno HOVART (SACEM) · THE REAL FAKE MC (SACEM)";"Bruno HOVART · THE REAL FAKE MC";"update";"suffixe-société";"";"Parigo  (SACEM)";"";"pilot-pending"
"PGO0029";"f59f978fe68158b3";"Go-Go Funk";"660a6213a52dd80c";"";"LIVE AND SURVIVE (INSTRUMENTAL ALTERNATE MIX)";"Main";"false";"Bruno HOVART (SACEM) · THE REAL FAKE MC (SACEM)";"Bruno HOVART · THE REAL FAKE MC";"update";"suffixe-société-et-identité-structurée";"";"Parigo  (SACEM)";"Bruno HOVART|Composer|SACEM|151381100| · THE REAL FAKE MC|Composer|SACEM|470962046| · PARIGO|Original Publisher|SACEM|461629743|";"pilot-pending"
"PGO0029";"f59f978fe68158b3";"Go-Go Funk";"85b6550f3ba49fae";"660a6213a52dd80c";"LIVE AND SURVIVE (INSTRUMENTAL ALTERNATE MIX) (30 SEC)";"Commercial";"true";"Bruno HOVART (SACEM) · THE REAL FAKE MC (SACEM)";"Bruno HOVART · THE REAL FAKE MC";"update";"suffixe-société";"";"Parigo  (SACEM)";"";"pilot-pending"
"PGO0029";"f59f978fe68158b3";"Go-Go Funk";"09f21f66a401b2aa";"660a6213a52dd80c";"LIVE AND SURVIVE (INSTRUMENTAL ALTERNATE MIX) (60 SEC)";"Commercial";"true";"Bruno HOVART (SACEM) · THE REAL FAKE MC (SACEM)";"Bruno HOVART · THE REAL FAKE MC";"update";"suffixe-société";"";"Parigo  (SACEM)";"";"pilot-pending"
"PGO0029";"f59f978fe68158b3";"Go-Go Funk";"c88f9eeb9d28e61c";"";"LIVE AND SURVIVE (EXTENDED MIX)";"Main";"false";"Bruno HOVART (SACEM) · THE REAL FAKE MC (SACEM)";"Bruno HOVART · THE REAL FAKE MC";"update";"suffixe-société";"";"Parigo  (SACEM)";"";"pilot-pending"
"PGO0029";"f59f978fe68158b3";"Go-Go Funk";"67be3b8874f80db4";"";"LIVE AND SURVIVE (INSTRUMENTAL EXTENDED MIX)";"Main";"false";"Bruno HOVART (SACEM) · THE REAL FAKE MC (SACEM)";"Bruno HOVART · THE REAL FAKE MC";"update";"suffixe-société";"";"Parigo  (SACEM)";"";"pilot-pending"
"PGO0029";"f59f978fe68158b3";"Go-Go Funk";"7854a2df8af9601a";"";"LIVE AND SURVIVE (DEAD'N'STUFFED MIX)";"Main";"false";"Bruno HOVART (SACEM) · THE REAL FAKE MC (SACEM)";"Bruno HOVART · THE REAL FAKE MC";"update";"suffixe-société";"";"Parigo  (SACEM)";"";"pilot-pending"
"PGO0029";"f59f978fe68158b3";"Go-Go Funk";"95377216d22d4aa3";"";"LIVE AND SURVIVE (WORM MIX)";"Main";"false";"Bruno HOVART (SACEM) · THE REAL FAKE MC (SACEM)";"Bruno HOVART · THE REAL FAKE MC";"update";"suffixe-société-et-identité-structurée";"";"Parigo  (SACEM)";"Bruno HOVART|Composer|SACEM|151381100| · THE REAL FAKE MC|Composer|SACEM|470962046| · PARIGO|Original Publisher|SACEM|461629743|";"pilot-pending"
"PGO0029";"f59f978fe68158b3";"Go-Go Funk";"1b9cdc64eef15ef9";"";"CHILDREN OF THE BREAKS";"Main";"false";"Bruno HOVART (SACEM) · THE REAL FAKE MC (SACEM)";"Bruno HOVART · THE REAL FAKE MC";"update";"suffixe-société-et-identité-structurée";"";"Parigo  (SACEM)";"Bruno HOVART|Composer|SACEM|151381100| · THE REAL FAKE MC|Composer|SACEM|470962046| · PARIGO|Original Publisher|SACEM|461629743|";"pilot-pending"
"PGO0029";"f59f978fe68158b3";"Go-Go Funk";"aa0d0f63f49a0363";"1b9cdc64eef15ef9";"CHILDREN OF THE BREAKS STEM SAX, VIOLINS, GUITAR STING";"Stem";"true";"Bruno HOVART (SACEM) · THE REAL FAKE MC (SACEM)";"Bruno HOVART · THE REAL FAKE MC";"update";"suffixe-société";"";"Parigo  (SACEM)";"";"pilot-pending"
"PGO0029";"f59f978fe68158b3";"Go-Go Funk";"d0cca66ee3a4fdad";"";"CHILDREN OF THE BREAKS (INSTRUMENTAL)";"Main";"false";"Bruno HOVART (SACEM) · THE REAL FAKE MC (SACEM)";"Bruno HOVART · THE REAL FAKE MC";"update";"suffixe-société-et-identité-structurée";"";"Parigo  (SACEM)";"THE REAL FAKE MC|Composer|SACEM|470962046| · Bruno HOVART|Composer|SACEM|151381100| · PARIGO|Original Publisher|SACEM|461629743|";"pilot-pending"
"PGO0029";"f59f978fe68158b3";"Go-Go Funk";"db91705370f2054f";"d0cca66ee3a4fdad";"CHILDREN OF THE BREAKS (INSTRUMENTAL) (30 SEC)";"Commercial";"true";"Bruno HOVART (SACEM) · THE REAL FAKE MC (SACEM)";"Bruno HOVART · THE REAL FAKE MC";"update";"suffixe-société";"";"Parigo  (SACEM)";"";"pilot-pending"
"PGO0029";"f59f978fe68158b3";"Go-Go Funk";"1d5516738d8bb053";"d0cca66ee3a4fdad";"CHILDREN OF THE BREAKS (INSTRUMENTAL) (60 SEC)";"Commercial";"true";"Bruno HOVART (SACEM) · THE REAL FAKE MC (SACEM)";"Bruno HOVART · THE REAL FAKE MC";"update";"suffixe-société";"";"Parigo  (SACEM)";"";"pilot-pending"
"PGO0029";"f59f978fe68158b3";"Go-Go Funk";"5fb246166ceb01c7";"";"DISCO HOUSE";"Main";"false";"Bruno HOVART (SACEM) · THE REAL FAKE MC (SACEM)";"Bruno HOVART · THE REAL FAKE MC";"update";"suffixe-société-et-identité-structurée";"";"Parigo  (SACEM)";"Bruno HOVART|Composer|SACEM|151381100| · THE REAL FAKE MC|Composer|SACEM|470962046| · PARIGO|Original Publisher|SACEM|461629743|";"pilot-pending"
"PGO0029";"f59f978fe68158b3";"Go-Go Funk";"270ebbf604099178";"";"DISCO HOUSE (INSTRUMENTAL)";"Main";"false";"Bruno HOVART (SACEM) · THE REAL FAKE MC (SACEM)";"Bruno HOVART · THE REAL FAKE MC";"update";"suffixe-société-et-identité-structurée";"";"Parigo  (SACEM)";"THE REAL FAKE MC|Composer|SACEM|470962046| · Bruno HOVART|Composer|SACEM|151381100| · PARIGO|Original Publisher|SACEM|461629743|";"pilot-pending"
"PGO0029";"f59f978fe68158b3";"Go-Go Funk";"1e14acc6eb746eb3";"270ebbf604099178";"DISCO HOUSE (INSTRUMENTAL) (30 SEC)";"Commercial";"true";"Bruno HOVART (SACEM) · THE REAL FAKE MC (SACEM)";"Bruno HOVART · THE REAL FAKE MC";"update";"suffixe-société";"";"Parigo  (SACEM)";"";"pilot-pending"
"PGO0029";"f59f978fe68158b3";"Go-Go Funk";"85f27d94fe76fb8e";"270ebbf604099178";"DISCO HOUSE (INSTRUMENTAL) (60 SEC)";"Commercial";"true";"Bruno HOVART (SACEM) · THE REAL FAKE MC (SACEM)";"Bruno HOVART · THE REAL FAKE MC";"update";"suffixe-société";"";"Parigo  (SACEM)";"";"pilot-pending"
"PGO0029";"f59f978fe68158b3";"Go-Go Funk";"324b720a172820b7";"";"HEY KIDS";"Main";"false";"Bruno HOVART (SACEM) · THE REAL FAKE MC (SACEM)";"Bruno HOVART · THE REAL FAKE MC";"update";"suffixe-société";"";"Parigo  (SACEM)";"";"pilot-pending"
"PGO0029";"f59f978fe68158b3";"Go-Go Funk";"ab27c2a804f4aa93";"";"HEY KIDS (INSTRUMENTAL)";"Main";"false";"Bruno HOVART (SACEM) · THE REAL FAKE MC (SACEM)";"Bruno HOVART · THE REAL FAKE MC";"update";"suffixe-société-et-identité-structurée";"";"Parigo  (SACEM)";"THE REAL FAKE MC|Composer|SACEM|470962046| · Bruno HOVART|Composer|SACEM|151381100| · PARIGO|Original Publisher|SACEM|461629743|";"pilot-pending"
"PGO0029";"f59f978fe68158b3";"Go-Go Funk";"1bb3f9dcb9fc486c";"ab27c2a804f4aa93";"HEY KIDS (INSTRUMENTAL) (30 SEC)";"Commercial";"true";"Bruno HOVART (SACEM) · THE REAL FAKE MC (SACEM)";"Bruno HOVART · THE REAL FAKE MC";"update";"suffixe-société";"";"Parigo  (SACEM)";"";"pilot-pending"
"PGO0029";"f59f978fe68158b3";"Go-Go Funk";"7baa1bb813e8a9d1";"ab27c2a804f4aa93";"HEY KIDS (INSTRUMENTAL) (60 SEC)";"Commercial";"true";"Bruno HOVART (SACEM) · THE REAL FAKE MC (SACEM)";"Bruno HOVART · THE REAL FAKE MC";"update";"suffixe-société";"";"Parigo  (SACEM)";"";"pilot-pending"
"PGO0029";"f59f978fe68158b3";"Go-Go Funk";"0c4c0fa8fb01f647";"";"BYE BYE PLANET EARTH";"Main";"false";"Bruno HOVART (SACEM) · THE REAL FAKE MC (SACEM)";"Bruno HOVART · THE REAL FAKE MC";"update";"suffixe-société-et-identité-structurée";"";"Parigo  (SACEM)";"THE REAL FAKE MC|Composer|SACEM|470962046| · Bruno HOVART|Composer|SACEM|151381100| · PARIGO|Original Publisher|SACEM|461629743|";"pilot-pending"
"PGO0029";"f59f978fe68158b3";"Go-Go Funk";"b5e3ff76adafd5ca";"";"BYE BYE PLANET EARTH (INSTRUMENTAL)";"Main";"false";"Bruno HOVART (SACEM) · THE REAL FAKE MC (SACEM)";"Bruno HOVART · THE REAL FAKE MC";"update";"suffixe-société";"";"Parigo  (SACEM)";"";"pilot-pending"
"PGO0029";"f59f978fe68158b3";"Go-Go Funk";"770da9e52ee6bdb1";"";"BYE BYE PLANET EARTH (INSTRUMENTAL, NO FX)";"Main";"false";"Bruno HOVART (SACEM) · THE REAL FAKE MC (SACEM)";"Bruno HOVART · THE REAL FAKE MC";"update";"suffixe-société-et-identité-structurée";"";"Parigo  (SACEM)";"THE REAL FAKE MC|Composer|SACEM|470962046| · Bruno HOVART|Composer|SACEM|151381100| · PARIGO|Original Publisher|SACEM|461629743|";"pilot-pending"
"PGO0029";"f59f978fe68158b3";"Go-Go Funk";"5fd27c6acc635e79";"770da9e52ee6bdb1";"BYE BYE PLANET EARTH (INSTRUMENTAL, NO FX) (30 SEC)";"Commercial";"true";"Bruno HOVART (SACEM) · THE REAL FAKE MC (SACEM)";"Bruno HOVART · THE REAL FAKE MC";"update";"suffixe-société";"";"Parigo  (SACEM)";"";"pilot-pending"
"PGO0029";"f59f978fe68158b3";"Go-Go Funk";"93d2d1398b1e6851";"770da9e52ee6bdb1";"BYE BYE PLANET EARTH (INSTRUMENTAL, NO FX) (60 SEC)";"Commercial";"true";"Bruno HOVART (SACEM) · THE REAL FAKE MC (SACEM)";"Bruno HOVART · THE REAL FAKE MC";"update";"suffixe-société";"";"Parigo  (SACEM)";"";"pilot-pending"
"PGO0029";"f59f978fe68158b3";"Go-Go Funk";"c2919fa83052f142";"";"HUNT YA SUNSHINE";"Main";"false";"Bruno HOVART (SACEM) · THE REAL FAKE MC (SACEM)";"Bruno HOVART · THE REAL FAKE MC";"update";"suffixe-société-et-identité-structurée";"";"Parigo  (SACEM)";"THE REAL FAKE MC|Composer|SACEM|470962046| · Bruno HOVART|Composer|SACEM|151381100| · PARIGO|Original Publisher|SACEM|461629743|";"pilot-pending"
"PGO0029";"f59f978fe68158b3";"Go-Go Funk";"243fe8823a48cf8f";"c2919fa83052f142";"HUNT YA SUNSHINE STEM PIANO";"Stem";"true";"Bruno HOVART (SACEM) · THE REAL FAKE MC (SACEM)";"Bruno HOVART · THE REAL FAKE MC";"update";"suffixe-société";"";"Parigo  (SACEM)";"";"pilot-pending"
"PGO0029";"f59f978fe68158b3";"Go-Go Funk";"8e0ec82cdb9bc4e4";"";"HUNT YA SUNSHINE (INSTRUMENTAL)";"Main";"false";"Bruno HOVART (SACEM) · THE REAL FAKE MC (SACEM)";"Bruno HOVART · THE REAL FAKE MC";"update";"suffixe-société-et-identité-structurée";"";"Parigo  (SACEM)";"THE REAL FAKE MC|Composer|SACEM|470962046| · Bruno HOVART|Composer|SACEM|151381100| · PARIGO|Original Publisher|SACEM|461629743|";"pilot-pending"
"PGO0029";"f59f978fe68158b3";"Go-Go Funk";"ba9ba3247ddd53d8";"8e0ec82cdb9bc4e4";"HUNT YA SUNSHINE (INSTRUMENTAL) (30 SEC)";"Commercial";"true";"Bruno HOVART (SACEM) · THE REAL FAKE MC (SACEM)";"Bruno HOVART · THE REAL FAKE MC";"update";"suffixe-société";"";"Parigo  (SACEM)";"";"pilot-pending"
"PGO0029";"f59f978fe68158b3";"Go-Go Funk";"122b3d578169d352";"8e0ec82cdb9bc4e4";"HUNT YA SUNSHINE (INSTRUMENTAL) (60 SEC)";"Commercial";"true";"Bruno HOVART (SACEM) · THE REAL FAKE MC (SACEM)";"Bruno HOVART · THE REAL FAKE MC";"update";"suffixe-société";"";"Parigo  (SACEM)";"";"pilot-pending"
"PGO0029";"f59f978fe68158b3";"Go-Go Funk";"bd514275a25b4ae0";"";"HUNT YA SUNSHINE (BREAKBEAT MIX)";"Main";"false";"Bruno HOVART (SACEM) · Leo DUCROUX (NS) · THE REAL FAKE MC (SACEM)";"Bruno HOVART · Leo DUCROUX · THE REAL FAKE MC";"update";"suffixe-société-et-identité-structurée";"";"Parigo  (SACEM)";"THE REAL FAKE MC|Composer|SACEM|470962046| · Leo DUCROUX|Composer|SACEM|661968307| · Bruno HOVART|Composer|SACEM|151381100| · PARIGO|Original Publisher|SACEM|461629743|";"pilot-pending"
"PGO0029";"f59f978fe68158b3";"Go-Go Funk";"603646f5e4b50cb8";"";"HUNT YA SUNSHINE (BREAKBEAT MIX - NO RAP VERSION)";"Main";"false";"Bruno HOVART (SACEM) · Leo DUCROUX (NS) · THE REAL FAKE MC (SACEM)";"Bruno HOVART · Leo DUCROUX · THE REAL FAKE MC";"update";"suffixe-société";"";"Parigo  (SACEM)";"";"pilot-pending"
"PGO0029";"f59f978fe68158b3";"Go-Go Funk";"b5ec9a07efbb52cf";"";"FUTURE FUNK SURVIVORS";"Main";"false";"Bruno HOVART (SACEM) · THE REAL FAKE MC (SACEM)";"Bruno HOVART · THE REAL FAKE MC";"update";"suffixe-société-et-identité-structurée";"";"Parigo  (SACEM)";"THE REAL FAKE MC|Composer|SACEM|470962046| · Bruno HOVART|Composer|SACEM|151381100| · PARIGO|Original Publisher|SACEM|461629743|";"pilot-pending"
"PGO0029";"f59f978fe68158b3";"Go-Go Funk";"eed04054127a453a";"b5ec9a07efbb52cf";"FUTURE FUNK SURVIVORS STEM SYNTH";"Stem";"true";"Bruno HOVART (SACEM) · THE REAL FAKE MC (SACEM)";"Bruno HOVART · THE REAL FAKE MC";"update";"suffixe-société";"";"Parigo  (SACEM)";"";"pilot-pending"
"PGO0029";"f59f978fe68158b3";"Go-Go Funk";"5ad116b37f172d0a";"";"FUTURE FUNK SURVIVORS (INSTRUMENTAL)";"Main";"false";"Bruno HOVART (SACEM) · THE REAL FAKE MC (SACEM)";"Bruno HOVART · THE REAL FAKE MC";"update";"suffixe-société-et-identité-structurée";"";"Parigo  (SACEM)";"THE REAL FAKE MC|Composer|SACEM|470962046| · Bruno HOVART|Composer|SACEM|151381100| · PARIGO|Original Publisher|SACEM|461629743|";"pilot-pending"
"PGO0029";"f59f978fe68158b3";"Go-Go Funk";"40e60006bf0b6db1";"5ad116b37f172d0a";"FUTURE FUNK SURVIVORS (INSTRUMENTAL) (30 SEC)";"Commercial";"true";"Bruno HOVART (SACEM) · THE REAL FAKE MC (SACEM)";"Bruno HOVART · THE REAL FAKE MC";"update";"suffixe-société";"";"Parigo  (SACEM)";"";"pilot-pending"
"PGO0029";"f59f978fe68158b3";"Go-Go Funk";"077cf8af81197947";"5ad116b37f172d0a";"FUTURE FUNK SURVIVORS (INSTRUMENTAL) (60 SEC)";"Commercial";"true";"Bruno HOVART (SACEM) · THE REAL FAKE MC (SACEM)";"Bruno HOVART · THE REAL FAKE MC";"update";"suffixe-société";"";"Parigo  (SACEM)";"";"pilot-pending"
"PGO0029";"f59f978fe68158b3";"Go-Go Funk";"01ff06646a2c6b75";"";"JUST CALL ME REAL FAKE";"Main";"false";"Bruno HOVART (SACEM) · THE REAL FAKE MC (SACEM)";"Bruno HOVART · THE REAL FAKE MC";"update";"suffixe-société-et-identité-structurée";"";"Parigo  (SACEM)";"THE REAL FAKE MC|Composer|SACEM|470962046| · Bruno HOVART|Composer|SACEM|151381100| · PARIGO|Original Publisher|SACEM|461629743|";"pilot-pending"
"PGO0029";"f59f978fe68158b3";"Go-Go Funk";"dfd2f82cdfcf938c";"";"JUST CALL ME REAL FAKE (INSTRUMENTAL VOCODER HOOK)";"Main";"false";"Bruno HOVART (SACEM) · THE REAL FAKE MC (SACEM)";"Bruno HOVART · THE REAL FAKE MC";"update";"suffixe-société";"";"Parigo  (SACEM)";"";"pilot-pending"
"PGO0029";"f59f978fe68158b3";"Go-Go Funk";"35c5840fd28309f5";"";"JUST CALL ME REAL FAKE (INSTRUMENTAL)";"Main";"false";"Bruno HOVART (SACEM) · THE REAL FAKE MC (SACEM)";"Bruno HOVART · THE REAL FAKE MC";"update";"suffixe-société-et-identité-structurée";"";"Parigo  (SACEM)";"THE REAL FAKE MC|Composer|SACEM|470962046| · Bruno HOVART|Composer|SACEM|151381100| · PARIGO|Original Publisher|SACEM|461629743|";"pilot-pending"
"PGO0029";"f59f978fe68158b3";"Go-Go Funk";"77c7c298526cbc11";"35c5840fd28309f5";"JUST CALL ME REAL FAKE (30 SEC)";"Commercial";"true";"Bruno HOVART (SACEM) · THE REAL FAKE MC (SACEM)";"Bruno HOVART · THE REAL FAKE MC";"update";"suffixe-société";"";"Parigo  (SACEM)";"";"pilot-pending"
"PGO0029";"f59f978fe68158b3";"Go-Go Funk";"53fb937f82514c61";"35c5840fd28309f5";"JUST CALL ME REAL FAKE (60 SEC)";"Commercial";"true";"Bruno HOVART (SACEM) · THE REAL FAKE MC (SACEM)";"Bruno HOVART · THE REAL FAKE MC";"update";"suffixe-société";"";"Parigo  (SACEM)";"";"pilot-pending"
"PGO0029";"f59f978fe68158b3";"Go-Go Funk";"64f9436689219d43";"";"FRESHEST BEATS";"Main";"false";"Bruno HOVART (SACEM) · THE REAL FAKE MC (SACEM)";"Bruno HOVART · THE REAL FAKE MC";"update";"suffixe-société-et-identité-structurée";"";"Parigo  (SACEM)";"THE REAL FAKE MC|Composer|SACEM|470962046| · Bruno HOVART|Composer|SACEM|151381100| · PARIGO|Original Publisher|SACEM|461629743|";"pilot-pending"
"PGO0029";"f59f978fe68158b3";"Go-Go Funk";"8fba213e2b5f232c";"";"FRESHEST BEATS (INSTRUMENTAL)";"Main";"false";"Bruno HOVART (SACEM) · THE REAL FAKE MC (SACEM)";"Bruno HOVART · THE REAL FAKE MC";"update";"suffixe-société";"";"Parigo  (SACEM)";"";"pilot-pending"
"PGO0029";"f59f978fe68158b3";"Go-Go Funk";"817858ea0439dd85";"";"FRESHEST BEATS (INSTRUMENTAL UNDERSCORE, NO SCRATCH)";"Main";"false";"Bruno HOVART (SACEM) · THE REAL FAKE MC (SACEM)";"Bruno HOVART · THE REAL FAKE MC";"update";"suffixe-société-et-identité-structurée";"";"Parigo  (SACEM)";"THE REAL FAKE MC|Composer|SACEM|470962046| · Bruno HOVART|Composer|SACEM|151381100| · PARIGO|Original Publisher|SACEM|461629743|";"pilot-pending"
"PGO0029";"f59f978fe68158b3";"Go-Go Funk";"14ada340e261207a";"817858ea0439dd85";"FRESHEST BEATS (INSTRUMENTAL UNDERSCORE, NO SCRATCH) (30 SEC";"Commercial";"true";"Bruno HOVART (SACEM) · THE REAL FAKE MC (SACEM)";"Bruno HOVART · THE REAL FAKE MC";"update";"suffixe-société";"";"Parigo  (SACEM)";"";"pilot-pending"
"PGO0029";"f59f978fe68158b3";"Go-Go Funk";"6e644eb80d83ed16";"817858ea0439dd85";"FRESHEST BEATS (INSTRUMENTAL UNDERSCORE, NO SCRATCH) (60 SEC";"Commercial";"true";"Bruno HOVART (SACEM) · THE REAL FAKE MC (SACEM)";"Bruno HOVART · THE REAL FAKE MC";"update";"suffixe-société";"";"Parigo  (SACEM)";"";"pilot-pending"
"PGO0029";"f59f978fe68158b3";"Go-Go Funk";"8464ef95521d04e7";"";"SPIDER RAT";"Main";"false";"Bruno HOVART (SACEM) · THE REAL FAKE MC (SACEM)";"Bruno HOVART · THE REAL FAKE MC";"update";"suffixe-société-et-identité-structurée";"";"Parigo  (SACEM)";"THE REAL FAKE MC|Composer|SACEM|470962046| · Bruno HOVART|Composer|SACEM|151381100| · PARIGO|Original Publisher|SACEM|461629743|";"pilot-pending"
"PGO0029";"f59f978fe68158b3";"Go-Go Funk";"e03aba50d9b66d3e";"";"SPIDER RAT (INSTRUMENTAL VOCODER HOOK)";"Main";"false";"Bruno HOVART (SACEM) · THE REAL FAKE MC (SACEM)";"Bruno HOVART · THE REAL FAKE MC";"update";"suffixe-société";"";"Parigo  (SACEM)";"";"pilot-pending"
"PGO0029";"f59f978fe68158b3";"Go-Go Funk";"9b617236a682f9a5";"";"SPIDER RAT (INSTRUMENTAL)";"Main";"false";"Bruno HOVART (SACEM) · THE REAL FAKE MC (SACEM)";"Bruno HOVART · THE REAL FAKE MC";"update";"suffixe-société-et-identité-structurée";"";"Parigo  (SACEM)";"THE REAL FAKE MC|Composer|SACEM|470962046| · Bruno HOVART|Composer|SACEM|151381100| · PARIGO|Original Publisher|SACEM|461629743|";"pilot-pending"
"PGO0029";"f59f978fe68158b3";"Go-Go Funk";"ec054783bc5c8cd4";"9b617236a682f9a5";"SPIDER RAT (INSTRUMENTAL) (30 SEC)";"Commercial";"true";"Bruno HOVART (SACEM) · THE REAL FAKE MC (SACEM)";"Bruno HOVART · THE REAL FAKE MC";"update";"suffixe-société";"";"Parigo  (SACEM)";"";"pilot-pending"
"PGO0029";"f59f978fe68158b3";"Go-Go Funk";"e9a1e9e250c9d5d3";"9b617236a682f9a5";"SPIDER RAT (INSTRUMENTAL) (60 SEC)";"Commercial";"true";"Bruno HOVART (SACEM) · THE REAL FAKE MC (SACEM)";"Bruno HOVART · THE REAL FAKE MC";"update";"suffixe-société";"";"Parigo  (SACEM)";"";"pilot-pending"
"PGO0029";"f59f978fe68158b3";"Go-Go Funk";"7785362d364133e2";"";"FREEZIN";"Main";"false";"Bruno HOVART (SACEM) · THE REAL FAKE MC (SACEM)";"Bruno HOVART · THE REAL FAKE MC";"update";"suffixe-société-et-identité-structurée";"";"Parigo  (SACEM)";"THE REAL FAKE MC|Composer|SACEM|470962046| · Bruno HOVART|Composer|SACEM|151381100| · PARIGO|Original Publisher|SACEM|461629743|";"pilot-pending"
"PGO0029";"f59f978fe68158b3";"Go-Go Funk";"11e9fa58b6b9d348";"";"FREEZIN (VOCODER ONLY)";"Main";"false";"Bruno HOVART (SACEM) · THE REAL FAKE MC (SACEM)";"Bruno HOVART · THE REAL FAKE MC";"update";"suffixe-société";"";"Parigo  (SACEM)";"";"pilot-pending"
"PGO0029";"f59f978fe68158b3";"Go-Go Funk";"1965ab51c8049ddc";"";"FREEZIN (INSTRUMENTAL)";"Main";"false";"Bruno HOVART (SACEM) · THE REAL FAKE MC (SACEM)";"Bruno HOVART · THE REAL FAKE MC";"update";"suffixe-société-et-identité-structurée";"";"Parigo  (SACEM)";"THE REAL FAKE MC|Composer|SACEM|470962046| · Bruno HOVART|Composer|SACEM|151381100| · PARIGO|Original Publisher|SACEM|461629743|";"pilot-pending"
"PGO0029";"f59f978fe68158b3";"Go-Go Funk";"80f82748e9c66661";"1965ab51c8049ddc";"FREEZIN (INSTRUMENTAL) (30 SEC)";"Commercial";"true";"Bruno HOVART (SACEM) · THE REAL FAKE MC (SACEM)";"Bruno HOVART · THE REAL FAKE MC";"update";"suffixe-société";"";"Parigo  (SACEM)";"";"pilot-pending"
"PGO0029";"f59f978fe68158b3";"Go-Go Funk";"55c0ed09563f50f0";"1965ab51c8049ddc";"FREEZIN (INSTRUMENTAL) (60 SEC)";"Commercial";"true";"Bruno HOVART (SACEM) · THE REAL FAKE MC (SACEM)";"Bruno HOVART · THE REAL FAKE MC";"update";"suffixe-société";"";"Parigo  (SACEM)";"";"pilot-pending"
"PGO0029";"f59f978fe68158b3";"Go-Go Funk";"19bc554865ffb97f";"";"BREAK YOUR PIPE THROW IT HIGH";"Main";"false";"Bruno HOVART (SACEM) · THE REAL FAKE MC (SACEM)";"Bruno HOVART · THE REAL FAKE MC";"update";"suffixe-société-et-identité-structurée";"";"Parigo  (SACEM)";"THE REAL FAKE MC|Composer|SACEM|470962046| · Bruno HOVART|Composer|SACEM|151381100| · PARIGO|Original Publisher|SACEM|461629743|";"pilot-pending"
"PGO0029";"f59f978fe68158b3";"Go-Go Funk";"a02ede22509f3b33";"19bc554865ffb97f";"BREAK YOUR PIPE THROW IT HIGH STEM LEAD VOCALS";"Stem";"true";"Bruno HOVART (SACEM) · THE REAL FAKE MC (SACEM)";"Bruno HOVART · THE REAL FAKE MC";"update";"suffixe-société";"";"Parigo  (SACEM)";"";"pilot-pending"
"PGO0029";"f59f978fe68158b3";"Go-Go Funk";"206ada3856ab30f4";"";"BREAK YOUR PIPE THROW IT HIGH (INSTRUMENTAL)";"Main";"false";"Bruno HOVART (SACEM) · THE REAL FAKE MC (SACEM)";"Bruno HOVART · THE REAL FAKE MC";"update";"suffixe-société-et-identité-structurée";"";"Parigo  (SACEM)";"THE REAL FAKE MC|Composer|SACEM|470962046| · Bruno HOVART|Composer|SACEM|151381100| · PARIGO|Original Publisher|SACEM|461629743|";"pilot-pending"
"PGO0029";"f59f978fe68158b3";"Go-Go Funk";"e7bcb6635ac63706";"206ada3856ab30f4";"BREAK YOUR PIPE THROW IT HIGH (INSTRUMENTAL) (30 SEC)";"Commercial";"true";"Bruno HOVART (SACEM) · THE REAL FAKE MC (SACEM)";"Bruno HOVART · THE REAL FAKE MC";"update";"suffixe-société";"";"Parigo  (SACEM)";"";"pilot-pending"
"PGO0029";"f59f978fe68158b3";"Go-Go Funk";"8d5e030ec5080cda";"206ada3856ab30f4";"BREAK YOUR PIPE THROW IT HIGH (INSTRUMENTAL) (60 SEC)";"Commercial";"true";"Bruno HOVART (SACEM) · THE REAL FAKE MC (SACEM)";"Bruno HOVART · THE REAL FAKE MC";"update";"suffixe-société";"";"Parigo  (SACEM)";"";"pilot-pending"
"PGO0029";"f59f978fe68158b3";"Go-Go Funk";"8f9c177bc880d9fa";"";"BOOKS IN THE SUBWAY";"Main";"false";"Bruno HOVART (SACEM) · THE REAL FAKE MC (SACEM)";"Bruno HOVART · THE REAL FAKE MC";"update";"suffixe-société-et-identité-structurée";"";"Parigo  (SACEM)";"THE REAL FAKE MC|Composer|SACEM|470962046| · Bruno HOVART|Composer|SACEM|151381100| · PARIGO|Original Publisher|SACEM|461629743|";"pilot-pending"
"PGO0029";"f59f978fe68158b3";"Go-Go Funk";"00124270ceedec07";"";"BOOKS IN THE SUBWAY (INSTRUMENTAL)";"Main";"false";"Bruno HOVART (SACEM) · THE REAL FAKE MC (SACEM)";"Bruno HOVART · THE REAL FAKE MC";"update";"suffixe-société";"";"Parigo  (SACEM)";"";"pilot-pending"
"PGO0029";"f59f978fe68158b3";"Go-Go Funk";"acc838cde4d73fe7";"";"BOOKS IN THE SUBWAY (INSTRUMENTAL UNDERSCORE, NO FX, NO SCRA";"Main";"false";"Bruno HOVART (SACEM) · THE REAL FAKE MC (SACEM)";"Bruno HOVART · THE REAL FAKE MC";"update";"suffixe-société-et-identité-structurée";"";"Parigo  (SACEM)";"THE REAL FAKE MC|Composer|SACEM|470962046| · Bruno HOVART|Composer|SACEM|151381100| · PARIGO|Original Publisher|SACEM|461629743|";"pilot-pending"
"PGO0029";"f59f978fe68158b3";"Go-Go Funk";"ee7923e6f7df1d6e";"acc838cde4d73fe7";"BOOKS IN THE SUBWAY (INSTRUMENTAL UNDERSCORE, NO FX, NO SCRA";"Commercial";"true";"Bruno HOVART (SACEM) · THE REAL FAKE MC (SACEM)";"Bruno HOVART · THE REAL FAKE MC";"update";"suffixe-société";"";"Parigo  (SACEM)";"";"pilot-pending"
"PGO0029";"f59f978fe68158b3";"Go-Go Funk";"18b907227580108e";"acc838cde4d73fe7";"BOOKS IN THE SUBWAY (INSTRUMENTAL UNDERSCORE, NO FX, NO SCRA";"Commercial";"true";"Bruno HOVART (SACEM) · THE REAL FAKE MC (SACEM)";"Bruno HOVART · THE REAL FAKE MC";"update";"suffixe-société";"";"Parigo  (SACEM)";"";"pilot-pending"
"PGO0029";"f59f978fe68158b3";"Go-Go Funk";"12e1e757e51b39d4";"";"YOU WILL SEE";"Main";"false";"Bruno HOVART (SACEM) · THE REAL FAKE MC (SACEM)";"Bruno HOVART · THE REAL FAKE MC";"update";"suffixe-société-et-identité-structurée";"";"Parigo  (SACEM)";"THE REAL FAKE MC|Composer|SACEM|470962046| · Bruno HOVART|Composer|SACEM|151381100| · PARIGO|Original Publisher|SACEM|461629743|";"pilot-pending"
"PGO0029";"f59f978fe68158b3";"Go-Go Funk";"06a828f364d6480c";"";"YOU WILL SEE (INSTRUMENTAL)";"Main";"false";"Bruno HOVART (SACEM) · THE REAL FAKE MC (SACEM)";"Bruno HOVART · THE REAL FAKE MC";"update";"suffixe-société-et-identité-structurée";"";"Parigo  (SACEM)";"THE REAL FAKE MC|Composer|SACEM|470962046| · Bruno HOVART|Composer|SACEM|151381100| · PARIGO|Original Publisher|SACEM|461629743|";"pilot-pending"
"PGO0029";"f59f978fe68158b3";"Go-Go Funk";"cdac106320ea1203";"06a828f364d6480c";"YOU WILL SEE (INSTRUMENTAL) (30 SEC)";"Commercial";"true";"Bruno HOVART (SACEM) · THE REAL FAKE MC (SACEM)";"Bruno HOVART · THE REAL FAKE MC";"update";"suffixe-société";"";"Parigo  (SACEM)";"";"pilot-pending"
"PGO0029";"f59f978fe68158b3";"Go-Go Funk";"d26d94913ac883f6";"06a828f364d6480c";"YOU WILL SEE (INSTRUMENTAL) (60 SEC)";"Commercial";"true";"Bruno HOVART (SACEM) · THE REAL FAKE MC (SACEM)";"Bruno HOVART · THE REAL FAKE MC";"update";"suffixe-société";"";"Parigo  (SACEM)";"";"pilot-pending"
"PGO0029";"f59f978fe68158b3";"Go-Go Funk";"9ba88b7bba330627";"";"PARIS PARIS";"Main";"false";"Bruno HOVART (SACEM) · THE REAL FAKE MC (SACEM)";"Bruno HOVART · THE REAL FAKE MC";"update";"suffixe-société-et-identité-structurée";"";"Parigo  (SACEM)";"THE REAL FAKE MC|Composer|SACEM|470962046| · Bruno HOVART|Composer|SACEM|151381100| · PARIGO|Original Publisher|SACEM|461629743|";"pilot-pending"
"PGO0029";"f59f978fe68158b3";"Go-Go Funk";"e64659628e812fb6";"";"PARIS PARIS (INSTRUMENTAL VOCODER)";"MAIN";"false";"Bruno HOVART (SACEM) · THE REAL FAKE MC (SACEM)";"Bruno HOVART · THE REAL FAKE MC";"update";"suffixe-société";"";"Parigo  (SACEM)";"";"pilot-pending"
"PGO0029";"f59f978fe68158b3";"Go-Go Funk";"2abc28121a7a73c7";"";"PARIS PARIS (INSTRUMENTAL)";"Main";"false";"Bruno HOVART (SACEM) · THE REAL FAKE MC (SACEM)";"Bruno HOVART · THE REAL FAKE MC";"update";"suffixe-société";"";"Parigo  (SACEM)";"";"pilot-pending"
"PGO0029";"f59f978fe68158b3";"Go-Go Funk";"2c2d051dc3d8e68e";"";"PARIS PARIS (INSTRUMENTAL) (30 SEC)";"Commercials";"false";"Bruno HOVART (SACEM) · THE REAL FAKE MC (SACEM)";"Bruno HOVART · THE REAL FAKE MC";"update";"suffixe-société";"";"Parigo  (SACEM)";"";"pilot-pending"
"PGO0029";"f59f978fe68158b3";"Go-Go Funk";"8f76d1143ca427f7";"";"PARIS PARIS (INSTRUMENTAL) (60 SEC)";"Commercial";"false";"Bruno HOVART (SACEM) · THE REAL FAKE MC (SACEM)";"Bruno HOVART · THE REAL FAKE MC";"update";"suffixe-société";"";"Parigo  (SACEM)";"";"pilot-pending"
"PGO0029";"f59f978fe68158b3";"Go-Go Funk";"18cac71e8785d997";"ea688fa759877ca6";"ROCK IT UP STEM BACK VOCALS";"Stem";"true";"Bruno HOVART (SACEM) · THE REAL FAKE MC (SACEM)";"Bruno HOVART · THE REAL FAKE MC";"update";"suffixe-société";"";"Parigo  (SACEM)";"";"pilot-pending"
"PGO0029";"f59f978fe68158b3";"Go-Go Funk";"c204182e97afc229";"ea688fa759877ca6";"ROCK IT UP STEM BASS";"Stem";"true";"Bruno HOVART (SACEM) · THE REAL FAKE MC (SACEM)";"Bruno HOVART · THE REAL FAKE MC";"update";"suffixe-société";"";"Parigo  (SACEM)";"";"pilot-pending"
"PGO0029";"f59f978fe68158b3";"Go-Go Funk";"743e0950dd15809c";"ea688fa759877ca6";"ROCK IT UP STEM DRUMS";"Stem";"true";"Bruno HOVART (SACEM) · THE REAL FAKE MC (SACEM)";"Bruno HOVART · THE REAL FAKE MC";"update";"suffixe-société";"";"Parigo  (SACEM)";"";"pilot-pending"
"PGO0029";"f59f978fe68158b3";"Go-Go Funk";"9fcddd41041f8ea6";"ea688fa759877ca6";"ROCK IT UP STEM GUITAR";"Stem";"true";"Bruno HOVART (SACEM) · THE REAL FAKE MC (SACEM)";"Bruno HOVART · THE REAL FAKE MC";"update";"suffixe-société";"";"Parigo  (SACEM)";"";"pilot-pending"
"PGO0029";"f59f978fe68158b3";"Go-Go Funk";"5b5f662eee00aacf";"ea688fa759877ca6";"ROCK IT UP STEM KEYS";"Stem";"true";"Bruno HOVART (SACEM) · THE REAL FAKE MC (SACEM)";"Bruno HOVART · THE REAL FAKE MC";"update";"suffixe-société";"";"Parigo  (SACEM)";"";"pilot-pending"
"PGO0029";"f59f978fe68158b3";"Go-Go Funk";"f86505312cc8a581";"ea688fa759877ca6";"ROCK IT UP STEM LEAD SYNTH";"Stem";"true";"Bruno HOVART (SACEM) · THE REAL FAKE MC (SACEM)";"Bruno HOVART · THE REAL FAKE MC";"update";"suffixe-société";"";"Parigo  (SACEM)";"";"pilot-pending"
"PGO0029";"f59f978fe68158b3";"Go-Go Funk";"02a427e363dbe4d8";"ea688fa759877ca6";"ROCK IT UP STEM PERCUSSIONS FX";"Stem";"true";"Bruno HOVART (SACEM) · THE REAL FAKE MC (SACEM)";"Bruno HOVART · THE REAL FAKE MC";"update";"suffixe-société";"";"Parigo  (SACEM)";"";"pilot-pending"
"PGO0029";"f59f978fe68158b3";"Go-Go Funk";"b5d0a97cf81c6e44";"ea688fa759877ca6";"ROCK IT UP STEM VOCALS";"Stem";"true";"Bruno HOVART (SACEM) · THE REAL FAKE MC (SACEM)";"Bruno HOVART · THE REAL FAKE MC";"update";"suffixe-société";"";"Parigo  (SACEM)";"";"pilot-pending"
"PGO0029";"f59f978fe68158b3";"Go-Go Funk";"110be16dc9043a2d";"95377216d22d4aa3";"LIVE AND SURVIVE (WORM MIX) STEM DRUMS";"Stem";"true";"Bruno HOVART (SACEM) · THE REAL FAKE MC (SACEM)";"Bruno HOVART · THE REAL FAKE MC";"update";"suffixe-société";"";"Parigo  (SACEM)";"";"pilot-pending"
"PGO0029";"f59f978fe68158b3";"Go-Go Funk";"ecb49e89d9d48743";"95377216d22d4aa3";"LIVE AND SURVIVE (WORM MIX) STEM GUITAR";"Stem";"true";"Bruno HOVART (SACEM) · THE REAL FAKE MC (SACEM)";"Bruno HOVART · THE REAL FAKE MC";"update";"suffixe-société";"";"Parigo  (SACEM)";"";"pilot-pending"
"PGO0029";"f59f978fe68158b3";"Go-Go Funk";"e09bcec8afdb310e";"95377216d22d4aa3";"LIVE AND SURVIVE (WORM MIX) STEM LEAD VOCALS";"Stem";"true";"Bruno HOVART (SACEM) · THE REAL FAKE MC (SACEM)";"Bruno HOVART · THE REAL FAKE MC";"update";"suffixe-société";"";"Parigo  (SACEM)";"";"pilot-pending"
"PGO0029";"f59f978fe68158b3";"Go-Go Funk";"70f66c8c1d8f0c9f";"95377216d22d4aa3";"LIVE AND SURVIVE (WORM MIX) STEM SYNTH";"Stem";"true";"Bruno HOVART (SACEM) · THE REAL FAKE MC (SACEM)";"Bruno HOVART · THE REAL FAKE MC";"update";"suffixe-société";"";"Parigo  (SACEM)";"";"pilot-pending"
"PGO0029";"f59f978fe68158b3";"Go-Go Funk";"7ca987aea3eeed27";"95377216d22d4aa3";"LIVE AND SURVIVE (WORM MIX) STEM SYNTH BASS";"Stem";"true";"Bruno HOVART (SACEM) · THE REAL FAKE MC (SACEM)";"Bruno HOVART · THE REAL FAKE MC";"update";"suffixe-société";"";"Parigo  (SACEM)";"";"pilot-pending"
"PGO0029";"f59f978fe68158b3";"Go-Go Funk";"8319613d1de0599f";"95377216d22d4aa3";"LIVE AND SURVIVE (WORM MIX) STEM SYNTH LEAD";"Stem";"true";"Bruno HOVART (SACEM) · THE REAL FAKE MC (SACEM)";"Bruno HOVART · THE REAL FAKE MC";"update";"suffixe-société";"";"Parigo  (SACEM)";"";"pilot-pending"
"PGO0029";"f59f978fe68158b3";"Go-Go Funk";"8ec95b43f32cd5ba";"95377216d22d4aa3";"LIVE AND SURVIVE (WORM MIX) STEM SYNTHS";"Stem";"true";"Bruno HOVART (SACEM) · THE REAL FAKE MC (SACEM)";"Bruno HOVART · THE REAL FAKE MC";"update";"suffixe-société";"";"Parigo  (SACEM)";"";"pilot-pending"
"PGO0029";"f59f978fe68158b3";"Go-Go Funk";"15a8af66ba048da4";"1b9cdc64eef15ef9";"CHILDREN OF THE BREAKS STEM BACK VOCALS";"Stem";"true";"Bruno HOVART (SACEM) · THE REAL FAKE MC (SACEM)";"Bruno HOVART · THE REAL FAKE MC";"update";"suffixe-société";"";"Parigo  (SACEM)";"";"pilot-pending"
"PGO0029";"f59f978fe68158b3";"Go-Go Funk";"c9ba1e5d1c0151d8";"1b9cdc64eef15ef9";"CHILDREN OF THE BREAKS STEM BASS";"Stem";"true";"Bruno HOVART (SACEM) · THE REAL FAKE MC (SACEM)";"Bruno HOVART · THE REAL FAKE MC";"update";"suffixe-société";"";"Parigo  (SACEM)";"";"pilot-pending"
"PGO0029";"f59f978fe68158b3";"Go-Go Funk";"ce1805c1077806c8";"1b9cdc64eef15ef9";"CHILDREN OF THE BREAKS STEM DRUMS";"Stem";"true";"Bruno HOVART (SACEM) · THE REAL FAKE MC (SACEM)";"Bruno HOVART · THE REAL FAKE MC";"update";"suffixe-société";"";"Parigo  (SACEM)";"";"pilot-pending"
"PGO0029";"f59f978fe68158b3";"Go-Go Funk";"5e27e97e6b45b47e";"1b9cdc64eef15ef9";"CHILDREN OF THE BREAKS STEM GUITARS";"Stem";"true";"Bruno HOVART (SACEM) · THE REAL FAKE MC (SACEM)";"Bruno HOVART · THE REAL FAKE MC";"update";"suffixe-société";"";"Parigo  (SACEM)";"";"pilot-pending"
"PGO0029";"f59f978fe68158b3";"Go-Go Funk";"bc73f0d68f1469f5";"1b9cdc64eef15ef9";"CHILDREN OF THE BREAKS STEM HOHNER D6";"Stem";"true";"Bruno HOVART (SACEM) · THE REAL FAKE MC (SACEM)";"Bruno HOVART · THE REAL FAKE MC";"update";"suffixe-société";"";"Parigo  (SACEM)";"";"pilot-pending"
"PGO0029";"f59f978fe68158b3";"Go-Go Funk";"27999b2e8e888f0f";"1b9cdc64eef15ef9";"CHILDREN OF THE BREAKS STEM LEAD VOCALS";"Stem";"true";"Bruno HOVART (SACEM) · THE REAL FAKE MC (SACEM)";"Bruno HOVART · THE REAL FAKE MC";"update";"suffixe-société";"";"Parigo  (SACEM)";"";"pilot-pending"
"PGO0029";"f59f978fe68158b3";"Go-Go Funk";"a7452a9847a49918";"1b9cdc64eef15ef9";"CHILDREN OF THE BREAKS STEM PERCUSSIONS";"Stem";"true";"Bruno HOVART (SACEM) · THE REAL FAKE MC (SACEM)";"Bruno HOVART · THE REAL FAKE MC";"update";"suffixe-société";"";"Parigo  (SACEM)";"";"pilot-pending"
"PGO0029";"f59f978fe68158b3";"Go-Go Funk";"1b2aa8a79d78c346";"1b9cdc64eef15ef9";"CHILDREN OF THE BREAKS STEM RHODES";"Stem";"true";"Bruno HOVART (SACEM) · THE REAL FAKE MC (SACEM)";"Bruno HOVART · THE REAL FAKE MC";"update";"suffixe-société";"";"Parigo  (SACEM)";"";"pilot-pending"
"PGO0029";"f59f978fe68158b3";"Go-Go Funk";"bf788c40733d35df";"1b9cdc64eef15ef9";"CHILDREN OF THE BREAKS STEM SCRATCHES";"Stem";"true";"Bruno HOVART (SACEM) · THE REAL FAKE MC (SACEM)";"Bruno HOVART · THE REAL FAKE MC";"update";"suffixe-société";"";"Parigo  (SACEM)";"";"pilot-pending"
"PGO0029";"f59f978fe68158b3";"Go-Go Funk";"696559136f45707b";"1b9cdc64eef15ef9";"CHILDREN OF THE BREAKS STEM THEME SECTION";"Stem";"true";"Bruno HOVART (SACEM) · THE REAL FAKE MC (SACEM)";"Bruno HOVART · THE REAL FAKE MC";"update";"suffixe-société";"";"Parigo  (SACEM)";"";"pilot-pending"
"PGO0029";"f59f978fe68158b3";"Go-Go Funk";"b2d1a1bfae2446e7";"5fb246166ceb01c7";"DISCO HOUSE STEM BACK VOCALS";"Stem";"true";"Bruno HOVART (SACEM) · THE REAL FAKE MC (SACEM)";"Bruno HOVART · THE REAL FAKE MC";"update";"suffixe-société";"";"Parigo  (SACEM)";"";"pilot-pending"
"PGO0029";"f59f978fe68158b3";"Go-Go Funk";"63775f548d0e015a";"5fb246166ceb01c7";"DISCO HOUSE STEM DRUMS";"Stem";"true";"Bruno HOVART (SACEM) · THE REAL FAKE MC (SACEM)";"Bruno HOVART · THE REAL FAKE MC";"update";"suffixe-société";"";"Parigo  (SACEM)";"";"pilot-pending"
"PGO0029";"f59f978fe68158b3";"Go-Go Funk";"fdc005857bc7a97b";"5fb246166ceb01c7";"DISCO HOUSE STEM FX STING";"Stem";"true";"Bruno HOVART (SACEM) · THE REAL FAKE MC (SACEM)";"Bruno HOVART · THE REAL FAKE MC";"update";"suffixe-société";"";"Parigo  (SACEM)";"";"pilot-pending"
"PGO0029";"f59f978fe68158b3";"Go-Go Funk";"59411544a84f3e45";"5fb246166ceb01c7";"DISCO HOUSE STEM KEYS";"Stem";"true";"Bruno HOVART (SACEM) · THE REAL FAKE MC (SACEM)";"Bruno HOVART · THE REAL FAKE MC";"update";"suffixe-société";"";"Parigo  (SACEM)";"";"pilot-pending"
"PGO0029";"f59f978fe68158b3";"Go-Go Funk";"fb6e769c084d643e";"5fb246166ceb01c7";"DISCO HOUSE STEM LEAD VOCALS";"Stem";"true";"Bruno HOVART (SACEM) · THE REAL FAKE MC (SACEM)";"Bruno HOVART · THE REAL FAKE MC";"update";"suffixe-société";"";"Parigo  (SACEM)";"";"pilot-pending"
"PGO0029";"f59f978fe68158b3";"Go-Go Funk";"1dcbaf2fc84fdafe";"5fb246166ceb01c7";"DISCO HOUSE STEM PIOU PIOU";"Stem";"true";"Bruno HOVART (SACEM) · THE REAL FAKE MC (SACEM)";"Bruno HOVART · THE REAL FAKE MC";"update";"suffixe-société";"";"Parigo  (SACEM)";"";"pilot-pending"
"PGO0029";"f59f978fe68158b3";"Go-Go Funk";"1234491aba7a36d8";"5fb246166ceb01c7";"DISCO HOUSE STEM SNAPS";"Stem";"true";"Bruno HOVART (SACEM) · THE REAL FAKE MC (SACEM)";"Bruno HOVART · THE REAL FAKE MC";"update";"suffixe-société";"";"Parigo  (SACEM)";"";"pilot-pending"
"PGO0029";"f59f978fe68158b3";"Go-Go Funk";"f6e8508d8ae4a2a3";"0c4c0fa8fb01f647";"BYE BYE PLANET EARTH STEM BACK VOCALS";"Stem";"true";"Bruno HOVART (SACEM) · THE REAL FAKE MC (SACEM)";"Bruno HOVART · THE REAL FAKE MC";"update";"suffixe-société";"";"Parigo  (SACEM)";"";"pilot-pending"
"PGO0029";"f59f978fe68158b3";"Go-Go Funk";"fc18ada24d26bec8";"0c4c0fa8fb01f647";"BYE BYE PLANET EARTH STEM BASS";"Stem";"true";"Bruno HOVART (SACEM) · THE REAL FAKE MC (SACEM)";"Bruno HOVART · THE REAL FAKE MC";"update";"suffixe-société";"";"Parigo  (SACEM)";"";"pilot-pending"
"PGO0029";"f59f978fe68158b3";"Go-Go Funk";"7d4c2834db9d289e";"0c4c0fa8fb01f647";"BYE BYE PLANET EARTH STEM DRUMS";"Stem";"true";"Bruno HOVART (SACEM) · THE REAL FAKE MC (SACEM)";"Bruno HOVART · THE REAL FAKE MC";"update";"suffixe-société";"";"Parigo  (SACEM)";"";"pilot-pending"
"PGO0029";"f59f978fe68158b3";"Go-Go Funk";"54d79b7eee9b0b8e";"0c4c0fa8fb01f647";"BYE BYE PLANET EARTH STEM FLUTE";"Stem";"true";"Bruno HOVART (SACEM) · THE REAL FAKE MC (SACEM)";"Bruno HOVART · THE REAL FAKE MC";"update";"suffixe-société";"";"Parigo  (SACEM)";"";"pilot-pending"
"PGO0029";"f59f978fe68158b3";"Go-Go Funk";"c2b23666f4e964fd";"0c4c0fa8fb01f647";"BYE BYE PLANET EARTH STEM KEYS";"Stem";"true";"Bruno HOVART (SACEM) · THE REAL FAKE MC (SACEM)";"Bruno HOVART · THE REAL FAKE MC";"update";"suffixe-société";"";"Parigo  (SACEM)";"";"pilot-pending"
"PGO0029";"f59f978fe68158b3";"Go-Go Funk";"1c6bd798bb5bbc03";"0c4c0fa8fb01f647";"BYE BYE PLANET EARTH STEM LEAD VOCALS";"Stem";"true";"Bruno HOVART (SACEM) · THE REAL FAKE MC (SACEM)";"Bruno HOVART · THE REAL FAKE MC";"update";"suffixe-société";"";"Parigo  (SACEM)";"";"pilot-pending"
"PGO0029";"f59f978fe68158b3";"Go-Go Funk";"06048196dde76463";"0c4c0fa8fb01f647";"BYE BYE PLANET EARTH STEM SOLINA & FX 7";"Stem";"true";"Bruno HOVART (SACEM) · THE REAL FAKE MC (SACEM)";"Bruno HOVART · THE REAL FAKE MC";"update";"suffixe-société";"";"Parigo  (SACEM)";"";"pilot-pending"
"PGO0029";"f59f978fe68158b3";"Go-Go Funk";"dcc181010db9247f";"c2919fa83052f142";"HUNT YA SUNSHINE STEM BACK VOCALS B";"Stem";"true";"Bruno HOVART (SACEM) · THE REAL FAKE MC (SACEM)";"Bruno HOVART · THE REAL FAKE MC";"update";"suffixe-société";"";"Parigo  (SACEM)";"";"pilot-pending"
"PGO0029";"f59f978fe68158b3";"Go-Go Funk";"9619d55cc0cd493f";"c2919fa83052f142";"HUNT YA SUNSHINE STEM BACK VOCALS B 2";"Stem";"true";"Bruno HOVART (SACEM) · THE REAL FAKE MC (SACEM)";"Bruno HOVART · THE REAL FAKE MC";"update";"suffixe-société";"";"Parigo  (SACEM)";"";"pilot-pending"
"PGO0029";"f59f978fe68158b3";"Go-Go Funk";"d01031dc60d22163";"c2919fa83052f142";"HUNT YA SUNSHINE STEM BASS";"Stem";"true";"Bruno HOVART (SACEM) · THE REAL FAKE MC (SACEM)";"Bruno HOVART · THE REAL FAKE MC";"update";"suffixe-société";"";"Parigo  (SACEM)";"";"pilot-pending"
"PGO0029";"f59f978fe68158b3";"Go-Go Funk";"c9509b57342cd2d0";"c2919fa83052f142";"HUNT YA SUNSHINE STEM DRUMS";"Stem";"true";"Bruno HOVART (SACEM) · THE REAL FAKE MC (SACEM)";"Bruno HOVART · THE REAL FAKE MC";"update";"suffixe-société";"";"Parigo  (SACEM)";"";"pilot-pending"
"PGO0029";"f59f978fe68158b3";"Go-Go Funk";"27eaad354bfebc2e";"c2919fa83052f142";"HUNT YA SUNSHINE STEM GRAT CLAVINET";"Stem";"true";"Bruno HOVART (SACEM) · THE REAL FAKE MC (SACEM)";"Bruno HOVART · THE REAL FAKE MC";"update";"suffixe-société";"";"Parigo  (SACEM)";"";"pilot-pending"
"PGO0029";"f59f978fe68158b3";"Go-Go Funk";"b7ba3d8e2762abb4";"c2919fa83052f142";"HUNT YA SUNSHINE STEM LEAD RHODES";"Stem";"true";"Bruno HOVART (SACEM) · THE REAL FAKE MC (SACEM)";"Bruno HOVART · THE REAL FAKE MC";"update";"suffixe-société";"";"Parigo  (SACEM)";"";"pilot-pending"
"PGO0029";"f59f978fe68158b3";"Go-Go Funk";"86982f327a036b9f";"c2919fa83052f142";"HUNT YA SUNSHINE STEM LEAD VOCALS & RHODES";"Stem";"true";"Bruno HOVART (SACEM) · THE REAL FAKE MC (SACEM)";"Bruno HOVART · THE REAL FAKE MC";"update";"suffixe-société";"";"Parigo  (SACEM)";"";"pilot-pending"
"PGO0029";"f59f978fe68158b3";"Go-Go Funk";"5b7bb4fb95575a19";"c2919fa83052f142";"HUNT YA SUNSHINE STEM RHODES";"Stem";"true";"Bruno HOVART (SACEM) · THE REAL FAKE MC (SACEM)";"Bruno HOVART · THE REAL FAKE MC";"update";"suffixe-société";"";"Parigo  (SACEM)";"";"pilot-pending"
"PGO0029";"f59f978fe68158b3";"Go-Go Funk";"337b5e1cc9fd3272";"c2919fa83052f142";"HUNT YA SUNSHINE STEM SOLINA STRINGS B";"Stem";"true";"Bruno HOVART (SACEM) · THE REAL FAKE MC (SACEM)";"Bruno HOVART · THE REAL FAKE MC";"update";"suffixe-société";"";"Parigo  (SACEM)";"";"pilot-pending"
"PGO0029";"f59f978fe68158b3";"Go-Go Funk";"6867ca265ff467f7";"c2919fa83052f142";"HUNT YA SUNSHINE STEM VIOLINS VIBES C";"Stem";"true";"Bruno HOVART (SACEM) · THE REAL FAKE MC (SACEM)";"Bruno HOVART · THE REAL FAKE MC";"update";"suffixe-société";"";"Parigo  (SACEM)";"";"pilot-pending"
"PGO0029";"f59f978fe68158b3";"Go-Go Funk";"08964fcd50266d2c";"bd514275a25b4ae0";"HUNT YA SUNSHINE (BREAKBEAT MIX) STEM BACK VOCALS";"Stem";"true";"Bruno HOVART (SACEM) · Leo DUCROUX (NS) · THE REAL FAKE MC (SACEM)";"Bruno HOVART · Leo DUCROUX · THE REAL FAKE MC";"update";"suffixe-société";"";"Parigo  (SACEM)";"";"pilot-pending"
"PGO0029";"f59f978fe68158b3";"Go-Go Funk";"724ca69ab4cd5cba";"bd514275a25b4ae0";"HUNT YA SUNSHINE (BREAKBEAT MIX) STEM BACK VOCALS 2";"Stem";"true";"Bruno HOVART (SACEM) · Leo DUCROUX (NS) · THE REAL FAKE MC (SACEM)";"Bruno HOVART · Leo DUCROUX · THE REAL FAKE MC";"update";"suffixe-société";"";"Parigo  (SACEM)";"";"pilot-pending"
"PGO0029";"f59f978fe68158b3";"Go-Go Funk";"8f2bc2cb1bafd4d0";"bd514275a25b4ae0";"HUNT YA SUNSHINE (BREAKBEAT MIX) STEM DRUMS";"Stem";"true";"Bruno HOVART (SACEM) · Leo DUCROUX (NS) · THE REAL FAKE MC (SACEM)";"Bruno HOVART · Leo DUCROUX · THE REAL FAKE MC";"update";"suffixe-société";"";"Parigo  (SACEM)";"";"pilot-pending"
"PGO0029";"f59f978fe68158b3";"Go-Go Funk";"98c35100b8974c00";"bd514275a25b4ae0";"HUNT YA SUNSHINE (BREAKBEAT MIX) STEM FX STING";"Stem";"true";"Bruno HOVART (SACEM) · Leo DUCROUX (NS) · THE REAL FAKE MC (SACEM)";"Bruno HOVART · Leo DUCROUX · THE REAL FAKE MC";"update";"suffixe-société";"";"Parigo  (SACEM)";"";"pilot-pending"
"PGO0029";"f59f978fe68158b3";"Go-Go Funk";"1b2734ee79f308a5";"bd514275a25b4ae0";"HUNT YA SUNSHINE (BREAKBEAT MIX) STEM RHODES";"Stem";"true";"Bruno HOVART (SACEM) · Leo DUCROUX (NS) · THE REAL FAKE MC (SACEM)";"Bruno HOVART · Leo DUCROUX · THE REAL FAKE MC";"update";"suffixe-société";"";"Parigo  (SACEM)";"";"pilot-pending"
"PGO0029";"f59f978fe68158b3";"Go-Go Funk";"da8311a8916dbeb3";"b5ec9a07efbb52cf";"FUTURE FUNK SURVIVORS STEM BASS 1";"Stem";"true";"Bruno HOVART (SACEM) · THE REAL FAKE MC (SACEM)";"Bruno HOVART · THE REAL FAKE MC";"update";"suffixe-société";"";"Parigo  (SACEM)";"";"pilot-pending"
"PGO0029";"f59f978fe68158b3";"Go-Go Funk";"8e2b2c78cbe76310";"b5ec9a07efbb52cf";"FUTURE FUNK SURVIVORS STEM BASS 2";"Stem";"true";"Bruno HOVART (SACEM) · THE REAL FAKE MC (SACEM)";"Bruno HOVART · THE REAL FAKE MC";"update";"suffixe-société";"";"Parigo  (SACEM)";"";"pilot-pending"
"PGO0029";"f59f978fe68158b3";"Go-Go Funk";"552d2113ae154dd0";"b5ec9a07efbb52cf";"FUTURE FUNK SURVIVORS STEM CLAVINET 1";"Stem";"true";"Bruno HOVART (SACEM) · THE REAL FAKE MC (SACEM)";"Bruno HOVART · THE REAL FAKE MC";"update";"suffixe-société";"";"Parigo  (SACEM)";"";"pilot-pending"
"PGO0029";"f59f978fe68158b3";"Go-Go Funk";"05992c38b3b75842";"b5ec9a07efbb52cf";"FUTURE FUNK SURVIVORS STEM CLAVINET 2";"Stem";"true";"Bruno HOVART (SACEM) · THE REAL FAKE MC (SACEM)";"Bruno HOVART · THE REAL FAKE MC";"update";"suffixe-société";"";"Parigo  (SACEM)";"";"pilot-pending"
"PGO0029";"f59f978fe68158b3";"Go-Go Funk";"58198316c62c7f2f";"b5ec9a07efbb52cf";"FUTURE FUNK SURVIVORS STEM DRUMS AND CLAP";"Stem";"true";"Bruno HOVART (SACEM) · THE REAL FAKE MC (SACEM)";"Bruno HOVART · THE REAL FAKE MC";"update";"suffixe-société";"";"Parigo  (SACEM)";"";"pilot-pending"
"PGO0029";"f59f978fe68158b3";"Go-Go Funk";"9f0d2be1a893907f";"b5ec9a07efbb52cf";"FUTURE FUNK SURVIVORS STEM GUITAR";"Stem";"true";"Bruno HOVART (SACEM) · THE REAL FAKE MC (SACEM)";"Bruno HOVART · THE REAL FAKE MC";"update";"suffixe-société";"";"Parigo  (SACEM)";"";"pilot-pending"
"PGO0029";"f59f978fe68158b3";"Go-Go Funk";"4f6e25606c33de6d";"b5ec9a07efbb52cf";"FUTURE FUNK SURVIVORS STEM KEYS";"Stem";"true";"Bruno HOVART (SACEM) · THE REAL FAKE MC (SACEM)";"Bruno HOVART · THE REAL FAKE MC";"update";"suffixe-société";"";"Parigo  (SACEM)";"";"pilot-pending"
"PGO0029";"f59f978fe68158b3";"Go-Go Funk";"b8e75d1c69125106";"b5ec9a07efbb52cf";"FUTURE FUNK SURVIVORS STEM MOOG";"Stem";"true";"Bruno HOVART (SACEM) · THE REAL FAKE MC (SACEM)";"Bruno HOVART · THE REAL FAKE MC";"update";"suffixe-société";"";"Parigo  (SACEM)";"";"pilot-pending"
"PGO0029";"f59f978fe68158b3";"Go-Go Funk";"6fd7addedf4488ee";"b5ec9a07efbb52cf";"FUTURE FUNK SURVIVORS STEM VOCALS 1";"Stem";"true";"Bruno HOVART (SACEM) · THE REAL FAKE MC (SACEM)";"Bruno HOVART · THE REAL FAKE MC";"update";"suffixe-société";"";"Parigo  (SACEM)";"";"pilot-pending"
"PGO0029";"f59f978fe68158b3";"Go-Go Funk";"4fc9a099717b3c66";"b5ec9a07efbb52cf";"FUTURE FUNK SURVIVORS STEM VOCALS 2";"Stem";"true";"Bruno HOVART (SACEM) · THE REAL FAKE MC (SACEM)";"Bruno HOVART · THE REAL FAKE MC";"update";"suffixe-société";"";"Parigo  (SACEM)";"";"pilot-pending"
"PGO0029";"f59f978fe68158b3";"Go-Go Funk";"bd2e920aabf481c6";"01ff06646a2c6b75";"JUST CALL ME REAL FAKE STEM BASS";"Stem";"true";"Bruno HOVART (SACEM) · THE REAL FAKE MC (SACEM)";"Bruno HOVART · THE REAL FAKE MC";"update";"suffixe-société";"";"Parigo  (SACEM)";"";"pilot-pending"
"PGO0029";"f59f978fe68158b3";"Go-Go Funk";"8692aaae1343b46e";"01ff06646a2c6b75";"JUST CALL ME REAL FAKE STEM DRUMS";"Stem";"true";"Bruno HOVART (SACEM) · THE REAL FAKE MC (SACEM)";"Bruno HOVART · THE REAL FAKE MC";"update";"suffixe-société";"";"Parigo  (SACEM)";"";"pilot-pending"
"PGO0029";"f59f978fe68158b3";"Go-Go Funk";"e36d5a93856c523e";"01ff06646a2c6b75";"JUST CALL ME REAL FAKE STEM KEYS";"Stem";"true";"Bruno HOVART (SACEM) · THE REAL FAKE MC (SACEM)";"Bruno HOVART · THE REAL FAKE MC";"update";"suffixe-société";"";"Parigo  (SACEM)";"";"pilot-pending"
"PGO0029";"f59f978fe68158b3";"Go-Go Funk";"a0755b354b018414";"01ff06646a2c6b75";"JUST CALL ME REAL FAKE STEM LEAD SYNTHS";"Stem";"true";"Bruno HOVART (SACEM) · THE REAL FAKE MC (SACEM)";"Bruno HOVART · THE REAL FAKE MC";"update";"suffixe-société";"";"Parigo  (SACEM)";"";"pilot-pending"
"PGO0029";"f59f978fe68158b3";"Go-Go Funk";"f9c96641fa0aad58";"01ff06646a2c6b75";"JUST CALL ME REAL FAKE STEM LEAD VOCALS";"Stem";"true";"Bruno HOVART (SACEM) · THE REAL FAKE MC (SACEM)";"Bruno HOVART · THE REAL FAKE MC";"update";"suffixe-société";"";"Parigo  (SACEM)";"";"pilot-pending"
"PGO0029";"f59f978fe68158b3";"Go-Go Funk";"0b658b398eb49c5f";"01ff06646a2c6b75";"JUST CALL ME REAL FAKE STEM VOCODER & LEAD VOCALS";"Stem";"true";"Bruno HOVART (SACEM) · THE REAL FAKE MC (SACEM)";"Bruno HOVART · THE REAL FAKE MC";"update";"suffixe-société";"";"Parigo  (SACEM)";"";"pilot-pending"
"PGO0029";"f59f978fe68158b3";"Go-Go Funk";"315b2b9225a0d184";"64f9436689219d43";"FRESHEST BEAT STEM ARPEGGIATOR";"Stem";"true";"Bruno HOVART (SACEM) · THE REAL FAKE MC (SACEM)";"Bruno HOVART · THE REAL FAKE MC";"update";"suffixe-société";"";"Parigo  (SACEM)";"";"pilot-pending"
"PGO0029";"f59f978fe68158b3";"Go-Go Funk";"691fe2281d6159eb";"64f9436689219d43";"FRESHEST BEAT STEM BASS SYNTH";"Stem";"true";"Bruno HOVART (SACEM) · THE REAL FAKE MC (SACEM)";"Bruno HOVART · THE REAL FAKE MC";"update";"suffixe-société";"";"Parigo  (SACEM)";"";"pilot-pending"
"PGO0029";"f59f978fe68158b3";"Go-Go Funk";"9917982813a0d25b";"64f9436689219d43";"FRESHEST BEAT STEM DRUMS";"Stem";"true";"Bruno HOVART (SACEM) · THE REAL FAKE MC (SACEM)";"Bruno HOVART · THE REAL FAKE MC";"update";"suffixe-société";"";"Parigo  (SACEM)";"";"pilot-pending"
"PGO0029";"f59f978fe68158b3";"Go-Go Funk";"e5bace83a8334d2e";"64f9436689219d43";"FRESHEST BEAT STEM FX";"Stem";"true";"Bruno HOVART (SACEM) · THE REAL FAKE MC (SACEM)";"Bruno HOVART · THE REAL FAKE MC";"update";"suffixe-société";"";"Parigo  (SACEM)";"";"pilot-pending"
"PGO0029";"f59f978fe68158b3";"Go-Go Funk";"5a422f85dfe61ed1";"64f9436689219d43";"FRESHEST BEAT STEM SYNTH";"Stem";"true";"Bruno HOVART (SACEM) · THE REAL FAKE MC (SACEM)";"Bruno HOVART · THE REAL FAKE MC";"update";"suffixe-société";"";"Parigo  (SACEM)";"";"pilot-pending"
"PGO0029";"f59f978fe68158b3";"Go-Go Funk";"2727a000fca6c532";"64f9436689219d43";"FRESHEST BEAT STEM SYNTH STING";"Stem";"true";"Bruno HOVART (SACEM) · THE REAL FAKE MC (SACEM)";"Bruno HOVART · THE REAL FAKE MC";"update";"suffixe-société";"";"Parigo  (SACEM)";"";"pilot-pending"
"PGO0029";"f59f978fe68158b3";"Go-Go Funk";"9048d2f63aada415";"64f9436689219d43";"FRESHEST BEAT STEM VOCALS";"Stem";"true";"Bruno HOVART (SACEM) · THE REAL FAKE MC (SACEM)";"Bruno HOVART · THE REAL FAKE MC";"update";"suffixe-société";"";"Parigo  (SACEM)";"";"pilot-pending"
"PGO0029";"f59f978fe68158b3";"Go-Go Funk";"2abcfc752d4f0b20";"8464ef95521d04e7";"SPIDER RAT STEM BACK VOCALS";"Stem";"true";"Bruno HOVART (SACEM) · THE REAL FAKE MC (SACEM)";"Bruno HOVART · THE REAL FAKE MC";"update";"suffixe-société";"";"Parigo  (SACEM)";"";"pilot-pending"
"PGO0029";"f59f978fe68158b3";"Go-Go Funk";"33b87a003f29df76";"8464ef95521d04e7";"SPIDER RAT STEM BASS";"Stem";"true";"Bruno HOVART (SACEM) · THE REAL FAKE MC (SACEM)";"Bruno HOVART · THE REAL FAKE MC";"update";"suffixe-société";"";"Parigo  (SACEM)";"";"pilot-pending"
"PGO0029";"f59f978fe68158b3";"Go-Go Funk";"4c7f81727ad4b23b";"8464ef95521d04e7";"SPIDER RAT STEM DRUMS";"Stem";"true";"Bruno HOVART (SACEM) · THE REAL FAKE MC (SACEM)";"Bruno HOVART · THE REAL FAKE MC";"update";"suffixe-société";"";"Parigo  (SACEM)";"";"pilot-pending"
"PGO0029";"f59f978fe68158b3";"Go-Go Funk";"e4338913043ecbb0";"8464ef95521d04e7";"SPIDER RAT STEM KEYS";"Stem";"true";"Bruno HOVART (SACEM) · THE REAL FAKE MC (SACEM)";"Bruno HOVART · THE REAL FAKE MC";"update";"suffixe-société";"";"Parigo  (SACEM)";"";"pilot-pending"
"PGO0029";"f59f978fe68158b3";"Go-Go Funk";"a813edf93e5bb8b3";"8464ef95521d04e7";"SPIDER RAT STEM KEYS 2";"Stem";"true";"Bruno HOVART (SACEM) · THE REAL FAKE MC (SACEM)";"Bruno HOVART · THE REAL FAKE MC";"update";"suffixe-société";"";"Parigo  (SACEM)";"";"pilot-pending"
"PGO0029";"f59f978fe68158b3";"Go-Go Funk";"fbe051a03dd97d95";"8464ef95521d04e7";"SPIDER RAT STEM KEYS 3";"Stem";"true";"Bruno HOVART (SACEM) · THE REAL FAKE MC (SACEM)";"Bruno HOVART · THE REAL FAKE MC";"update";"suffixe-société";"";"Parigo  (SACEM)";"";"pilot-pending"
"PGO0029";"f59f978fe68158b3";"Go-Go Funk";"4db2d12a851dce49";"8464ef95521d04e7";"SPIDER RAT STEM LEAD VOCALS";"Stem";"true";"Bruno HOVART (SACEM) · THE REAL FAKE MC (SACEM)";"Bruno HOVART · THE REAL FAKE MC";"update";"suffixe-société";"";"Parigo  (SACEM)";"";"pilot-pending"
"PGO0029";"f59f978fe68158b3";"Go-Go Funk";"90829b1d4a5e703f";"8464ef95521d04e7";"SPIDER RAT STEM SCRATCHES";"Stem";"true";"Bruno HOVART (SACEM) · THE REAL FAKE MC (SACEM)";"Bruno HOVART · THE REAL FAKE MC";"update";"suffixe-société";"";"Parigo  (SACEM)";"";"pilot-pending"
"PGO0029";"f59f978fe68158b3";"Go-Go Funk";"b607fa2d371f168c";"ed81479ecfef4717";"LIVE AND SURVIVE STEM BACK VOCALS";"Stem";"true";"Bruno HOVART (SACEM) · THE REAL FAKE MC (SACEM)";"Bruno HOVART · THE REAL FAKE MC";"update";"suffixe-société";"";"Parigo  (SACEM)";"";"pilot-pending"
"PGO0029";"f59f978fe68158b3";"Go-Go Funk";"e4c2c9cc2ddb244f";"ed81479ecfef4717";"LIVE AND SURVIVE STEM BASS";"Stem";"true";"Bruno HOVART (SACEM) · THE REAL FAKE MC (SACEM)";"Bruno HOVART · THE REAL FAKE MC";"update";"suffixe-société";"";"Parigo  (SACEM)";"";"pilot-pending"
"PGO0029";"f59f978fe68158b3";"Go-Go Funk";"62495e13311556ad";"ed81479ecfef4717";"LIVE AND SURVIVE STEM DRUMS";"Stem";"true";"Bruno HOVART (SACEM) · THE REAL FAKE MC (SACEM)";"Bruno HOVART · THE REAL FAKE MC";"update";"suffixe-société";"";"Parigo  (SACEM)";"";"pilot-pending"
"PGO0029";"f59f978fe68158b3";"Go-Go Funk";"e002e4dd162b22b6";"ed81479ecfef4717";"LIVE AND SURVIVE STEM KEYS";"Stem";"true";"Bruno HOVART (SACEM) · THE REAL FAKE MC (SACEM)";"Bruno HOVART · THE REAL FAKE MC";"update";"suffixe-société";"";"Parigo  (SACEM)";"";"pilot-pending"
"PGO0029";"f59f978fe68158b3";"Go-Go Funk";"d86bead63d0019cd";"ed81479ecfef4717";"LIVE AND SURVIVE STEM LEAD VOCALS";"Stem";"true";"Bruno HOVART (SACEM) · THE REAL FAKE MC (SACEM)";"Bruno HOVART · THE REAL FAKE MC";"update";"suffixe-société";"";"Parigo  (SACEM)";"";"pilot-pending"
"PGO0029";"f59f978fe68158b3";"Go-Go Funk";"bb04e4d227520397";"ed81479ecfef4717";"LIVE AND SURVIVE STEM MAIN SYNTHS";"Stem";"true";"Bruno HOVART (SACEM) · THE REAL FAKE MC (SACEM)";"Bruno HOVART · THE REAL FAKE MC";"update";"suffixe-société";"";"Parigo  (SACEM)";"";"pilot-pending"
"PGO0029";"f59f978fe68158b3";"Go-Go Funk";"5e08993d616c279b";"ed81479ecfef4717";"LIVE AND SURVIVE STEM PERCUSSIONS";"Stem";"true";"Bruno HOVART (SACEM) · THE REAL FAKE MC (SACEM)";"Bruno HOVART · THE REAL FAKE MC";"update";"suffixe-société";"";"Parigo  (SACEM)";"";"pilot-pending"
"PGO0029";"f59f978fe68158b3";"Go-Go Funk";"287b64fdd960eeb0";"7785362d364133e2";"FREEZIN STEM BONGOS";"Stem";"true";"Bruno HOVART (SACEM) · THE REAL FAKE MC (SACEM)";"Bruno HOVART · THE REAL FAKE MC";"update";"suffixe-société";"";"Parigo  (SACEM)";"";"pilot-pending"
"PGO0029";"f59f978fe68158b3";"Go-Go Funk";"0b771f8af2127f9e";"7785362d364133e2";"FREEZIN STEM DRUMS";"Stem";"true";"Bruno HOVART (SACEM) · THE REAL FAKE MC (SACEM)";"Bruno HOVART · THE REAL FAKE MC";"update";"suffixe-société";"";"Parigo  (SACEM)";"";"pilot-pending"
"PGO0029";"f59f978fe68158b3";"Go-Go Funk";"cd70ba7bb8963065";"7785362d364133e2";"FREEZIN STEM LIVE BASS";"Stem";"true";"Bruno HOVART (SACEM) · THE REAL FAKE MC (SACEM)";"Bruno HOVART · THE REAL FAKE MC";"update";"suffixe-société";"";"Parigo  (SACEM)";"";"pilot-pending"
"PGO0029";"f59f978fe68158b3";"Go-Go Funk";"e297f999b692b21e";"7785362d364133e2";"FREEZIN STEM MOOG";"Stem";"true";"Bruno HOVART (SACEM) · THE REAL FAKE MC (SACEM)";"Bruno HOVART · THE REAL FAKE MC";"update";"suffixe-société";"";"Parigo  (SACEM)";"";"pilot-pending"
"PGO0029";"f59f978fe68158b3";"Go-Go Funk";"419e924311d382cd";"7785362d364133e2";"FREEZIN STEM SYNTH";"Stem";"true";"Bruno HOVART (SACEM) · THE REAL FAKE MC (SACEM)";"Bruno HOVART · THE REAL FAKE MC";"update";"suffixe-société";"";"Parigo  (SACEM)";"";"pilot-pending"
"PGO0029";"f59f978fe68158b3";"Go-Go Funk";"8d2d8864a9e79143";"7785362d364133e2";"FREEZIN STEM VOCALS";"Stem";"true";"Bruno HOVART (SACEM) · THE REAL FAKE MC (SACEM)";"Bruno HOVART · THE REAL FAKE MC";"update";"suffixe-société";"";"Parigo  (SACEM)";"";"pilot-pending"
"PGO0029";"f59f978fe68158b3";"Go-Go Funk";"ca5c943d29e5eb3f";"19bc554865ffb97f";"BREAK YOUR PIPE THROW IT HIGH STEM BASS";"Stem";"true";"Bruno HOVART (SACEM) · THE REAL FAKE MC (SACEM)";"Bruno HOVART · THE REAL FAKE MC";"update";"suffixe-société";"";"Parigo  (SACEM)";"";"pilot-pending"
"PGO0029";"f59f978fe68158b3";"Go-Go Funk";"9bff579b752354c3";"19bc554865ffb97f";"BREAK YOUR PIPE THROW IT HIGH STEM DRUMS";"Stem";"true";"Bruno HOVART (SACEM) · THE REAL FAKE MC (SACEM)";"Bruno HOVART · THE REAL FAKE MC";"update";"suffixe-société";"";"Parigo  (SACEM)";"";"pilot-pending"
"PGO0029";"f59f978fe68158b3";"Go-Go Funk";"94c43359a0817393";"19bc554865ffb97f";"BREAK YOUR PIPE THROW IT HIGH STEM ELECTRIC SITAR";"Stem";"true";"Bruno HOVART (SACEM) · THE REAL FAKE MC (SACEM)";"Bruno HOVART · THE REAL FAKE MC";"update";"suffixe-société";"";"Parigo  (SACEM)";"";"pilot-pending"
"PGO0029";"f59f978fe68158b3";"Go-Go Funk";"edd31d4e866cb739";"19bc554865ffb97f";"BREAK YOUR PIPE THROW IT HIGH STEM FLUTE";"Stem";"true";"Bruno HOVART (SACEM) · THE REAL FAKE MC (SACEM)";"Bruno HOVART · THE REAL FAKE MC";"update";"suffixe-société";"";"Parigo  (SACEM)";"";"pilot-pending"
"PGO0029";"f59f978fe68158b3";"Go-Go Funk";"a1a1427438345230";"19bc554865ffb97f";"BREAK YOUR PIPE THROW IT HIGH STEM GUITAR 1";"Stem";"true";"Bruno HOVART (SACEM) · THE REAL FAKE MC (SACEM)";"Bruno HOVART · THE REAL FAKE MC";"update";"suffixe-société";"";"Parigo  (SACEM)";"";"pilot-pending"
"PGO0029";"f59f978fe68158b3";"Go-Go Funk";"bea13ba9f007938d";"19bc554865ffb97f";"BREAK YOUR PIPE THROW IT HIGH STEM GUITAR 2";"Stem";"true";"Bruno HOVART (SACEM) · THE REAL FAKE MC (SACEM)";"Bruno HOVART · THE REAL FAKE MC";"update";"suffixe-société";"";"Parigo  (SACEM)";"";"pilot-pending"
"PGO0029";"f59f978fe68158b3";"Go-Go Funk";"09ad6a8e1ceceb3d";"19bc554865ffb97f";"BREAK YOUR PIPE THROW IT HIGH STEM HORNS";"Stem";"true";"Bruno HOVART (SACEM) · THE REAL FAKE MC (SACEM)";"Bruno HOVART · THE REAL FAKE MC";"update";"suffixe-société";"";"Parigo  (SACEM)";"";"pilot-pending"
"PGO0029";"f59f978fe68158b3";"Go-Go Funk";"6a2f0a2d2f16180c";"19bc554865ffb97f";"BREAK YOUR PIPE THROW IT HIGH STEM KICK";"Stem";"true";"Bruno HOVART (SACEM) · THE REAL FAKE MC (SACEM)";"Bruno HOVART · THE REAL FAKE MC";"update";"suffixe-société";"";"Parigo  (SACEM)";"";"pilot-pending"
"PGO0029";"f59f978fe68158b3";"Go-Go Funk";"b8feea426c30bc35";"19bc554865ffb97f";"BREAK YOUR PIPE THROW IT HIGH STEM LEAD VOCALS 2";"Stem";"true";"Bruno HOVART (SACEM) · THE REAL FAKE MC (SACEM)";"Bruno HOVART · THE REAL FAKE MC";"update";"suffixe-société";"";"Parigo  (SACEM)";"";"pilot-pending"
"PGO0029";"f59f978fe68158b3";"Go-Go Funk";"30c4fda8a24d9ca6";"19bc554865ffb97f";"BREAK YOUR PIPE THROW IT HIGH STEM RHODES & CLAVINET";"Stem";"true";"Bruno HOVART (SACEM) · THE REAL FAKE MC (SACEM)";"Bruno HOVART · THE REAL FAKE MC";"update";"suffixe-société";"";"Parigo  (SACEM)";"";"pilot-pending"
"PGO0029";"f59f978fe68158b3";"Go-Go Funk";"545803b457be4c5a";"19bc554865ffb97f";"BREAK YOUR PIPE THROW IT HIGH STEM SYNTHS";"Stem";"true";"Bruno HOVART (SACEM) · THE REAL FAKE MC (SACEM)";"Bruno HOVART · THE REAL FAKE MC";"update";"suffixe-société";"";"Parigo  (SACEM)";"";"pilot-pending"
"PGO0029";"f59f978fe68158b3";"Go-Go Funk";"3ca77693e364e42b";"8f9c177bc880d9fa";"BOOKS IN THE SUBWAY STEM BASS";"Stem";"true";"Bruno HOVART (SACEM) · THE REAL FAKE MC (SACEM)";"Bruno HOVART · THE REAL FAKE MC";"update";"suffixe-société";"";"Parigo  (SACEM)";"";"pilot-pending"
"PGO0029";"f59f978fe68158b3";"Go-Go Funk";"2fc73e8a68e67b08";"8f9c177bc880d9fa";"BOOKS IN THE SUBWAY STEM DRUMS";"Stem";"true";"Bruno HOVART (SACEM) · THE REAL FAKE MC (SACEM)";"Bruno HOVART · THE REAL FAKE MC";"update";"suffixe-société";"";"Parigo  (SACEM)";"";"pilot-pending"
"PGO0029";"f59f978fe68158b3";"Go-Go Funk";"d175cc2c4ae45146";"8f9c177bc880d9fa";"BOOKS IN THE SUBWAY STEM GUITAR 1";"Stem";"true";"Bruno HOVART (SACEM) · THE REAL FAKE MC (SACEM)";"Bruno HOVART · THE REAL FAKE MC";"update";"suffixe-société";"";"Parigo  (SACEM)";"";"pilot-pending"
"PGO0029";"f59f978fe68158b3";"Go-Go Funk";"05c657bfd8df9e03";"8f9c177bc880d9fa";"BOOKS IN THE SUBWAY STEM GUITAR 2";"Stem";"true";"Bruno HOVART (SACEM) · THE REAL FAKE MC (SACEM)";"Bruno HOVART · THE REAL FAKE MC";"update";"suffixe-société";"";"Parigo  (SACEM)";"";"pilot-pending"
"PGO0029";"f59f978fe68158b3";"Go-Go Funk";"a55aa2688f55bc1b";"8f9c177bc880d9fa";"BOOKS IN THE SUBWAY STEM SCRATCHES";"Stem";"true";"Bruno HOVART (SACEM) · THE REAL FAKE MC (SACEM)";"Bruno HOVART · THE REAL FAKE MC";"update";"suffixe-société";"";"Parigo  (SACEM)";"";"pilot-pending"
"PGO0029";"f59f978fe68158b3";"Go-Go Funk";"4c6098e105d9bbb4";"8f9c177bc880d9fa";"BOOKS IN THE SUBWAY STEM SUBWAY NOISE FX";"Stem";"true";"Bruno HOVART (SACEM) · THE REAL FAKE MC (SACEM)";"Bruno HOVART · THE REAL FAKE MC";"update";"suffixe-société";"";"Parigo  (SACEM)";"";"pilot-pending"
"PGO0029";"f59f978fe68158b3";"Go-Go Funk";"bbbb7b61be5029b9";"8f9c177bc880d9fa";"BOOKS IN THE SUBWAY STEM VOCALS";"Stem";"true";"Bruno HOVART (SACEM) · THE REAL FAKE MC (SACEM)";"Bruno HOVART · THE REAL FAKE MC";"update";"suffixe-société";"";"Parigo  (SACEM)";"";"pilot-pending"
"PGO0029";"f59f978fe68158b3";"Go-Go Funk";"4b753ca78416738f";"12e1e757e51b39d4";"YOU WILL SEE STEM ARPEGGIATOR";"Stem";"true";"Bruno HOVART (SACEM) · THE REAL FAKE MC (SACEM)";"Bruno HOVART · THE REAL FAKE MC";"update";"suffixe-société";"";"Parigo  (SACEM)";"";"pilot-pending"
"PGO0028";"29219967f048dd2b";"Hollywood Hustlers";"9fc5f3193d9a25dc";"";"HOLLYWOOD OR BUST";"Main";"false";"Sébastien BLANCHON (SACEM) · Emmanuel MAREE (SACEM) · Ugly Mac Beer (SACEM)";"Sébastien BLANCHON · Emmanuel MAREE · Ugly Mac Beer";"update";"suffixe-société-et-identité-structurée";"";"Parigo  (SACEM)";"Ugly Mac Beer|Composer|SACEM|547737710| · Sébastien BLANCHON|Composer|SACEM|00154078573| · Emmanuel MAREE|Composer|SACEM|00876614990| · Parigo|Original Publisher|SACEM|461629743|";"pilot-pending"
"PGO0028";"29219967f048dd2b";"Hollywood Hustlers";"652c3d98969c56e0";"";"MAX IS SPINNING OUT (NO FLUTE VERSION)";"Main";"false";"Sébastien BLANCHON (SACEM) · Emmanuel MAREE (SACEM) · Ugly Mac Beer (SACEM)";"Sébastien BLANCHON · Emmanuel MAREE · Ugly Mac Beer";"update";"suffixe-société";"";"Parigo  (SACEM)";"";"pilot-pending"
"PGO0028";"29219967f048dd2b";"Hollywood Hustlers";"b4dd24d4c0a14783";"";"MAX IS SPINNING OUT (SOLO FLUTE)";"Main";"false";"Sébastien BLANCHON (SACEM) · Emmanuel MAREE (SACEM) · Ugly Mac Beer (SACEM)";"Sébastien BLANCHON · Emmanuel MAREE · Ugly Mac Beer";"update";"suffixe-société";"";"Parigo  (SACEM)";"";"pilot-pending"
"PGO0028";"29219967f048dd2b";"Hollywood Hustlers";"2baf4afb76219e5a";"";"CRUISING WITH MISTER SMITH";"Main";"false";"Sébastien BLANCHON (SACEM) · Emmanuel MAREE (SACEM) · Ugly Mac Beer (SACEM)";"Sébastien BLANCHON · Emmanuel MAREE · Ugly Mac Beer";"update";"suffixe-société-et-identité-structurée";"";"Parigo  (SACEM)";"Sébastien BLANCHON|Composer|SACEM|00154078573| · Emmanuel MAREE|Composer|SACEM|00876614990| · Ugly Mac Beer|Composer|SACEM|547737710| · Parigo|Original Publisher|SACEM|461629743|";"pilot-pending"
"PGO0028";"29219967f048dd2b";"Hollywood Hustlers";"f2ac47b293803630";"";"PAM'S SWEET SKIN";"Main";"false";"Sébastien BLANCHON (SACEM) · Emmanuel MAREE (SACEM) · Ugly Mac Beer (SACEM)";"Sébastien BLANCHON · Emmanuel MAREE · Ugly Mac Beer";"update";"suffixe-société-et-identité-structurée";"";"Parigo  (SACEM)";"Sébastien BLANCHON|Composer|SACEM|00154078573| · Emmanuel MAREE|Composer|SACEM|00876614990| · Ugly Mac Beer|Composer|SACEM|547737710| · Parigo|Original Publisher|SACEM|461629743|";"pilot-pending"
"PGO0028";"29219967f048dd2b";"Hollywood Hustlers";"d397344ecc1113af";"";"100 MPH DOWNTOWN";"Main";"false";"Sébastien BLANCHON (SACEM) · Emmanuel MAREE (SACEM) · Ugly Mac Beer (SACEM)";"Sébastien BLANCHON · Emmanuel MAREE · Ugly Mac Beer";"update";"suffixe-société-et-identité-structurée";"";"Parigo  (SACEM)";"Ugly Mac Beer|Composer|SACEM|547737710| · Emmanuel MAREE|Composer|SACEM|00876614990| · Sébastien BLANCHON|Composer|SACEM|00154078573| · Parigo|Original Publisher|SACEM|461629743|";"pilot-pending"
"PGO0028";"29219967f048dd2b";"Hollywood Hustlers";"6de10622a74e52ea";"";"100 MPH DOWNTOWN (NO BRASS VERSION)";"Main";"false";"Sébastien BLANCHON (SACEM) · Emmanuel MAREE (SACEM) · Ugly Mac Beer (SACEM)";"Sébastien BLANCHON · Emmanuel MAREE · Ugly Mac Beer";"update";"suffixe-société";"";"Parigo  (SACEM)";"";"pilot-pending"
"PGO0028";"29219967f048dd2b";"Hollywood Hustlers";"dcba6d73465dc7c5";"";"100 MPH DOWNTOWN (NO DRUMS VERSION)";"Main";"false";"Sébastien BLANCHON (SACEM) · Emmanuel MAREE (SACEM) · Ugly Mac Beer (SACEM)";"Sébastien BLANCHON · Emmanuel MAREE · Ugly Mac Beer";"update";"suffixe-société";"";"Parigo  (SACEM)";"";"pilot-pending"
"PGO0028";"29219967f048dd2b";"Hollywood Hustlers";"4df44530408bc799";"";"100 MPH DOWNTOWN (SOLO DRUMS)";"Main";"false";"Sébastien BLANCHON (SACEM) · Emmanuel MAREE (SACEM) · Ugly Mac Beer (SACEM)";"Sébastien BLANCHON · Emmanuel MAREE · Ugly Mac Beer";"update";"suffixe-société";"";"Parigo  (SACEM)";"";"pilot-pending"
"PGO0028";"29219967f048dd2b";"Hollywood Hustlers";"2be83733a7b22e66";"";"MIKE'S STASH";"Main";"false";"Sébastien BLANCHON (SACEM) · Emmanuel MAREE (SACEM) · Ugly Mac Beer (SACEM)";"Sébastien BLANCHON · Emmanuel MAREE · Ugly Mac Beer";"update";"suffixe-société-et-identité-structurée";"";"Parigo  (SACEM)";"Ugly Mac Beer|Composer|SACEM|547737710| · Sébastien BLANCHON|Composer|SACEM|00154078573| · Emmanuel MAREE|Composer|SACEM|00876614990| · Parigo|Original Publisher|SACEM|461629743|";"pilot-pending"
"PGO0028";"29219967f048dd2b";"Hollywood Hustlers";"6b56dd73c0e691a0";"";"MIKE'S STASH (NO TRUMPET VERSION)";"Main";"false";"Sébastien BLANCHON (SACEM) · Emmanuel MAREE (SACEM) · Ugly Mac Beer (SACEM)";"Sébastien BLANCHON · Emmanuel MAREE · Ugly Mac Beer";"update";"suffixe-société";"";"Parigo  (SACEM)";"";"pilot-pending"
"PGO0028";"29219967f048dd2b";"Hollywood Hustlers";"9270056610ad1640";"";"MIKE'S STASH (SOLO TRUMPET)";"Main";"false";"Sébastien BLANCHON (SACEM) · Emmanuel MAREE (SACEM) · Ugly Mac Beer (SACEM)";"Sébastien BLANCHON · Emmanuel MAREE · Ugly Mac Beer";"update";"suffixe-société";"";"Parigo  (SACEM)";"";"pilot-pending"
"PGO0028";"29219967f048dd2b";"Hollywood Hustlers";"f4ee2efc4b7cc4a9";"";"TONY'S GETAWAY";"Main";"false";"Sébastien BLANCHON (SACEM) · Emmanuel MAREE (SACEM) · Ugly Mac Beer (SACEM)";"Sébastien BLANCHON · Emmanuel MAREE · Ugly Mac Beer";"update";"suffixe-société-et-identité-structurée";"";"Parigo  (SACEM)";"Ugly Mac Beer|Composer|SACEM|547737710| · Emmanuel MAREE|Composer|SACEM|00876614990| · Sébastien BLANCHON|Composer|SACEM|00154078573| · Parigo|Original Publisher|SACEM|461629743|";"pilot-pending"
"PGO0028";"29219967f048dd2b";"Hollywood Hustlers";"b4ba8dd10e85ae27";"";"TONY'S GETAWAY (NO BRASS VERSION)";"Main";"false";"Sébastien BLANCHON (SACEM) · Emmanuel MAREE (SACEM) · Ugly Mac Beer (SACEM)";"Sébastien BLANCHON · Emmanuel MAREE · Ugly Mac Beer";"update";"suffixe-société";"";"Parigo  (SACEM)";"";"pilot-pending"
"PGO0028";"29219967f048dd2b";"Hollywood Hustlers";"6b8e9e616988ffea";"";"TONY'S GETAWAY (NO DRUMS VERSION)";"Main";"false";"Sébastien BLANCHON (SACEM) · Emmanuel MAREE (SACEM) · Ugly Mac Beer (SACEM)";"Sébastien BLANCHON · Emmanuel MAREE · Ugly Mac Beer";"update";"suffixe-société";"";"Parigo  (SACEM)";"";"pilot-pending"
"PGO0028";"29219967f048dd2b";"Hollywood Hustlers";"508f9ed05a3f245c";"";"WANDERING 49TH STREET";"Main";"false";"Sébastien BLANCHON (SACEM) · Emmanuel MAREE (SACEM) · Ugly Mac Beer (SACEM)";"Sébastien BLANCHON · Emmanuel MAREE · Ugly Mac Beer";"update";"suffixe-société-et-identité-structurée";"";"Parigo  (SACEM)";"Ugly Mac Beer|Composer|SACEM|547737710| · Sébastien BLANCHON|Composer|SACEM|00154078573| · Emmanuel MAREE|Composer|SACEM|00876614990| · Parigo|Original Publisher|SACEM|461629743|";"pilot-pending"
"PGO0028";"29219967f048dd2b";"Hollywood Hustlers";"56e3cdf810090b0a";"";"HOLLYWOOD OR BUST (NO BRASS VERSION)";"Main";"false";"Sébastien BLANCHON (SACEM) · Emmanuel MAREE (SACEM) · Ugly Mac Beer (SACEM)";"Sébastien BLANCHON · Emmanuel MAREE · Ugly Mac Beer";"update";"suffixe-société";"";"Parigo  (SACEM)";"";"pilot-pending"
"PGO0028";"29219967f048dd2b";"Hollywood Hustlers";"6316c608d03599a8";"";"WANDERING 49TH STREET (NO BRASS)";"Main";"false";"Sébastien BLANCHON (SACEM) · Emmanuel MAREE (SACEM) · Ugly Mac Beer (SACEM)";"Sébastien BLANCHON · Emmanuel MAREE · Ugly Mac Beer";"update";"suffixe-société";"";"Parigo  (SACEM)";"";"pilot-pending"
"PGO0028";"29219967f048dd2b";"Hollywood Hustlers";"3fc00bb24cb5248b";"";"WANDERING 49TH STREET (TRUMPET SOLO)";"Main";"false";"Sébastien BLANCHON (SACEM) · Emmanuel MAREE (SACEM) · Ugly Mac Beer (SACEM)";"Sébastien BLANCHON · Emmanuel MAREE · Ugly Mac Beer";"update";"suffixe-société";"";"Parigo  (SACEM)";"";"pilot-pending"
"PGO0028";"29219967f048dd2b";"Hollywood Hustlers";"60000fcccc51497c";"";"TAKE THE MUSTANG";"Main";"false";"Sébastien BLANCHON (SACEM) · Emmanuel MAREE (SACEM) · Ugly Mac Beer (SACEM)";"Sébastien BLANCHON · Emmanuel MAREE · Ugly Mac Beer";"update";"suffixe-société-et-identité-structurée";"";"Parigo  (SACEM)";"Ugly Mac Beer|Composer|SACEM|547737710| · Emmanuel MAREE|Composer|SACEM|00876614990| · Sébastien BLANCHON|Composer|SACEM|00154078573| · Parigo|Original Publisher|SACEM|461629743|";"pilot-pending"
"PGO0028";"29219967f048dd2b";"Hollywood Hustlers";"4eabe8f15f3ea596";"";"TAKE THE MUSTANG (NO BRASS VERSION)";"Main";"false";"Sébastien BLANCHON (SACEM) · Emmanuel MAREE (SACEM) · Ugly Mac Beer (SACEM)";"Sébastien BLANCHON · Emmanuel MAREE · Ugly Mac Beer";"update";"suffixe-société";"";"Parigo  (SACEM)";"";"pilot-pending"
"PGO0028";"29219967f048dd2b";"Hollywood Hustlers";"a5801b56279e22e4";"";"TAKE THE MUSTANG (NO TRUMPET VERSION)";"Main";"false";"Sébastien BLANCHON (SACEM) · Emmanuel MAREE (SACEM) · Ugly Mac Beer (SACEM)";"Sébastien BLANCHON · Emmanuel MAREE · Ugly Mac Beer";"update";"suffixe-société";"";"Parigo  (SACEM)";"";"pilot-pending"
"PGO0028";"29219967f048dd2b";"Hollywood Hustlers";"77cf68cd87e6d545";"";"TAKE THE MUSTANG (NO DRUMS VERSION)";"Main";"false";"Sébastien BLANCHON (SACEM) · Emmanuel MAREE (SACEM) · Ugly Mac Beer (SACEM)";"Sébastien BLANCHON · Emmanuel MAREE · Ugly Mac Beer";"update";"suffixe-société";"";"Parigo  (SACEM)";"";"pilot-pending"
"PGO0028";"29219967f048dd2b";"Hollywood Hustlers";"b9ca200f24a66981";"";"TAKE THE MUSTANG (SOLO TRUMPET)";"Main";"false";"Sébastien BLANCHON (SACEM) · Emmanuel MAREE (SACEM) · Ugly Mac Beer (SACEM)";"Sébastien BLANCHON · Emmanuel MAREE · Ugly Mac Beer";"update";"suffixe-société";"";"Parigo  (SACEM)";"";"pilot-pending"
"PGO0028";"29219967f048dd2b";"Hollywood Hustlers";"5536a3f59aed32df";"";"HOLLYWOOD OR BUST (NO SAXOPHONE VERSION)";"Main";"false";"Sébastien BLANCHON (SACEM) · Emmanuel MAREE (SACEM) · Ugly Mac Beer (SACEM)";"Sébastien BLANCHON · Emmanuel MAREE · Ugly Mac Beer";"update";"suffixe-société";"";"Parigo  (SACEM)";"";"pilot-pending"
"PGO0028";"29219967f048dd2b";"Hollywood Hustlers";"f63a9954270e6593";"";"LARRY'S BAD TRIP";"Main";"false";"Sébastien BLANCHON (SACEM) · Emmanuel MAREE (SACEM) · Ugly Mac Beer (SACEM)";"Sébastien BLANCHON · Emmanuel MAREE · Ugly Mac Beer";"update";"suffixe-société-et-identité-structurée";"";"Parigo  (SACEM)";"Ugly Mac Beer|Composer|SACEM|547737710| · Sébastien BLANCHON|Composer|SACEM|00154078573| · Emmanuel MAREE|Composer|SACEM|00876614990| · Parigo|Original Publisher|SACEM|461629743|";"pilot-pending"
"PGO0028";"29219967f048dd2b";"Hollywood Hustlers";"e4732404e9b451cf";"";"LARRY'S BAD TRIP (ALTERNATE VERSION)";"Main";"false";"Sébastien BLANCHON (SACEM) · Emmanuel MAREE (SACEM) · Ugly Mac Beer (SACEM)";"Sébastien BLANCHON · Emmanuel MAREE · Ugly Mac Beer";"update";"suffixe-société";"";"Parigo  (SACEM)";"";"pilot-pending"
"PGO0028";"29219967f048dd2b";"Hollywood Hustlers";"860eefec897ad3fa";"";"BOBBY THE CROOK";"Main";"false";"Sébastien BLANCHON (SACEM) · Emmanuel MAREE (SACEM) · Ugly Mac Beer (SACEM)";"Sébastien BLANCHON · Emmanuel MAREE · Ugly Mac Beer";"update";"suffixe-société-et-identité-structurée";"";"Parigo  (SACEM)";"Ugly Mac Beer|Composer|SACEM|547737710| · Sébastien BLANCHON|Composer|SACEM|00154078573| · Emmanuel MAREE|Composer|SACEM|00876614990| · Parigo|Original Publisher|SACEM|461629743|";"pilot-pending"
"PGO0028";"29219967f048dd2b";"Hollywood Hustlers";"e97819282da8d27e";"";"BOBBY THE CROOK (NO BRASS VERSION)";"Main";"false";"Sébastien BLANCHON (SACEM) · Emmanuel MAREE (SACEM) · Ugly Mac Beer (SACEM)";"Sébastien BLANCHON · Emmanuel MAREE · Ugly Mac Beer";"update";"suffixe-société";"";"Parigo  (SACEM)";"";"pilot-pending"
"PGO0028";"29219967f048dd2b";"Hollywood Hustlers";"cf2db5b8e91cc56c";"";"BOBBY THE CROOK (NO SAXOPHONE VERSION)";"Main";"false";"Sébastien BLANCHON (SACEM) · Emmanuel MAREE (SACEM) · Ugly Mac Beer (SACEM)";"Sébastien BLANCHON · Emmanuel MAREE · Ugly Mac Beer";"update";"suffixe-société";"";"Parigo  (SACEM)";"";"pilot-pending"
"PGO0028";"29219967f048dd2b";"Hollywood Hustlers";"62f65d3fc33361ac";"";"BOBBY THE CROOK (SOLO SAXOPHONE)";"Main";"false";"Sébastien BLANCHON (SACEM) · Emmanuel MAREE (SACEM) · Ugly Mac Beer (SACEM)";"Sébastien BLANCHON · Emmanuel MAREE · Ugly Mac Beer";"update";"suffixe-société";"";"Parigo  (SACEM)";"";"pilot-pending"
"PGO0028";"29219967f048dd2b";"Hollywood Hustlers";"94d3e1c636db98dd";"";"HOLLYWOOD OR BUST (SOLO SAXOPHONE)";"Main";"false";"Sébastien BLANCHON (SACEM) · Emmanuel MAREE (SACEM) · Ugly Mac Beer (SACEM)";"Sébastien BLANCHON · Emmanuel MAREE · Ugly Mac Beer";"update";"suffixe-société";"";"Parigo  (SACEM)";"";"pilot-pending"
"PGO0028";"29219967f048dd2b";"Hollywood Hustlers";"a2e932406273adc8";"";"RELAXIN WITH DEBBIE";"Main";"false";"Sébastien BLANCHON (SACEM) · Emmanuel MAREE (SACEM) · Ugly Mac Beer (SACEM)";"Sébastien BLANCHON · Emmanuel MAREE · Ugly Mac Beer";"update";"suffixe-société-et-identité-structurée";"";"Parigo  (SACEM)";"Ugly Mac Beer|Composer|SACEM|547737710| · Emmanuel MAREE|Composer|SACEM|00876614990| · Sébastien BLANCHON|Composer|SACEM|00154078573| · Parigo|Original Publisher|SACEM|461629743|";"pilot-pending"
"PGO0028";"29219967f048dd2b";"Hollywood Hustlers";"dff069c902960dc0";"";"RELAXIN WITH DEBBIE (NO TRUMPET VERSION)";"Main";"false";"Sébastien BLANCHON (SACEM) · Emmanuel MAREE (SACEM) · Ugly Mac Beer (SACEM)";"Sébastien BLANCHON · Emmanuel MAREE · Ugly Mac Beer";"update";"suffixe-société";"";"Parigo  (SACEM)";"";"pilot-pending"
"PGO0028";"29219967f048dd2b";"Hollywood Hustlers";"81c09d15b5f409d4";"";"RELAXIN WITH DEBBIE (SOLO TRUMPET)";"Main";"false";"Sébastien BLANCHON (SACEM) · Emmanuel MAREE (SACEM) · Ugly Mac Beer (SACEM)";"Sébastien BLANCHON · Emmanuel MAREE · Ugly Mac Beer";"update";"suffixe-société";"";"Parigo  (SACEM)";"";"pilot-pending"
"PGO0028";"29219967f048dd2b";"Hollywood Hustlers";"2c04e11d07f257be";"";"SO LONG BUDDY";"Main";"false";"Sébastien BLANCHON (SACEM) · Emmanuel MAREE (SACEM) · Ugly Mac Beer (SACEM)";"Sébastien BLANCHON · Emmanuel MAREE · Ugly Mac Beer";"update";"suffixe-société-et-identité-structurée";"";"Parigo  (SACEM)";"Ugly Mac Beer|Composer|SACEM|547737710| · Sébastien BLANCHON|Composer|SACEM|00154078573| · Emmanuel MAREE|Composer|SACEM|00876614990| · Parigo|Original Publisher|SACEM|461629743|";"pilot-pending"
"PGO0028";"29219967f048dd2b";"Hollywood Hustlers";"637fecc557af79e1";"";"SO LONG BUDDY (NO BRASS VERSION)";"Main";"false";"Sébastien BLANCHON (SACEM) · Emmanuel MAREE (SACEM) · Ugly Mac Beer (SACEM)";"Sébastien BLANCHON · Emmanuel MAREE · Ugly Mac Beer";"update";"suffixe-société";"";"Parigo  (SACEM)";"";"pilot-pending"
"PGO0028";"29219967f048dd2b";"Hollywood Hustlers";"b3bce9a701b9c6aa";"";"MAX IS SPINNING OUT";"Main";"false";"Sébastien BLANCHON (SACEM) · Emmanuel MAREE (SACEM) · Ugly Mac Beer (SACEM)";"Sébastien BLANCHON · Emmanuel MAREE · Ugly Mac Beer";"update";"suffixe-société-et-identité-structurée";"";"Parigo  (SACEM)";"Sébastien BLANCHON|Composer|SACEM|00154078573| · Emmanuel MAREE|Composer|SACEM|00876614990| · Ugly Mac Beer|Composer|SACEM|547737710| · Parigo|Original Publisher|SACEM|461629743|";"pilot-pending"
"PGO0027";"2957d8336a1d765c";"Future Beat";"08c684a452847d26";"";"BLACKOUT";"Main";"false";"Vincent BOUHELIER (SACEM) · Victor BAILLET (SACEM) · Franck SINNASSAMY (SACEM)";"Vincent BOUHELIER · Victor BAILLET · Franck SINNASSAMY";"update";"suffixe-société-et-identité-structurée";"";"Parigo  (SACEM)";"Franck SINNASSAMY|Composer|SACEM|803548153| · Victor BAILLET|Composer|SACEM|794971280| · Vincent BOUHELIER|Composer|SACEM|803547058| · PARIGO|Original Publisher|SACEM|461629743|";"pilot-pending"
"PGO0027";"2957d8336a1d765c";"Future Beat";"aaeba7a50c979199";"";"HOW DID I KNOW";"Main";"false";"Ducer (SACEM) · Ghostmaker (SACEM)";"Ducer · Ghostmaker";"update";"suffixe-société-et-identité-structurée";"";"Parigo  (SACEM)";"Ducer|Composer|SACEM|809357224| · Ghostmaker|Composer|SACEM|890425326| · PARIGO|Original Publisher|SACEM|461629743|";"pilot-pending"
"PGO0027";"2957d8336a1d765c";"Future Beat";"163a7e9549d20509";"";"GLOW";"Main";"false";"Vincent BOUHELIER (SACEM) · Victor BAILLET (SACEM) · Franck SINNASSAMY (SACEM) · Arnaud NGASSAM (SACEM) · Beat Assailant (SACEM)";"Vincent BOUHELIER · Victor BAILLET · Franck SINNASSAMY · Arnaud NGASSAM · Beat Assailant";"update";"suffixe-société-et-identité-structurée";"";"Parigo  (SACEM)";"Franck SINNASSAMY|Composer|SACEM|803548153| · Victor BAILLET|Composer|SACEM|794971280| · Vincent BOUHELIER|Composer|SACEM|803547058| · Beat Assailant|Composer|SACEM|514599239| · Arnaud NGASSAM|Composer|SACEM|469470124| · PARIGO|Original Publisher|SACEM|461629743|";"pilot-pending"
"PGO0027";"2957d8336a1d765c";"Future Beat";"30a98d3c2afa4a25";"";"GLOW (INSTRUMENTAL)";"Main";"false";"Vincent BOUHELIER (SACEM) · Victor BAILLET (SACEM) · Franck SINNASSAMY (SACEM)";"Vincent BOUHELIER · Victor BAILLET · Franck SINNASSAMY";"update";"suffixe-société";"";"Parigo  (SACEM)";"";"pilot-pending"
"PGO0027";"2957d8336a1d765c";"Future Beat";"66ee253cf51d66b1";"";"APNEA";"Main";"false";"Vincent BOUHELIER (SACEM) · Victor BAILLET (SACEM) · Franck SINNASSAMY (SACEM)";"Vincent BOUHELIER · Victor BAILLET · Franck SINNASSAMY";"update";"suffixe-société-et-identité-structurée";"";"Parigo  (SACEM)";"Franck SINNASSAMY|Composer|SACEM|803548153| · Victor BAILLET|Composer|SACEM|794971280| · Vincent BOUHELIER|Composer|SACEM|803547058| · PARIGO|Original Publisher|SACEM|461629743|";"pilot-pending"
"PGO0027";"2957d8336a1d765c";"Future Beat";"241ff53473fc89ba";"";"FIRE";"Main";"false";"Vincent BOUHELIER (SACEM) · Victor BAILLET (SACEM) · Franck SINNASSAMY (SACEM) · Sean GUEGAN (SACEM)";"Vincent BOUHELIER · Victor BAILLET · Franck SINNASSAMY · Sean GUEGAN";"update";"suffixe-société-et-identité-structurée";"";"Parigo  (SACEM)";"Franck SINNASSAMY|Composer|SACEM|803548153| · Victor BAILLET|Composer|SACEM|794971280| · Vincent BOUHELIER|Composer|SACEM|803547058| · Sean GUEGAN|Composer|SACEM|834043264| · PARIGO|Original Publisher|SACEM|461629743|";"pilot-pending"
"PGO0027";"2957d8336a1d765c";"Future Beat";"521f619e23e14e4e";"";"FIRE (INSTRUMENTAL)";"Main";"false";"Vincent BOUHELIER (SACEM) · Victor BAILLET (SACEM) · Franck SINNASSAMY (SACEM)";"Vincent BOUHELIER · Victor BAILLET · Franck SINNASSAMY";"update";"suffixe-société";"";"Parigo  (SACEM)";"";"pilot-pending"
"PGO0027";"2957d8336a1d765c";"Future Beat";"c3e3c776b807c3ee";"";"INOHA";"Main";"false";"Ducer (SACEM) · Ghostmaker (SACEM)";"Ducer · Ghostmaker";"update";"suffixe-société-et-identité-structurée";"";"Parigo  (SACEM)";"Ducer|Composer|SACEM|809357224| · Ghostmaker|Composer|SACEM|890425326| · PARIGO|Original Publisher|SACEM|461629743|";"pilot-pending"
"PGO0027";"2957d8336a1d765c";"Future Beat";"9fa645524ea2e0a1";"";"INOHA (UNDERSCORE)";"Main";"false";"Ducer (SACEM) · Ghostmaker (SACEM)";"Ducer · Ghostmaker";"update";"suffixe-société-et-identité-structurée";"";"Parigo  (SACEM)";"Ducer|Composer|SACEM|809357224| · Ghostmaker|Composer|SACEM|890425326| · PARIGO|Original Publisher|SACEM|461629743|";"pilot-pending"
"PGO0027";"2957d8336a1d765c";"Future Beat";"3ba721e8898ac724";"";"PAPER PLANE";"Main";"false";"Vincent BOUHELIER (SACEM) · Victor BAILLET (SACEM) · Franck SINNASSAMY (SACEM)";"Vincent BOUHELIER · Victor BAILLET · Franck SINNASSAMY";"update";"suffixe-société-et-identité-structurée";"";"Parigo  (SACEM)";"Franck SINNASSAMY|Composer|SACEM|803548153| · Victor BAILLET|Composer|SACEM|794971280| · Vincent BOUHELIER|Composer|SACEM|803547058| · PARIGO|Original Publisher|SACEM|461629743|";"pilot-pending"
"PGO0027";"2957d8336a1d765c";"Future Beat";"ba41d096af846152";"";"MY DYNASTY";"Main";"false";"Ducer (SACEM) · Ghostmaker (SACEM)";"Ducer · Ghostmaker";"update";"suffixe-société-et-identité-structurée";"";"Parigo  (SACEM)";"Ducer|Composer|SACEM|809357224| · Ghostmaker|Composer|SACEM|890425326| · PARIGO|Original Publisher|SACEM|461629743|";"pilot-pending"
"PGO0027";"2957d8336a1d765c";"Future Beat";"bb56123cc36632f2";"";"MY DYNASTY  (UNDERSCORE)";"Main";"false";"Ducer (SACEM) · Ghostmaker (SACEM)";"Ducer · Ghostmaker";"update";"suffixe-société-et-identité-structurée";"";"Parigo  (SACEM)";"Ducer|Composer|SACEM|809357224| · Ghostmaker|Composer|SACEM|890425326| · PARIGO|Original Publisher|SACEM|461629743|";"pilot-pending"
"PGO0027";"2957d8336a1d765c";"Future Beat";"7a5435ec8ca5aff0";"";"MEMORY";"Main";"false";"Vincent BOUHELIER (SACEM) · Victor BAILLET (SACEM) · Franck SINNASSAMY (SACEM)";"Vincent BOUHELIER · Victor BAILLET · Franck SINNASSAMY";"update";"suffixe-société-et-identité-structurée";"";"Parigo  (SACEM)";"Franck SINNASSAMY|Composer|SACEM|803548153| · Victor BAILLET|Composer|SACEM|794971280| · Vincent BOUHELIER|Composer|SACEM|803547058| · PARIGO|Original Publisher|SACEM|461629743|";"pilot-pending"
"PGO0027";"2957d8336a1d765c";"Future Beat";"482d1a9d83cfd65d";"";"WHEN I'M ALONE";"Main";"false";"Ducer (SACEM) · Ghostmaker (SACEM)";"Ducer · Ghostmaker";"update";"suffixe-société-et-identité-structurée";"";"Parigo  (SACEM)";"Ducer|Composer|SACEM|809357224| · Ghostmaker|Composer|SACEM|890425326| · PARIGO|Original Publisher|SACEM|461629743|";"pilot-pending"
"PGO0027";"2957d8336a1d765c";"Future Beat";"6ba5003c47d5eeb0";"";"WHEN I'M ALONE (UNDERSCORE)";"Main";"false";"Ducer (SACEM) · Ghostmaker (SACEM)";"Ducer · Ghostmaker";"update";"suffixe-société-et-identité-structurée";"";"Parigo  (SACEM)";"Ducer|Composer|SACEM|809357224| · Ghostmaker|Composer|SACEM|890425326| · PARIGO|Original Publisher|SACEM|461629743|";"pilot-pending"
"PGO0027";"2957d8336a1d765c";"Future Beat";"6a131cc5dccd69c4";"";"NEVER ENDING";"Main";"false";"Vincent BOUHELIER (SACEM) · Victor BAILLET (SACEM) · Franck SINNASSAMY (SACEM)";"Vincent BOUHELIER · Victor BAILLET · Franck SINNASSAMY";"update";"suffixe-société-et-identité-structurée";"";"Parigo  (SACEM)";"Franck SINNASSAMY|Composer|SACEM|803548153| · Victor BAILLET|Composer|SACEM|794971280| · Vincent BOUHELIER|Composer|SACEM|803547058| · PARIGO|Original Publisher|SACEM|461629743|";"pilot-pending"
"PGO0027";"2957d8336a1d765c";"Future Beat";"7f17d01c416260b2";"";"LET'S GO HONEY";"Main";"false";"Bonetrips (SACEM) · Liqid (SACEM)";"Bonetrips · Liqid";"update";"suffixe-société-et-identité-structurée";"";"Parigo  (SACEM)";"Liqid|Composer|SACEM|543003202| · Bonetrips|Composer|SACEM|516806453| · PARIGO|Original Publisher|SACEM|461629743|";"pilot-pending"
"PGO0027";"2957d8336a1d765c";"Future Beat";"d1fca9a59ceb3390";"";"SLOPING SUMMER";"Main";"false";"Ducer (SACEM) · Ghostmaker (SACEM)";"Ducer · Ghostmaker";"update";"suffixe-société-et-identité-structurée";"";"Parigo  (SACEM)";"Ducer|Composer|SACEM|809357224| · Ghostmaker|Composer|SACEM|890425326| · PARIGO|Original Publisher|SACEM|461629743|";"pilot-pending"
"PGO0027";"2957d8336a1d765c";"Future Beat";"3a653803fe918d5d";"";"THE RIVER FLOWS FEAT CENTAURE";"Main";"false";"Vincent BOUHELIER (SACEM) · Victor BAILLET (SACEM) · Franck SINNASSAMY (SACEM) · Centaure (NS) · Alfirraz SCHEERS (NS)";"Vincent BOUHELIER · Victor BAILLET · Franck SINNASSAMY · Centaure · Alfirraz SCHEERS";"update";"suffixe-société";"";"Parigo  (SACEM)";"";"pilot-pending"
"PGO0027";"2957d8336a1d765c";"Future Beat";"be0f18167de4ff3c";"";"THE RIVER FLOWS (INSTRUMENTAL)";"Main";"false";"Vincent BOUHELIER (SACEM) · Victor BAILLET (SACEM) · Franck SINNASSAMY (SACEM)";"Vincent BOUHELIER · Victor BAILLET · Franck SINNASSAMY";"update";"suffixe-société-et-identité-structurée";"";"Parigo  (SACEM)";"Franck SINNASSAMY|Composer|SACEM|803548153| · Vincent BOUHELIER|Composer|SACEM|803547058| · Victor BAILLET|Composer|SACEM|794971280| · PARIGO|Original Publisher|SACEM|461629743|";"pilot-pending"
"PGO0027";"2957d8336a1d765c";"Future Beat";"1edebfbde6afdbbd";"";"SPACE LULLABY";"Main";"false";"Ducer (SACEM) · Ghostmaker (SACEM)";"Ducer · Ghostmaker";"update";"suffixe-société-et-identité-structurée";"";"Parigo  (SACEM)";"Ghostmaker|Composer|SACEM|890425326| · Ducer|Composer|SACEM|809357224| · PARIGO|Original Publisher|SACEM|461629743|";"pilot-pending"
"PGO0027";"2957d8336a1d765c";"Future Beat";"ed248f2e31f6975b";"";"YOU ARE THERE WITH ME";"Main";"false";"Ducer (SACEM) · Ghostmaker (SACEM)";"Ducer · Ghostmaker";"update";"suffixe-société-et-identité-structurée";"";"Parigo  (SACEM)";"Ghostmaker|Composer|SACEM|890425326| · Ducer|Composer|SACEM|809357224| · PARIGO|Original Publisher|SACEM|461629743|";"pilot-pending"
"PGO0027";"2957d8336a1d765c";"Future Beat";"1daea7ba485f4b57";"";"YOU ARE THERE WITH ME (INSTRUMENTAL)";"Main";"false";"Ducer (SACEM) · Ghostmaker (SACEM)";"Ducer · Ghostmaker";"update";"suffixe-société-et-identité-structurée";"";"Parigo  (SACEM)";"Ducer|Composer|SACEM|809357224| · Ghostmaker|Composer|SACEM|890425326| · PARIGO|Original Publisher|SACEM|461629743|";"pilot-pending"
"PGO0027";"2957d8336a1d765c";"Future Beat";"aa78e1d9095ff715";"";"WITHOUT YOU";"Main";"false";"Ducer (SACEM) · Ghostmaker (SACEM)";"Ducer · Ghostmaker";"update";"suffixe-société-et-identité-structurée";"";"Parigo  (SACEM)";"Ducer|Composer|SACEM|809357224| · Ghostmaker|Composer|SACEM|890425326| · PARIGO|Original Publisher|SACEM|461629743|";"pilot-pending"
"PGO0026";"f6a0c777141f696c";"Latin Experience";"fa1272f633e71105";"";"SENORITA";"Main";"false";"SR ORTEGON (SACEM) · STAN GALOUO (SACEM) · Francisco SMITH ANGULO (SACEM)";"SR ORTEGON · STAN GALOUO · Francisco SMITH ANGULO";"update";"suffixe-société";"";"Parigo  (SACEM)";"";"pilot-pending"
"PGO0026";"f6a0c777141f696c";"Latin Experience";"eace439b03f45a11";"";"SENORITA (INSTRUMENTAL)";"Main";"false";"SR ORTEGON (SACEM) · STAN GALOUO (SACEM) · Francisco SMITH ANGULO (SACEM)";"SR ORTEGON · STAN GALOUO · Francisco SMITH ANGULO";"update";"suffixe-société-et-identité-structurée";"";"Parigo  (SACEM)";"SR ORTEGON|Composer|SACEM|707295141| · STAN GALOUO|Composer|SACEM|774691889| · Francisco SMITH ANGULO|Composer|SACEM|717002777| · PARIGO|Original Publisher|SACEM|461629743|";"pilot-pending"
"PGO0026";"f6a0c777141f696c";"Latin Experience";"53c85d6f071fb7df";"";"SENORITA (UNDERSCORE)";"Main";"false";"SR ORTEGON (SACEM) · STAN GALOUO (SACEM) · Francisco SMITH ANGULO (SACEM)";"SR ORTEGON · STAN GALOUO · Francisco SMITH ANGULO";"update";"suffixe-société-et-identité-structurée";"";"Parigo  (SACEM)";"SR ORTEGON|Composer|SACEM|707295141| · STAN GALOUO|Composer|SACEM|774691889| · Francisco SMITH ANGULO|Composer|SACEM|717002777| · PARIGO|Original Publisher|SACEM|461629743|";"pilot-pending"
"PGO0026";"f6a0c777141f696c";"Latin Experience";"31aa029a3e41dc8d";"";"FUEGO";"Main";"false";"SR ORTEGON (SACEM) · STAN GALOUO (SACEM)";"SR ORTEGON · STAN GALOUO";"update";"suffixe-société";"";"Parigo  (SACEM)";"";"pilot-pending"
"PGO0026";"f6a0c777141f696c";"Latin Experience";"8209d129bdd20a51";"";"FUEGO (INSTRUMENTAL)";"Main";"false";"SR ORTEGON (SACEM) · STAN GALOUO (SACEM)";"SR ORTEGON · STAN GALOUO";"update";"suffixe-société-et-identité-structurée";"";"Parigo  (SACEM)";"SR ORTEGON|Composer|SACEM|707295141| · STAN GALOUO|Composer|SACEM|774691889| · PARIGO|Original Publisher|SACEM|461629743|";"pilot-pending"
"PGO0026";"f6a0c777141f696c";"Latin Experience";"888a87f785cbdad7";"";"FUEGO (UNDERSCORE)";"Main";"false";"SR ORTEGON (SACEM) · STAN GALOUO (SACEM)";"SR ORTEGON · STAN GALOUO";"update";"suffixe-société-et-identité-structurée";"";"Parigo  (SACEM)";"SR ORTEGON|Composer|SACEM|707295141| · STAN GALOUO|Composer|SACEM|774691889| · PARIGO|Original Publisher|SACEM|461629743|";"pilot-pending"
"PGO0026";"f6a0c777141f696c";"Latin Experience";"4346ea3c1b3d6b2e";"";"FUEGO (INSTRUMENTAL VERSION 2)";"Main";"false";"SR ORTEGON (SACEM) · STAN GALOUO (SACEM)";"SR ORTEGON · STAN GALOUO";"update";"suffixe-société-et-identité-structurée";"";"Parigo  (SACEM)";"SR ORTEGON|Composer|SACEM|707295141| · STAN GALOUO|Composer|SACEM|774691889| · PARIGO|Original Publisher|SACEM|461629743|";"pilot-pending"
"PGO0026";"f6a0c777141f696c";"Latin Experience";"01c934ce619c8a2f";"";"JAZZ FUNK SABOR";"Main";"false";"SR ORTEGON (SACEM) · STAN GALOUO (SACEM)";"SR ORTEGON · STAN GALOUO";"update";"suffixe-société-et-identité-structurée";"";"Parigo  (SACEM)";"SR ORTEGON|Composer|SACEM|707295141| · STAN GALOUO|Composer|SACEM|774691889| · PARIGO|Original Publisher|SACEM|461629743|";"pilot-pending"
"PGO0026";"f6a0c777141f696c";"Latin Experience";"0d62fc8e19c53e45";"";"JAZZ FUNK SABOR (UNDERSCORE)";"Main";"false";"SR ORTEGON (SACEM) · STAN GALOUO (SACEM)";"SR ORTEGON · STAN GALOUO";"update";"suffixe-société-et-identité-structurée";"";"Parigo  (SACEM)";"SR ORTEGON|Composer|SACEM|707295141| · STAN GALOUO|Composer|SACEM|774691889| · PARIGO|Original Publisher|SACEM|461629743|";"pilot-pending"
"PGO0026";"f6a0c777141f696c";"Latin Experience";"d0bd179e2d1f5149";"";"UNA VEZ MAS";"Main";"false";"SR ORTEGON (SACEM) · STAN GALOUO (SACEM)";"SR ORTEGON · STAN GALOUO";"update";"suffixe-société";"";"Parigo  (SACEM)";"";"pilot-pending"
"PGO0026";"f6a0c777141f696c";"Latin Experience";"575e9489eb8ef114";"";"UNA VEZ MAS (INSTRUMENTAL)";"Main";"false";"SR ORTEGON (SACEM) · STAN GALOUO (SACEM)";"SR ORTEGON · STAN GALOUO";"update";"suffixe-société-et-identité-structurée";"";"Parigo  (SACEM)";"SR ORTEGON|Composer|SACEM|707295141| · STAN GALOUO|Composer|SACEM|774691889| · PARIGO|Original Publisher|SACEM|461629743|";"pilot-pending"
"PGO0026";"f6a0c777141f696c";"Latin Experience";"b71fb40525dc3edd";"";"UNA VEZ MAS (UNDERSCORE)";"Main";"false";"SR ORTEGON (SACEM) · STAN GALOUO (SACEM)";"SR ORTEGON · STAN GALOUO";"update";"suffixe-société-et-identité-structurée";"";"Parigo  (SACEM)";"SR ORTEGON|Composer|SACEM|707295141| · STAN GALOUO|Composer|SACEM|774691889| · PARIGO|Original Publisher|SACEM|461629743|";"pilot-pending"
"PGO0026";"f6a0c777141f696c";"Latin Experience";"aa969311d9db6187";"";"EL CLUB";"Main";"false";"SR ORTEGON (SACEM) · STAN GALOUO (SACEM)";"SR ORTEGON · STAN GALOUO";"update";"suffixe-société";"";"Parigo  (SACEM)";"";"pilot-pending"
"PGO0026";"f6a0c777141f696c";"Latin Experience";"7b034044ef6a88ff";"";"EL CLUB (INSTRUMENTAL)";"Main";"false";"SR ORTEGON (SACEM) · STAN GALOUO (SACEM)";"SR ORTEGON · STAN GALOUO";"update";"suffixe-société-et-identité-structurée";"";"Parigo  (SACEM)";"SR ORTEGON|Composer|SACEM|707295141| · STAN GALOUO|Composer|SACEM|774691889| · PARIGO|Original Publisher|SACEM|461629743|";"pilot-pending"
"PGO0026";"f6a0c777141f696c";"Latin Experience";"8fa9611eba9231af";"";"LATIN FUNK";"Main";"false";"SR ORTEGON (SACEM) · STAN GALOUO (SACEM)";"SR ORTEGON · STAN GALOUO";"update";"suffixe-société-et-identité-structurée";"";"Parigo  (SACEM)";"SR ORTEGON|Composer|SACEM|707295141| · STAN GALOUO|Composer|SACEM|774691889| · PARIGO|Original Publisher|SACEM|461629743|";"pilot-pending"
"PGO0026";"f6a0c777141f696c";"Latin Experience";"64f5f576e5ad9ba2";"";"LATIN FUNK (UNDERSCORE)";"Main";"false";"SR ORTEGON (SACEM) · STAN GALOUO (SACEM)";"SR ORTEGON · STAN GALOUO";"update";"suffixe-société-et-identité-structurée";"";"Parigo  (SACEM)";"SR ORTEGON|Composer|SACEM|707295141| · STAN GALOUO|Composer|SACEM|774691889| · PARIGO|Original Publisher|SACEM|461629743|";"pilot-pending"
"PGO0026";"f6a0c777141f696c";"Latin Experience";"e3985435fabfe986";"";"LATIN FUNK (UNDERSCORE 2)";"Main";"false";"SR ORTEGON (SACEM) · STAN GALOUO (SACEM)";"SR ORTEGON · STAN GALOUO";"update";"suffixe-société-et-identité-structurée";"";"Parigo  (SACEM)";"SR ORTEGON|Composer|SACEM|707295141| · STAN GALOUO|Composer|SACEM|774691889| · PARIGO|Original Publisher|SACEM|461629743|";"pilot-pending"
"PGO0026";"f6a0c777141f696c";"Latin Experience";"b1358f5138902a06";"";"MARIA BOTELLA";"Main";"false";"SR ORTEGON (SACEM) · Adalber GAVIRA (SACEM) · Francisco SMITH ANGULO (SACEM) · STAN GALOUO (SACEM)";"SR ORTEGON · Adalber GAVIRA · Francisco SMITH ANGULO · STAN GALOUO";"update";"suffixe-société";"";"Parigo  (SACEM)";"";"pilot-pending"
"PGO0026";"f6a0c777141f696c";"Latin Experience";"e52039e5d3bc7190";"";"MARIA BOTELLA (INSTRUMENTAL)";"Main";"false";"SR ORTEGON (SACEM) · Adalber GAVIRA (SACEM) · Francisco SMITH ANGULO (SACEM) · STAN GALOUO (SACEM)";"SR ORTEGON · Adalber GAVIRA · Francisco SMITH ANGULO · STAN GALOUO";"update";"suffixe-société-et-identité-structurée";"";"Parigo  (SACEM)";"SR ORTEGON|Composer|SACEM|707295141| · STAN GALOUO|Composer|SACEM|774691889| · Adalber GAVIRA|Composer|SACEM|877599060| · Francisco SMITH ANGULO|Composer|SACEM|717002777| · PARIGO|Original Publisher|SACEM|461629743|";"pilot-pending"
"PGO0026";"f6a0c777141f696c";"Latin Experience";"0e0f69cd94f39e03";"";"MARIA BOTELLA (UNDERSCORE)";"Main";"false";"SR ORTEGON (SACEM) · Adalber GAVIRA (SACEM) · Francisco SMITH ANGULO (SACEM) · STAN GALOUO (SACEM)";"SR ORTEGON · Adalber GAVIRA · Francisco SMITH ANGULO · STAN GALOUO";"update";"suffixe-société-et-identité-structurée";"";"Parigo  (SACEM)";"SR ORTEGON|Composer|SACEM|707295141| · STAN GALOUO|Composer|SACEM|774691889| · Francisco SMITH ANGULO|Composer|SACEM|717002777| · Adalber GAVIRA|Composer|SACEM|877599060| · PARIGO|Original Publisher|SACEM|461629743|";"pilot-pending"
"PGO0026";"f6a0c777141f696c";"Latin Experience";"6a02ea4c4e48f053";"";"JUNTO A TI";"Main";"false";"SR ORTEGON (SACEM) · STAN GALOUO (SACEM)";"SR ORTEGON · STAN GALOUO";"update";"suffixe-société";"";"Parigo  (SACEM)";"";"pilot-pending"
"PGO0026";"f6a0c777141f696c";"Latin Experience";"de9083e171169235";"";"JUNTO A TI (INSTRUMENTAL)";"Main";"false";"SR ORTEGON (SACEM) · STAN GALOUO (SACEM)";"SR ORTEGON · STAN GALOUO";"update";"suffixe-société-et-identité-structurée";"";"Parigo  (SACEM)";"SR ORTEGON|Composer|SACEM|707295141| · STAN GALOUO|Composer|SACEM|774691889| · PARIGO|Original Publisher|SACEM|461629743|";"pilot-pending"
"PGO0026";"f6a0c777141f696c";"Latin Experience";"6030cb6cfed5b531";"";"JUNTO A TI (UNDERSCORE)";"Main";"false";"SR ORTEGON (SACEM) · STAN GALOUO (SACEM)";"SR ORTEGON · STAN GALOUO";"update";"suffixe-société-et-identité-structurée";"";"Parigo  (SACEM)";"SR ORTEGON|Composer|SACEM|707295141| · STAN GALOUO|Composer|SACEM|774691889| · PARIGO|Original Publisher|SACEM|461629743|";"pilot-pending"
"PGO0026";"f6a0c777141f696c";"Latin Experience";"9493296d334383d3";"";"LATIN EXPERIENCE";"Main";"false";"SR ORTEGON (SACEM) · STAN GALOUO (SACEM) · Francisco SMITH ANGULO (SACEM)";"SR ORTEGON · STAN GALOUO · Francisco SMITH ANGULO";"update";"suffixe-société";"";"Parigo  (SACEM)";"";"pilot-pending"
"PGO0026";"f6a0c777141f696c";"Latin Experience";"275bc5de2180cef0";"";"LATIN EXPERIENCE (INSTRUMENTAL)";"Main";"false";"SR ORTEGON (SACEM) · STAN GALOUO (SACEM) · Francisco SMITH ANGULO (SACEM)";"SR ORTEGON · STAN GALOUO · Francisco SMITH ANGULO";"update";"suffixe-société-et-identité-structurée";"";"Parigo  (SACEM)";"SR ORTEGON|Composer|SACEM|707295141| · STAN GALOUO|Composer|SACEM|774691889| · Francisco SMITH ANGULO|Composer|SACEM|717002777| · PARIGO|Original Publisher|SACEM|461629743|";"pilot-pending"
"PGO0026";"f6a0c777141f696c";"Latin Experience";"c310fd0da85e536a";"";"LATIN EXPERIENCE (UNDERSCORE)";"Main";"false";"SR ORTEGON (SACEM) · STAN GALOUO (SACEM) · Francisco SMITH ANGULO (SACEM)";"SR ORTEGON · STAN GALOUO · Francisco SMITH ANGULO";"update";"suffixe-société-et-identité-structurée";"";"Parigo  (SACEM)";"SR ORTEGON|Composer|SACEM|707295141| · STAN GALOUO|Composer|SACEM|774691889| · Francisco SMITH ANGULO|Composer|SACEM|717002777| · PARIGO|Original Publisher|SACEM|461629743|";"pilot-pending"
"PGO0026";"f6a0c777141f696c";"Latin Experience";"2f6f4d10775c4d0f";"";"CALI GROOVE";"Main";"false";"SR ORTEGON (SACEM) · STAN GALOUO (SACEM)";"SR ORTEGON · STAN GALOUO";"update";"suffixe-société-et-identité-structurée";"";"Parigo  (SACEM)";"SR ORTEGON|Composer|SACEM|707295141| · STAN GALOUO|Composer|SACEM|774691889| · PARIGO|Original Publisher|SACEM|461629743|";"pilot-pending"
"PGO0026";"f6a0c777141f696c";"Latin Experience";"f31825c418e0a558";"";"CALI GROOVE (UNDERSCORE)";"Main";"false";"SR ORTEGON (SACEM) · STAN GALOUO (SACEM)";"SR ORTEGON · STAN GALOUO";"update";"suffixe-société-et-identité-structurée";"";"Parigo  (SACEM)";"SR ORTEGON|Composer|SACEM|707295141| · STAN GALOUO|Composer|SACEM|774691889| · PARIGO|Original Publisher|SACEM|461629743|";"pilot-pending"
"PGO0026";"f6a0c777141f696c";"Latin Experience";"42c79ac378f05e2b";"";"YOU NO MORE";"Main";"false";"SR ORTEGON (SACEM) · STAN GALOUO (SACEM) · Francisco SMITH ANGULO (SACEM)";"SR ORTEGON · STAN GALOUO · Francisco SMITH ANGULO";"update";"suffixe-société";"";"Parigo  (SACEM)";"";"pilot-pending"
"PGO0026";"f6a0c777141f696c";"Latin Experience";"a8d76dc2b1487f80";"";"YOU NO MORE (INSTRUMENTAL)";"Main";"false";"SR ORTEGON (SACEM) · STAN GALOUO (SACEM) · Francisco SMITH ANGULO (SACEM)";"SR ORTEGON · STAN GALOUO · Francisco SMITH ANGULO";"update";"suffixe-société-et-identité-structurée";"";"Parigo  (SACEM)";"SR ORTEGON|Composer|SACEM|707295141| · STAN GALOUO|Composer|SACEM|774691889| · Francisco SMITH ANGULO|Composer|SACEM|717002777| · PARIGO|Original Publisher|SACEM|461629743|";"pilot-pending"
"PGO0026";"f6a0c777141f696c";"Latin Experience";"9298364b71ace450";"";"YOU NO MORE (UNDERSCORE)";"Main";"false";"SR ORTEGON (SACEM) · STAN GALOUO (SACEM) · Francisco SMITH ANGULO (SACEM)";"SR ORTEGON · STAN GALOUO · Francisco SMITH ANGULO";"update";"suffixe-société-et-identité-structurée";"";"Parigo  (SACEM)";"SR ORTEGON|Composer|SACEM|707295141| · STAN GALOUO|Composer|SACEM|774691889| · Francisco SMITH ANGULO|Composer|SACEM|717002777| · PARIGO|Original Publisher|SACEM|461629743|";"pilot-pending"
"PGO0026";"f6a0c777141f696c";"Latin Experience";"a0d0f7be5eae4718";"";"CALLE OCHO";"Main";"false";"SR ORTEGON (SACEM) · STAN GALOUO (SACEM)";"SR ORTEGON · STAN GALOUO";"update";"suffixe-société-et-identité-structurée";"";"Parigo  (SACEM)";"SR ORTEGON|Composer|SACEM|707295141| · STAN GALOUO|Composer|SACEM|774691889| · PARIGO|Original Publisher|SACEM|461629743|";"pilot-pending"
"PGO0026";"f6a0c777141f696c";"Latin Experience";"fc06cf77081c0405";"";"CALLE OCHO (UNDERSCORE)";"Main";"false";"SR ORTEGON (SACEM) · STAN GALOUO (SACEM)";"SR ORTEGON · STAN GALOUO";"update";"suffixe-société-et-identité-structurée";"";"Parigo  (SACEM)";"SR ORTEGON|Composer|SACEM|707295141| · STAN GALOUO|Composer|SACEM|774691889| · PARIGO|Original Publisher|SACEM|461629743|";"pilot-pending"
"PGO0026";"f6a0c777141f696c";"Latin Experience";"4220f0f76e95f158";"";"LATINO SOUL";"Main";"false";"SR ORTEGON (SACEM) · STAN GALOUO (SACEM)";"SR ORTEGON · STAN GALOUO";"update";"suffixe-société-et-identité-structurée";"";"Parigo  (SACEM)";"SR ORTEGON|Composer|SACEM|707295141| · STAN GALOUO|Composer|SACEM|774691889| · PARIGO|Original Publisher|SACEM|461629743|";"pilot-pending"
"PGO0026";"f6a0c777141f696c";"Latin Experience";"03a3a11645318ba6";"";"LATINO SOUL (UNDERSCORE)";"Main";"false";"SR ORTEGON (SACEM) · STAN GALOUO (SACEM)";"SR ORTEGON · STAN GALOUO";"update";"suffixe-société-et-identité-structurée";"";"Parigo  (SACEM)";"SR ORTEGON|Composer|SACEM|707295141| · STAN GALOUO|Composer|SACEM|774691889| · PARIGO|Original Publisher|SACEM|461629743|";"pilot-pending"
"PGO0025";"40e3a07cae83eff7";"Acid";"38df86bb2ce48cb4";"";"ORIGINAL 86";"Main";"false";"Modulhater (SACEM) · Ghostmaker (SACEM)";"Modulhater · Ghostmaker";"update";"suffixe-société-et-identité-structurée";"Modulhater";"Parigo  (SACEM)";"Ghostmaker|Composer|SACEM|890425326| · Modulhater|Composer|SACEM|891096015| · PARIGO|Original Publisher|SACEM|461629743|";"pilot-pending"
"PGO0025";"40e3a07cae83eff7";"Acid";"b2765f0d76d12873";"";"KORT FIEL";"Main";"false";"Modulhater (SACEM) · Ghostmaker (SACEM)";"Modulhater · Ghostmaker";"update";"suffixe-société-et-identité-structurée";"Modulhater";"Parigo  (SACEM)";"Ghostmaker|Composer|SACEM|890425326| · Modulhater|Composer|SACEM|891096015| · PARIGO|Original Publisher|SACEM|461629743|";"pilot-pending"
"PGO0025";"40e3a07cae83eff7";"Acid";"c617c0b28ea7bc5d";"";"STILL ON ACID";"Main";"false";"Modulhater (SACEM) · Ghostmaker (SACEM)";"Modulhater · Ghostmaker";"update";"suffixe-société-et-identité-structurée";"Modulhater";"Parigo  (SACEM)";"Ghostmaker|Composer|SACEM|890425326| · Modulhater|Composer|SACEM|891096015| · PARIGO|Original Publisher|SACEM|461629743|";"pilot-pending"
"PGO0025";"40e3a07cae83eff7";"Acid";"c6ba6cbbb63f62a3";"";"GEVAERT";"Main";"false";"Modulhater (SACEM) · Ghostmaker (SACEM)";"Modulhater · Ghostmaker";"update";"suffixe-société-et-identité-structurée";"Modulhater";"Parigo  (SACEM)";"Ghostmaker|Composer|SACEM|890425326| · Modulhater|Composer|SACEM|891096015| · PARIGO|Original Publisher|SACEM|461629743|";"pilot-pending"
"PGO0025";"40e3a07cae83eff7";"Acid";"79470ac48e277288";"";"KLANG BRUTT";"Main";"false";"Modulhater (SACEM) · Ghostmaker (SACEM)";"Modulhater · Ghostmaker";"update";"suffixe-société-et-identité-structurée";"Modulhater";"Parigo  (SACEM)";"Ghostmaker|Composer|SACEM|890425326| · Modulhater|Composer|SACEM|891096015| · PARIGO|Original Publisher|SACEM|461629743|";"pilot-pending"
"PGO0025";"40e3a07cae83eff7";"Acid";"e693a65499c442d5";"";"BUNKER ALARM";"Main";"false";"Modulhater (SACEM) · Ghostmaker (SACEM)";"Modulhater · Ghostmaker";"update";"suffixe-société-et-identité-structurée";"Modulhater";"Parigo  (SACEM)";"Ghostmaker|Composer|SACEM|890425326| · Modulhater|Composer|SACEM|891096015| · PARIGO|Original Publisher|SACEM|461629743|";"pilot-pending"
"PGO0025";"40e3a07cae83eff7";"Acid";"ab36fed70e0774c0";"";"MATERIALIST";"Main";"false";"Modulhater (SACEM) · Ghostmaker (SACEM)";"Modulhater · Ghostmaker";"update";"suffixe-société-et-identité-structurée";"Modulhater";"Parigo  (SACEM)";"Ghostmaker|Composer|SACEM|890425326| · Modulhater|Composer|SACEM|891096015| · PARIGO|Original Publisher|SACEM|461629743|";"pilot-pending"
"PGO0025";"40e3a07cae83eff7";"Acid";"d7c4344367fa4366";"";"BLOCK RANDOM";"Main";"false";"Modulhater (SACEM) · Ghostmaker (SACEM)";"Modulhater · Ghostmaker";"update";"suffixe-société-et-identité-structurée";"Modulhater";"Parigo  (SACEM)";"Ghostmaker|Composer|SACEM|890425326| · Modulhater|Composer|SACEM|891096015| · PARIGO|Original Publisher|SACEM|461629743|";"pilot-pending"
"PGO0025";"40e3a07cae83eff7";"Acid";"f2ffabc40631be1c";"";"RIGORIST";"Main";"false";"Modulhater (SACEM) · Ghostmaker (SACEM)";"Modulhater · Ghostmaker";"update";"suffixe-société-et-identité-structurée";"Modulhater";"Parigo  (SACEM)";"Ghostmaker|Composer|SACEM|890425326| · Modulhater|Composer|SACEM|891096015| · PARIGO|Original Publisher|SACEM|461629743|";"pilot-pending"
"PGO0025";"40e3a07cae83eff7";"Acid";"6ffc7cd62bbd3170";"";"OBSTRUKT";"Main";"false";"Modulhater (SACEM) · Ghostmaker (SACEM)";"Modulhater · Ghostmaker";"update";"suffixe-société-et-identité-structurée";"Modulhater";"Parigo  (SACEM)";"Ghostmaker|Composer|SACEM|890425326| · Modulhater|Composer|SACEM|891096015| · PARIGO|Original Publisher|SACEM|461629743|";"pilot-pending"
"PGO0025";"40e3a07cae83eff7";"Acid";"344b591622f7b2f1";"";"INTRAVENOS";"Main";"false";"Modulhater (SACEM) · Ghostmaker (SACEM)";"Modulhater · Ghostmaker";"update";"suffixe-société-et-identité-structurée";"Modulhater";"Parigo  (SACEM)";"Ghostmaker|Composer|SACEM|890425326| · Modulhater|Composer|SACEM|891096015| · PARIGO|Original Publisher|SACEM|461629743|";"pilot-pending"
"PGO0024";"a115a18d4db049ea";"Caught In The Trap";"65125d143d097c1e";"";"DARK KNIGHT";"Main";"false";"Bonetrips (SACEM) · Liqid (SACEM) · Chicho Cortez (SACEM)";"Bonetrips · Liqid · Chicho Cortez";"update";"suffixe-société-et-identité-structurée";"";"Parigo  (SACEM)";"Chicho Cortez|Composer|SACEM|768383689| · Bonetrips|Composer|SACEM|516806453| · Liqid|Composer|SACEM|543003202| · PARIGO|Original Publisher|SACEM|461629743|";"pilot-pending"
"PGO0024";"a115a18d4db049ea";"Caught In The Trap";"13d65fb89f508c9b";"";"COUNTDOWN TO ATTACK";"Main";"false";"Bonetrips (SACEM) · Liqid (SACEM)";"Bonetrips · Liqid";"update";"suffixe-société-et-identité-structurée";"";"Parigo  (SACEM)";"Bonetrips|Composer|SACEM|516806453| · Liqid|Composer|SACEM|543003202| · PARIGO|Original Publisher|SACEM|461629743|";"pilot-pending"
"PGO0024";"a115a18d4db049ea";"Caught In The Trap";"396b64035fe5946d";"";"WORK THAT BOOTY";"Main";"false";"Bonetrips (SACEM) · Liqid (SACEM)";"Bonetrips · Liqid";"update";"suffixe-société-et-identité-structurée";"";"Parigo  (SACEM)";"Bonetrips|Composer|SACEM|516806453| · Liqid|Composer|SACEM|543003202| · PARIGO|Original Publisher|SACEM|461629743|";"pilot-pending"
"PGO0024";"a115a18d4db049ea";"Caught In The Trap";"f96c24e038f6a1ad";"";"BIG BUSINESS GONE BAD";"Main";"false";"Ducer (SACEM) · Ghostmaker (SACEM)";"Ducer · Ghostmaker";"update";"suffixe-société-et-identité-structurée";"";"Parigo  (SACEM)";"Ducer|Composer|SACEM|809357224| · Ghostmaker|Composer|SACEM|890425326| · PARIGO|Original Publisher|SACEM|461629743|";"pilot-pending"
"PGO0024";"a115a18d4db049ea";"Caught In The Trap";"fbf2a6e24e9ca1ad";"";"BREAKPOINT CHARLIE";"Main";"false";"DJ Troubl (SACEM)";"DJ Troubl";"update";"suffixe-société-et-identité-structurée";"";"Parigo  (SACEM)";"DJ Troubl|Composer|SACEM|536163361| · PARIGO|Original Publisher|SACEM|461629743|";"pilot-pending"
"PGO0024";"a115a18d4db049ea";"Caught In The Trap";"5a516a4f0d554384";"";"BOOBY TRAP";"Main";"false";"Bonetrips (SACEM) · Liqid (SACEM)";"Bonetrips · Liqid";"update";"suffixe-société-et-identité-structurée";"";"Parigo  (SACEM)";"Bonetrips|Composer|SACEM|516806453| · Liqid|Composer|SACEM|543003202| · PARIGO|Original Publisher|SACEM|461629743|";"pilot-pending"
"PGO0024";"a115a18d4db049ea";"Caught In The Trap";"0f9ed7a4f79d290a";"";"TRAP FANTASY";"Main";"false";"Amaury Messelier (SACEM) · Liqid (SACEM)";"Amaury Messelier · Liqid";"update";"suffixe-société-et-identité-structurée";"";"Parigo  (SACEM)";"Liqid|Composer|SACEM|543003202| · Amaury Messelier|Composer|SACEM|864479588| · PARIGO|Original Publisher|SACEM|461629743|";"pilot-pending"
"PGO0024";"a115a18d4db049ea";"Caught In The Trap";"f106d291afdafc49";"";"HEY BOY";"Main";"false";"Ugly Mac Beer (SACEM) · Gerz Marcellino (SACEM)";"Ugly Mac Beer · Gerz Marcellino";"update";"suffixe-société-et-identité-structurée";"";"Parigo  (SACEM)";"Ugly Mac Beer|Composer|SACEM|547737710| · Gerz Marcellino|Composer|SACEM|471241674| · PARIGO|Original Publisher|SACEM|461629743|";"pilot-pending"
"PGO0024";"a115a18d4db049ea";"Caught In The Trap";"453173785ab4e555";"";"CRIME LAB";"Main";"false";"Bonetrips (SACEM) · Liqid (SACEM)";"Bonetrips · Liqid";"update";"suffixe-société-et-identité-structurée";"";"Parigo  (SACEM)";"Bonetrips|Composer|SACEM|516806453| · Liqid|Composer|SACEM|543003202| · PARIGO|Original Publisher|SACEM|461629743|";"pilot-pending"
"PGO0024";"a115a18d4db049ea";"Caught In The Trap";"e65e6d7c03907861";"";"HOOD LIFE";"Main";"false";"Amaury Messelier (SACEM) · Liqid (SACEM)";"Amaury Messelier · Liqid";"update";"suffixe-société-et-identité-structurée";"";"Parigo  (SACEM)";"Liqid|Composer|SACEM|543003202| · Amaury Messelier|Composer|SACEM|864479588| · PARIGO|Original Publisher|SACEM|461629743|";"pilot-pending"
"PGO0024";"a115a18d4db049ea";"Caught In The Trap";"f1957c687d4e95c0";"";"BURNED AND SPINNING";"Main";"false";"Bonetrips (SACEM) · Liqid (SACEM)";"Bonetrips · Liqid";"update";"suffixe-société-et-identité-structurée";"";"Parigo  (SACEM)";"Bonetrips|Composer|SACEM|516806453| · Liqid|Composer|SACEM|543003202| · PARIGO|Original Publisher|SACEM|461629743|";"pilot-pending"
"PGO0024";"a115a18d4db049ea";"Caught In The Trap";"4d28e33baeac678d";"";"THE GODFATHER OF TRAP";"Main";"false";"Amaury Messelier (SACEM) · Liqid (SACEM)";"Amaury Messelier · Liqid";"update";"suffixe-société-et-identité-structurée";"";"Parigo  (SACEM)";"Liqid|Composer|SACEM|543003202| · Amaury Messelier|Composer|SACEM|864479588| · PARIGO|Original Publisher|SACEM|461629743|";"pilot-pending"
"PGO0024";"a115a18d4db049ea";"Caught In The Trap";"adb3f3f46cbc6a2b";"";"LIVING NIGHTMARE";"Main";"false";"DJ Troubl (SACEM)";"DJ Troubl";"update";"suffixe-société-et-identité-structurée";"";"Parigo  (SACEM)";"DJ Troubl|Composer|SACEM|536163361| · PARIGO|Original Publisher|SACEM|461629743|";"pilot-pending"
"PGO0024";"a115a18d4db049ea";"Caught In The Trap";"c91a07de59d9f896";"";"PLAYING WITH MY MIND";"Main";"false";"Ducer (SACEM) · Ghostmaker (SACEM)";"Ducer · Ghostmaker";"update";"suffixe-société-et-identité-structurée";"";"Parigo  (SACEM)";"Ducer|Composer|SACEM|809357224| · Ghostmaker|Composer|SACEM|890425326| · PARIGO|Original Publisher|SACEM|461629743|";"pilot-pending"
"PGO0024";"a115a18d4db049ea";"Caught In The Trap";"4117bee8978ae502";"";"PLAYING WITH MY MIND (INSTRUMENTAL)";"Main";"false";"Ducer (SACEM) · Ghostmaker (SACEM)";"Ducer · Ghostmaker";"update";"suffixe-société-et-identité-structurée";"";"Parigo  (SACEM)";"Ghostmaker|Composer|SACEM|890425326| · Ducer|Composer|SACEM|809357224| · PARIGO|Original Publisher|SACEM|461629743|";"pilot-pending"
"PGO0024";"a115a18d4db049ea";"Caught In The Trap";"466978473d6c8178";"";"BAD BOY PATROL";"Main";"false";"DJ Troubl (SACEM)";"DJ Troubl";"update";"suffixe-société-et-identité-structurée";"";"Parigo  (SACEM)";"DJ Troubl|Composer|SACEM|536163361| · PARIGO|Original Publisher|SACEM|461629743|";"pilot-pending"
"PGO0024";"a115a18d4db049ea";"Caught In The Trap";"0c5cdb3f09efdae8";"";"IN DA PROJECTS";"Main";"false";"Bonetrips (SACEM) · Liqid (SACEM)";"Bonetrips · Liqid";"update";"suffixe-société-et-identité-structurée";"";"Parigo  (SACEM)";"Bonetrips|Composer|SACEM|516806453| · Liqid|Composer|SACEM|543003202| · PARIGO|Original Publisher|SACEM|461629743|";"pilot-pending"
"PGO0024";"a115a18d4db049ea";"Caught In The Trap";"b911885c1383a23e";"";"SILVER HANDS";"Main";"false";"Amaury Messelier (SACEM) · Liqid (SACEM)";"Amaury Messelier · Liqid";"update";"suffixe-société-et-identité-structurée";"";"Parigo  (SACEM)";"Liqid|Composer|SACEM|543003202| · Amaury Messelier|Composer|SACEM|864479588| · PARIGO|Original Publisher|SACEM|461629743|";"pilot-pending"
"PGO0024";"a115a18d4db049ea";"Caught In The Trap";"d0a0fbd2e33ede71";"";"NOT CLEAR";"Main";"false";"DJ Troubl (SACEM)";"DJ Troubl";"update";"suffixe-société-et-identité-structurée";"";"Parigo  (SACEM)";"DJ Troubl|Composer|SACEM|536163361| · PARIGO|Original Publisher|SACEM|461629743|";"pilot-pending"
"PGO0024";"a115a18d4db049ea";"Caught In The Trap";"b23c1784977ba396";"";"LAB TRAP";"Main";"false";"Amaury Messelier (SACEM) · Liqid (SACEM)";"Amaury Messelier · Liqid";"update";"suffixe-société-et-identité-structurée";"";"Parigo  (SACEM)";"Amaury Messelier|Composer|SACEM|864479588| · Liqid|Composer|SACEM|543003202| · PARIGO|Original Publisher|SACEM|461629743|";"pilot-pending"
"PGO0023";"153f06d29662944e";"Edm From Paris";"a9816d015dc82ddf";"";"IF YOU LOVE ME";"Main";"false";"Ducer (SACEM) · Ghostmaker (SACEM)";"Ducer · Ghostmaker";"update";"suffixe-société-et-identité-structurée";"";"Parigo  (SACEM)";"Ducer|Composer|SACEM|809357224| · Ghostmaker|Composer|SACEM|890425326| · PARIGO|Original Publisher|SACEM|461629743|";"pilot-pending"
"PGO0023";"153f06d29662944e";"Edm From Paris";"af913dc0b39b1adc";"";"SAXY GIRL";"Main";"false";"Ducer (SACEM) · Ghostmaker (SACEM)";"Ducer · Ghostmaker";"update";"suffixe-société-et-identité-structurée";"";"Parigo  (SACEM)";"Ducer|Composer|SACEM|809357224| · Ghostmaker|Composer|SACEM|890425326| · PARIGO|Original Publisher|SACEM|461629743|";"pilot-pending"
"PGO0023";"153f06d29662944e";"Edm From Paris";"dcf8e63ac1f15235";"";"YOU AND I";"Main";"false";"Ducer (SACEM) · Ghostmaker (SACEM)";"Ducer · Ghostmaker";"update";"suffixe-société-et-identité-structurée";"";"Parigo  (SACEM)";"Ducer|Composer|SACEM|809357224| · Ghostmaker|Composer|SACEM|890425326| · PARIGO|Original Publisher|SACEM|461629743|";"pilot-pending"
"PGO0023";"153f06d29662944e";"Edm From Paris";"052a85fac3252d01";"";"PARTY THRILL THE NIGHT";"Main";"false";"Ducer (SACEM) · Ghostmaker (SACEM)";"Ducer · Ghostmaker";"update";"suffixe-société-et-identité-structurée";"";"Parigo  (SACEM)";"Ducer|Composer|SACEM|809357224| · Ghostmaker|Composer|SACEM|890425326| · PARIGO|Original Publisher|SACEM|461629743|";"pilot-pending"
"PGO0023";"153f06d29662944e";"Edm From Paris";"ed45a0f1eedfa2f0";"";"LISTEN WHILE MY HEART BEATS";"Main";"false";"Ducer (SACEM) · Ghostmaker (SACEM)";"Ducer · Ghostmaker";"update";"suffixe-société-et-identité-structurée";"";"Parigo  (SACEM)";"Ducer|Composer|SACEM|809357224| · Ghostmaker|Composer|SACEM|890425326| · PARIGO|Original Publisher|SACEM|461629743|";"pilot-pending"
"PGO0023";"153f06d29662944e";"Edm From Paris";"6ddeed0d36bed989";"";"TECHNICOLOR BEATS";"Main";"false";"Ducer (SACEM) · Ghostmaker (SACEM)";"Ducer · Ghostmaker";"update";"suffixe-société-et-identité-structurée";"";"Parigo  (SACEM)";"Ducer|Composer|SACEM|809357224| · Ghostmaker|Composer|SACEM|890425326| · PARIGO|Original Publisher|SACEM|461629743|";"pilot-pending"
"PGO0023";"153f06d29662944e";"Edm From Paris";"2f184442fc5f713e";"";"DEEP N SLIDE";"Main";"false";"Ducer (SACEM) · Ghostmaker (SACEM)";"Ducer · Ghostmaker";"update";"suffixe-société-et-identité-structurée";"";"Parigo  (SACEM)";"Ducer|Composer|SACEM|809357224| · Ghostmaker|Composer|SACEM|890425326| · PARIGO|Original Publisher|SACEM|461629743|";"pilot-pending"
"PGO0023";"153f06d29662944e";"Edm From Paris";"3c69a971d281ced4";"";"ALL NIGHT LONG";"Main";"false";"Ducer (SACEM) · Ghostmaker (SACEM)";"Ducer · Ghostmaker";"update";"suffixe-société-et-identité-structurée";"";"Parigo  (SACEM)";"Ducer|Composer|SACEM|809357224| · Ghostmaker|Composer|SACEM|890425326| · PARIGO|Original Publisher|SACEM|461629743|";"pilot-pending"
"PGO0023";"153f06d29662944e";"Edm From Paris";"cca35a801e928fad";"";"WAKE UP IN THE DISCO";"Main";"false";"Ducer (SACEM) · Ghostmaker (SACEM)";"Ducer · Ghostmaker";"update";"suffixe-société-et-identité-structurée";"";"Parigo  (SACEM)";"Ducer|Composer|SACEM|809357224| · Ghostmaker|Composer|SACEM|890425326| · PARIGO|Original Publisher|SACEM|461629743|";"pilot-pending"
"PGO0023";"153f06d29662944e";"Edm From Paris";"36b6fe30a0e13dd8";"";"EVER AND EVERLASTING";"Main";"false";"Ducer (SACEM) · Ghostmaker (SACEM)";"Ducer · Ghostmaker";"update";"suffixe-société-et-identité-structurée";"";"Parigo  (SACEM)";"Ducer|Composer|SACEM|809357224| · Ghostmaker|Composer|SACEM|890425326| · PARIGO|Original Publisher|SACEM|461629743|";"pilot-pending"
"PGO0023";"153f06d29662944e";"Edm From Paris";"13fc6b38bf5f1ef1";"";"BOULEVARD 909";"Main";"false";"Ducer (SACEM) · Ghostmaker (SACEM)";"Ducer · Ghostmaker";"update";"suffixe-société-et-identité-structurée";"";"Parigo  (SACEM)";"Ducer|Composer|SACEM|809357224| · Ghostmaker|Composer|SACEM|890425326| · PARIGO|Original Publisher|SACEM|461629743|";"pilot-pending"
"PGO0023";"153f06d29662944e";"Edm From Paris";"b1d1795b7fa249a5";"";"NEVER LET ME GO";"Main";"false";"Ducer (SACEM) · Ghostmaker (SACEM)";"Ducer · Ghostmaker";"update";"suffixe-société-et-identité-structurée";"";"Parigo  (SACEM)";"Ducer|Composer|SACEM|809357224| · Ghostmaker|Composer|SACEM|890425326| · PARIGO|Original Publisher|SACEM|461629743|";"pilot-pending"
"PGO0023";"153f06d29662944e";"Edm From Paris";"fc5a8687fb6a4cfa";"";"CHASE THE RAVE";"Main";"false";"Ducer (SACEM) · Ghostmaker (SACEM)";"Ducer · Ghostmaker";"update";"suffixe-société-et-identité-structurée";"";"Parigo  (SACEM)";"Ducer|Composer|SACEM|809357224| · Ghostmaker|Composer|SACEM|890425326| · PARIGO|Original Publisher|SACEM|461629743|";"pilot-pending"
"PGO0023";"153f06d29662944e";"Edm From Paris";"41bccf3f6d148325";"";"SNOWBOARDING";"Main";"false";"Ducer (SACEM) · Ghostmaker (SACEM)";"Ducer · Ghostmaker";"update";"suffixe-société-et-identité-structurée";"";"Parigo  (SACEM)";"Ducer|Composer|SACEM|809357224| · Ghostmaker|Composer|SACEM|890425326| · PARIGO|Original Publisher|SACEM|461629743|";"pilot-pending"
"PGO0023";"153f06d29662944e";"Edm From Paris";"15ebc2673af8fd5d";"";"THE ONLY ONE FOR ME";"Main";"false";"Ducer (SACEM) · Ghostmaker (SACEM)";"Ducer · Ghostmaker";"update";"suffixe-société-et-identité-structurée";"";"Parigo  (SACEM)";"Ducer|Composer|SACEM|809357224| · Ghostmaker|Composer|SACEM|890425326| · PARIGO|Original Publisher|SACEM|461629743|";"pilot-pending"
"PGO0023";"153f06d29662944e";"Edm From Paris";"7e082c8a5f5ebdb8";"";"TIPPIN OD";"Main";"false";"Ducer (SACEM) · Ghostmaker (SACEM)";"Ducer · Ghostmaker";"update";"suffixe-société-et-identité-structurée";"";"Parigo  (SACEM)";"Ducer|Composer|SACEM|809357224| · Ghostmaker|Composer|SACEM|890425326| · PARIGO|Original Publisher|SACEM|461629743|";"pilot-pending"
"PGO0023";"153f06d29662944e";"Edm From Paris";"5e1df45bb5b3cef8";"";"DEEP";"Main";"false";"Ducer (SACEM) · Ghostmaker (SACEM)";"Ducer · Ghostmaker";"update";"suffixe-société-et-identité-structurée";"";"Parigo  (SACEM)";"Ducer|Composer|SACEM|809357224| · Ghostmaker|Composer|SACEM|890425326| · PARIGO|Original Publisher|SACEM|461629743|";"pilot-pending"
"PGO0023";"153f06d29662944e";"Edm From Paris";"a595c22ce27e6eac";"";"STAY WITH ME A WHILE";"Main";"false";"Ducer (SACEM) · Ghostmaker (SACEM)";"Ducer · Ghostmaker";"update";"suffixe-société-et-identité-structurée";"";"Parigo  (SACEM)";"Ducer|Composer|SACEM|809357224| · Ghostmaker|Composer|SACEM|890425326| · PARIGO|Original Publisher|SACEM|461629743|";"pilot-pending"
"PGO0022";"2672c05a46d83f01";"Minimal Stories";"038f9f3c12e3850b";"";"FLUTTERINGS";"Main";"false";"Laurent Dury (SACEM)";"Laurent Dury";"update";"suffixe-société-et-identité-structurée";"";"Parigo  (SACEM)";"Laurent Dury|Composer|SACEM|152518584| · PARIGO|Original Publisher|SACEM|461629743|";"pilot-pending"
"PGO0022";"2672c05a46d83f01";"Minimal Stories";"8328c1e790eba7ce";"";"INFLEXIBILITY";"Main";"false";"Laurent Dury (SACEM)";"Laurent Dury";"update";"suffixe-société-et-identité-structurée";"";"Parigo  (SACEM)";"Laurent Dury|Composer|SACEM|152518584| · PARIGO|Original Publisher|SACEM|461629743|";"pilot-pending"
"PGO0022";"2672c05a46d83f01";"Minimal Stories";"d52d5d7f11d37894";"";"INFLEXIBILITY (ALTERNATE VERSION 1)";"Main";"false";"Laurent Dury (SACEM)";"Laurent Dury";"update";"suffixe-société";"";"Parigo  (SACEM)";"";"pilot-pending"
"PGO0022";"2672c05a46d83f01";"Minimal Stories";"3e06da5cb95e0d38";"";"INFLEXIBILITY (ALTERNATE VERSION 2)";"Main";"false";"Laurent Dury (SACEM)";"Laurent Dury";"update";"suffixe-société";"";"Parigo  (SACEM)";"";"pilot-pending"
"PGO0022";"2672c05a46d83f01";"Minimal Stories";"6c70b33d452f1e14";"";"SINUOSITY";"Main";"false";"Laurent Dury (SACEM)";"Laurent Dury";"update";"suffixe-société-et-identité-structurée";"";"Parigo  (SACEM)";"Laurent Dury|Composer|SACEM|152518584| · PARIGO|Original Publisher|SACEM|461629743|";"pilot-pending"
"PGO0022";"2672c05a46d83f01";"Minimal Stories";"41460df408d096c2";"";"SINUOSITY (ALTERNATE VERSION 1)";"Main";"false";"Laurent Dury (SACEM)";"Laurent Dury";"update";"suffixe-société";"";"Parigo  (SACEM)";"";"pilot-pending"
"PGO0022";"2672c05a46d83f01";"Minimal Stories";"1c738ee23fbbe972";"";"SINUOSITY (ALTERNATE VERSION 2)";"Main";"false";"Laurent Dury (SACEM)";"Laurent Dury";"update";"suffixe-société";"";"Parigo  (SACEM)";"";"pilot-pending"
"PGO0022";"2672c05a46d83f01";"Minimal Stories";"2e82140ab67079f9";"";"FLUTTERINGS (CELLO AND PIZZICATO VERSION)";"Main";"false";"Laurent Dury (SACEM)";"Laurent Dury";"update";"suffixe-société";"";"Parigo  (SACEM)";"";"pilot-pending"
"PGO0022";"2672c05a46d83f01";"Minimal Stories";"90b699b398a91fbc";"";"PIZZICATISM";"Main";"false";"Laurent Dury (SACEM)";"Laurent Dury";"update";"suffixe-société-et-identité-structurée";"";"Parigo  (SACEM)";"Laurent Dury|Composer|SACEM|152518584| · PARIGO|Original Publisher|SACEM|461629743|";"pilot-pending"
"PGO0022";"2672c05a46d83f01";"Minimal Stories";"ad98fe21aa57e765";"";"PIZZICATISM (ALTERNATE VERSION 1)";"Main";"false";"Laurent Dury (SACEM)";"Laurent Dury";"update";"suffixe-société";"";"Parigo  (SACEM)";"";"pilot-pending"
"PGO0022";"2672c05a46d83f01";"Minimal Stories";"cf7106cbabce26bc";"";"PIZZICATISM (ALTERNATE VERSION 2)";"Main";"false";"Laurent Dury (SACEM)";"Laurent Dury";"update";"suffixe-société";"";"Parigo  (SACEM)";"";"pilot-pending"
"PGO0022";"2672c05a46d83f01";"Minimal Stories";"db44c29ca45b658e";"";"CAT'S WHISKERS";"Main";"false";"Laurent Dury (SACEM)";"Laurent Dury";"update";"suffixe-société-et-identité-structurée";"";"Parigo  (SACEM)";"Laurent Dury|Composer|SACEM|152518584| · PARIGO|Original Publisher|SACEM|461629743|";"pilot-pending"
"PGO0022";"2672c05a46d83f01";"Minimal Stories";"04e752d6060123bc";"";"CAT'S WHISKERS (CELLO VERSION)";"Main";"false";"Laurent Dury (SACEM)";"Laurent Dury";"update";"suffixe-société";"";"Parigo  (SACEM)";"";"pilot-pending"
"PGO0022";"2672c05a46d83f01";"Minimal Stories";"0de1f2d882d0ce99";"";"CAT'S WHISKERS (DUET PIANO, CELLO PIZZICATO)";"Main";"false";"Laurent Dury (SACEM)";"Laurent Dury";"update";"suffixe-société";"";"Parigo  (SACEM)";"";"pilot-pending"
"PGO0022";"2672c05a46d83f01";"Minimal Stories";"60ff049c1da34468";"";"FLUTTERINGS (SOLO PIANO)";"Main";"false";"Laurent Dury (SACEM)";"Laurent Dury";"update";"suffixe-société";"";"Parigo  (SACEM)";"";"pilot-pending"
"PGO0022";"2672c05a46d83f01";"Minimal Stories";"cfbaf1e55f14f180";"";"MICROPOLIS";"Main";"false";"Laurent Dury (SACEM)";"Laurent Dury";"update";"suffixe-société-et-identité-structurée";"";"Parigo  (SACEM)";"Laurent Dury|Composer|SACEM|152518584| · PARIGO|Original Publisher|SACEM|461629743|";"pilot-pending"
"PGO0022";"2672c05a46d83f01";"Minimal Stories";"efc2f26afa20f10d";"";"MICROPOLIS (ALTERNATE VERSION 1)";"Main";"false";"Laurent Dury (SACEM)";"Laurent Dury";"update";"suffixe-société";"";"Parigo  (SACEM)";"";"pilot-pending"
"PGO0022";"2672c05a46d83f01";"Minimal Stories";"848d0c5b28f2ee6b";"";"MICROPOLIS (ALTERNATE VERSION 2)";"Main";"false";"Laurent Dury (SACEM)";"Laurent Dury";"update";"suffixe-société";"";"Parigo  (SACEM)";"";"pilot-pending"
"PGO0022";"2672c05a46d83f01";"Minimal Stories";"91d1961a8eec7160";"";"RESTORATION";"Main";"false";"Laurent Dury (SACEM)";"Laurent Dury";"update";"suffixe-société-et-identité-structurée";"";"Parigo  (SACEM)";"Laurent Dury|Composer|SACEM|152518584| · PARIGO|Original Publisher|SACEM|461629743|";"pilot-pending"
"PGO0022";"2672c05a46d83f01";"Minimal Stories";"5bfc9e8db6171e54";"";"RESTORATION (ALTERNATE VERSION 1)";"Main";"false";"Laurent Dury (SACEM)";"Laurent Dury";"update";"suffixe-société";"";"Parigo  (SACEM)";"";"pilot-pending"
"PGO0022";"2672c05a46d83f01";"Minimal Stories";"5cf72d0eec8e79b8";"";"RESTORATION (ALTERNATE VERSION 2)";"Main";"false";"Laurent Dury (SACEM)";"Laurent Dury";"update";"suffixe-société";"";"Parigo  (SACEM)";"";"pilot-pending"
"PGO0022";"2672c05a46d83f01";"Minimal Stories";"03e98bda4a1a4bf4";"";"POINTILLISM";"Main";"false";"Laurent Dury (SACEM)";"Laurent Dury";"update";"suffixe-société-et-identité-structurée";"";"Parigo  (SACEM)";"Laurent Dury|Composer|SACEM|152518584| · PARIGO|Original Publisher|SACEM|461629743|";"pilot-pending"
"PGO0022";"2672c05a46d83f01";"Minimal Stories";"b55201b685aa84c4";"";"POINTILLISM (ALTERNATE VERSION 1)";"Main";"false";"Laurent Dury (SACEM)";"Laurent Dury";"update";"suffixe-société";"";"Parigo  (SACEM)";"";"pilot-pending"
"PGO0022";"2672c05a46d83f01";"Minimal Stories";"39d6145c9a95494e";"";"POINTILLISM (ALTERNATE VERSION 2)";"Main";"false";"Laurent Dury (SACEM)";"Laurent Dury";"update";"suffixe-société";"";"Parigo  (SACEM)";"";"pilot-pending"
"PGO0022";"2672c05a46d83f01";"Minimal Stories";"acd61fc49ffa9f2b";"";"TANGOISM";"Main";"false";"Laurent Dury (SACEM)";"Laurent Dury";"update";"suffixe-société-et-identité-structurée";"";"Parigo  (SACEM)";"Laurent Dury|Composer|SACEM|152518584| · PARIGO|Original Publisher|SACEM|461629743|";"pilot-pending"
"PGO0022";"2672c05a46d83f01";"Minimal Stories";"0511728b5d2a3eb7";"";"TANGOISM (ALTERNATE VERSION 1)";"Main";"false";"Laurent Dury (SACEM)";"Laurent Dury";"update";"suffixe-société";"";"Parigo  (SACEM)";"";"pilot-pending"
"PGO0022";"2672c05a46d83f01";"Minimal Stories";"d913a9ac8f6f4185";"";"TANGOISM (ALTERNATE VERSION 2)";"Main";"false";"Laurent Dury (SACEM)";"Laurent Dury";"update";"suffixe-société";"";"Parigo  (SACEM)";"";"pilot-pending"
"PGO0022";"2672c05a46d83f01";"Minimal Stories";"c4acab26c8b96a62";"";"TIPTOEING";"Main";"false";"Laurent Dury (SACEM)";"Laurent Dury";"update";"suffixe-société-et-identité-structurée";"";"Parigo  (SACEM)";"Laurent Dury|Composer|SACEM|152518584| · PARIGO|Original Publisher|SACEM|461629743|";"pilot-pending"
"PGO0022";"2672c05a46d83f01";"Minimal Stories";"69f4968a37e5820b";"";"TIPTOEING (ALTERNATE VERSION 1)";"Main";"false";"Laurent Dury (SACEM)";"Laurent Dury";"update";"suffixe-société";"";"Parigo  (SACEM)";"";"pilot-pending"
"PGO0022";"2672c05a46d83f01";"Minimal Stories";"0ae7a1cced4470f4";"";"TIPTOEING (ALTERNATE VERSION 2)";"Main";"false";"Laurent Dury (SACEM)";"Laurent Dury";"update";"suffixe-société";"";"Parigo  (SACEM)";"";"pilot-pending"
"PGO0022";"2672c05a46d83f01";"Minimal Stories";"ccb12b14d994f121";"";"POLKAISM";"Main";"false";"Laurent Dury (SACEM)";"Laurent Dury";"update";"suffixe-société-et-identité-structurée";"";"Parigo  (SACEM)";"Laurent Dury|Composer|SACEM|152518584| · PARIGO|Original Publisher|SACEM|461629743|";"pilot-pending"
"PGO0022";"2672c05a46d83f01";"Minimal Stories";"e8619d933fcdde5a";"";"POLKAISM (DUET BASS CLARINET AND PIANO)";"Main";"false";"Laurent Dury (SACEM)";"Laurent Dury";"update";"suffixe-société";"";"Parigo  (SACEM)";"";"pilot-pending"
"PGO0022";"2672c05a46d83f01";"Minimal Stories";"308d7d3ccd683c20";"";"POLKAISM (DUET BASS CLARINET AND PIANO, LIGHT UNDERSCORE)";"Main";"false";"Laurent Dury (SACEM)";"Laurent Dury";"update";"suffixe-société";"";"Parigo  (SACEM)";"";"pilot-pending"
"PGO0021";"190ca2b3aff9c741";"Moombanana";"fc3777845fdd84fb";"";"MOOMBANANA (VOCAL)";"Main";"false";"Sebastien Delazzer (SACEM) · Lydia Diab (SACEM)";"Sebastien Delazzer · Lydia Diab";"update";"suffixe-société-et-identité-structurée";"";"PARIGO  (NS)";"Sebastien Delazzer|Composer|SACEM|874569090| · Parigo|Original Publisher|SACEM|461629743| · Lydia Diab|Composer|SACEM|874569384|";"pilot-pending"
"PGO0021";"190ca2b3aff9c741";"Moombanana";"8224c373da0b4c42";"";"MOOMBANANA (TRAP REMIX VOCAL)";"Main";"false";"Sebastien Delazzer (SACEM) · Thierry Tixier (SACEM) · Lydia Diab (SACEM)";"Sebastien Delazzer · Thierry Tixier · Lydia Diab";"update";"suffixe-société-et-identité-structurée";"";"PARIGO  (NS)";"Sebastien Delazzer|Composer|SACEM|874569090| · Parigo|Original Publisher|SACEM|461629743| · Thierry Tixier|Composer|SACEM|404300128| · Lydia Diab|Composer|SACEM|874569384|";"pilot-pending"
"PGO0021";"190ca2b3aff9c741";"Moombanana";"194fc62283e2900a";"";"MOOMBANANA (DEEP HOUSE REMIX VOCAL)";"Main";"false";"Sebastien Delazzer (SACEM) · Rafael Victor Felipe Aragon (SACEM) · Lydia Diab (SACEM)";"Sebastien Delazzer · Rafael Victor Felipe Aragon · Lydia Diab";"update";"suffixe-société-et-identité-structurée";"";"PARIGO  (NS)";"Sebastien Delazzer|Composer|SACEM|874569090| · Parigo|Original Publisher|SACEM|461629743| · Rafael Victor Felipe Aragon|Composer|SACEM|874569776| · Lydia Diab|Composer|SACEM|874569384|";"pilot-pending"
"PGO0021";"190ca2b3aff9c741";"Moombanana";"58f7b865ea9a8992";"";"MOOMBANANA (BREAKBEAT REMIX VOCAL)";"Main";"false";"Sebastien Delazzer (SACEM) · Jean Alain Nieder (SACEM) · Romain Marx (SACEM) · Lydia Diab (SACEM)";"Sebastien Delazzer · Jean Alain Nieder · Romain Marx · Lydia Diab";"update";"suffixe-société-et-identité-structurée";"";"PARIGO  (NS)";"Sebastien Delazzer|Composer|SACEM|874569090| · Parigo|Original Publisher|SACEM|461629743| · Jean Alain Nieder|Composer|SACEM|874569580| · Romain Marx|Composer|SACEM|874569678| · Lydia Diab|Composer|SACEM|874569384|";"pilot-pending"
"PGO0021";"190ca2b3aff9c741";"Moombanana";"d75ba3e90657e29b";"";"MOOMBANANA (TRIBAL HOUSE REMIX VOCAL)";"Main";"false";"Sebastien Delazzer (SACEM) · Stanislav Bendajevski (SACEM) · Lydia Diab (SACEM)";"Sebastien Delazzer · Stanislav Bendajevski · Lydia Diab";"update";"suffixe-société-et-identité-structurée";"";"PARIGO  (NS)";"Sebastien Delazzer|Composer|SACEM|874569090| · Parigo|Original Publisher|SACEM|461629743| · Stanislav Bendajevski|Composer|SACEM|874569482| · Lydia Diab|Composer|SACEM|874569384|";"pilot-pending"
"PGO0021";"190ca2b3aff9c741";"Moombanana";"73eefc2abad772d9";"";"MOOMBANANA (DEEP HOUSE REMIX INSTRUMENTAL)";"Main";"false";"Sebastien Delazzer (SACEM) · Rafael Victor Felipe Aragon (SACEM)";"Sebastien Delazzer · Rafael Victor Felipe Aragon";"update";"suffixe-société-et-identité-structurée";"";"PARIGO  (NS)";"Sebastien Delazzer|Composer|SACEM|874569090| · Parigo|Original Publisher|SACEM|461629743| · Rafael Victor Felipe Aragon|Composer|SACEM|874569776|";"pilot-pending"
"PGO0021";"190ca2b3aff9c741";"Moombanana";"b247d4bdb128de20";"";"MOOMBANANA (BREAKBEAT REMIX INSTRUMENTAL)";"Main";"false";"Sebastien Delazzer (SACEM) · Jean Alain Nieder (SACEM) · Romain Marx (SACEM)";"Sebastien Delazzer · Jean Alain Nieder · Romain Marx";"update";"suffixe-société-et-identité-structurée";"";"PARIGO  (NS)";"Sebastien Delazzer|Composer|SACEM|874569090| · Parigo|Original Publisher|SACEM|461629743| · Jean Alain Nieder|Composer|SACEM|874569580| · Romain Marx|Composer|SACEM|874569678|";"pilot-pending"
"PGO0021";"190ca2b3aff9c741";"Moombanana";"5ae133210aa6b2d3";"";"MOOMBANANA (INSTRUMENTAL)";"Main";"false";"Sebastien Delazzer (SACEM)";"Sebastien Delazzer";"update";"suffixe-société-et-identité-structurée";"";"PARIGO  (NS)";"Sebastien Delazzer|Composer|SACEM|874569090| · Parigo|Original Publisher|SACEM|461629743|";"pilot-pending"
"PGO0021";"190ca2b3aff9c741";"Moombanana";"d4b8c3d8508759bf";"";"MOOMBANANA (TRAP REMIX INSTRUMENTAL)";"Main";"false";"Sebastien Delazzer (SACEM) · Thierry Tixier (SACEM)";"Sebastien Delazzer · Thierry Tixier";"update";"suffixe-société-et-identité-structurée";"";"PARIGO  (NS)";"Sebastien Delazzer|Composer|SACEM|874569090| · Parigo|Original Publisher|SACEM|461629743| · Thierry Tixier|Composer|SACEM|404300128|";"pilot-pending"
"PGO0020";"72137b38ce6f8cb4";"A French Romance";"08b75d5ebe4196df";"";"A ROMANTIC JOURNEY";"Main";"false";"Jean-Michel Vallet (SACEM) · Claire Michael (SACEM) · Patrick Chartol (SACEM)";"Jean-Michel Vallet · Claire Michael · Patrick Chartol";"update";"suffixe-société-et-identité-structurée";"";"Parigo  (SACEM)";"Jean-Michel Vallet|Composer|SACEM|147167466| · Claire Michael|Composer|SACEM|148965034| · Patrick Chartol|Composer|SACEM|147553168| · PARIGO|Original Publisher|SACEM|461629743|";"pilot-pending"
"PGO0020";"72137b38ce6f8cb4";"A French Romance";"fb17f7f1e9e2d254";"";"WALTZ FOR EMILIE (GLOCKENSPIEL VERSION)";"Main";"false";"Jean-Michel Vallet (SACEM) · Claire Michael (SACEM) · Patrick Chartol (SACEM)";"Jean-Michel Vallet · Claire Michael · Patrick Chartol";"update";"suffixe-société";"";"Parigo  (SACEM)";"";"pilot-pending"
"PGO0020";"72137b38ce6f8cb4";"A French Romance";"ea4fea9d34eb1c74";"";"WALTZ FOR EMILIE (SOLO GLOCKENSPIEL)";"Main";"false";"Jean-Michel Vallet (SACEM) · Claire Michael (SACEM) · Patrick Chartol (SACEM)";"Jean-Michel Vallet · Claire Michael · Patrick Chartol";"update";"suffixe-société";"";"Parigo  (SACEM)";"";"pilot-pending"
"PGO0020";"72137b38ce6f8cb4";"A French Romance";"1ee15060929cfd8e";"";"WALTZ FOR EMILIE (SOLO ACCORDION)";"Main";"false";"Jean-Michel Vallet (SACEM) · Claire Michael (SACEM) · Patrick Chartol (SACEM)";"Jean-Michel Vallet · Claire Michael · Patrick Chartol";"update";"suffixe-société";"";"Parigo  (SACEM)";"";"pilot-pending"
"PGO0020";"72137b38ce6f8cb4";"A French Romance";"a857c7580a9d98f5";"";"WALTZ FOR EMILIE (SOLO PIANO)";"Main";"false";"Jean-Michel Vallet (SACEM) · Claire Michael (SACEM) · Patrick Chartol (SACEM)";"Jean-Michel Vallet · Claire Michael · Patrick Chartol";"update";"suffixe-société";"";"Parigo  (SACEM)";"";"pilot-pending"
"PGO0020";"72137b38ce6f8cb4";"A French Romance";"a43bfaf5f1ff8707";"";"THE OLD COUPLE";"Main";"false";"Jean-Michel Vallet (SACEM) · Claire Michael (SACEM) · Patrick Chartol (SACEM)";"Jean-Michel Vallet · Claire Michael · Patrick Chartol";"update";"suffixe-société-et-identité-structurée";"";"Parigo  (SACEM)";"Claire Michael|Composer|SACEM|148965034| · Jean-Michel Vallet|Composer|SACEM|147167466| · Patrick Chartol|Composer|SACEM|147553168| · PARIGO|Original Publisher|SACEM|461629743|";"pilot-pending"
"PGO0020";"72137b38ce6f8cb4";"A French Romance";"3f5efa6d4dcdd26c";"";"THE OLD COUPLE (TRIO PIANO, OBOE AND HARP)";"Main";"false";"Jean-Michel Vallet (SACEM) · Claire Michael (SACEM) · Patrick Chartol (SACEM)";"Jean-Michel Vallet · Claire Michael · Patrick Chartol";"update";"suffixe-société";"";"Parigo  (SACEM)";"";"pilot-pending"
"PGO0020";"72137b38ce6f8cb4";"A French Romance";"a124e7931c1903bb";"";"THE OLD COUPLE (DUET PIANO AND HARP)";"Main";"false";"Jean-Michel Vallet (SACEM) · Claire Michael (SACEM) · Patrick Chartol (SACEM)";"Jean-Michel Vallet · Claire Michael · Patrick Chartol";"update";"suffixe-société";"";"Parigo  (SACEM)";"";"pilot-pending"
"PGO0020";"72137b38ce6f8cb4";"A French Romance";"11eb9cc39f4b5db4";"";"THE OLD COUPLE (SOLO PIANO)";"Main";"false";"Jean-Michel Vallet (SACEM) · Claire Michael (SACEM) · Patrick Chartol (SACEM)";"Jean-Michel Vallet · Claire Michael · Patrick Chartol";"update";"suffixe-société";"";"Parigo  (SACEM)";"";"pilot-pending"
"PGO0020";"72137b38ce6f8cb4";"A French Romance";"c8c76abcd820df7f";"";"UNE FEMME, UN HOMME (VOCAL VERSION)";"Main";"false";"Jean-Michel Vallet (SACEM) · Claire Michael (SACEM) · Patrick Chartol (SACEM)";"Jean-Michel Vallet · Claire Michael · Patrick Chartol";"update";"suffixe-société-et-identité-structurée";"";"Parigo  (SACEM)";"Jean-Michel Vallet|Composer|SACEM|147167466| · Claire Michael|Composer|SACEM|148965034| · Patrick Chartol|Composer|SACEM|147553168| · PARIGO|Original Publisher|SACEM|461629743|";"pilot-pending"
"PGO0020";"72137b38ce6f8cb4";"A French Romance";"01fd01aa2611f874";"";"UNE FEMME, UN HOMME";"Main";"false";"Jean-Michel Vallet (SACEM) · Claire Michael (SACEM) · Patrick Chartol (SACEM)";"Jean-Michel Vallet · Claire Michael · Patrick Chartol";"update";"suffixe-société-et-identité-structurée";"";"Parigo  (SACEM)";"Claire Michael|Composer|SACEM|148965034| · Jean-Michel Vallet|Composer|SACEM|147167466| · Patrick Chartol|Composer|SACEM|147553168| · PARIGO|Original Publisher|SACEM|461629743|";"pilot-pending"
"PGO0020";"72137b38ce6f8cb4";"A French Romance";"967b6b9adc469928";"";"UNE FEMME, UN HOMME (DUET PIANO AND VOCAL)";"Main";"false";"Jean-Michel Vallet (SACEM) · Claire Michael (SACEM) · Patrick Chartol (SACEM)";"Jean-Michel Vallet · Claire Michael · Patrick Chartol";"update";"suffixe-société";"";"Parigo  (SACEM)";"";"pilot-pending"
"PGO0020";"72137b38ce6f8cb4";"A French Romance";"24c01ddd05a8b683";"";"UNE FEMME, UN HOMME (SOLO A CAPPELA)";"Main";"false";"Jean-Michel Vallet (SACEM) · Claire Michael (SACEM) · Patrick Chartol (SACEM)";"Jean-Michel Vallet · Claire Michael · Patrick Chartol";"update";"suffixe-société";"";"Parigo  (SACEM)";"";"pilot-pending"
"PGO0020";"72137b38ce6f8cb4";"A French Romance";"703678037ca3e1db";"";"UNE FEMME, UN HOMME (SOLO PIANO)";"Main";"false";"Jean-Michel Vallet (SACEM) · Claire Michael (SACEM) · Patrick Chartol (SACEM)";"Jean-Michel Vallet · Claire Michael · Patrick Chartol";"update";"suffixe-société";"";"Parigo  (SACEM)";"";"pilot-pending"
"PGO0020";"72137b38ce6f8cb4";"A French Romance";"a01e032fa388857a";"";"DO NOT LEAVE ME";"Main";"false";"Jean-Michel Vallet (SACEM) · Claire Michael (SACEM) · Patrick Chartol (SACEM)";"Jean-Michel Vallet · Claire Michael · Patrick Chartol";"update";"suffixe-société-et-identité-structurée";"";"Parigo  (SACEM)";"Jean-Michel Vallet|Composer|SACEM|147167466| · Claire Michael|Composer|SACEM|148965034| · Patrick Chartol|Composer|SACEM|147553168| · PARIGO|Original Publisher|SACEM|461629743|";"pilot-pending"
"PGO0020";"72137b38ce6f8cb4";"A French Romance";"d89c12bd1592ff53";"";"DO NOT LEAVE ME (DUET PIANO AND CELLO)";"Main";"false";"Jean-Michel Vallet (SACEM) · Claire Michael (SACEM) · Patrick Chartol (SACEM)";"Jean-Michel Vallet · Claire Michael · Patrick Chartol";"update";"suffixe-société";"";"Parigo  (SACEM)";"";"pilot-pending"
"PGO0020";"72137b38ce6f8cb4";"A French Romance";"b1a5db34147b3a3d";"";"DO NOT LEAVE ME (SOLO CELLO)";"Main";"false";"Jean-Michel Vallet (SACEM) · Claire Michael (SACEM) · Patrick Chartol (SACEM)";"Jean-Michel Vallet · Claire Michael · Patrick Chartol";"update";"suffixe-société";"";"Parigo  (SACEM)";"";"pilot-pending"
"PGO0020";"72137b38ce6f8cb4";"A French Romance";"7e8ca8e992e1ed4f";"";"DO NOT LEAVE ME (SOLO PIANO)";"Main";"false";"Jean-Michel Vallet (SACEM) · Claire Michael (SACEM) · Patrick Chartol (SACEM)";"Jean-Michel Vallet · Claire Michael · Patrick Chartol";"update";"suffixe-société";"";"Parigo  (SACEM)";"";"pilot-pending"
"PGO0020";"72137b38ce6f8cb4";"A French Romance";"768d0c3cd61f0a43";"";"ROMANTIC SAGA";"Main";"false";"Jean-Michel Vallet (SACEM) · Claire Michael (SACEM) · Patrick Chartol (SACEM)";"Jean-Michel Vallet · Claire Michael · Patrick Chartol";"update";"suffixe-société-et-identité-structurée";"";"Parigo  (SACEM)";"Claire Michael|Composer|SACEM|148965034| · Jean-Michel Vallet|Composer|SACEM|147167466| · Patrick Chartol|Composer|SACEM|147553168| · PARIGO|Original Publisher|SACEM|461629743|";"pilot-pending"
"PGO0020";"72137b38ce6f8cb4";"A French Romance";"44aded10dcb4e68d";"";"A ROMANTIC JOURNEY (SOLO PIANO)";"Main";"false";"Jean-Michel Vallet (SACEM) · Claire Michael (SACEM) · Patrick Chartol (SACEM)";"Jean-Michel Vallet · Claire Michael · Patrick Chartol";"update";"suffixe-société";"";"Parigo  (SACEM)";"";"pilot-pending"
"PGO0020";"72137b38ce6f8cb4";"A French Romance";"7237ad1e01aebf41";"";"ROMANTIC SAGA (STRINGS AND WOODWIND)";"Main";"false";"Jean-Michel Vallet (SACEM) · Claire Michael (SACEM) · Patrick Chartol (SACEM)";"Jean-Michel Vallet · Claire Michael · Patrick Chartol";"update";"suffixe-société";"";"Parigo  (SACEM)";"";"pilot-pending"
"PGO0020";"72137b38ce6f8cb4";"A French Romance";"7b5fab9b68d8b177";"";"ROMANTIC SAGA (SOLO PIANO)";"Main";"false";"Jean-Michel Vallet (SACEM) · Claire Michael (SACEM) · Patrick Chartol (SACEM)";"Jean-Michel Vallet · Claire Michael · Patrick Chartol";"update";"suffixe-société";"";"Parigo  (SACEM)";"";"pilot-pending"
"PGO0020";"72137b38ce6f8cb4";"A French Romance";"d7ad2626618dc67c";"";"JOLIE FLEUR";"Main";"false";"Jean-Michel Vallet (SACEM) · Claire Michael (SACEM) · Patrick Chartol (SACEM)";"Jean-Michel Vallet · Claire Michael · Patrick Chartol";"update";"suffixe-société-et-identité-structurée";"";"Parigo  (SACEM)";"Jean-Michel Vallet|Composer|SACEM|147167466| · Claire Michael|Composer|SACEM|148965034| · Patrick Chartol|Composer|SACEM|147553168| · PARIGO|Original Publisher|SACEM|461629743|";"pilot-pending"
"PGO0020";"72137b38ce6f8cb4";"A French Romance";"092c0be249eba222";"";"JOLIE FLEUR (SOLO PIANO)";"Main";"false";"Jean-Michel Vallet (SACEM) · Claire Michael (SACEM) · Patrick Chartol (SACEM)";"Jean-Michel Vallet · Claire Michael · Patrick Chartol";"update";"suffixe-société";"";"Parigo  (SACEM)";"";"pilot-pending"
"PGO0020";"72137b38ce6f8cb4";"A French Romance";"8a411e9f4cab5cd1";"";"SAFE IN MOTHER'S WOMB";"Main";"false";"Jean-Michel Vallet (SACEM) · Claire Michael (SACEM) · Patrick Chartol (SACEM)";"Jean-Michel Vallet · Claire Michael · Patrick Chartol";"update";"suffixe-société-et-identité-structurée";"";"Parigo  (SACEM)";"Claire Michael|Composer|SACEM|148965034| · Jean-Michel Vallet|Composer|SACEM|147167466| · Patrick Chartol|Composer|SACEM|147553168| · PARIGO|Original Publisher|SACEM|461629743|";"pilot-pending"
"PGO0020";"72137b38ce6f8cb4";"A French Romance";"bdeff34aecbcb4e3";"";"A ROMANTIC JOURNEY (SOLO FLUTE)";"Main";"false";"Jean-Michel Vallet (SACEM) · Claire Michael (SACEM) · Patrick Chartol (SACEM)";"Jean-Michel Vallet · Claire Michael · Patrick Chartol";"update";"suffixe-société";"";"Parigo  (SACEM)";"";"pilot-pending"
"PGO0020";"72137b38ce6f8cb4";"A French Romance";"dbb032fe2b85cd2f";"";"SAFE IN MOTHER'S WOMB (SOLO PIANO)";"Main";"false";"Jean-Michel Vallet (SACEM) · Claire Michael (SACEM) · Patrick Chartol (SACEM)";"Jean-Michel Vallet · Claire Michael · Patrick Chartol";"update";"suffixe-société";"";"Parigo  (SACEM)";"";"pilot-pending"
"PGO0020";"72137b38ce6f8cb4";"A French Romance";"8a9cd2c7c55a61f1";"";"LOVERS WALTZ";"Main";"false";"Jean-Michel Vallet (SACEM) · Claire Michael (SACEM) · Patrick Chartol (SACEM)";"Jean-Michel Vallet · Claire Michael · Patrick Chartol";"update";"suffixe-société-et-identité-structurée";"";"Parigo  (SACEM)";"Jean-Michel Vallet|Composer|SACEM|147167466| · Claire Michael|Composer|SACEM|148965034| · Patrick Chartol|Composer|SACEM|147553168| · PARIGO|Original Publisher|SACEM|461629743|";"pilot-pending"
"PGO0020";"72137b38ce6f8cb4";"A French Romance";"e3ec2e9866179ff0";"";"LOVERS WALTZ (DUET PIANO AND GLOCKENSPIEL)";"Main";"false";"Jean-Michel Vallet (SACEM) · Claire Michael (SACEM) · Patrick Chartol (SACEM)";"Jean-Michel Vallet · Claire Michael · Patrick Chartol";"update";"suffixe-société";"";"Parigo  (SACEM)";"";"pilot-pending"
"PGO0020";"72137b38ce6f8cb4";"A French Romance";"a8ec1e80fd9b1ddf";"";"LOVERS WALTZ (DUET STRINGS PIZZICATO AND GLOCKENSPIEL)";"Main";"false";"Jean-Michel Vallet (SACEM) · Claire Michael (SACEM) · Patrick Chartol (SACEM)";"Jean-Michel Vallet · Claire Michael · Patrick Chartol";"update";"suffixe-société";"";"Parigo  (SACEM)";"";"pilot-pending"
"PGO0020";"72137b38ce6f8cb4";"A French Romance";"007e627522d174ea";"";"A ROMANTIC JOURNEY (SOLO CELLO)";"Main";"false";"Jean-Michel Vallet (SACEM) · Claire Michael (SACEM) · Patrick Chartol (SACEM)";"Jean-Michel Vallet · Claire Michael · Patrick Chartol";"update";"suffixe-société";"";"Parigo  (SACEM)";"";"pilot-pending"
"PGO0020";"72137b38ce6f8cb4";"A French Romance";"8a0ebfeb181913cd";"";"LOVERS WALTZ (STRINGS VERSION)";"Main";"false";"Jean-Michel Vallet (SACEM) · Claire Michael (SACEM) · Patrick Chartol (SACEM)";"Jean-Michel Vallet · Claire Michael · Patrick Chartol";"update";"suffixe-société";"";"Parigo  (SACEM)";"";"pilot-pending"
"PGO0020";"72137b38ce6f8cb4";"A French Romance";"db7b529017738a13";"";"LOVERS WALTZ (TRIO PIANO, GLOCKENSPIEL AND ACCORDION)";"Main";"false";"Jean-Michel Vallet (SACEM) · Claire Michael (SACEM) · Patrick Chartol (SACEM)";"Jean-Michel Vallet · Claire Michael · Patrick Chartol";"update";"suffixe-société";"";"Parigo  (SACEM)";"";"pilot-pending"
"PGO0020";"72137b38ce6f8cb4";"A French Romance";"2684e5776fe8974b";"";"LOVERS WALTZ (DUET PIANO AND ACCORDION)";"Main";"false";"Jean-Michel Vallet (SACEM) · Claire Michael (SACEM) · Patrick Chartol (SACEM)";"Jean-Michel Vallet · Claire Michael · Patrick Chartol";"update";"suffixe-société";"";"Parigo  (SACEM)";"";"pilot-pending"
"PGO0020";"72137b38ce6f8cb4";"A French Romance";"6e1d445f1072f56a";"";"LOVERS WALTZ (DUET ACCORDION AND GLOCKENSPIEL, SLOW VERSION)";"Main";"false";"Jean-Michel Vallet (SACEM) · Claire Michael (SACEM) · Patrick Chartol (SACEM)";"Jean-Michel Vallet · Claire Michael · Patrick Chartol";"update";"suffixe-société";"";"Parigo  (SACEM)";"";"pilot-pending"
"PGO0020";"72137b38ce6f8cb4";"A French Romance";"beb322f20c742fb1";"";"LOVERS WALTZ (DUET ACCORDION AND GLOCKENSPIEL, FAST VERSION)";"Main";"false";"Jean-Michel Vallet (SACEM) · Claire Michael (SACEM) · Patrick Chartol (SACEM)";"Jean-Michel Vallet · Claire Michael · Patrick Chartol";"update";"suffixe-société";"";"Parigo  (SACEM)";"";"pilot-pending"
"PGO0020";"72137b38ce6f8cb4";"A French Romance";"6dea6f3173c1c25c";"";"LOVERS WALTZ (SOLO ACCORDION)";"Main";"false";"Jean-Michel Vallet (SACEM) · Claire Michael (SACEM) · Patrick Chartol (SACEM)";"Jean-Michel Vallet · Claire Michael · Patrick Chartol";"update";"suffixe-société";"";"Parigo  (SACEM)";"";"pilot-pending"
"PGO0020";"72137b38ce6f8cb4";"A French Romance";"b680b23872dcb5b7";"";"LOVERS WALTZ (SOLO PIANO)";"Main";"false";"Jean-Michel Vallet (SACEM) · Claire Michael (SACEM) · Patrick Chartol (SACEM)";"Jean-Michel Vallet · Claire Michael · Patrick Chartol";"update";"suffixe-société";"";"Parigo  (SACEM)";"";"pilot-pending"
"PGO0020";"72137b38ce6f8cb4";"A French Romance";"4bf015a67e288608";"";"REMEMBERING YOUR LOVE";"Main";"false";"Jean-Michel Vallet (SACEM) · Claire Michael (SACEM) · Patrick Chartol (SACEM)";"Jean-Michel Vallet · Claire Michael · Patrick Chartol";"update";"suffixe-société-et-identité-structurée";"";"Parigo  (SACEM)";"Claire Michael|Composer|SACEM|148965034| · Jean-Michel Vallet|Composer|SACEM|147167466| · Patrick Chartol|Composer|SACEM|147553168| · PARIGO|Original Publisher|SACEM|461629743|";"pilot-pending"
"PGO0020";"72137b38ce6f8cb4";"A French Romance";"ebc0c6ce84d53479";"";"A ROMANTIC JOURNEY (ATMOSPHERIC STRINGS VERSION)";"Main";"false";"Jean-Michel Vallet (SACEM) · Claire Michael (SACEM) · Patrick Chartol (SACEM)";"Jean-Michel Vallet · Claire Michael · Patrick Chartol";"update";"suffixe-société";"";"Parigo  (SACEM)";"";"pilot-pending"
"PGO0020";"72137b38ce6f8cb4";"A French Romance";"e6bf8ac62df4e662";"";"REMEMBERING YOUR LOVE (PIANO AND FLUTE DUET)";"Main";"false";"Jean-Michel Vallet (SACEM) · Claire Michael (SACEM) · Patrick Chartol (SACEM)";"Jean-Michel Vallet · Claire Michael · Patrick Chartol";"update";"suffixe-société";"";"Parigo  (SACEM)";"";"pilot-pending"
"PGO0020";"72137b38ce6f8cb4";"A French Romance";"8af553ad7e018cb1";"";"REMEMBERING YOUR LOVE (STRINGS AND WOODWIND)";"Main";"false";"Jean-Michel Vallet (SACEM) · Claire Michael (SACEM) · Patrick Chartol (SACEM)";"Jean-Michel Vallet · Claire Michael · Patrick Chartol";"update";"suffixe-société";"";"Parigo  (SACEM)";"";"pilot-pending"
"PGO0020";"72137b38ce6f8cb4";"A French Romance";"5d29c566d1003258";"";"REMEMBERING YOUR LOVE (SOLO PIANO)";"Main";"false";"Jean-Michel Vallet (SACEM) · Claire Michael (SACEM) · Patrick Chartol (SACEM)";"Jean-Michel Vallet · Claire Michael · Patrick Chartol";"update";"suffixe-société";"";"Parigo  (SACEM)";"";"pilot-pending"
"PGO0020";"72137b38ce6f8cb4";"A French Romance";"83c62a3dd125fc65";"";"LOVE IS THE TRUTH";"Main";"false";"Jean-Michel Vallet (SACEM) · Claire Michael (SACEM) · Patrick Chartol (SACEM)";"Jean-Michel Vallet · Claire Michael · Patrick Chartol";"update";"suffixe-société-et-identité-structurée";"";"Parigo  (SACEM)";"Jean-Michel Vallet|Composer|SACEM|147167466| · Claire Michael|Composer|SACEM|148965034| · Patrick Chartol|Composer|SACEM|147553168| · PARIGO|Original Publisher|SACEM|461629743|";"pilot-pending"
"PGO0020";"72137b38ce6f8cb4";"A French Romance";"03b2239ee723ddaf";"";"LOVE IS THE TRUTH (SOLO PIANO)";"Main";"false";"Jean-Michel Vallet (SACEM) · Claire Michael (SACEM) · Patrick Chartol (SACEM)";"Jean-Michel Vallet · Claire Michael · Patrick Chartol";"update";"suffixe-société";"";"Parigo  (SACEM)";"";"pilot-pending"
"PGO0020";"72137b38ce6f8cb4";"A French Romance";"c8f0c89f91d9695c";"";"WALTZ FOR EMILIE";"Main";"false";"Jean-Michel Vallet (SACEM) · Claire Michael (SACEM) · Patrick Chartol (SACEM)";"Jean-Michel Vallet · Claire Michael · Patrick Chartol";"update";"suffixe-société-et-identité-structurée";"";"Parigo  (SACEM)";"Claire Michael|Composer|SACEM|148965034| · Patrick Chartol|Composer|SACEM|147553168| · Jean-Michel Vallet|Composer|SACEM|147167466| · PARIGO|Original Publisher|SACEM|461629743|";"pilot-pending"
"PGO0020";"72137b38ce6f8cb4";"A French Romance";"61cb30126ea621a3";"";"CELTIC FRENCH LEGEND";"Main";"false";"Jean-Michel Vallet (SACEM) · Claire Michael (SACEM) · Patrick Chartol (SACEM)";"Jean-Michel Vallet · Claire Michael · Patrick Chartol";"update";"suffixe-société-et-identité-structurée";"";"Parigo  (SACEM)";"Claire Michael|Composer|SACEM|148965034| · Jean-Michel Vallet|Composer|SACEM|147167466| · Patrick Chartol|Composer|SACEM|147553168| · PARIGO|Original Publisher|SACEM|461629743|";"pilot-pending"
"PGO0020";"72137b38ce6f8cb4";"A French Romance";"e3ba84a191d5a334";"";"CELTIC FRENCH LEGEND (FLUTE VERSION)";"Main";"false";"Jean-Michel Vallet (SACEM) · Claire Michael (SACEM) · Patrick Chartol (SACEM)";"Jean-Michel Vallet · Claire Michael · Patrick Chartol";"update";"suffixe-société-et-identité-structurée";"";"Parigo  (SACEM)";"Jean-Michel Vallet|Composer|SACEM|147167466| · Claire Michael|Composer|SACEM|148965034| · Patrick Chartol|Composer|SACEM|147553168| · PARIGO|Original Publisher|SACEM|461629743|";"pilot-pending"
"PGO0020";"72137b38ce6f8cb4";"A French Romance";"bdb6ea32d1d44a31";"";"CELTIC FRENCH LEGEND (STRINGS VERSION)";"Main";"false";"Jean-Michel Vallet (SACEM) · Claire Michael (SACEM) · Patrick Chartol (SACEM)";"Jean-Michel Vallet · Claire Michael · Patrick Chartol";"update";"suffixe-société";"";"Parigo  (SACEM)";"";"pilot-pending"
"PGO0020";"72137b38ce6f8cb4";"A French Romance";"daf26aa922a1a8a8";"";"CELTIC FRENCH LEGEND (GLOCKENSPIEL VERSION)";"Main";"false";"Jean-Michel Vallet (SACEM) · Claire Michael (SACEM) · Patrick Chartol (SACEM)";"Jean-Michel Vallet · Claire Michael · Patrick Chartol";"update";"suffixe-société";"";"Parigo  (SACEM)";"";"pilot-pending"
"PGO0020";"72137b38ce6f8cb4";"A French Romance";"ecbf6e25f7b0b51c";"";"CELTIC FRENCH LEGEND (SOLO GLOCKENSPIEL)";"Main";"false";"Jean-Michel Vallet (SACEM) · Claire Michael (SACEM) · Patrick Chartol (SACEM)";"Jean-Michel Vallet · Claire Michael · Patrick Chartol";"update";"suffixe-société";"";"Parigo  (SACEM)";"";"pilot-pending"
"PGO0020";"72137b38ce6f8cb4";"A French Romance";"4e07f0f0fab6f310";"";"CELTIC FRENCH LEGEND (SOLO PIANO)";"Main";"false";"Jean-Michel Vallet (SACEM) · Claire Michael (SACEM) · Patrick Chartol (SACEM)";"Jean-Michel Vallet · Claire Michael · Patrick Chartol";"update";"suffixe-société";"";"Parigo  (SACEM)";"";"pilot-pending"
"PGO0020";"72137b38ce6f8cb4";"A French Romance";"37400800701af49c";"";"SPARKLING REVERIE";"Main";"false";"Jean-Michel Vallet (SACEM) · Claire Michael (SACEM) · Patrick Chartol (SACEM)";"Jean-Michel Vallet · Claire Michael · Patrick Chartol";"update";"suffixe-société-et-identité-structurée";"";"Parigo  (SACEM)";"Claire Michael|Composer|SACEM|148965034| · Jean-Michel Vallet|Composer|SACEM|147167466| · Patrick Chartol|Composer|SACEM|147553168| · PARIGO|Original Publisher|SACEM|461629743|";"pilot-pending"
"PGO0020";"72137b38ce6f8cb4";"A French Romance";"6bc4a5bd24dfc1db";"";"SPARKLING REVERIE (PIANO VERSION)";"Main";"false";"Jean-Michel Vallet (SACEM) · Claire Michael (SACEM) · Patrick Chartol (SACEM)";"Jean-Michel Vallet · Claire Michael · Patrick Chartol";"update";"suffixe-société-et-identité-structurée";"";"Parigo  (SACEM)";"Jean-Michel Vallet|Composer|SACEM|147167466| · Claire Michael|Composer|SACEM|148965034| · Patrick Chartol|Composer|SACEM|147553168| · PARIGO|Original Publisher|SACEM|461629743|";"pilot-pending"
"PGO0020";"72137b38ce6f8cb4";"A French Romance";"2e6fa8883bce85b9";"";"SPARKLING REVERIE (SOLO PIANO)";"Main";"false";"Jean-Michel Vallet (SACEM) · Claire Michael (SACEM) · Patrick Chartol (SACEM)";"Jean-Michel Vallet · Claire Michael · Patrick Chartol";"update";"suffixe-société";"";"Parigo  (SACEM)";"";"pilot-pending"
"PGO0019";"5da456cd1765736e";"Tears Of Hope";"2c2a0e2642f51cbe";"";"OF IVORY AND HORN";"Main";"false";"Of Ivory And Horn (NS)";"Of Ivory And Horn";"update";"suffixe-société";"";"Parigo  (SACEM)";"";"pilot-pending"
"PGO0019";"5da456cd1765736e";"Tears Of Hope";"734545b81975d08c";"";"NATURE IS MY FRIEND (SOLO GUITAR)";"Main";"false";"Of Ivory And Horn (NS)";"Of Ivory And Horn";"update";"suffixe-société";"";"Parigo  (SACEM)";"";"pilot-pending"
"PGO0019";"5da456cd1765736e";"Tears Of Hope";"e16f919382d08913";"";"BORN IN WINTER";"Main";"false";"Of Ivory And Horn (NS)";"Of Ivory And Horn";"update";"suffixe-société-et-identité-structurée";"";"Parigo  (SACEM)";"Of Ivory And Horn|Composer|NS|00756250241| · PARIGO|Original Publisher|SACEM|461629743|";"pilot-pending"
"PGO0019";"5da456cd1765736e";"Tears Of Hope";"27e94f5c7adfd422";"";"BORN IN WINTER (SOLO PIANO)";"Main";"false";"Of Ivory And Horn (NS)";"Of Ivory And Horn";"update";"suffixe-société";"";"Parigo  (SACEM)";"";"pilot-pending"
"PGO0019";"5da456cd1765736e";"Tears Of Hope";"0af590ee63d0205e";"";"A NEW BEGINNING";"Main";"false";"Of Ivory And Horn (NS)";"Of Ivory And Horn";"update";"suffixe-société-et-identité-structurée";"";"Parigo  (SACEM)";"Of Ivory And Horn|Composer|NS|00756250241| · PARIGO|Original Publisher|SACEM|461629743|";"pilot-pending"
"PGO0019";"5da456cd1765736e";"Tears Of Hope";"5909c9a9c8ac63d7";"";"TEARS OF HOPE";"Main";"false";"Of Ivory And Horn (NS)";"Of Ivory And Horn";"update";"suffixe-société-et-identité-structurée";"";"Parigo  (SACEM)";"Of Ivory And Horn|Composer|NS|00756250241| · PARIGO|Original Publisher|SACEM|461629743|";"pilot-pending"
"PGO0019";"5da456cd1765736e";"Tears Of Hope";"9b95e1fd83c78da2";"";"A NEW BEGINNING (SOLO PIANO)";"Main";"false";"Of Ivory And Horn (NS)";"Of Ivory And Horn";"update";"suffixe-société";"";"Parigo  (SACEM)";"";"pilot-pending"
"PGO0019";"5da456cd1765736e";"Tears Of Hope";"a20cdb0c02a177a8";"";"TO WEAVE ROSES";"Main";"false";"Of Ivory And Horn (NS)";"Of Ivory And Horn";"update";"suffixe-société";"";"Parigo  (SACEM)";"";"pilot-pending"
"PGO0019";"5da456cd1765736e";"Tears Of Hope";"ae56a81e97f1b256";"";"WEAVING REGRETS";"Main";"false";"Of Ivory And Horn (NS)";"Of Ivory And Horn";"update";"suffixe-société-et-identité-structurée";"";"Parigo  (SACEM)";"Of Ivory And Horn|Composer|NS|00756250241| · PARIGO|Original Publisher|SACEM|461629743|";"pilot-pending"
"PGO0019";"5da456cd1765736e";"Tears Of Hope";"930f2e9c0091db9e";"";"WEAVING REGRETS (CELLO VERSION)";"Main";"false";"Of Ivory And Horn (NS)";"Of Ivory And Horn";"update";"suffixe-société";"";"Parigo  (SACEM)";"";"pilot-pending"
"PGO0019";"5da456cd1765736e";"Tears Of Hope";"a28caa6796a875fb";"";"CLIMBING TO HAPPINESS";"Main";"false";"Of Ivory And Horn (NS)";"Of Ivory And Horn";"update";"suffixe-société-et-identité-structurée";"";"Parigo  (SACEM)";"Of Ivory And Horn|Composer|NS|00756250241| · PARIGO|Original Publisher|SACEM|461629743|";"pilot-pending"
"PGO0019";"5da456cd1765736e";"Tears Of Hope";"df08697ea56304d2";"";"BY THE LOST LOVE FOUNTAIN";"Main";"false";"Of Ivory And Horn (NS)";"Of Ivory And Horn";"update";"suffixe-société-et-identité-structurée";"";"Parigo  (SACEM)";"Of Ivory And Horn|Composer|NS|00756250241| · PARIGO|Original Publisher|SACEM|461629743|";"pilot-pending"
"PGO0019";"5da456cd1765736e";"Tears Of Hope";"f784a3ae1fa98a98";"";"THE LAST PIECE";"Main";"false";"Of Ivory And Horn (NS)";"Of Ivory And Horn";"update";"suffixe-société";"";"Parigo  (SACEM)";"";"pilot-pending"
"PGO0019";"5da456cd1765736e";"Tears Of Hope";"02dc8ab47abc3f3d";"";"A HANDFUL OF DREAMS";"Main";"false";"Of Ivory And Horn (NS)";"Of Ivory And Horn";"update";"suffixe-société-et-identité-structurée";"";"Parigo  (SACEM)";"Of Ivory And Horn|Composer|NS|00756250241| · PARIGO|Original Publisher|SACEM|461629743|";"pilot-pending"
"PGO0019";"5da456cd1765736e";"Tears Of Hope";"5d69eeaf3d802a1f";"";"A HANDFUL OF DREAMS (GUITAR DUO)";"Main";"false";"Of Ivory And Horn (NS)";"Of Ivory And Horn";"update";"suffixe-société";"";"Parigo  (SACEM)";"";"pilot-pending"
"PGO0019";"5da456cd1765736e";"Tears Of Hope";"8b0ebb4fe62f4d66";"";"A HANDFUL OF DREAMS (SOLO PIANO)";"Main";"false";"Of Ivory And Horn (NS)";"Of Ivory And Horn";"update";"suffixe-société";"";"Parigo  (SACEM)";"";"pilot-pending"
"PGO0019";"5da456cd1765736e";"Tears Of Hope";"9984a396c7f2f9c9";"";"SORROW'S PICTURES";"Main";"false";"Of Ivory And Horn (NS)";"Of Ivory And Horn";"update";"suffixe-société-et-identité-structurée";"";"Parigo  (SACEM)";"Of Ivory And Horn|Composer|NS|00756250241| · PARIGO|Original Publisher|SACEM|461629743|";"pilot-pending"
"PGO0019";"5da456cd1765736e";"Tears Of Hope";"570081e2857d8d23";"";"SORROW'S PICTURES (PIANO DUO)";"Main";"false";"Of Ivory And Horn (NS)";"Of Ivory And Horn";"update";"suffixe-société";"";"Parigo  (SACEM)";"";"pilot-pending"
"PGO0019";"5da456cd1765736e";"Tears Of Hope";"5265d19dad981b13";"";"AERIAL LANDSCAPE";"Main";"false";"Of Ivory And Horn (NS)";"Of Ivory And Horn";"update";"suffixe-société-et-identité-structurée";"";"Parigo  (SACEM)";"Of Ivory And Horn|Composer|NS|00756250241| · PARIGO|Original Publisher|SACEM|461629743|";"pilot-pending"
"PGO0019";"5da456cd1765736e";"Tears Of Hope";"38d5c0fab4d54919";"";"MARSEILLAISE SYMPATHY";"Main";"false";"Of Ivory And Horn (NS)";"Of Ivory And Horn";"update";"suffixe-société-et-identité-structurée";"";"Parigo  (SACEM)";"Of Ivory And Horn|Composer|NS|00756250241| · PARIGO|Original Publisher|SACEM|461629743|";"pilot-pending"
"PGO0019";"5da456cd1765736e";"Tears Of Hope";"1c4b836422fb5612";"";"THE BRIGADE OF FLYING BOATS";"Main";"false";"Of Ivory And Horn (NS)";"Of Ivory And Horn";"update";"suffixe-société";"";"Parigo  (SACEM)";"";"pilot-pending"
"PGO0019";"5da456cd1765736e";"Tears Of Hope";"c17aeb21c327c56c";"";"EVERYTHING WILL BE OKAY NOW";"Main";"false";"Of Ivory And Horn (NS)";"Of Ivory And Horn";"update";"suffixe-société-et-identité-structurée";"";"Parigo  (SACEM)";"Of Ivory And Horn|Composer|NS|00756250241| · PARIGO|Original Publisher|SACEM|461629743|";"pilot-pending"
"PGO0019";"5da456cd1765736e";"Tears Of Hope";"c9b8da5831f76faa";"";"TEARS OF HOPE (PIANO & CELLO DUET)";"Main";"false";"Of Ivory And Horn (NS)";"Of Ivory And Horn";"update";"suffixe-société";"";"Parigo  (SACEM)";"";"pilot-pending"
"PGO0019";"5da456cd1765736e";"Tears Of Hope";"fa4540e574549b3c";"";"EVERYTHING WILL BE OKAY NOW (SOLO GUITAR)";"Main";"false";"Of Ivory And Horn (NS)";"Of Ivory And Horn";"update";"suffixe-société";"";"Parigo  (SACEM)";"";"pilot-pending"
"PGO0019";"5da456cd1765736e";"Tears Of Hope";"294ee152f492c5bb";"";"SUSPENDED TIME";"Main";"false";"Of Ivory And Horn (NS)";"Of Ivory And Horn";"update";"suffixe-société-et-identité-structurée";"";"Parigo  (SACEM)";"Of Ivory And Horn|Composer|NS|00756250241| · PARIGO|Original Publisher|SACEM|461629743|";"pilot-pending"
"PGO0019";"5da456cd1765736e";"Tears Of Hope";"c45a161edf74e8b6";"";"SUSPENDED TIME (UNDERSCORE)";"Main";"false";"Of Ivory And Horn (NS)";"Of Ivory And Horn";"update";"suffixe-société";"";"Parigo  (SACEM)";"";"pilot-pending"
"PGO0019";"5da456cd1765736e";"Tears Of Hope";"a926291f2489683a";"";"THE GOOD OLD DAYS";"Main";"false";"Of Ivory And Horn (NS)";"Of Ivory And Horn";"update";"suffixe-société-et-identité-structurée";"";"Parigo  (SACEM)";"Of Ivory And Horn|Composer|NS|00756250241| · PARIGO|Original Publisher|SACEM|461629743|";"pilot-pending"
"PGO0019";"5da456cd1765736e";"Tears Of Hope";"601ba1047608ce78";"";"TEARS OF HOPE (SOLO GUITAR)";"Main";"false";"Of Ivory And Horn (NS)";"Of Ivory And Horn";"update";"suffixe-société";"";"Parigo  (SACEM)";"";"pilot-pending"
"PGO0019";"5da456cd1765736e";"Tears Of Hope";"418bcdc9bb774e5f";"";"THE GOOD OLD DAYS (MUSIC BOX VERSION)";"Main";"false";"Of Ivory And Horn (NS)";"Of Ivory And Horn";"update";"suffixe-société";"";"Parigo  (SACEM)";"";"pilot-pending"
"PGO0019";"5da456cd1765736e";"Tears Of Hope";"88bc32f0805bb653";"";"THE GOOD OLD DAYS (SOUTH AFRICAN VERSION)";"Main";"false";"Of Ivory And Horn (NS)";"Of Ivory And Horn";"update";"suffixe-société";"";"Parigo  (SACEM)";"";"pilot-pending"
"PGO0019";"5da456cd1765736e";"Tears Of Hope";"07798c1bce328fb8";"";"THE GOOD OLD DAYS (VIDEO GAMES VERSION 1)";"Main";"false";"Of Ivory And Horn (NS)";"Of Ivory And Horn";"update";"suffixe-société";"";"Parigo  (SACEM)";"";"pilot-pending"
"PGO0019";"5da456cd1765736e";"Tears Of Hope";"0ca8bd271738525b";"";"THE GOOD OLD DAYS (VIDEO GAMES VERSION 2)";"Main";"false";"Of Ivory And Horn (NS)";"Of Ivory And Horn";"update";"suffixe-société";"";"Parigo  (SACEM)";"";"pilot-pending"
"PGO0019";"5da456cd1765736e";"Tears Of Hope";"1dd1e369a2e8930e";"";"THE FLOWER SELLER";"Main";"false";"Of Ivory And Horn (NS)";"Of Ivory And Horn";"update";"suffixe-société-et-identité-structurée";"";"Parigo  (SACEM)";"Of Ivory And Horn|Composer|NS|00756250241| · PARIGO|Original Publisher|SACEM|461629743|";"pilot-pending"
"PGO0019";"5da456cd1765736e";"Tears Of Hope";"f9804eb840f8c12d";"";"THE FLOWER SELLER (UNDERSCORE)";"Main";"false";"Of Ivory And Horn (NS)";"Of Ivory And Horn";"update";"suffixe-société";"";"Parigo  (SACEM)";"";"pilot-pending"
"PGO0019";"5da456cd1765736e";"Tears Of Hope";"cf2c250bc8ad4e56";"";"SUBLIMINAL VOICES";"Main";"false";"Of Ivory And Horn (NS)";"Of Ivory And Horn";"update";"suffixe-société-et-identité-structurée";"";"Parigo  (SACEM)";"Of Ivory And Horn|Composer|NS|00756250241| · PARIGO|Original Publisher|SACEM|461629743|";"pilot-pending"
"PGO0019";"5da456cd1765736e";"Tears Of Hope";"91b504b5db6a7cf8";"";"TEARS OF HOPE (SOLO PIANO)";"Main";"false";"Of Ivory And Horn (NS)";"Of Ivory And Horn";"update";"suffixe-société";"";"Parigo  (SACEM)";"";"pilot-pending"
"PGO0019";"5da456cd1765736e";"Tears Of Hope";"c17be24ea28f5e59";"";"TO MY FRIENDS";"Main";"false";"Of Ivory And Horn (NS)";"Of Ivory And Horn";"update";"suffixe-société";"";"Parigo  (SACEM)";"";"pilot-pending"
"PGO0019";"5da456cd1765736e";"Tears Of Hope";"b262a848aa54db6a";"";"NATURE IS MY FRIEND";"Main";"false";"Of Ivory And Horn (NS)";"Of Ivory And Horn";"update";"suffixe-société-et-identité-structurée";"";"Parigo  (SACEM)";"Of Ivory And Horn|Composer|NS|00756250241| · PARIGO|Original Publisher|SACEM|461629743|";"pilot-pending"
"PGO0018";"94e149484f9fa7ea";"Middle Eastern Journey";"2587b3d93818e717";"";"ARABIAN MYSTERIES (SOLO KANOUN)";"Main";"false";"Wamid AL WAHAB (NS) · Naufalle AL WAHAB (NS)";"Wamid AL WAHAB · Naufalle AL WAHAB";"update";"suffixe-société";"";"Parigo  (SACEM)";"";"pilot-pending"
"PGO0018";"94e149484f9fa7ea";"Middle Eastern Journey";"71a9abdd1a0dc808";"";"ARABIAN MYSTERIES";"Main";"false";"Wamid AL WAHAB (NS) · Naufalle AL WAHAB (NS)";"Wamid AL WAHAB · Naufalle AL WAHAB";"update";"suffixe-société-et-identité-structurée";"";"Parigo  (SACEM)";"Wamid AL WAHAB|Composer|NS|00473802645| · Naufalle AL WAHAB|Composer|NS|00475989970| · Parigo|Original Publisher|SACEM|461629743|";"pilot-pending"
"PGO0018";"94e149484f9fa7ea";"Middle Eastern Journey";"75884c68c19f9c12";"";"MEDINA TODAY";"Main";"false";"Wamid AL WAHAB (NS) · Naufalle AL WAHAB (NS)";"Wamid AL WAHAB · Naufalle AL WAHAB";"update";"suffixe-société-et-identité-structurée";"";"Parigo  (SACEM)";"Naufalle AL WAHAB|Composer|NS|00475989970| · Wamid AL WAHAB|Composer|NS|00473802645| · Parigo|Original Publisher|SACEM|461629743|";"pilot-pending"
"PGO0018";"94e149484f9fa7ea";"Middle Eastern Journey";"237f242dd1e7b277";"";"MEDINA TODAY (NO BEAT)";"Main";"false";"Wamid AL WAHAB (NS) · Naufalle AL WAHAB (NS)";"Wamid AL WAHAB · Naufalle AL WAHAB";"update";"suffixe-société";"";"Parigo  (SACEM)";"";"pilot-pending"
"PGO0018";"94e149484f9fa7ea";"Middle Eastern Journey";"49adbb5df180778c";"";"MEDINA TODAY (NO BEAT, LIGHT UNDERSCORE)";"Main";"false";"Wamid AL WAHAB (NS) · Naufalle AL WAHAB (NS)";"Wamid AL WAHAB · Naufalle AL WAHAB";"update";"suffixe-société";"";"Parigo  (SACEM)";"";"pilot-pending"
"PGO0018";"94e149484f9fa7ea";"Middle Eastern Journey";"5a4ee3ecf49001da";"";"MEDINA TODAY (NO BEAT, LIGHT UNDERSCORE 2)";"Main";"false";"Wamid AL WAHAB (NS) · Naufalle AL WAHAB (NS)";"Wamid AL WAHAB · Naufalle AL WAHAB";"update";"suffixe-société";"";"Parigo  (SACEM)";"";"pilot-pending"
"PGO0018";"94e149484f9fa7ea";"Middle Eastern Journey";"0392e835c0c25f74";"";"CARAVANS OF THE DESERT";"Main";"false";"Wamid AL WAHAB (NS) · Naufalle AL WAHAB (NS)";"Wamid AL WAHAB · Naufalle AL WAHAB";"update";"suffixe-société-et-identité-structurée";"";"Parigo  (SACEM)";"Naufalle AL WAHAB|Composer|NS|00475989970| · Wamid AL WAHAB|Composer|NS|00473802645| · Parigo|Original Publisher|SACEM|461629743|";"pilot-pending"
"PGO0018";"94e149484f9fa7ea";"Middle Eastern Journey";"1b2d34ca36ee3624";"";"CARAVANS OF THE DESERT (NO BEAT)";"Main";"false";"Wamid AL WAHAB (NS) · Naufalle AL WAHAB (NS)";"Wamid AL WAHAB · Naufalle AL WAHAB";"update";"suffixe-société";"";"Parigo  (SACEM)";"";"pilot-pending"
"PGO0018";"94e149484f9fa7ea";"Middle Eastern Journey";"b0a7ccdfeea03396";"";"ARABIC GNOSSIENNE";"Main";"false";"Wamid AL WAHAB (NS) · Naufalle AL WAHAB (NS)";"Wamid AL WAHAB · Naufalle AL WAHAB";"update";"suffixe-société-et-identité-structurée";"";"Parigo  (SACEM)";"Wamid AL WAHAB|Composer|NS|00473802645| · Naufalle AL WAHAB|Composer|NS|00475989970| · Parigo|Original Publisher|SACEM|461629743|";"pilot-pending"
"PGO0018";"94e149484f9fa7ea";"Middle Eastern Journey";"1e7cdcd1bcd0df0a";"";"ARABIC GNOSSIENNE (NO BEAT)";"Main";"false";"Wamid AL WAHAB (NS) · Naufalle AL WAHAB (NS)";"Wamid AL WAHAB · Naufalle AL WAHAB";"update";"suffixe-société";"";"Parigo  (SACEM)";"";"pilot-pending"
"PGO0018";"94e149484f9fa7ea";"Middle Eastern Journey";"ba41cbce9584c78a";"";"ARABIC GNOSSIENNE (NO BEAT, LIGHT UNDERSCORE)";"Main";"false";"Wamid AL WAHAB (NS) · Naufalle AL WAHAB (NS)";"Wamid AL WAHAB · Naufalle AL WAHAB";"update";"suffixe-société";"";"Parigo  (SACEM)";"";"pilot-pending"
"PGO0018";"94e149484f9fa7ea";"Middle Eastern Journey";"2403df3c4d73616f";"";"ARABIC GNOSSIENNE (NO BEAT, LIGHT UNDERSCORE 2)";"Main";"false";"Wamid AL WAHAB (NS) · Naufalle AL WAHAB (NS)";"Wamid AL WAHAB · Naufalle AL WAHAB";"update";"suffixe-société";"";"Parigo  (SACEM)";"";"pilot-pending"
"PGO0018";"94e149484f9fa7ea";"Middle Eastern Journey";"182759cd54c4efa3";"";"ARABIAN MYSTERIES (NO BEAT)";"Main";"false";"Wamid AL WAHAB (NS) · Naufalle AL WAHAB (NS)";"Wamid AL WAHAB · Naufalle AL WAHAB";"update";"suffixe-société";"";"Parigo  (SACEM)";"";"pilot-pending"
"PGO0018";"94e149484f9fa7ea";"Middle Eastern Journey";"6207858a3b1713a1";"";"BUILDING PYRAMIDS";"Main";"false";"Wamid AL WAHAB (NS) · Naufalle AL WAHAB (NS)";"Wamid AL WAHAB · Naufalle AL WAHAB";"update";"suffixe-société-et-identité-structurée";"";"Parigo  (SACEM)";"Naufalle AL WAHAB|Composer|NS|00475989970| · Wamid AL WAHAB|Composer|NS|00473802645| · Parigo|Original Publisher|SACEM|461629743|";"pilot-pending"
"PGO0018";"94e149484f9fa7ea";"Middle Eastern Journey";"33f522f291fec33e";"";"BUILDING PYRAMIDS (NO BEAT)";"Main";"false";"Wamid AL WAHAB (NS) · Naufalle AL WAHAB (NS)";"Wamid AL WAHAB · Naufalle AL WAHAB";"update";"suffixe-société";"";"Parigo  (SACEM)";"";"pilot-pending"
"PGO0018";"94e149484f9fa7ea";"Middle Eastern Journey";"c2e2c5efdb8ea4ed";"";"BUILDING PYRAMIDS (NO BEAT, LIGHT UNDERSCORE)";"Main";"false";"Wamid AL WAHAB (NS) · Naufalle AL WAHAB (NS)";"Wamid AL WAHAB · Naufalle AL WAHAB";"update";"suffixe-société";"";"Parigo  (SACEM)";"";"pilot-pending"
"PGO0018";"94e149484f9fa7ea";"Middle Eastern Journey";"f0a65690c5de540e";"";"BEDOUIN SHEPHERD";"Main";"false";"Wamid AL WAHAB (NS) · Naufalle AL WAHAB (NS)";"Wamid AL WAHAB · Naufalle AL WAHAB";"update";"suffixe-société-et-identité-structurée";"";"Parigo  (SACEM)";"Wamid AL WAHAB|Composer|NS|00473802645| · Naufalle AL WAHAB|Composer|NS|00475989970| · Parigo|Original Publisher|SACEM|461629743|";"pilot-pending"
"PGO0018";"94e149484f9fa7ea";"Middle Eastern Journey";"c215b28212915bcc";"";"BEDOUIN SHEPHERD (NO BEAT)";"Main";"false";"Wamid AL WAHAB (NS) · Naufalle AL WAHAB (NS)";"Wamid AL WAHAB · Naufalle AL WAHAB";"update";"suffixe-société";"";"Parigo  (SACEM)";"";"pilot-pending"
"PGO0018";"94e149484f9fa7ea";"Middle Eastern Journey";"cc4bbea96b06b56a";"";"BEDOUIN SHEPHERD (NO BEAT, LIGHT UNDERSCORE)";"Main";"false";"Wamid AL WAHAB (NS) · Naufalle AL WAHAB (NS)";"Wamid AL WAHAB · Naufalle AL WAHAB";"update";"suffixe-société";"";"Parigo  (SACEM)";"";"pilot-pending"
"PGO0018";"94e149484f9fa7ea";"Middle Eastern Journey";"b7cabb2e778f096a";"";"BEDOUIN SHEPHERD (NO BEAT, LIGHT UNDERSCORE 2)";"Main";"false";"Wamid AL WAHAB (NS) · Naufalle AL WAHAB (NS)";"Wamid AL WAHAB · Naufalle AL WAHAB";"update";"suffixe-société";"";"Parigo  (SACEM)";"";"pilot-pending"
"PGO0018";"94e149484f9fa7ea";"Middle Eastern Journey";"66e9e5b09bd6d48c";"";"BEDOUIN SHEPHERD (SOLO PERCUSSION)";"Main";"false";"Wamid AL WAHAB (NS) · Naufalle AL WAHAB (NS)";"Wamid AL WAHAB · Naufalle AL WAHAB";"update";"suffixe-société";"";"Parigo  (SACEM)";"";"pilot-pending"
"PGO0018";"94e149484f9fa7ea";"Middle Eastern Journey";"c85ff91819b45a0c";"";"BEDOUIN SHEPHERD (SOLO WHISTLE)";"Main";"false";"Wamid AL WAHAB (NS) · Naufalle AL WAHAB (NS)";"Wamid AL WAHAB · Naufalle AL WAHAB";"update";"suffixe-société";"";"Parigo  (SACEM)";"";"pilot-pending"
"PGO0018";"94e149484f9fa7ea";"Middle Eastern Journey";"03fda0ae97cf0505";"";"BABYLON DEEP HOUSE";"Main";"false";"Wamid AL WAHAB (NS) · Naufalle AL WAHAB (NS)";"Wamid AL WAHAB · Naufalle AL WAHAB";"update";"suffixe-société-et-identité-structurée";"";"Parigo  (SACEM)";"Naufalle AL WAHAB|Composer|NS|00475989970| · Wamid AL WAHAB|Composer|NS|00473802645| · Parigo|Original Publisher|SACEM|461629743|";"pilot-pending"
"PGO0018";"94e149484f9fa7ea";"Middle Eastern Journey";"999fcdd94ef60002";"";"ARABIAN MYSTERIES (NO BEAT, LIGHT UNDERSCORE)";"Main";"false";"Wamid AL WAHAB (NS) · Naufalle AL WAHAB (NS)";"Wamid AL WAHAB · Naufalle AL WAHAB";"update";"suffixe-société";"";"Parigo  (SACEM)";"";"pilot-pending"
"PGO0018";"94e149484f9fa7ea";"Middle Eastern Journey";"63103217b46ae419";"";"BABYLON DEEP HOUSE (NO BEAT)";"Main";"false";"Wamid AL WAHAB (NS) · Naufalle AL WAHAB (NS)";"Wamid AL WAHAB · Naufalle AL WAHAB";"update";"suffixe-société";"";"Parigo  (SACEM)";"";"pilot-pending"
"PGO0018";"94e149484f9fa7ea";"Middle Eastern Journey";"43ee38ffdc533140";"";"BABYLON DEEP HOUSE (NO BEAT, LIGHT UNDERSCORE)";"Main";"false";"Wamid AL WAHAB (NS) · Naufalle AL WAHAB (NS)";"Wamid AL WAHAB · Naufalle AL WAHAB";"update";"suffixe-société";"";"Parigo  (SACEM)";"";"pilot-pending"
"PGO0018";"94e149484f9fa7ea";"Middle Eastern Journey";"0606a9cf4af2d2f9";"";"BORDER SURVEILLANCE";"Main";"false";"Wamid AL WAHAB (NS) · Naufalle AL WAHAB (NS)";"Wamid AL WAHAB · Naufalle AL WAHAB";"update";"suffixe-société-et-identité-structurée";"";"Parigo  (SACEM)";"Wamid AL WAHAB|Composer|NS|00473802645| · Naufalle AL WAHAB|Composer|NS|00475989970| · Parigo|Original Publisher|SACEM|461629743|";"pilot-pending"
"PGO0018";"94e149484f9fa7ea";"Middle Eastern Journey";"ef03096c5387dc4d";"";"BORDER SURVEILLANCE (NO BEAT)";"Main";"false";"Wamid AL WAHAB (NS) · Naufalle AL WAHAB (NS)";"Wamid AL WAHAB · Naufalle AL WAHAB";"update";"suffixe-société";"";"Parigo  (SACEM)";"";"pilot-pending"
"PGO0018";"94e149484f9fa7ea";"Middle Eastern Journey";"eaa376d4d2ddeada";"";"BORDER SURVEILLANCE (NO BEAT, LIGHT UNDERSCORE)";"Main";"false";"Wamid AL WAHAB (NS) · Naufalle AL WAHAB (NS)";"Wamid AL WAHAB · Naufalle AL WAHAB";"update";"suffixe-société";"";"Parigo  (SACEM)";"";"pilot-pending"
"PGO0018";"94e149484f9fa7ea";"Middle Eastern Journey";"c9a351fe9a5eaaf6";"";"HYPNOTIC ARABIAN NIGHTS";"Main";"false";"Wamid AL WAHAB (NS) · Naufalle AL WAHAB (NS)";"Wamid AL WAHAB · Naufalle AL WAHAB";"update";"suffixe-société-et-identité-structurée";"";"Parigo  (SACEM)";"Naufalle AL WAHAB|Composer|NS|00475989970| · Wamid AL WAHAB|Composer|NS|00473802645| · Parigo|Original Publisher|SACEM|461629743|";"pilot-pending"
"PGO0018";"94e149484f9fa7ea";"Middle Eastern Journey";"8e835b7ed5218b9b";"";"HYPNOTIC ARABIAN NIGHTS (NO BEAT)";"Main";"false";"Wamid AL WAHAB (NS) · Naufalle AL WAHAB (NS)";"Wamid AL WAHAB · Naufalle AL WAHAB";"update";"suffixe-société";"";"Parigo  (SACEM)";"";"pilot-pending"
"PGO0018";"94e149484f9fa7ea";"Middle Eastern Journey";"9ccadda88034372c";"";"HYPNOTIC ARABIAN NIGHTS (SOLO GUITAR)";"Main";"false";"Wamid AL WAHAB (NS) · Naufalle AL WAHAB (NS)";"Wamid AL WAHAB · Naufalle AL WAHAB";"update";"suffixe-société";"";"Parigo  (SACEM)";"";"pilot-pending"
"PGO0018";"94e149484f9fa7ea";"Middle Eastern Journey";"6e1291979a3fecc8";"";"HYPNOTIC ARABIAN NIGHTS (SOLO GUITAR 2)";"Main";"false";"Wamid AL WAHAB (NS) · Naufalle AL WAHAB (NS)";"Wamid AL WAHAB · Naufalle AL WAHAB";"update";"suffixe-société";"";"Parigo  (SACEM)";"";"pilot-pending"
"PGO0018";"94e149484f9fa7ea";"Middle Eastern Journey";"97d232a5c6a3a0f2";"";"HYPNOTIC ARABIAN NIGHTS (SOLO PERCUSSION)";"Main";"false";"Wamid AL WAHAB (NS) · Naufalle AL WAHAB (NS)";"Wamid AL WAHAB · Naufalle AL WAHAB";"update";"suffixe-société";"";"Parigo  (SACEM)";"";"pilot-pending"
"PGO0018";"94e149484f9fa7ea";"Middle Eastern Journey";"e9e169168a497492";"";"SECRET NOUBA";"Main";"false";"Wamid AL WAHAB (NS) · Naufalle AL WAHAB (NS)";"Wamid AL WAHAB · Naufalle AL WAHAB";"update";"suffixe-société-et-identité-structurée";"";"Parigo  (SACEM)";"Wamid AL WAHAB|Composer|NS|00473802645| · Naufalle AL WAHAB|Composer|NS|00475989970| · Parigo|Original Publisher|SACEM|461629743|";"pilot-pending"
"PGO0018";"94e149484f9fa7ea";"Middle Eastern Journey";"cbd5240821d1e11a";"";"SECRET NOUBA (NO BEAT)";"Main";"false";"Wamid AL WAHAB (NS) · Naufalle AL WAHAB (NS)";"Wamid AL WAHAB · Naufalle AL WAHAB";"update";"suffixe-société";"";"Parigo  (SACEM)";"";"pilot-pending"
"PGO0018";"94e149484f9fa7ea";"Middle Eastern Journey";"4c55bcc5e804529a";"";"SECRET NOUBA (NO BEAT, LIGHT UNDERSCORE)";"Main";"false";"Wamid AL WAHAB (NS) · Naufalle AL WAHAB (NS)";"Wamid AL WAHAB · Naufalle AL WAHAB";"update";"suffixe-société";"";"Parigo  (SACEM)";"";"pilot-pending"
"PGO0018";"94e149484f9fa7ea";"Middle Eastern Journey";"c61976d2645bcff2";"";"SECRET NOUBA (NO BEAT, LIGHT UNDERSCORE 2)";"Main";"false";"Wamid AL WAHAB (NS) · Naufalle AL WAHAB (NS)";"Wamid AL WAHAB · Naufalle AL WAHAB";"update";"suffixe-société";"";"Parigo  (SACEM)";"";"pilot-pending"
"PGO0018";"94e149484f9fa7ea";"Middle Eastern Journey";"75c775067f376161";"";"SECRET NOUBA (SOLO PERCUSSION)";"Main";"false";"Wamid AL WAHAB (NS) · Naufalle AL WAHAB (NS)";"Wamid AL WAHAB · Naufalle AL WAHAB";"update";"suffixe-société";"";"Parigo  (SACEM)";"";"pilot-pending"
"PGO0018";"94e149484f9fa7ea";"Middle Eastern Journey";"a845c246f1703ff2";"";"SILK ROAD MYSTERIES";"Main";"false";"Wamid AL WAHAB (NS) · Naufalle AL WAHAB (NS)";"Wamid AL WAHAB · Naufalle AL WAHAB";"update";"suffixe-société-et-identité-structurée";"";"Parigo  (SACEM)";"Naufalle AL WAHAB|Composer|NS|00475989970| · Wamid AL WAHAB|Composer|NS|00473802645| · Parigo|Original Publisher|SACEM|461629743|";"pilot-pending"
"PGO0018";"94e149484f9fa7ea";"Middle Eastern Journey";"14a034bd5d508940";"";"SILK ROAD MYSTERIES (NO BEAT)";"Main";"false";"Wamid AL WAHAB (NS) · Naufalle AL WAHAB (NS)";"Wamid AL WAHAB · Naufalle AL WAHAB";"update";"suffixe-société";"";"Parigo  (SACEM)";"";"pilot-pending"
"PGO0018";"94e149484f9fa7ea";"Middle Eastern Journey";"a90cc79ee219861f";"";"SILK ROAD MYSTERIES (SOLO GUITAR)";"Main";"false";"Wamid AL WAHAB (NS) · Naufalle AL WAHAB (NS)";"Wamid AL WAHAB · Naufalle AL WAHAB";"update";"suffixe-société";"";"Parigo  (SACEM)";"";"pilot-pending"
"PGO0018";"94e149484f9fa7ea";"Middle Eastern Journey";"45900398e2d55dde";"";"ARAB UPRISING";"Main";"false";"Wamid AL WAHAB (NS) · Naufalle AL WAHAB (NS)";"Wamid AL WAHAB · Naufalle AL WAHAB";"update";"suffixe-société-et-identité-structurée";"";"Parigo  (SACEM)";"Wamid AL WAHAB|Composer|NS|00473802645| · Naufalle AL WAHAB|Composer|NS|00475989970| · Parigo|Original Publisher|SACEM|461629743|";"pilot-pending"
"PGO0018";"94e149484f9fa7ea";"Middle Eastern Journey";"890ca92b461bce22";"";"ARAB UPRISING (NO BEAT)";"Main";"false";"Wamid AL WAHAB (NS) · Naufalle AL WAHAB (NS)";"Wamid AL WAHAB · Naufalle AL WAHAB";"update";"suffixe-société";"";"Parigo  (SACEM)";"";"pilot-pending"
"PGO0018";"94e149484f9fa7ea";"Middle Eastern Journey";"90f9ed22bf88c1f1";"";"PROCESSION ACROSS THE DUNES";"Main";"false";"Wamid AL WAHAB (NS) · Naufalle AL WAHAB (NS)";"Wamid AL WAHAB · Naufalle AL WAHAB";"update";"suffixe-société-et-identité-structurée";"";"Parigo  (SACEM)";"Naufalle AL WAHAB|Composer|NS|00475989970| · Wamid AL WAHAB|Composer|NS|00473802645| · Parigo|Original Publisher|SACEM|461629743|";"pilot-pending"
"PGO0018";"94e149484f9fa7ea";"Middle Eastern Journey";"34fce2868f2b70fa";"";"ARAB UPRISING (NO BEAT, LIGHT UNDERSCORE)";"Main";"false";"Wamid AL WAHAB (NS) · Naufalle AL WAHAB (NS)";"Wamid AL WAHAB · Naufalle AL WAHAB";"update";"suffixe-société";"";"Parigo  (SACEM)";"";"pilot-pending"
"PGO0018";"94e149484f9fa7ea";"Middle Eastern Journey";"7b41256cf2ea2ded";"";"HER MAJESTY NEFERTITI";"Main";"false";"Wamid AL WAHAB (NS) · Naufalle AL WAHAB (NS)";"Wamid AL WAHAB · Naufalle AL WAHAB";"update";"suffixe-société-et-identité-structurée";"";"Parigo  (SACEM)";"Naufalle AL WAHAB|Composer|NS|00475989970| · Wamid AL WAHAB|Composer|NS|00473802645| · Parigo|Original Publisher|SACEM|461629743|";"pilot-pending"
"PGO0018";"94e149484f9fa7ea";"Middle Eastern Journey";"2448b8fb639405ea";"";"HER MAJESTY NEFERTITI (NO BEAT)";"Main";"false";"Wamid AL WAHAB (NS) · Naufalle AL WAHAB (NS)";"Wamid AL WAHAB · Naufalle AL WAHAB";"update";"suffixe-société";"";"Parigo  (SACEM)";"";"pilot-pending"
"PGO0018";"94e149484f9fa7ea";"Middle Eastern Journey";"21d9584313b118c6";"";"HER MAJESTY NEFERTITI (SOLO PERCUSSION)";"Main";"false";"Wamid AL WAHAB (NS) · Naufalle AL WAHAB (NS)";"Wamid AL WAHAB · Naufalle AL WAHAB";"update";"suffixe-société";"";"Parigo  (SACEM)";"";"pilot-pending"
"PGO0018";"94e149484f9fa7ea";"Middle Eastern Journey";"9382e95db1182771";"";"DEEP IN THE SOUK";"Main";"false";"Wamid AL WAHAB (NS) · Naufalle AL WAHAB (NS)";"Wamid AL WAHAB · Naufalle AL WAHAB";"update";"suffixe-société-et-identité-structurée";"";"Parigo  (SACEM)";"Wamid AL WAHAB|Composer|NS|00473802645| · Naufalle AL WAHAB|Composer|NS|00475989970| · Parigo|Original Publisher|SACEM|461629743|";"pilot-pending"
"PGO0018";"94e149484f9fa7ea";"Middle Eastern Journey";"e3e76c3168269327";"";"DEEP IN THE SOUK (NO BEAT)";"Main";"false";"Wamid AL WAHAB (NS) · Naufalle AL WAHAB (NS)";"Wamid AL WAHAB · Naufalle AL WAHAB";"update";"suffixe-société";"";"Parigo  (SACEM)";"";"pilot-pending"
"PGO0018";"94e149484f9fa7ea";"Middle Eastern Journey";"ace1ff64e8e73272";"";"DEEP IN THE SOUK (SOLO PERCUSSION)";"Main";"false";"Wamid AL WAHAB (NS) · Naufalle AL WAHAB (NS)";"Wamid AL WAHAB · Naufalle AL WAHAB";"update";"suffixe-société";"";"Parigo  (SACEM)";"";"pilot-pending"
"PGO0018";"94e149484f9fa7ea";"Middle Eastern Journey";"02cc605353c49c7a";"";"GNAWA ROAD TRIP";"Main";"false";"Wamid AL WAHAB (NS) · Naufalle AL WAHAB (NS)";"Wamid AL WAHAB · Naufalle AL WAHAB";"update";"suffixe-société-et-identité-structurée";"";"Parigo  (SACEM)";"Naufalle AL WAHAB|Composer|NS|00475989970| · Wamid AL WAHAB|Composer|NS|00473802645| · Parigo|Original Publisher|SACEM|461629743|";"pilot-pending"
"PGO0018";"94e149484f9fa7ea";"Middle Eastern Journey";"b1bf1134ad667456";"";"GNAWA ROAD TRIP (NO BEAT)";"Main";"false";"Wamid AL WAHAB (NS) · Naufalle AL WAHAB (NS)";"Wamid AL WAHAB · Naufalle AL WAHAB";"update";"suffixe-société";"";"Parigo  (SACEM)";"";"pilot-pending"
"PGO0018";"94e149484f9fa7ea";"Middle Eastern Journey";"40bebf4d9c526818";"";"GNAWA ROAD TRIP (SOLO KANOUN)";"Main";"false";"Wamid AL WAHAB (NS) · Naufalle AL WAHAB (NS)";"Wamid AL WAHAB · Naufalle AL WAHAB";"update";"suffixe-société";"";"Parigo  (SACEM)";"";"pilot-pending"
"PGO0018";"94e149484f9fa7ea";"Middle Eastern Journey";"ae86bb8d1752769e";"";"PROCESSION ACROSS THE DUNES (NO BEAT)";"Main";"false";"Wamid AL WAHAB (NS) · Naufalle AL WAHAB (NS)";"Wamid AL WAHAB · Naufalle AL WAHAB";"update";"suffixe-société";"";"Parigo  (SACEM)";"";"pilot-pending"
"PGO0018";"94e149484f9fa7ea";"Middle Eastern Journey";"9333d23a55495626";"";"PERSIAN CLUB";"Main";"false";"Wamid AL WAHAB (NS) · Naufalle AL WAHAB (NS)";"Wamid AL WAHAB · Naufalle AL WAHAB";"update";"suffixe-société-et-identité-structurée";"";"Parigo  (SACEM)";"Wamid AL WAHAB|Composer|NS|00473802645| · Naufalle AL WAHAB|Composer|NS|00475989970| · Parigo|Original Publisher|SACEM|461629743|";"pilot-pending"
"PGO0018";"94e149484f9fa7ea";"Middle Eastern Journey";"814f79ab7c1dc827";"";"PERSIAN CLUB (NO BEAT)";"Main";"false";"Wamid AL WAHAB (NS) · Naufalle AL WAHAB (NS)";"Wamid AL WAHAB · Naufalle AL WAHAB";"update";"suffixe-société";"";"Parigo  (SACEM)";"";"pilot-pending"
"PGO0018";"94e149484f9fa7ea";"Middle Eastern Journey";"82851e16ddd674b8";"";"PERSIAN CLUB (AMBIENT)";"Main";"false";"Wamid AL WAHAB (NS) · Naufalle AL WAHAB (NS)";"Wamid AL WAHAB · Naufalle AL WAHAB";"update";"suffixe-société";"";"Parigo  (SACEM)";"";"pilot-pending"
"PGO0018";"94e149484f9fa7ea";"Middle Eastern Journey";"8fdd7e166cf0ae47";"";"NOMADS IN THE NIGHT";"Main";"false";"Wamid AL WAHAB (NS) · Naufalle AL WAHAB (NS)";"Wamid AL WAHAB · Naufalle AL WAHAB";"update";"suffixe-société-et-identité-structurée";"";"Parigo  (SACEM)";"Naufalle AL WAHAB|Composer|NS|00475989970| · Wamid AL WAHAB|Composer|NS|00473802645| · Parigo|Original Publisher|SACEM|461629743|";"pilot-pending"
"PGO0018";"94e149484f9fa7ea";"Middle Eastern Journey";"cf72a0c4cf11ad7f";"";"NOMADS IN THE NIGHT (NO BEAT)";"Main";"false";"Wamid AL WAHAB (NS) · Naufalle AL WAHAB (NS)";"Wamid AL WAHAB · Naufalle AL WAHAB";"update";"suffixe-société";"";"Parigo  (SACEM)";"";"pilot-pending"
"PGO0018";"94e149484f9fa7ea";"Middle Eastern Journey";"d3f14a48811be368";"";"NOMADS IN THE NIGHT (SOLO FLUTE)";"Main";"false";"Wamid AL WAHAB (NS) · Naufalle AL WAHAB (NS)";"Wamid AL WAHAB · Naufalle AL WAHAB";"update";"suffixe-société";"";"Parigo  (SACEM)";"";"pilot-pending"
"PGO0018";"94e149484f9fa7ea";"Middle Eastern Journey";"9c3b7a0a2b00ed3a";"";"OTTOMAN CHASE";"Main";"false";"Wamid AL WAHAB (NS) · Naufalle AL WAHAB (NS)";"Wamid AL WAHAB · Naufalle AL WAHAB";"update";"suffixe-société-et-identité-structurée";"";"Parigo  (SACEM)";"Wamid AL WAHAB|Composer|NS|00473802645| · Naufalle AL WAHAB|Composer|NS|00475989970| · Parigo|Original Publisher|SACEM|461629743|";"pilot-pending"
"PGO0018";"94e149484f9fa7ea";"Middle Eastern Journey";"9dfaee9189177605";"";"OTTOMAN CHASE (SOLO RHYTHM PERCUSSION)";"Main";"false";"Wamid AL WAHAB (NS) · Naufalle AL WAHAB (NS)";"Wamid AL WAHAB · Naufalle AL WAHAB";"update";"suffixe-société";"";"Parigo  (SACEM)";"";"pilot-pending"
"PGO0018";"94e149484f9fa7ea";"Middle Eastern Journey";"4a2022751a0ad907";"";"OTTOMAN CHASE (AMBIENT)";"Main";"false";"Wamid AL WAHAB (NS) · Naufalle AL WAHAB (NS)";"Wamid AL WAHAB · Naufalle AL WAHAB";"update";"suffixe-société";"";"Parigo  (SACEM)";"";"pilot-pending"
"PGO0018";"94e149484f9fa7ea";"Middle Eastern Journey";"f4630c5e701c48b9";"";"EMIRATES GROOVE";"Main";"false";"Wamid AL WAHAB (NS) · Naufalle AL WAHAB (NS)";"Wamid AL WAHAB · Naufalle AL WAHAB";"update";"suffixe-société-et-identité-structurée";"";"Parigo  (SACEM)";"Naufalle AL WAHAB|Composer|NS|00475989970| · Wamid AL WAHAB|Composer|NS|00473802645| · Parigo|Original Publisher|SACEM|461629743|";"pilot-pending"
"PGO0018";"94e149484f9fa7ea";"Middle Eastern Journey";"cc972d77d4dde53b";"";"EMIRATES GROOVE (NO BEAT)";"Main";"false";"Wamid AL WAHAB (NS) · Naufalle AL WAHAB (NS)";"Wamid AL WAHAB · Naufalle AL WAHAB";"update";"suffixe-société";"";"Parigo  (SACEM)";"";"pilot-pending"
"PGO0018";"94e149484f9fa7ea";"Middle Eastern Journey";"1023530477ab5d0e";"";"EMIRATES GROOVE (NO BEAT, LIGHT UNDERSCORE)";"Main";"false";"Wamid AL WAHAB (NS) · Naufalle AL WAHAB (NS)";"Wamid AL WAHAB · Naufalle AL WAHAB";"update";"suffixe-société";"";"Parigo  (SACEM)";"";"pilot-pending"
"PGO0017";"176d0976a9c0dd5b";"World Hop";"5d770bb2d9a3d9ef";"";"DESERT SURVEILLANCE";"Main";"false";"Ugly Mac Beer (SACEM) · Mister Modo (NS)";"Ugly Mac Beer · Mister Modo";"update";"suffixe-société-et-identité-structurée";"";"Parigo  (SACEM)";"Mister Modo|Composer|NS|00572464241| · Ugly Mac Beer|Composer|SACEM|547737710| · PARIGO|Original Publisher|SACEM|461629743|";"pilot-pending"
"PGO0017";"176d0976a9c0dd5b";"World Hop";"830aba9842658ea5";"";"BREAKING THE BLUES (NO FX)";"Main";"false";"Ugly Mac Beer (SACEM) · Mister Modo (NS)";"Ugly Mac Beer · Mister Modo";"update";"suffixe-société";"";"Parigo  (SACEM)";"";"pilot-pending"
"PGO0017";"176d0976a9c0dd5b";"World Hop";"880d3736115399e4";"";"BREAKING THE BLUES (NO FX, NO VOICES)";"Main";"false";"Ugly Mac Beer (SACEM) · Mister Modo (NS)";"Ugly Mac Beer · Mister Modo";"update";"suffixe-société";"";"Parigo  (SACEM)";"";"pilot-pending"
"PGO0017";"176d0976a9c0dd5b";"World Hop";"cf3ce5d6307575c6";"";"BREAKING THE BLUES (SCRATCH VERSION)";"Main";"false";"Ugly Mac Beer (SACEM) · Mister Modo (NS)";"Ugly Mac Beer · Mister Modo";"update";"suffixe-société";"";"Parigo  (SACEM)";"";"pilot-pending"
"PGO0017";"176d0976a9c0dd5b";"World Hop";"179562a644a0dab0";"";"BREAKING THE BLUES (SCRATCH VERSION, NO FX)";"Main";"false";"Ugly Mac Beer (SACEM) · Mister Modo (NS)";"Ugly Mac Beer · Mister Modo";"update";"suffixe-société";"";"Parigo  (SACEM)";"";"pilot-pending"
"PGO0017";"176d0976a9c0dd5b";"World Hop";"5fb6e7cf31c3e05b";"";"RUMBLE IN HAVANA";"Main";"false";"Ugly Mac Beer (SACEM) · Mister Modo (NS)";"Ugly Mac Beer · Mister Modo";"update";"suffixe-société-et-identité-structurée";"";"Parigo  (SACEM)";"Mister Modo|Composer|NS|00572464241| · Ugly Mac Beer|Composer|SACEM|547737710| · PARIGO|Original Publisher|SACEM|461629743|";"pilot-pending"
"PGO0017";"176d0976a9c0dd5b";"World Hop";"44d3e07e83627787";"";"RUMBLE IN HAVANA (NO SCRATCH, NO VOCALS)";"Main";"false";"Ugly Mac Beer (SACEM) · Mister Modo (NS)";"Ugly Mac Beer · Mister Modo";"update";"suffixe-société";"";"Parigo  (SACEM)";"";"pilot-pending"
"PGO0017";"176d0976a9c0dd5b";"World Hop";"a7354b8bb089c92c";"";"RUMBLE IN HAVANA (PERCUSSIONS ONLY)";"Main";"false";"Ugly Mac Beer (SACEM) · Mister Modo (NS)";"Ugly Mac Beer · Mister Modo";"update";"suffixe-société";"";"Parigo  (SACEM)";"";"pilot-pending"
"PGO0017";"176d0976a9c0dd5b";"World Hop";"d8047327d006a403";"";"SHAOLINS ARE GO";"Main";"false";"Ugly Mac Beer (SACEM) · Mister Modo (NS)";"Ugly Mac Beer · Mister Modo";"update";"suffixe-société-et-identité-structurée";"";"Parigo  (SACEM)";"Mister Modo|Composer|NS|00572464241| · Ugly Mac Beer|Composer|SACEM|547737710| · PARIGO|Original Publisher|SACEM|461629743|";"pilot-pending"
"PGO0017";"176d0976a9c0dd5b";"World Hop";"4028893f3e2d053e";"";"SHAOLINS ARE GO (NO DRUM)";"Main";"false";"Ugly Mac Beer (SACEM) · Mister Modo (NS)";"Ugly Mac Beer · Mister Modo";"update";"suffixe-société";"";"Parigo  (SACEM)";"";"pilot-pending"
"PGO0017";"176d0976a9c0dd5b";"World Hop";"21843ab8a99d4052";"";"SHAOLINS ARE GO (NO DRUM, NO PERCUSSION)";"Main";"false";"Ugly Mac Beer (SACEM) · Mister Modo (NS)";"Ugly Mac Beer · Mister Modo";"update";"suffixe-société";"";"Parigo  (SACEM)";"";"pilot-pending"
"PGO0017";"176d0976a9c0dd5b";"World Hop";"bb65992a96970c08";"";"TOWNSHIP CHASE";"Main";"false";"Ugly Mac Beer (SACEM) · Mister Modo (NS)";"Ugly Mac Beer · Mister Modo";"update";"suffixe-société-et-identité-structurée";"";"Parigo  (SACEM)";"Mister Modo|Composer|NS|00572464241| · Ugly Mac Beer|Composer|SACEM|547737710| · PARIGO|Original Publisher|SACEM|461629743|";"pilot-pending"
"PGO0017";"176d0976a9c0dd5b";"World Hop";"f407926454b7549b";"";"TOWNSHIP CHASE (NO VOICES)";"Main";"false";"Ugly Mac Beer (SACEM) · Mister Modo (NS)";"Ugly Mac Beer · Mister Modo";"update";"suffixe-société";"";"Parigo  (SACEM)";"";"pilot-pending"
"PGO0017";"176d0976a9c0dd5b";"World Hop";"80151fe83f76e4a8";"";"TOWNSHIP CHASE (NO DRUM)";"Main";"false";"Ugly Mac Beer (SACEM) · Mister Modo (NS)";"Ugly Mac Beer · Mister Modo";"update";"suffixe-société";"";"Parigo  (SACEM)";"";"pilot-pending"
"PGO0017";"176d0976a9c0dd5b";"World Hop";"efc038ed2c176f47";"";"TZATZIKI GROOVE";"Main";"false";"Ugly Mac Beer (SACEM) · Mister Modo (NS)";"Ugly Mac Beer · Mister Modo";"update";"suffixe-société-et-identité-structurée";"";"Parigo  (SACEM)";"Mister Modo|Composer|NS|00572464241| · Ugly Mac Beer|Composer|SACEM|547737710| · PARIGO|Original Publisher|SACEM|461629743|";"pilot-pending"
"PGO0017";"176d0976a9c0dd5b";"World Hop";"69a4f555de4b999c";"";"TZATZIKI GROOVE (NO DRUM)";"Main";"false";"Ugly Mac Beer (SACEM) · Mister Modo (NS)";"Ugly Mac Beer · Mister Modo";"update";"suffixe-société";"";"Parigo  (SACEM)";"";"pilot-pending"
"PGO0017";"176d0976a9c0dd5b";"World Hop";"316edaa4ca9e0cb2";"";"BEDOUIN BEATS";"Main";"false";"Ugly Mac Beer (SACEM) · Mister Modo (NS)";"Ugly Mac Beer · Mister Modo";"update";"suffixe-société-et-identité-structurée";"";"Parigo  (SACEM)";"Mister Modo|Composer|NS|00572464241| · Ugly Mac Beer|Composer|SACEM|547737710| · PARIGO|Original Publisher|SACEM|461629743|";"pilot-pending"
"PGO0017";"176d0976a9c0dd5b";"World Hop";"4789918d50a618eb";"";"BEDOUIN BEATS (NO VOICES)";"Main";"false";"Ugly Mac Beer (SACEM) · Mister Modo (NS)";"Ugly Mac Beer · Mister Modo";"update";"suffixe-société";"";"Parigo  (SACEM)";"";"pilot-pending"
"PGO0017";"176d0976a9c0dd5b";"World Hop";"1630a657725777ad";"";"BEDOUIN BEATS (NO DRUM)";"Main";"false";"Ugly Mac Beer (SACEM) · Mister Modo (NS)";"Ugly Mac Beer · Mister Modo";"update";"suffixe-société";"";"Parigo  (SACEM)";"";"pilot-pending"
"PGO0017";"176d0976a9c0dd5b";"World Hop";"7d1dad476246d156";"";"BEDOUIN BEATS (NO DRUM, NO VOICES)";"Main";"false";"Ugly Mac Beer (SACEM) · Mister Modo (NS)";"Ugly Mac Beer · Mister Modo";"update";"suffixe-société";"";"Parigo  (SACEM)";"";"pilot-pending"
"PGO0017";"176d0976a9c0dd5b";"World Hop";"cbda0a3e3e4acbd4";"";"DESERT SURVEILLANCE (NO VOICES)";"Main";"false";"Ugly Mac Beer (SACEM) · Mister Modo (NS)";"Ugly Mac Beer · Mister Modo";"update";"suffixe-société-et-identité-structurée";"";"Parigo  (SACEM)";"Mister Modo|Composer|NS|00572464241| · Ugly Mac Beer|Composer|SACEM|547737710| · PARIGO|Original Publisher|SACEM|461629743|";"pilot-pending"
"PGO0017";"176d0976a9c0dd5b";"World Hop";"16eeddece6b07afa";"";"BEDOUIN BEATS (NO DRUM, NO PERCUSSION, NO VOICES)";"Main";"false";"Ugly Mac Beer (SACEM) · Mister Modo (NS)";"Ugly Mac Beer · Mister Modo";"update";"suffixe-société";"";"Parigo  (SACEM)";"";"pilot-pending"
"PGO0017";"176d0976a9c0dd5b";"World Hop";"290a59f41c422df1";"";"BOSSA RIP UP";"Main";"false";"Ugly Mac Beer (SACEM) · Mister Modo (NS)";"Ugly Mac Beer · Mister Modo";"update";"suffixe-société-et-identité-structurée";"";"Parigo  (SACEM)";"Mister Modo|Composer|NS|00572464241| · Ugly Mac Beer|Composer|SACEM|547737710| · PARIGO|Original Publisher|SACEM|461629743|";"pilot-pending"
"PGO0017";"176d0976a9c0dd5b";"World Hop";"96d5042e5b85925e";"";"CAFE DEL BOMBAY";"Main";"false";"Ugly Mac Beer (SACEM) · Mister Modo (NS)";"Ugly Mac Beer · Mister Modo";"update";"suffixe-société-et-identité-structurée";"";"Parigo  (SACEM)";"Mister Modo|Composer|NS|00572464241| · Ugly Mac Beer|Composer|SACEM|547737710| · PARIGO|Original Publisher|SACEM|461629743|";"pilot-pending"
"PGO0017";"176d0976a9c0dd5b";"World Hop";"446a3b6d688eaace";"";"CAFE DEL BOMBAY (NO DRUM)";"Main";"false";"Ugly Mac Beer (SACEM) · Mister Modo (NS)";"Ugly Mac Beer · Mister Modo";"update";"suffixe-société";"";"Parigo  (SACEM)";"";"pilot-pending"
"PGO0017";"176d0976a9c0dd5b";"World Hop";"55b62320eea3cbf2";"";"CROSS THE BUSH";"Main";"false";"Ugly Mac Beer (SACEM) · Mister Modo (NS)";"Ugly Mac Beer · Mister Modo";"update";"suffixe-société-et-identité-structurée";"";"Parigo  (SACEM)";"Mister Modo|Composer|NS|00572464241| · Ugly Mac Beer|Composer|SACEM|547737710| · PARIGO|Original Publisher|SACEM|461629743|";"pilot-pending"
"PGO0017";"176d0976a9c0dd5b";"World Hop";"afdd0475710a2f79";"";"CROSS THE BUSH (NO DRUM, NO VOICES)";"Main";"false";"Ugly Mac Beer (SACEM) · Mister Modo (NS)";"Ugly Mac Beer · Mister Modo";"update";"suffixe-société";"";"Parigo  (SACEM)";"";"pilot-pending"
"PGO0017";"176d0976a9c0dd5b";"World Hop";"8498172502190b6c";"";"STEEL DRUM BATTLE";"Main";"false";"Ugly Mac Beer (SACEM) · Mister Modo (NS)";"Ugly Mac Beer · Mister Modo";"update";"suffixe-société-et-identité-structurée";"";"Parigo  (SACEM)";"Mister Modo|Composer|NS|00572464241| · Ugly Mac Beer|Composer|SACEM|547737710| · PARIGO|Original Publisher|SACEM|461629743|";"pilot-pending"
"PGO0017";"176d0976a9c0dd5b";"World Hop";"ac2d28787795ce16";"";"STEEL DRUM BATTLE (NO SCRATCH)";"Main";"false";"Ugly Mac Beer (SACEM) · Mister Modo (NS)";"Ugly Mac Beer · Mister Modo";"update";"suffixe-société";"";"Parigo  (SACEM)";"";"pilot-pending"
"PGO0017";"176d0976a9c0dd5b";"World Hop";"c99d1af787a1b729";"";"STEEL DRUM BATTLE (NO DRUM)";"Main";"false";"Ugly Mac Beer (SACEM) · Mister Modo (NS)";"Ugly Mac Beer · Mister Modo";"update";"suffixe-société";"";"Parigo  (SACEM)";"";"pilot-pending"
"PGO0017";"176d0976a9c0dd5b";"World Hop";"4ad193fce63a0380";"";"STEEL DRUM BATTLE (PERCUSSION ONLY)";"Main";"false";"Ugly Mac Beer (SACEM) · Mister Modo (NS)";"Ugly Mac Beer · Mister Modo";"update";"suffixe-société";"";"Parigo  (SACEM)";"";"pilot-pending"
"PGO0017";"176d0976a9c0dd5b";"World Hop";"7efc3a491b33b4b1";"";"BRAZIL EXPLOSION";"Main";"false";"Ugly Mac Beer (SACEM) · Mister Modo (NS)";"Ugly Mac Beer · Mister Modo";"update";"suffixe-société-et-identité-structurée";"";"Parigo  (SACEM)";"Mister Modo|Composer|NS|00572464241| · Ugly Mac Beer|Composer|SACEM|547737710| · PARIGO|Original Publisher|SACEM|461629743|";"pilot-pending"
"PGO0017";"176d0976a9c0dd5b";"World Hop";"600c407018e20093";"";"BRAZIL EXPLOSION (NO SCRATCH)";"Main";"false";"Ugly Mac Beer (SACEM) · Mister Modo (NS)";"Ugly Mac Beer · Mister Modo";"update";"suffixe-société";"";"Parigo  (SACEM)";"";"pilot-pending"
"PGO0017";"176d0976a9c0dd5b";"World Hop";"cdfcdc1aee4fe75b";"";"BRAZIL EXPLOSION (NO DRUM, NO WHISTLES)";"Main";"false";"Ugly Mac Beer (SACEM) · Mister Modo (NS)";"Ugly Mac Beer · Mister Modo";"update";"suffixe-société";"";"Parigo  (SACEM)";"";"pilot-pending"
"PGO0017";"176d0976a9c0dd5b";"World Hop";"a0d9ad22ef744a0c";"";"BRAZIL EXPLOSION (PERCUSSION ONLY)";"Main";"false";"Ugly Mac Beer (SACEM) · Mister Modo (NS)";"Ugly Mac Beer · Mister Modo";"update";"suffixe-société";"";"Parigo  (SACEM)";"";"pilot-pending"
"PGO0017";"176d0976a9c0dd5b";"World Hop";"0cb9620b576fe7d9";"";"DOWN THE AMAZON";"Main";"false";"Ugly Mac Beer (SACEM) · Mister Modo (NS)";"Ugly Mac Beer · Mister Modo";"update";"suffixe-société-et-identité-structurée";"";"Parigo  (SACEM)";"Ugly Mac Beer|Composer|SACEM|547737710| · Mister Modo|Composer|NS|00572464241| · PARIGO|Original Publisher|SACEM|461629743|";"pilot-pending"
"PGO0017";"176d0976a9c0dd5b";"World Hop";"eb0eab154dc1c2be";"";"DOWN THE AMAZON (NO DRUM)";"Main";"false";"Ugly Mac Beer (SACEM) · Mister Modo (NS)";"Ugly Mac Beer · Mister Modo";"update";"suffixe-société";"";"Parigo  (SACEM)";"";"pilot-pending"
"PGO0017";"176d0976a9c0dd5b";"World Hop";"0bc646e3b26ac0b8";"";"COSSACK PARTY";"Main";"false";"Ugly Mac Beer (SACEM) · Mister Modo (NS)";"Ugly Mac Beer · Mister Modo";"update";"suffixe-société-et-identité-structurée";"";"Parigo  (SACEM)";"Mister Modo|Composer|NS|00572464241| · Ugly Mac Beer|Composer|SACEM|547737710| · PARIGO|Original Publisher|SACEM|461629743|";"pilot-pending"
"PGO0017";"176d0976a9c0dd5b";"World Hop";"fc84ecfffcdb7f00";"";"DESERT SURVEILLANCE (NO DRUM, NO VOICES)";"Main";"false";"Ugly Mac Beer (SACEM) · Mister Modo (NS)";"Ugly Mac Beer · Mister Modo";"update";"suffixe-société";"";"Parigo  (SACEM)";"";"pilot-pending"
"PGO0017";"176d0976a9c0dd5b";"World Hop";"3b751a9ab6d88e17";"";"COSSACK PARTY (NO VOICES)";"Main";"false";"Ugly Mac Beer (SACEM) · Mister Modo (NS)";"Ugly Mac Beer · Mister Modo";"update";"suffixe-société";"";"Parigo  (SACEM)";"";"pilot-pending"
"PGO0017";"176d0976a9c0dd5b";"World Hop";"28b8dc05d2711804";"";"SCRATCHING THE SOUK";"Main";"false";"Ugly Mac Beer (SACEM) · Mister Modo (NS)";"Ugly Mac Beer · Mister Modo";"update";"suffixe-société-et-identité-structurée";"";"Parigo  (SACEM)";"Ugly Mac Beer|Composer|SACEM|547737710| · Mister Modo|Composer|NS|00572464241| · PARIGO|Original Publisher|SACEM|461629743|";"pilot-pending"
"PGO0017";"176d0976a9c0dd5b";"World Hop";"b651ee6982adac6e";"";"SCRATCHING THE SOUK (NO DRUM)";"Main";"false";"Ugly Mac Beer (SACEM) · Mister Modo (NS)";"Ugly Mac Beer · Mister Modo";"update";"suffixe-société";"";"Parigo  (SACEM)";"";"pilot-pending"
"PGO0017";"176d0976a9c0dd5b";"World Hop";"8320b6522d74b497";"";"BOLLYWOOD AND BEYOND";"Main";"false";"Ugly Mac Beer (SACEM) · Mister Modo (NS)";"Ugly Mac Beer · Mister Modo";"update";"suffixe-société-et-identité-structurée";"";"Parigo  (SACEM)";"Mister Modo|Composer|NS|00572464241| · Ugly Mac Beer|Composer|SACEM|547737710| · PARIGO|Original Publisher|SACEM|461629743|";"pilot-pending"
"PGO0017";"176d0976a9c0dd5b";"World Hop";"80db6892b3649010";"";"BOLLYWOOD AND BEYOND (NO DRUM)";"Main";"false";"Ugly Mac Beer (SACEM) · Mister Modo (NS)";"Ugly Mac Beer · Mister Modo";"update";"suffixe-société";"";"Parigo  (SACEM)";"";"pilot-pending"
"PGO0017";"176d0976a9c0dd5b";"World Hop";"c839b20221deaf38";"";"BREAKING THE BLUES";"Main";"false";"Ugly Mac Beer (SACEM) · Mister Modo (NS)";"Ugly Mac Beer · Mister Modo";"update";"suffixe-société-et-identité-structurée";"";"Parigo  (SACEM)";"Mister Modo|Composer|NS|00572464241| · Ugly Mac Beer|Composer|SACEM|547737710| · PARIGO|Original Publisher|SACEM|461629743|";"pilot-pending"
"PGO0017";"176d0976a9c0dd5b";"World Hop";"0e5297fdc46a38b9";"";"MASHING THE MONKS";"Main";"false";"Ugly Mac Beer (SACEM) · Mister Modo (NS)";"Ugly Mac Beer · Mister Modo";"update";"suffixe-société-et-identité-structurée";"";"Parigo  (SACEM)";"Ugly Mac Beer|Composer|SACEM|547737710| · Mister Modo|Composer|NS|00572464241| · PARIGO|Original Publisher|SACEM|461629743|";"pilot-pending"
"PGO0017";"176d0976a9c0dd5b";"World Hop";"295ef098364e7d51";"";"MASHING THE MONKS (NO DRUM)";"Main";"false";"Ugly Mac Beer (SACEM) · Mister Modo (NS)";"Ugly Mac Beer · Mister Modo";"update";"suffixe-société";"";"Parigo  (SACEM)";"";"pilot-pending"
"PGO0017";"176d0976a9c0dd5b";"World Hop";"74a2155e6c6702fb";"";"BRAZILIAN TRAFFIC JAM";"Main";"false";"Ugly Mac Beer (SACEM) · Mister Modo (NS)";"Ugly Mac Beer · Mister Modo";"update";"suffixe-société-et-identité-structurée";"";"Parigo  (SACEM)";"Mister Modo|Composer|NS|00572464241| · Ugly Mac Beer|Composer|SACEM|547737710| · PARIGO|Original Publisher|SACEM|461629743|";"pilot-pending"
"PGO0017";"176d0976a9c0dd5b";"World Hop";"65fbf6c7231251f7";"";"BRAZILIAN TRAFFIC JAM (NO WHISTLE)";"Main";"false";"Ugly Mac Beer (SACEM) · Mister Modo (NS)";"Ugly Mac Beer · Mister Modo";"update";"suffixe-société";"";"Parigo  (SACEM)";"";"pilot-pending"
"PGO0017";"176d0976a9c0dd5b";"World Hop";"f2c4b446ca95346f";"";"ASIAN HOP";"Main";"false";"Ugly Mac Beer (SACEM) · Mister Modo (NS)";"Ugly Mac Beer · Mister Modo";"update";"suffixe-société-et-identité-structurée";"";"Parigo  (SACEM)";"Ugly Mac Beer|Composer|SACEM|547737710| · Mister Modo|Composer|NS|00572464241| · PARIGO|Original Publisher|SACEM|461629743|";"pilot-pending"
"PGO0016";"3a561cd158cab479";"Pigalle Bizarre";"e51d91bf92236818";"";"MADEMOISELLE WIZZ";"Main";"false";"Minimatic";"Minimatic";"no-change";"déjà-canonique";"";"Parigo  (SACEM)";"Minimatic|Composer|SACEM|535774330| · Parigo|Original Publisher|SACEM|461629743|";"no-change"
"PGO0016";"3a561cd158cab479";"Pigalle Bizarre";"79342cda8958d796";"";"A PARISIAN MYSTERY";"Main";"false";"Minimatic (NS)";"Minimatic";"update";"suffixe-société-et-identité-structurée";"";"Parigo  (SACEM)";"Minimatic|Composer|SACEM|535774330| · Parigo|Original Publisher|SACEM|461629743|";"pilot-pending"
"PGO0016";"3a561cd158cab479";"Pigalle Bizarre";"b715ea1525c3a4f1";"";"TAPPING TANGO";"Main";"false";"Minimatic (NS)";"Minimatic";"update";"suffixe-société-et-identité-structurée";"";"Parigo  (SACEM)";"Minimatic|Composer|SACEM|535774330| · Parigo|Original Publisher|SACEM|461629743|";"pilot-pending"
"PGO0016";"3a561cd158cab479";"Pigalle Bizarre";"ea5e907278bf9187";"";"THE GIRL FROM BELLEVILLE";"Main";"false";"Minimatic (NS)";"Minimatic";"update";"suffixe-société-et-identité-structurée";"";"Parigo  (SACEM)";"Minimatic|Composer|SACEM|535774330| · Parigo|Original Publisher|SACEM|461629743|";"pilot-pending"
"PGO0016";"3a561cd158cab479";"Pigalle Bizarre";"c49c33cd10eec297";"";"LE BISTROT BIZARRE";"Main";"false";"Minimatic (NS)";"Minimatic";"update";"suffixe-société-et-identité-structurée";"";"Parigo  (SACEM)";"Minimatic|Composer|SACEM|535774330| · Parigo|Original Publisher|SACEM|461629743|";"pilot-pending"
"PGO0016";"3a561cd158cab479";"Pigalle Bizarre";"7f1b8d82b0377660";"";"SEXY MARTINI";"Main";"false";"Minimatic (NS)";"Minimatic";"update";"suffixe-société-et-identité-structurée";"";"Parigo  (SACEM)";"Minimatic|Composer|SACEM|535774330| · Parigo|Original Publisher|SACEM|461629743|";"pilot-pending"
"PGO0016";"3a561cd158cab479";"Pigalle Bizarre";"bdbf91035d259a5d";"";"ZHIVAGO SWING";"Main";"false";"Minimatic (NS)";"Minimatic";"update";"suffixe-société-et-identité-structurée";"";"Parigo  (SACEM)";"Minimatic|Composer|SACEM|535774330| · Parigo|Original Publisher|SACEM|461629743|";"pilot-pending"
"PGO0016";"3a561cd158cab479";"Pigalle Bizarre";"9542529434c8296c";"";"DANCE OF THE MARIONETTES";"Main";"false";"Minimatic (NS)";"Minimatic";"update";"suffixe-société-et-identité-structurée";"";"Parigo  (SACEM)";"Minimatic|Composer|SACEM|535774330| · Parigo|Original Publisher|SACEM|461629743|";"pilot-pending"
"PGO0016";"3a561cd158cab479";"Pigalle Bizarre";"30e90fc7492f9840";"";"TANGO OF THE TERRIBLES";"Main";"false";"Minimatic (NS)";"Minimatic";"update";"suffixe-société-et-identité-structurée";"";"Parigo  (SACEM)";"Minimatic|Composer|SACEM|535774330| · Parigo|Original Publisher|SACEM|461629743|";"pilot-pending"
"PGO0016";"3a561cd158cab479";"Pigalle Bizarre";"3456cefba82cd2f2";"";"VOULEZ VOUS";"Main";"false";"Minimatic (NS)";"Minimatic";"update";"suffixe-société-et-identité-structurée";"";"Parigo  (SACEM)";"Minimatic|Composer|SACEM|535774330| · Parigo|Original Publisher|SACEM|461629743|";"pilot-pending"
"PGO0016";"3a561cd158cab479";"Pigalle Bizarre";"49a53082991b2053";"";"PARIS AND IN LOVE";"Main";"false";"Minimatic (NS)";"Minimatic";"update";"suffixe-société-et-identité-structurée";"";"Parigo  (SACEM)";"Minimatic|Composer|SACEM|535774330| · Parigo|Original Publisher|SACEM|461629743|";"pilot-pending"
"PGO0016";"3a561cd158cab479";"Pigalle Bizarre";"a69da78455075640";"";"PIGALLE BIZARRE";"Main";"false";"Minimatic (NS)";"Minimatic";"update";"suffixe-société-et-identité-structurée";"";"Parigo  (SACEM)";"Minimatic|Composer|SACEM|535774330| · Parigo|Original Publisher|SACEM|461629743|";"pilot-pending"
"PGO0016";"3a561cd158cab479";"Pigalle Bizarre";"2e14adae6f3e3534";"";"THE MONTMARTRE PARADE";"Main";"false";"Minimatic (NS)";"Minimatic";"update";"suffixe-société-et-identité-structurée";"";"Parigo  (SACEM)";"Minimatic|Composer|SACEM|535774330| · Parigo|Original Publisher|SACEM|461629743|";"pilot-pending"
"PGO0016";"3a561cd158cab479";"Pigalle Bizarre";"d724d3699372c834";"";"FOUFOUTRONIC";"Main";"false";"Minimatic (NS)";"Minimatic";"update";"suffixe-société-et-identité-structurée";"";"Parigo  (SACEM)";"Minimatic|Composer|SACEM|535774330| · Parigo|Original Publisher|SACEM|461629743|";"pilot-pending"
"PGO0016";"3a561cd158cab479";"Pigalle Bizarre";"242f291268239396";"";"THE WOMAN IN THE BERET";"Main";"false";"Minimatic (NS)";"Minimatic";"update";"suffixe-société-et-identité-structurée";"";"Parigo  (SACEM)";"Minimatic|Composer|SACEM|535774330| · Parigo|Original Publisher|SACEM|461629743|";"pilot-pending"
"PGO0016";"3a561cd158cab479";"Pigalle Bizarre";"b424037ef2f2bc27";"";"CAN CAN EDM";"Main";"false";"Minimatic (NS)";"Minimatic";"update";"suffixe-société-et-identité-structurée";"";"Parigo  (SACEM)";"Minimatic|Composer|SACEM|535774330| · Parigo|Original Publisher|SACEM|461629743|";"pilot-pending"
"PGO0016";"3a561cd158cab479";"Pigalle Bizarre";"1f57c6ce263e7702";"";"HEIST ON THE NILE";"Main";"false";"Minimatic (NS)";"Minimatic";"update";"suffixe-société-et-identité-structurée";"";"Parigo  (SACEM)";"Minimatic|Composer|SACEM|535774330| · Parigo|Original Publisher|SACEM|461629743|";"pilot-pending"
"PGO0016";"3a561cd158cab479";"Pigalle Bizarre";"6b5fca7a7b5f08ed";"";"BASTRINGUE HONKY TONK";"Main";"false";"Minimatic (NS)";"Minimatic";"update";"suffixe-société-et-identité-structurée";"";"Parigo  (SACEM)";"Minimatic|Composer|SACEM|535774330| · Parigo|Original Publisher|SACEM|461629743|";"pilot-pending"
"PGO0015";"75cd54152a6afd17";"Reggae Experience";"25f7df751c1f6f14";"";"RUDE BOY SKANK";"Main";"false";"Nicodrum (NS) · Mellow Mood (NS) · Bertrand Gueugneau (NS)";"Nicodrum · Mellow Mood · Bertrand Gueugneau";"update";"suffixe-société-et-identité-structurée";"";"Parigo  (SACEM)";"Nicodrum|Composer|SACEM|554859114| · Mellow Mood|Composer|NS|00476382620| · Bertrand Gueugneau|Composer|NS|00476381623| · PARIGO|Original Publisher|SACEM|461629743|";"pilot-pending"
"PGO0015";"75cd54152a6afd17";"Reggae Experience";"ee378e6c6ac42c14";"";"DUB OF THE SUGAR PLUM";"Main";"false";"Thomas Cirade (NS) · Nicolas Belouet (NS)";"Thomas Cirade · Nicolas Belouet";"update";"suffixe-société-et-identité-structurée";"";"Parigo  (SACEM)";"Thomas Cirade|Composer|SACEM|462037083| · Nicolas Belouet|Composer|NS|00554859016| · PARIGO|Original Publisher|SACEM|461629743|";"pilot-pending"
"PGO0015";"75cd54152a6afd17";"Reggae Experience";"f2bce59b49b9dab1";"";"VIENS ON SE BARRE (JUST ONE BAR)";"Main";"false";"Thomas Cirade (NS) · Xavier Begue (NS) · Bastien Belmokadem (NS) · Nicolas Belouet (NS) · Mathieu Livio (NS)";"Thomas Cirade · Xavier Begue · Bastien Belmokadem · Nicolas Belouet · Mathieu Livio";"update";"suffixe-société-et-identité-structurée";"";"Parigo  (SACEM)";"Thomas Cirade|Composer|SACEM|462037083| · Bastien Belmokadem|Composer|NS|00710818267| · Xavier Begue|Composer|NS|00466305454| · Nicolas Belouet|Composer|NS|00554859016| · Mathieu Livio|Composer|NS|00677842001| · PARIGO|Original Publisher|SACEM|461629743|";"pilot-pending"
"PGO0015";"75cd54152a6afd17";"Reggae Experience";"565b01c84208c64a";"";"REGGAE EXPERIENCE";"Main";"false";"Nicodrum (NS) · Thomas Cirade (NS) · Xavier Begue (NS) · Bastien Belmokadem (NS)";"Nicodrum · Thomas Cirade · Xavier Begue · Bastien Belmokadem";"update";"suffixe-société-et-identité-structurée";"";"Parigo  (SACEM)";"Xavier Begue|Composer|NS|00466305454| · Bastien Belmokadem|Composer|NS|00710818267| · Thomas Cirade|Composer|SACEM|462037083| · Nicodrum|Composer|SACEM|554859114| · PARIGO|Original Publisher|SACEM|461629743|";"pilot-pending"
"PGO0015";"75cd54152a6afd17";"Reggae Experience";"93d8bca202a9e51f";"";"NYABINGHI (ROOTS MIX)";"Main";"false";"Thomas Cirade (NS) · Nicolas Belouet (NS)";"Thomas Cirade · Nicolas Belouet";"update";"suffixe-société";"";"Parigo  (SACEM)";"";"pilot-pending"
"PGO0015";"75cd54152a6afd17";"Reggae Experience";"cd7276d776ebde9c";"";"NYABINGHI (TRAP MIX)";"Main";"false";"Thomas Cirade (NS) · Nicolas Belouet (NS)";"Thomas Cirade · Nicolas Belouet";"update";"suffixe-société";"";"Parigo  (SACEM)";"";"pilot-pending"
"PGO0015";"75cd54152a6afd17";"Reggae Experience";"8a3748359d1b25e7";"";"DANCEHALL VYBZ";"Main";"false";"Thomas Cirade (NS) · Nicolas Belouet (NS)";"Thomas Cirade · Nicolas Belouet";"update";"suffixe-société-et-identité-structurée";"";"Parigo  (SACEM)";"Thomas Cirade|Composer|SACEM|462037083| · Nicolas Belouet|Composer|NS|00554859016| · PARIGO|Original Publisher|SACEM|461629743|";"pilot-pending"
"PGO0015";"75cd54152a6afd17";"Reggae Experience";"8cbae12d0ecea662";"";"THE GOOD, THE BAD, AND THE RASTA";"Main";"false";"Thomas Cirade (NS) · Nicolas Belouet (NS)";"Thomas Cirade · Nicolas Belouet";"update";"suffixe-société-et-identité-structurée";"";"Parigo  (SACEM)";"Thomas Cirade|Composer|SACEM|462037083| · Nicolas Belouet|Composer|NS|00554859016| · PARIGO|Original Publisher|SACEM|461629743|";"pilot-pending"
"PGO0015";"75cd54152a6afd17";"Reggae Experience";"6dc7354f33b79836";"";"DREAD AT THE KEYS";"Main";"false";"Thomas Cirade (NS) · Nicolas Belouet (NS)";"Thomas Cirade · Nicolas Belouet";"update";"suffixe-société-et-identité-structurée";"";"Parigo  (SACEM)";"Thomas Cirade|Composer|SACEM|462037083| · Nicolas Belouet|Composer|NS|00554859016| · PARIGO|Original Publisher|SACEM|461629743|";"pilot-pending"
"PGO0015";"75cd54152a6afd17";"Reggae Experience";"daf9f149a314be2d";"";"BURRU (ROOTS MIX)";"Main";"false";"Thomas Cirade (NS) · Nicolas Belouet (NS)";"Thomas Cirade · Nicolas Belouet";"update";"suffixe-société";"";"Parigo  (SACEM)";"";"pilot-pending"
"PGO0015";"75cd54152a6afd17";"Reggae Experience";"dfb7af00af513bc8";"";"BURRU (TRAP MIX)";"Main";"false";"Thomas Cirade (NS) · Nicolas Belouet (NS)";"Thomas Cirade · Nicolas Belouet";"update";"suffixe-société";"";"Parigo  (SACEM)";"";"pilot-pending"
"PGO0015";"75cd54152a6afd17";"Reggae Experience";"f68ed6213f329257";"";"KINGSTON GANGSTA MAN";"Main";"false";"Thomas Cirade (NS) · Nicolas Belouet (NS) · Julien Cirade (NS)";"Thomas Cirade · Nicolas Belouet · Julien Cirade";"update";"suffixe-société-et-identité-structurée";"";"Parigo  (SACEM)";"Thomas Cirade|Composer|SACEM|462037083| · Julien Cirade|Composer|NS|00515152584| · Nicolas Belouet|Composer|NS|00554859016| · PARIGO|Original Publisher|SACEM|461629743|";"pilot-pending"
"PGO0015";"75cd54152a6afd17";"Reggae Experience";"99a73d4f8aaf506e";"";"SUNRISE IN PARADISE";"Main";"false";"Nicodrum (NS) · Xavier Begue (NS)";"Nicodrum · Xavier Begue";"update";"suffixe-société-et-identité-structurée";"";"Parigo  (SACEM)";"Nicodrum|Composer|SACEM|554859114| · Xavier Begue|Composer|NS|00466305454| · PARIGO|Original Publisher|SACEM|461629743|";"pilot-pending"
"PGO0015";"75cd54152a6afd17";"Reggae Experience";"976c303f27fcdcac";"";"ONE DROP OF SUNSHINE";"Main";"false";"Thomas Cirade (NS) · Nicolas Belouet (NS)";"Thomas Cirade · Nicolas Belouet";"update";"suffixe-société-et-identité-structurée";"";"Parigo  (SACEM)";"Thomas Cirade|Composer|SACEM|462037083| · Nicolas Belouet|Composer|NS|00554859016| · PARIGO|Original Publisher|SACEM|461629743|";"pilot-pending"
"PGO0015";"75cd54152a6afd17";"Reggae Experience";"6d75c032c1f0937d";"";"REGGAE ROCKERS";"Main";"false";"Nicodrum (NS) · Thomas Cirade (NS) · Xavier Begue (NS) · Bastien Belmokadem (NS) · Thomas Join Lambert (NS)";"Nicodrum · Thomas Cirade · Xavier Begue · Bastien Belmokadem · Thomas Join Lambert";"update";"suffixe-société-et-identité-structurée";"";"Parigo  (SACEM)";"Xavier Begue|Composer|NS|00466305454| · Bastien Belmokadem|Composer|NS|00710818267| · Nicodrum|Composer|SACEM|554859114| · Thomas Cirade|Composer|SACEM|462037083| · Thomas Join Lambert|Composer|NS|00150291500| · PARIGO|Original Publisher|SACEM|461629743|";"pilot-pending"
"PGO0015";"75cd54152a6afd17";"Reggae Experience";"e1b87e78c5677650";"";"JUNIOR JAMAICAN";"Main";"false";"Nicodrum (NS) · Mellow Mood (NS) · Bertrand Gueugneau (NS)";"Nicodrum · Mellow Mood · Bertrand Gueugneau";"update";"suffixe-société-et-identité-structurée";"";"Parigo  (SACEM)";"Nicodrum|Composer|SACEM|554859114| · Bertrand Gueugneau|Composer|NS|00476381623| · Mellow Mood|Composer|NS|00476382620| · PARIGO|Original Publisher|SACEM|461629743|";"pilot-pending"
"PGO0015";"75cd54152a6afd17";"Reggae Experience";"bc59ce74bac07340";"";"BONGOMAN (ROOTS MIX)";"Main";"false";"Thomas Cirade (NS) · Nicolas Belouet (NS)";"Thomas Cirade · Nicolas Belouet";"update";"suffixe-société";"";"Parigo  (SACEM)";"";"pilot-pending"
"PGO0015";"75cd54152a6afd17";"Reggae Experience";"8510ef5790c8ca54";"";"BONGOMAN (TRAP MIX)";"Main";"false";"Thomas Cirade (NS) · Nicolas Belouet (NS)";"Thomas Cirade · Nicolas Belouet";"update";"suffixe-société";"";"Parigo  (SACEM)";"";"pilot-pending"
"PGO0015";"75cd54152a6afd17";"Reggae Experience";"0055f6364a33f183";"";"BACK TO RUB A DUB";"Main";"false";"Nicodrum (NS) · Jimmy Zaccadrelli (NS)";"Nicodrum · Jimmy Zaccadrelli";"update";"suffixe-société-et-identité-structurée";"";"Parigo  (SACEM)";"Jimmy Zaccadrelli|Composer|SACEM|153718470| · Nicodrum|Composer|SACEM|554859114| · PARIGO|Original Publisher|SACEM|461629743|";"pilot-pending"
"PGO0015";"75cd54152a6afd17";"Reggae Experience";"699494de1b15e890";"";"LAZY DAY IN JAMAICA";"Main";"false";"Nicodrum (NS) · Mellow Mood (NS) · Bertrand Gueugneau (NS) · Alexandre Reiss (NS)";"Nicodrum · Mellow Mood · Bertrand Gueugneau · Alexandre Reiss";"update";"suffixe-société-et-identité-structurée";"";"Parigo  (SACEM)";"Nicodrum|Composer|SACEM|554859114| · Alexandre Reiss|Composer|NS|00154067776| · Mellow Mood|Composer|NS|00476382620| · Bertrand Gueugneau|Composer|NS|00476381623| · PARIGO|Original Publisher|SACEM|461629743|";"pilot-pending"
"PGO0015";"75cd54152a6afd17";"Reggae Experience";"352c5591172d7c68";"";"TROPICAL XMAS";"Main";"false";"Thomas Cirade (NS) · Nicolas Belouet (NS)";"Thomas Cirade · Nicolas Belouet";"update";"suffixe-société-et-identité-structurée";"";"Parigo  (SACEM)";"Thomas Cirade|Composer|SACEM|462037083| · Nicolas Belouet|Composer|NS|00554859016| · PARIGO|Original Publisher|SACEM|461629743|";"pilot-pending"
"PGO0015";"75cd54152a6afd17";"Reggae Experience";"d809b31d49f8fa26";"";"DAYS OF OPPRESSION";"Main";"false";"Thomas Cirade (NS) · Nicolas Belouet (NS)";"Thomas Cirade · Nicolas Belouet";"update";"suffixe-société-et-identité-structurée";"";"Parigo  (SACEM)";"Thomas Cirade|Composer|SACEM|462037083| · Nicolas Belouet|Composer|NS|00554859016| · PARIGO|Original Publisher|SACEM|461629743|";"pilot-pending"
"PGO0014";"a4596e8be97b780b";"Vintage Rock And Remixes";"8ae4cb2693022ff1";"";"ALL RIGHT FOR CHEROKEES (VINTAGE)";"Main";"false";"Thierry Loshouarn (NS) · Philippe Almosnino (NS)";"Thierry Loshouarn · Philippe Almosnino";"update";"suffixe-société-et-identité-structurée";"";"Parigo  (SACEM)";"Thierry Loshouarn|Composer|NS|147761650| · Philippe Almosnino|Composer|NS|00147761454| · PARIGO|Original Publisher|SACEM|461629743|";"pilot-pending"
"PGO0014";"a4596e8be97b780b";"Vintage Rock And Remixes";"af71f4deb1ce4147";"";"ALL RIGHT FOR YOU (INSTRU REMIX)";"Main";"false";"Thierry Loshouarn (NS) · Philippe Almosnino (NS)";"Thierry Loshouarn · Philippe Almosnino";"update";"suffixe-société";"";"Parigo  (SACEM)";"";"pilot-pending"
"PGO0014";"a4596e8be97b780b";"Vintage Rock And Remixes";"b0591c1994d3baa5";"";"YOU GOT THE VIBE SAM (VINTAGE)";"Main";"false";"Thierry Loshouarn (NS) · Philippe Almosnino (NS)";"Thierry Loshouarn · Philippe Almosnino";"update";"suffixe-société-et-identité-structurée";"";"Parigo  (SACEM)";"Thierry Loshouarn|Composer|NS|147761650| · Philippe Almosnino|Composer|NS|00147761454| · PARIGO|Original Publisher|SACEM|461629743|";"pilot-pending"
"PGO0014";"a4596e8be97b780b";"Vintage Rock And Remixes";"f1276b473893ecc2";"";"YOU GOT THE VIBE BO (VINTAGE)";"Main";"false";"Thierry Loshouarn (NS) · Philippe Almosnino (NS)";"Thierry Loshouarn · Philippe Almosnino";"update";"suffixe-société-et-identité-structurée";"";"Parigo  (SACEM)";"Thierry Loshouarn|Composer|NS|147761650| · Philippe Almosnino|Composer|NS|00147761454| · PARIGO|Original Publisher|SACEM|461629743|";"pilot-pending"
"PGO0014";"a4596e8be97b780b";"Vintage Rock And Remixes";"c4e24202b144962b";"";"YOU GOT THE VIBE (SONG REMIX)";"Main";"false";"Thierry Loshouarn (NS) · Philippe Almosnino (NS) · Yann Martin (NS)";"Thierry Loshouarn · Philippe Almosnino · Yann Martin";"update";"suffixe-société";"";"Parigo  (SACEM)";"";"pilot-pending"
"PGO0014";"a4596e8be97b780b";"Vintage Rock And Remixes";"693cba08cacda8b5";"";"YOU GOT THE VIBE (INSTRU REMIX)";"Main";"false";"Thierry Loshouarn (NS) · Philippe Almosnino (NS)";"Thierry Loshouarn · Philippe Almosnino";"update";"suffixe-société-et-identité-structurée";"";"Parigo  (SACEM)";"Thierry Loshouarn|Composer|NS|147761650| · Philippe Almosnino|Composer|NS|00147761454| · PARIGO|Original Publisher|SACEM|461629743|";"pilot-pending"
"PGO0014";"a4596e8be97b780b";"Vintage Rock And Remixes";"19e18c4aa4d389e6";"";"YOU GOT THE VIBE (PLAYBACK REMIX)";"Main";"false";"Thierry Loshouarn (NS) · Philippe Almosnino (NS) · Yann Martin (NS)";"Thierry Loshouarn · Philippe Almosnino · Yann Martin";"update";"suffixe-société";"";"Parigo  (SACEM)";"";"pilot-pending"
"PGO0014";"a4596e8be97b780b";"Vintage Rock And Remixes";"8b14642c96ec58e3";"";"TELL ME WHAT'S ON YOUR MIND (VINTAGE SONG)";"Main";"false";"Thierry Loshouarn (NS) · Yann Martin (NS)";"Thierry Loshouarn · Yann Martin";"update";"suffixe-société";"";"Parigo  (SACEM)";"";"pilot-pending"
"PGO0014";"a4596e8be97b780b";"Vintage Rock And Remixes";"e3a87b8c45b83945";"";"TELL ME WHAT'S ON YOUR MIND (VINTAGE INSTRU)";"Main";"false";"Thierry Loshouarn (NS) · Yann Martin (NS)";"Thierry Loshouarn · Yann Martin";"update";"suffixe-société-et-identité-structurée";"";"Parigo  (SACEM)";"Thierry Loshouarn|Composer|NS|147761650| · Yann Martin|Composer|NS|| · PARIGO|Original Publisher|SACEM|461629743|";"pilot-pending"
"PGO0014";"a4596e8be97b780b";"Vintage Rock And Remixes";"b47f293784af5dc7";"";"TELL ME WHAT'S ON YOUR MIND (SONG REMIX)";"Main";"false";"Thierry Loshouarn (NS) · Yann Martin (NS)";"Thierry Loshouarn · Yann Martin";"update";"suffixe-société";"";"Parigo  (SACEM)";"";"pilot-pending"
"PGO0014";"a4596e8be97b780b";"Vintage Rock And Remixes";"c85278a80cc20423";"";"TELL ME WHAT'S ON YOUR MIND (INSTRU REMIX)";"Main";"false";"Thierry Loshouarn (NS) · Yann Martin (NS)";"Thierry Loshouarn · Yann Martin";"update";"suffixe-société-et-identité-structurée";"";"Parigo  (SACEM)";"Thierry Loshouarn|Composer|NS|147761650| · Yann Martin|Composer|NS|| · PARIGO|Original Publisher|SACEM|461629743|";"pilot-pending"
"PGO0014";"a4596e8be97b780b";"Vintage Rock And Remixes";"ee61dc90e625c8d0";"";"TELL ME WHAT'S ON YOUR MIND (PLAYBLACK REMIX)";"Main";"false";"Thierry Loshouarn (NS) · Yann Martin (NS)";"Thierry Loshouarn · Yann Martin";"update";"suffixe-société";"";"Parigo  (SACEM)";"";"pilot-pending"
"PGO0014";"a4596e8be97b780b";"Vintage Rock And Remixes";"72c4576672942f15";"";"ACTION (VINTAGE SONG)";"Main";"false";"Thierry Loshouarn (NS) · Maria Kouznetsova (NS) · Mikael Sala (NS)";"Thierry Loshouarn · Maria Kouznetsova · Mikael Sala";"update";"suffixe-société";"";"Parigo  (SACEM)";"";"pilot-pending"
"PGO0014";"a4596e8be97b780b";"Vintage Rock And Remixes";"5b2082fb60d0f79b";"";"ACTION (VINTAGE PLAYBACK)";"Main";"false";"Thierry Loshouarn (NS) · Maria Kouznetsova (NS) · Mikael Sala (NS)";"Thierry Loshouarn · Maria Kouznetsova · Mikael Sala";"update";"suffixe-société-et-identité-structurée";"";"Parigo  (SACEM)";"Thierry Loshouarn|Composer|NS|147761650| · Maria Kouznetsova|Composer|NS|00495279502| · Mikael Sala|Composer|NS|00149505268| · PARIGO|Original Publisher|SACEM|461629743|";"pilot-pending"
"PGO0014";"a4596e8be97b780b";"Vintage Rock And Remixes";"c44ea0446476559b";"";"ACTION (SONG REMIX)";"Main";"false";"Thierry Loshouarn (NS) · Maria Kouznetsova (NS) · Mikael Sala (NS)";"Thierry Loshouarn · Maria Kouznetsova · Mikael Sala";"update";"suffixe-société";"";"Parigo  (SACEM)";"";"pilot-pending"
"PGO0014";"a4596e8be97b780b";"Vintage Rock And Remixes";"6d1311278a554eb5";"";"ACTION (INSTRU REMIX)";"Main";"false";"Thierry Loshouarn (NS) · Maria Kouznetsova (NS) · Mikael Sala (NS)";"Thierry Loshouarn · Maria Kouznetsova · Mikael Sala";"update";"suffixe-société-et-identité-structurée";"";"Parigo  (SACEM)";"Thierry Loshouarn|Composer|NS|147761650| · Mikael Sala|Composer|NS|00149505268| · Maria Kouznetsova|Composer|NS|00495279502| · PARIGO|Original Publisher|SACEM|461629743|";"pilot-pending"
"PGO0014";"a4596e8be97b780b";"Vintage Rock And Remixes";"f006f9843835abc1";"";"MOTORCYCLE MAMBO";"Main";"false";"Thierry Loshouarn (NS) · Philippe Almosnino (NS)";"Thierry Loshouarn · Philippe Almosnino";"update";"suffixe-société-et-identité-structurée";"";"Parigo  (SACEM)";"Thierry Loshouarn|Composer|NS|147761650| · Philippe Almosnino|Composer|NS|00147761454| · PARIGO|Original Publisher|SACEM|461629743|";"pilot-pending"
"PGO0014";"a4596e8be97b780b";"Vintage Rock And Remixes";"12deab2dc950f8a6";"";"ALL RIGHT FOR CHUCK (VINTAGE)";"Main";"false";"Thierry Loshouarn (NS) · Philippe Almosnino (NS)";"Thierry Loshouarn · Philippe Almosnino";"update";"suffixe-société-et-identité-structurée";"";"Parigo  (SACEM)";"Thierry Loshouarn|Composer|NS|147761650| · Philippe Almosnino|Composer|NS|00147761454| · PARIGO|Original Publisher|SACEM|461629743|";"pilot-pending"
"PGO0014";"a4596e8be97b780b";"Vintage Rock And Remixes";"d56ff0f5bd4703b5";"";"MOTORCYCLE GIRL BLUES (VINTAGE SONG)";"Main";"false";"Thierry Loshouarn (NS) · Philippe Almosnino (NS) · Valérie Labro (NS)";"Thierry Loshouarn · Philippe Almosnino · Valérie Labro";"update";"suffixe-société";"";"Parigo  (SACEM)";"";"pilot-pending"
"PGO0014";"a4596e8be97b780b";"Vintage Rock And Remixes";"7bd57a6941c0cc57";"";"MOTORCYCLE GIRL BLUES (VINTAGE INSTRU)";"Main";"false";"Thierry Loshouarn (NS) · Philippe Almosnino (NS) · Valérie Labro (NS)";"Thierry Loshouarn · Philippe Almosnino · Valérie Labro";"update";"suffixe-société-et-identité-structurée";"";"Parigo  (SACEM)";"Thierry Loshouarn|Composer|NS|147761650| · Philippe Almosnino|Composer|NS|00147761454| · Valérie Labro|Composer|NS|| · PARIGO|Original Publisher|SACEM|461629743|";"pilot-pending"
"PGO0014";"a4596e8be97b780b";"Vintage Rock And Remixes";"5c3bcf9ae546bd30";"";"MOTORCYCLE GIRL (SONG REMIX)";"Main";"false";"Thierry Loshouarn (NS) · Philippe Almosnino (NS) · Valérie Labro (NS)";"Thierry Loshouarn · Philippe Almosnino · Valérie Labro";"update";"suffixe-société";"";"Parigo  (SACEM)";"";"pilot-pending"
"PGO0014";"a4596e8be97b780b";"Vintage Rock And Remixes";"593571ab0aaf039d";"";"MOTORCYCLE GIRL (INSTRU REMIX)";"Main";"false";"Thierry Loshouarn (NS) · Philippe Almosnino (NS) · Valérie Labro (NS)";"Thierry Loshouarn · Philippe Almosnino · Valérie Labro";"update";"suffixe-société-et-identité-structurée";"";"Parigo  (SACEM)";"Thierry Loshouarn|Composer|NS|147761650| · Philippe Almosnino|Composer|NS|00147761454| · Valérie Labro|Composer|NS|| · PARIGO|Original Publisher|SACEM|461629743|";"pilot-pending"
"PGO0014";"a4596e8be97b780b";"Vintage Rock And Remixes";"736997b889a72a69";"";"MOTORCYCLE GIRL (PLAYBACK REMIX)";"Main";"false";"Thierry Loshouarn (NS) · Philippe Almosnino (NS) · Valérie Labro (NS)";"Thierry Loshouarn · Philippe Almosnino · Valérie Labro";"update";"suffixe-société";"";"Parigo  (SACEM)";"";"pilot-pending"
"PGO0014";"a4596e8be97b780b";"Vintage Rock And Remixes";"0ac7dfcb05cc8585";"";"ON THE ROPES (VINTAGE)";"Main";"false";"Thierry Loshouarn (NS) · Philippe Almosnino (NS)";"Thierry Loshouarn · Philippe Almosnino";"update";"suffixe-société-et-identité-structurée";"";"Parigo  (SACEM)";"Thierry Loshouarn|Composer|NS|147761650| · Philippe Almosnino|Composer|NS|00147761454| · PARIGO|Original Publisher|SACEM|461629743|";"pilot-pending"
"PGO0014";"a4596e8be97b780b";"Vintage Rock And Remixes";"c9060ae450c5408a";"";"ON THE ROPES (REMIX)";"Main";"false";"Thierry Loshouarn (NS) · Philippe Almosnino (NS)";"Thierry Loshouarn · Philippe Almosnino";"update";"suffixe-société-et-identité-structurée";"";"Parigo  (SACEM)";"Thierry Loshouarn|Composer|NS|147761650| · Philippe Almosnino|Composer|NS|00147761454| · PARIGO|Original Publisher|SACEM|461629743|";"pilot-pending"
"PGO0014";"a4596e8be97b780b";"Vintage Rock And Remixes";"f25c770e92bacb00";"";"0 TO 200 BPM (VINTAGE)";"Main";"false";"Thierry Loshouarn (NS) · Emmanuel Berthe (NS)";"Thierry Loshouarn · Emmanuel Berthe";"update";"suffixe-société";"";"Parigo  (SACEM)";"";"pilot-pending"
"PGO0014";"a4596e8be97b780b";"Vintage Rock And Remixes";"dcc0332e57886180";"";"0 TO 200 BPM (REMIX)";"Main";"false";"Thierry Loshouarn (NS) · Emmanuel Berthe (NS)";"Thierry Loshouarn · Emmanuel Berthe";"update";"suffixe-société";"";"Parigo  (SACEM)";"";"pilot-pending"
"PGO0014";"a4596e8be97b780b";"Vintage Rock And Remixes";"dbe2db3d53f30c1b";"";"SHE SAID YES (VINTAGE)";"Main";"false";"Thierry Loshouarn (NS)";"Thierry Loshouarn";"update";"suffixe-société-et-identité-structurée";"";"Parigo  (SACEM)";"Thierry Loshouarn|Composer|NS|147761650| · PARIGO|Original Publisher|SACEM|461629743|";"pilot-pending"
"PGO0014";"a4596e8be97b780b";"Vintage Rock And Remixes";"017d46e7ccc2a56a";"";"SHE SAID YES (REMIX)";"Main";"false";"Thierry Loshouarn (NS) · Davide Loi (NS)";"Thierry Loshouarn · Davide Loi";"update";"suffixe-société-et-identité-structurée";"";"Parigo  (SACEM)";"Thierry Loshouarn|Composer|NS|147761650| · Davide Loi|Composer|NS|00449542139| · PARIGO|Original Publisher|SACEM|461629743|";"pilot-pending"
"PGO0014";"a4596e8be97b780b";"Vintage Rock And Remixes";"e6cb1cc800d58e65";"";"THE PINK WHALES (VINTAGE)";"Main";"false";"Thierry Loshouarn (NS) · Philippe Almosnino (NS)";"Thierry Loshouarn · Philippe Almosnino";"update";"suffixe-société-et-identité-structurée";"";"Parigo  (SACEM)";"Thierry Loshouarn|Composer|NS|147761650| · Philippe Almosnino|Composer|NS|00147761454| · PARIGO|Original Publisher|SACEM|461629743|";"pilot-pending"
"PGO0014";"a4596e8be97b780b";"Vintage Rock And Remixes";"14956abb730eaa1d";"";"THE PINK MATCH (REMIX)";"Main";"false";"Thierry Loshouarn (NS) · Philippe Almosnino (NS)";"Thierry Loshouarn · Philippe Almosnino";"update";"suffixe-société-et-identité-structurée";"";"Parigo  (SACEM)";"Philippe Almosnino|Composer|NS|00147761454| · Thierry Loshouarn|Composer|NS|147761650| · PARIGO|Original Publisher|SACEM|461629743|";"pilot-pending"
"PGO0014";"a4596e8be97b780b";"Vintage Rock And Remixes";"b6620e2a9d33a241";"";"ALL RIGHT FOR YOU (SONG REMIX)";"Main";"false";"Thierry Loshouarn (NS) · Philippe Almosnino (NS)";"Thierry Loshouarn · Philippe Almosnino";"update";"suffixe-société-et-identité-structurée";"";"Parigo  (SACEM)";"Thierry Loshouarn|Composer|NS|147761650| · Philippe Almosnino|Composer|NS|00147761454| · PARIGO|Original Publisher|SACEM|461629743|";"pilot-pending"
"PGO0014";"a4596e8be97b780b";"Vintage Rock And Remixes";"eb0f39d011120008";"";"BREAK BREAK REACTION (VINTAGE)";"Main";"false";"Thierry Loshouarn (NS) · Philippe Almosnino (NS)";"Thierry Loshouarn · Philippe Almosnino";"update";"suffixe-société-et-identité-structurée";"";"Parigo  (SACEM)";"Thierry Loshouarn|Composer|NS|147761650| · Philippe Almosnino|Composer|NS|00147761454| · PARIGO|Original Publisher|SACEM|461629743|";"pilot-pending"
"PGO0014";"a4596e8be97b780b";"Vintage Rock And Remixes";"b1fab04e680bc16d";"";"BREAK BREAK REACTION (SONG REMIX)";"Main";"false";"Thierry Loshouarn (NS) · Philippe Almosnino (NS) · Marie Martin (NS)";"Thierry Loshouarn · Philippe Almosnino · Marie Martin";"update";"suffixe-société";"";"Parigo  (SACEM)";"";"pilot-pending"
"PGO0014";"a4596e8be97b780b";"Vintage Rock And Remixes";"5d47ca8fd87b01f2";"";"BREAK BREAK REACTION (INSTRU REMIX)";"Main";"false";"Thierry Loshouarn (NS) · Philippe Almosnino (NS)";"Thierry Loshouarn · Philippe Almosnino";"update";"suffixe-société-et-identité-structurée";"";"Parigo  (SACEM)";"Thierry Loshouarn|Composer|NS|147761650| · Philippe Almosnino|Composer|NS|00147761454| · PARIGO|Original Publisher|SACEM|461629743|";"pilot-pending"
"PGO0014";"a4596e8be97b780b";"Vintage Rock And Remixes";"45865785ad5da556";"";"CC PUNKER (VINTAGE SONG)";"Main";"false";"Thierry Loshouarn (NS)";"Thierry Loshouarn";"update";"suffixe-société-et-identité-structurée";"";"Parigo  (SACEM)";"Thierry Loshouarn|Composer|NS|147761650| · PARIGO|Original Publisher|SACEM|461629743|";"pilot-pending"
"PGO0014";"a4596e8be97b780b";"Vintage Rock And Remixes";"cb62889c7029f98f";"";"CC PUNKER (INSTRU REMIX)";"Main";"false";"Thierry Loshouarn (NS)";"Thierry Loshouarn";"update";"suffixe-société-et-identité-structurée";"";"Parigo  (SACEM)";"Thierry Loshouarn|Composer|NS|147761650| · PARIGO|Original Publisher|SACEM|461629743|";"pilot-pending"
"PGO0013";"895d685b480f3a0e";"Dark Ambient";"730c2b582fba7cf9";"";"DARK AMBIENT THEME 1";"Main";"false";"Ugly Mac Beer (SACEM) · Mister Modo (NS)";"Ugly Mac Beer · Mister Modo";"update";"suffixe-société";"";"Parigo  (SACEM)";"";"pilot-pending"
"PGO0013";"895d685b480f3a0e";"Dark Ambient";"7f4c1f1c519d5972";"";"DARK AMBIENT THEME 10";"Main";"false";"Ugly Mac Beer (SACEM) · Mister Modo (NS)";"Ugly Mac Beer · Mister Modo";"update";"suffixe-société";"";"Parigo  (SACEM)";"";"pilot-pending"
"PGO0013";"895d685b480f3a0e";"Dark Ambient";"1dbaab6d0929391a";"";"DARK AMBIENT 1";"Main";"false";"Ugly Mac Beer (SACEM) · Mister Modo (NS)";"Ugly Mac Beer · Mister Modo";"update";"suffixe-société";"";"Parigo  (SACEM)";"";"pilot-pending"
"PGO0013";"895d685b480f3a0e";"Dark Ambient";"bbb22cb6797bd306";"";"DARK AMBIENT 2";"Main";"false";"Ugly Mac Beer (SACEM) · Mister Modo (NS)";"Ugly Mac Beer · Mister Modo";"update";"suffixe-société";"";"Parigo  (SACEM)";"";"pilot-pending"
"PGO0013";"895d685b480f3a0e";"Dark Ambient";"50a1d419f075fcfc";"";"DARK AMBIENT 3";"Main";"false";"Ugly Mac Beer (SACEM) · Mister Modo (NS)";"Ugly Mac Beer · Mister Modo";"update";"suffixe-société";"";"Parigo  (SACEM)";"";"pilot-pending"
"PGO0013";"895d685b480f3a0e";"Dark Ambient";"517598f910026e1a";"";"DARK AMBIENT 4";"Main";"false";"Ugly Mac Beer (SACEM) · Mister Modo (NS)";"Ugly Mac Beer · Mister Modo";"update";"suffixe-société";"";"Parigo  (SACEM)";"";"pilot-pending"
"PGO0013";"895d685b480f3a0e";"Dark Ambient";"3c6e8cd390dc1aee";"";"DARK AMBIENT 5";"Main";"false";"Ugly Mac Beer (SACEM) · Mister Modo (NS)";"Ugly Mac Beer · Mister Modo";"update";"suffixe-société";"";"Parigo  (SACEM)";"";"pilot-pending"
"PGO0013";"895d685b480f3a0e";"Dark Ambient";"a89ff268ddd4ba1a";"";"DARK AMBIENT 6";"Main";"false";"Ugly Mac Beer (SACEM) · Mister Modo (NS)";"Ugly Mac Beer · Mister Modo";"update";"suffixe-société";"";"Parigo  (SACEM)";"";"pilot-pending"
"PGO0013";"895d685b480f3a0e";"Dark Ambient";"1dbd3f337f79abe6";"";"DARK AMBIENT 7";"Main";"false";"Ugly Mac Beer (SACEM) · Mister Modo (NS)";"Ugly Mac Beer · Mister Modo";"update";"suffixe-société";"";"Parigo  (SACEM)";"";"pilot-pending"
"PGO0013";"895d685b480f3a0e";"Dark Ambient";"71b54358e921c7da";"";"DARK AMBIENT 8";"Main";"false";"Ugly Mac Beer (SACEM) · Mister Modo (NS)";"Ugly Mac Beer · Mister Modo";"update";"suffixe-société";"";"Parigo  (SACEM)";"";"pilot-pending"
"PGO0013";"895d685b480f3a0e";"Dark Ambient";"928c743c9cb92e82";"";"DARK AMBIENT 9";"Main";"false";"Ugly Mac Beer (SACEM) · Mister Modo (NS)";"Ugly Mac Beer · Mister Modo";"update";"suffixe-société";"";"Parigo  (SACEM)";"";"pilot-pending"
"PGO0013";"895d685b480f3a0e";"Dark Ambient";"6984238f7b21078f";"";"DARK AMBIENT THEME 2";"Main";"false";"Ugly Mac Beer (SACEM) · Mister Modo (NS)";"Ugly Mac Beer · Mister Modo";"update";"suffixe-société";"";"Parigo  (SACEM)";"";"pilot-pending"
"PGO0013";"895d685b480f3a0e";"Dark Ambient";"1631694bda1303ec";"";"DARK AMBIENT 10";"Main";"false";"Ugly Mac Beer (SACEM) · Mister Modo (NS)";"Ugly Mac Beer · Mister Modo";"update";"suffixe-société";"";"Parigo  (SACEM)";"";"pilot-pending"
"PGO0013";"895d685b480f3a0e";"Dark Ambient";"52f2faeff60a8483";"";"DARK AMBIENT 11";"Main";"false";"Ugly Mac Beer (SACEM) · Mister Modo (NS)";"Ugly Mac Beer · Mister Modo";"update";"suffixe-société";"";"Parigo  (SACEM)";"";"pilot-pending"
"PGO0013";"895d685b480f3a0e";"Dark Ambient";"ddc2edfa32e77744";"";"DARK TENSION 1";"Main";"false";"Ugly Mac Beer (SACEM) · Mister Modo (NS)";"Ugly Mac Beer · Mister Modo";"update";"suffixe-société";"";"Parigo  (SACEM)";"";"pilot-pending"
"PGO0013";"895d685b480f3a0e";"Dark Ambient";"edd46b43b8124eb8";"";"DARK TENSION 2";"Main";"false";"Ugly Mac Beer (SACEM) · Mister Modo (NS)";"Ugly Mac Beer · Mister Modo";"update";"suffixe-société";"";"Parigo  (SACEM)";"";"pilot-pending"
"PGO0013";"895d685b480f3a0e";"Dark Ambient";"5ddde6b8aef65a1f";"";"DARK TENSION 3";"Main";"false";"Ugly Mac Beer (SACEM) · Mister Modo (NS)";"Ugly Mac Beer · Mister Modo";"update";"suffixe-société";"";"Parigo  (SACEM)";"";"pilot-pending"
"PGO0013";"895d685b480f3a0e";"Dark Ambient";"4334737cf67ab7ae";"";"DARK TENSION 4";"Main";"false";"Ugly Mac Beer (SACEM) · Mister Modo (NS)";"Ugly Mac Beer · Mister Modo";"update";"suffixe-société";"";"Parigo  (SACEM)";"";"pilot-pending"
"PGO0013";"895d685b480f3a0e";"Dark Ambient";"ecd9bceaba6819b6";"";"DARK TENSION 5";"Main";"false";"Ugly Mac Beer (SACEM) · Mister Modo (NS)";"Ugly Mac Beer · Mister Modo";"update";"suffixe-société";"";"Parigo  (SACEM)";"";"pilot-pending"
"PGO0013";"895d685b480f3a0e";"Dark Ambient";"6469dcba84865a10";"";"DARK AMBIENT THEME 3";"Main";"false";"Ugly Mac Beer (SACEM) · Mister Modo (NS)";"Ugly Mac Beer · Mister Modo";"update";"suffixe-société";"";"Parigo  (SACEM)";"";"pilot-pending"
"PGO0013";"895d685b480f3a0e";"Dark Ambient";"c986336589e0c690";"";"DARK AMBIENT THEME 4";"Main";"false";"Ugly Mac Beer (SACEM) · Mister Modo (NS)";"Ugly Mac Beer · Mister Modo";"update";"suffixe-société";"";"Parigo  (SACEM)";"";"pilot-pending"
"PGO0013";"895d685b480f3a0e";"Dark Ambient";"d56bca8cf619c86f";"";"DARK AMBIENT THEME 5";"Main";"false";"Ugly Mac Beer (SACEM) · Mister Modo (NS)";"Ugly Mac Beer · Mister Modo";"update";"suffixe-société";"";"Parigo  (SACEM)";"";"pilot-pending"
"PGO0013";"895d685b480f3a0e";"Dark Ambient";"021a2fc655298df1";"";"DARK AMBIENT THEME 6";"Main";"false";"Ugly Mac Beer (SACEM) · Mister Modo (NS)";"Ugly Mac Beer · Mister Modo";"update";"suffixe-société";"";"Parigo  (SACEM)";"";"pilot-pending"
"PGO0013";"895d685b480f3a0e";"Dark Ambient";"34fcb78df0013039";"";"DARK AMBIENT THEME 7";"Main";"false";"Ugly Mac Beer (SACEM) · Mister Modo (NS)";"Ugly Mac Beer · Mister Modo";"update";"suffixe-société";"";"Parigo  (SACEM)";"";"pilot-pending"
"PGO0013";"895d685b480f3a0e";"Dark Ambient";"be53beb59939b0a7";"";"DARK AMBIENT THEME 8";"Main";"false";"Ugly Mac Beer (SACEM) · Mister Modo (NS)";"Ugly Mac Beer · Mister Modo";"update";"suffixe-société";"";"Parigo  (SACEM)";"";"pilot-pending"
"PGO0013";"895d685b480f3a0e";"Dark Ambient";"540f7b9013df5cdb";"";"DARK AMBIENT THEME 9";"Main";"false";"Ugly Mac Beer (SACEM) · Mister Modo (NS)";"Ugly Mac Beer · Mister Modo";"update";"suffixe-société";"";"Parigo  (SACEM)";"";"pilot-pending"
"PGO0012";"8c2888a82d49c44a";"Urban Crime & Riots";"36ab7d1d9583cfb3";"";"INTRUDER IN THE BASEMENT";"Main";"false";"Ugly Mac Beer (SACEM) · Mister Modo (NS)";"Ugly Mac Beer · Mister Modo";"update";"suffixe-société-et-identité-structurée";"";"Parigo  (SACEM)";"Mister Modo|Composer|NS|00572464241| · Ugly Mac Beer|Composer|SACEM|547737710| · PARIGO|Original Publisher|SACEM|461629743|";"pilot-pending"
"PGO0012";"8c2888a82d49c44a";"Urban Crime & Riots";"28f0dce98f4c5927";"";"IT'S GOING TO GO OFF";"Main";"false";"Ugly Mac Beer (SACEM) · Mister Modo (NS)";"Ugly Mac Beer · Mister Modo";"update";"suffixe-société-et-identité-structurée";"";"Parigo  (SACEM)";"Mister Modo|Composer|NS|00572464241| · Ugly Mac Beer|Composer|SACEM|547737710| · PARIGO|Original Publisher|SACEM|461629743|";"pilot-pending"
"PGO0012";"8c2888a82d49c44a";"Urban Crime & Riots";"5a41ef6f4968f58f";"";"IT'S GOING TO GO OFF (ORCHESTRAL VERSION, NO BEAT)";"Main";"false";"Ugly Mac Beer (SACEM) · Mister Modo (NS)";"Ugly Mac Beer · Mister Modo";"update";"suffixe-société";"";"Parigo  (SACEM)";"";"pilot-pending"
"PGO0012";"8c2888a82d49c44a";"Urban Crime & Riots";"a87a9b825841d38b";"";"ROBOTIC KILLER";"Main";"false";"Ugly Mac Beer (SACEM) · Mister Modo (NS)";"Ugly Mac Beer · Mister Modo";"update";"suffixe-société-et-identité-structurée";"";"Parigo  (SACEM)";"Mister Modo|Composer|NS|00572464241| · Ugly Mac Beer|Composer|SACEM|547737710| · PARIGO|Original Publisher|SACEM|461629743|";"pilot-pending"
"PGO0012";"8c2888a82d49c44a";"Urban Crime & Riots";"85aee919bd9a5933";"";"LOOKING FOR EVIDENCE";"Main";"false";"Ugly Mac Beer (SACEM) · Mister Modo (NS)";"Ugly Mac Beer · Mister Modo";"update";"suffixe-société-et-identité-structurée";"";"Parigo  (SACEM)";"Mister Modo|Composer|NS|00572464241| · Ugly Mac Beer|Composer|SACEM|547737710| · PARIGO|Original Publisher|SACEM|461629743|";"pilot-pending"
"PGO0012";"8c2888a82d49c44a";"Urban Crime & Riots";"bf4eb8fad8bafd61";"";"HOUSEBREAKING";"Main";"false";"Ugly Mac Beer (SACEM) · Mister Modo (NS)";"Ugly Mac Beer · Mister Modo";"update";"suffixe-société-et-identité-structurée";"";"Parigo  (SACEM)";"Mister Modo|Composer|NS|00572464241| · Ugly Mac Beer|Composer|SACEM|547737710| · PARIGO|Original Publisher|SACEM|461629743|";"pilot-pending"
"PGO0012";"8c2888a82d49c44a";"Urban Crime & Riots";"36792d2ca886eb3e";"";"HOUSEBREAKING (ORCHESTRAL VERSION, NO BEAT)";"Main";"false";"Ugly Mac Beer (SACEM) · Mister Modo (NS)";"Ugly Mac Beer · Mister Modo";"update";"suffixe-société";"";"Parigo  (SACEM)";"";"pilot-pending"
"PGO0012";"8c2888a82d49c44a";"Urban Crime & Riots";"d889ff9ba064c76c";"";"A SHADOW WITH A KNIFE";"Main";"false";"Ugly Mac Beer (SACEM) · Mister Modo (NS)";"Ugly Mac Beer · Mister Modo";"update";"suffixe-société-et-identité-structurée";"";"Parigo  (SACEM)";"Mister Modo|Composer|NS|00572464241| · Ugly Mac Beer|Composer|SACEM|547737710| · PARIGO|Original Publisher|SACEM|461629743|";"pilot-pending"
"PGO0012";"8c2888a82d49c44a";"Urban Crime & Riots";"a2977db6b74df794";"";"A SHADOW WITH A KNIFE (ORCHESTRAL VERSION, NO BEAT)";"Main";"false";"Ugly Mac Beer (SACEM) · Mister Modo (NS)";"Ugly Mac Beer · Mister Modo";"update";"suffixe-société";"";"Parigo  (SACEM)";"";"pilot-pending"
"PGO0012";"8c2888a82d49c44a";"Urban Crime & Riots";"8c3022d2551d5ec8";"";"ELECTRONIC SURVEILLENCE";"Main";"false";"Ugly Mac Beer (SACEM) · Mister Modo (NS)";"Ugly Mac Beer · Mister Modo";"update";"suffixe-société-et-identité-structurée";"";"Parigo  (SACEM)";"Mister Modo|Composer|NS|00572464241| · Ugly Mac Beer|Composer|SACEM|547737710| · PARIGO|Original Publisher|SACEM|461629743|";"pilot-pending"
"PGO0012";"8c2888a82d49c44a";"Urban Crime & Riots";"08a8fe36c30e0e21";"";"AUTOPSY";"Main";"false";"Ugly Mac Beer (SACEM) · Mister Modo (NS)";"Ugly Mac Beer · Mister Modo";"update";"suffixe-société-et-identité-structurée";"";"Parigo  (SACEM)";"Ugly Mac Beer|Composer|SACEM|547737710| · Mister Modo|Composer|NS|00572464241| · PARIGO|Original Publisher|SACEM|461629743|";"pilot-pending"
"PGO0012";"8c2888a82d49c44a";"Urban Crime & Riots";"a90cdc32c765ee48";"";"URBAN CRIME & RIOTS";"Main";"false";"Ugly Mac Beer (SACEM) · Mister Modo (NS)";"Ugly Mac Beer · Mister Modo";"update";"suffixe-société-et-identité-structurée";"";"Parigo  (SACEM)";"Mister Modo|Composer|NS|00572464241| · Ugly Mac Beer|Composer|SACEM|547737710| · PARIGO|Original Publisher|SACEM|461629743|";"pilot-pending"
"PGO0012";"8c2888a82d49c44a";"Urban Crime & Riots";"80e0415cb7ba47e7";"";"URBAN CRIME & RIOTS (ORCHESTRAL VERSION, NO BEAT)";"Main";"false";"Ugly Mac Beer (SACEM) · Mister Modo (NS)";"Ugly Mac Beer · Mister Modo";"update";"suffixe-société";"";"Parigo  (SACEM)";"";"pilot-pending"
"PGO0012";"8c2888a82d49c44a";"Urban Crime & Riots";"e62cdd4846e8178f";"";"THE SECT";"Main";"false";"Ugly Mac Beer (SACEM) · Mister Modo (NS)";"Ugly Mac Beer · Mister Modo";"update";"suffixe-société-et-identité-structurée";"";"Parigo  (SACEM)";"Ugly Mac Beer|Composer|SACEM|547737710| · Mister Modo|Composer|NS|00572464241| · PARIGO|Original Publisher|SACEM|461629743|";"pilot-pending"
"PGO0012";"8c2888a82d49c44a";"Urban Crime & Riots";"07f6af22ad034e01";"";"BAZAAR CHASE";"Main";"false";"Ugly Mac Beer (SACEM) · Mister Modo (NS)";"Ugly Mac Beer · Mister Modo";"update";"suffixe-société-et-identité-structurée";"";"Parigo  (SACEM)";"Mister Modo|Composer|NS|00572464241| · Ugly Mac Beer|Composer|SACEM|547737710| · PARIGO|Original Publisher|SACEM|461629743|";"pilot-pending"
"PGO0012";"8c2888a82d49c44a";"Urban Crime & Riots";"c4e60cd5a360ebe7";"";"URBAN ANGELS (VOCAL)";"Main";"false";"Ugly Mac Beer (SACEM) · Mister Modo (NS)";"Ugly Mac Beer · Mister Modo";"update";"suffixe-société-et-identité-structurée";"";"Parigo  (SACEM)";"Mister Modo|Composer|NS|00572464241| · Ugly Mac Beer|Composer|SACEM|547737710| · PARIGO|Original Publisher|SACEM|461629743|";"pilot-pending"
"PGO0012";"8c2888a82d49c44a";"Urban Crime & Riots";"04d2ce1f21f9c80b";"";"SUICIDE, MURDER OR SACRIFICE?";"Main";"false";"Ugly Mac Beer (SACEM) · Mister Modo (NS)";"Ugly Mac Beer · Mister Modo";"update";"suffixe-société-et-identité-structurée";"";"Parigo  (SACEM)";"Ugly Mac Beer|Composer|SACEM|547737710| · Mister Modo|Composer|NS|00572464241| · PARIGO|Original Publisher|SACEM|461629743|";"pilot-pending"
"PGO0012";"8c2888a82d49c44a";"Urban Crime & Riots";"f71872d45bb6d43e";"";"URBAN ARMY CONQUEST";"Main";"false";"Ugly Mac Beer (SACEM) · Mister Modo (NS)";"Ugly Mac Beer · Mister Modo";"update";"suffixe-société-et-identité-structurée";"";"Parigo  (SACEM)";"Mister Modo|Composer|NS|00572464241| · Ugly Mac Beer|Composer|SACEM|547737710| · PARIGO|Original Publisher|SACEM|461629743|";"pilot-pending"
"PGO0012";"8c2888a82d49c44a";"Urban Crime & Riots";"63876677608324f5";"";"URBAN ARMY CONQUEST (ORCHESTRAL VERSION, NO BEAT)";"Main";"false";"Ugly Mac Beer (SACEM) · Mister Modo (NS)";"Ugly Mac Beer · Mister Modo";"update";"suffixe-société";"";"Parigo  (SACEM)";"";"pilot-pending"
"PGO0012";"8c2888a82d49c44a";"Urban Crime & Riots";"cae1918ad18cb401";"";"RADAR BASS TRACKING";"Main";"false";"Ugly Mac Beer (SACEM) · Mister Modo (NS)";"Ugly Mac Beer · Mister Modo";"update";"suffixe-société-et-identité-structurée";"";"Parigo  (SACEM)";"Ugly Mac Beer|Composer|SACEM|547737710| · Mister Modo|Composer|NS|00572464241| · PARIGO|Original Publisher|SACEM|461629743|";"pilot-pending"
"PGO0012";"8c2888a82d49c44a";"Urban Crime & Riots";"760c0f007e29364c";"";"RADAR PIANO TRACKING";"Main";"false";"Ugly Mac Beer (SACEM) · Mister Modo (NS)";"Ugly Mac Beer · Mister Modo";"update";"suffixe-société-et-identité-structurée";"";"Parigo  (SACEM)";"Mister Modo|Composer|NS|00572464241| · Ugly Mac Beer|Composer|SACEM|547737710| · PARIGO|Original Publisher|SACEM|461629743|";"pilot-pending"
"PGO0012";"8c2888a82d49c44a";"Urban Crime & Riots";"25dd1db4da974f0a";"";"SPECIAL FORCE ASSAULT";"Main";"false";"Ugly Mac Beer (SACEM) · Mister Modo (NS)";"Ugly Mac Beer · Mister Modo";"update";"suffixe-société-et-identité-structurée";"";"Parigo  (SACEM)";"Ugly Mac Beer|Composer|SACEM|547737710| · Mister Modo|Composer|NS|00572464241| · PARIGO|Original Publisher|SACEM|461629743|";"pilot-pending"
"PGO0012";"8c2888a82d49c44a";"Urban Crime & Riots";"5d7b51c072ae0d3a";"";"SPECIAL FORCE ASSAULT (ORCHESTRAL VERSION, NO BEAT)";"Main";"false";"Ugly Mac Beer (SACEM) · Mister Modo (NS)";"Ugly Mac Beer · Mister Modo";"update";"suffixe-société";"";"Parigo  (SACEM)";"";"pilot-pending"
"PGO0012";"8c2888a82d49c44a";"Urban Crime & Riots";"344dcc5ca9ea954d";"";"BELLS OF DOOM";"Main";"false";"Ugly Mac Beer (SACEM) · Mister Modo (NS)";"Ugly Mac Beer · Mister Modo";"update";"suffixe-société-et-identité-structurée";"";"Parigo  (SACEM)";"Mister Modo|Composer|NS|00572464241| · Ugly Mac Beer|Composer|SACEM|547737710| · PARIGO|Original Publisher|SACEM|461629743|";"pilot-pending"
"PGO0012";"8c2888a82d49c44a";"Urban Crime & Riots";"93146cc2ac13c9a8";"";"BELLS OF DOOM (ORCHESTRAL VERSION, NO BEAT)";"Main";"false";"Ugly Mac Beer (SACEM) · Mister Modo (NS)";"Ugly Mac Beer · Mister Modo";"update";"suffixe-société";"";"Parigo  (SACEM)";"";"pilot-pending"
"PGO0012";"8c2888a82d49c44a";"Urban Crime & Riots";"3b7aec7f1145774a";"";"URBAN ANGELS (INSTRUMENTAL)";"Main";"false";"Ugly Mac Beer (SACEM) · Mister Modo (NS)";"Ugly Mac Beer · Mister Modo";"update";"suffixe-société-et-identité-structurée";"";"Parigo  (SACEM)";"Mister Modo|Composer|NS|00572464241| · Ugly Mac Beer|Composer|SACEM|547737710| · PARIGO|Original Publisher|SACEM|461629743|";"pilot-pending"
"PGO0011";"3bac5275f333cf74";"New Wave Drive";"6cdda0312c839050";"";"TUNNEL";"Main";"false";"Thierry Loshouarn (NS) · Emmanuel Berthe (NS)";"Thierry Loshouarn · Emmanuel Berthe";"update";"suffixe-société-et-identité-structurée";"";"Parigo  (SACEM)";"Thierry Loshouarn|Composer|NS|147761650| · Emmanuel Berthe|Composer|NS|00655232355| · PARIGO|Original Publisher|SACEM|461629743|";"pilot-pending"
"PGO0011";"3bac5275f333cf74";"New Wave Drive";"536c84eb78c4ea5f";"";"GALACTIC GIRLS (AMBIENT MIX)";"Main";"false";"Thierry Loshouarn (NS) · Emmanuel Berthe (NS)";"Thierry Loshouarn · Emmanuel Berthe";"update";"suffixe-société";"";"Parigo  (SACEM)";"";"pilot-pending"
"PGO0011";"3bac5275f333cf74";"New Wave Drive";"045c45d7c559098e";"";"ROAD TO A NEW WAVE";"Main";"false";"Thierry Loshouarn (NS) · Emmanuel Berthe (NS)";"Thierry Loshouarn · Emmanuel Berthe";"update";"suffixe-société-et-identité-structurée";"";"Parigo  (SACEM)";"Emmanuel Berthe|Composer|NS|00655232355| · Thierry Loshouarn|Composer|NS|147761650| · PARIGO|Original Publisher|SACEM|461629743|";"pilot-pending"
"PGO0011";"3bac5275f333cf74";"New Wave Drive";"6ec8da65e77ab1c3";"";"DROID AGONY";"Main";"false";"Thierry Loshouarn (NS) · Emmanuel Berthe (NS)";"Thierry Loshouarn · Emmanuel Berthe";"update";"suffixe-société-et-identité-structurée";"";"Parigo  (SACEM)";"Thierry Loshouarn|Composer|NS|147761650| · Emmanuel Berthe|Composer|NS|00655232355| · PARIGO|Original Publisher|SACEM|461629743|";"pilot-pending"
"PGO0011";"3bac5275f333cf74";"New Wave Drive";"144ce65c1add3d4c";"";"DROID AGONY (AMBIENT MIX)";"Main";"false";"Thierry Loshouarn (NS) · Emmanuel Berthe (NS)";"Thierry Loshouarn · Emmanuel Berthe";"update";"suffixe-société";"";"Parigo  (SACEM)";"";"pilot-pending"
"PGO0011";"3bac5275f333cf74";"New Wave Drive";"87be7d1306998be3";"";"ASTRAL TEK DANCE";"Main";"false";"Thierry Loshouarn (NS) · Emmanuel Berthe (NS)";"Thierry Loshouarn · Emmanuel Berthe";"update";"suffixe-société-et-identité-structurée";"";"Parigo  (SACEM)";"Emmanuel Berthe|Composer|NS|00655232355| · Thierry Loshouarn|Composer|NS|147761650| · PARIGO|Original Publisher|SACEM|461629743|";"pilot-pending"
"PGO0011";"3bac5275f333cf74";"New Wave Drive";"3ea454c336ab5dde";"";"DIGITAL BISON";"Main";"false";"Thierry Loshouarn (NS) · Emmanuel Berthe (NS)";"Thierry Loshouarn · Emmanuel Berthe";"update";"suffixe-société-et-identité-structurée";"";"Parigo  (SACEM)";"Thierry Loshouarn|Composer|NS|147761650| · Emmanuel Berthe|Composer|NS|00655232355| · PARIGO|Original Publisher|SACEM|461629743|";"pilot-pending"
"PGO0011";"3bac5275f333cf74";"New Wave Drive";"c761b917b7830925";"";"ELECTRO SPACE DRIVE";"Main";"false";"Thierry Loshouarn (NS) · Emmanuel Berthe (NS)";"Thierry Loshouarn · Emmanuel Berthe";"update";"suffixe-société-et-identité-structurée";"";"Parigo  (SACEM)";"Emmanuel Berthe|Composer|NS|00655232355| · Thierry Loshouarn|Composer|NS|147761650| · PARIGO|Original Publisher|SACEM|461629743|";"pilot-pending"
"PGO0011";"3bac5275f333cf74";"New Wave Drive";"a6fcb9ce765bf576";"";"ELECTRO SPACE DRIVE (AMBIENT MIX)";"Main";"false";"Thierry Loshouarn (NS) · Emmanuel Berthe (NS)";"Thierry Loshouarn · Emmanuel Berthe";"update";"suffixe-société";"";"Parigo  (SACEM)";"";"pilot-pending"
"PGO0011";"3bac5275f333cf74";"New Wave Drive";"c8e4b7150091d09f";"";"ONCE UPON A TIME IN SPACE";"Main";"false";"Thierry Loshouarn (NS) · Emmanuel Berthe (NS)";"Thierry Loshouarn · Emmanuel Berthe";"update";"suffixe-société-et-identité-structurée";"";"Parigo  (SACEM)";"Thierry Loshouarn|Composer|NS|147761650| · Emmanuel Berthe|Composer|NS|00655232355| · PARIGO|Original Publisher|SACEM|461629743|";"pilot-pending"
"PGO0011";"3bac5275f333cf74";"New Wave Drive";"f7f003da7df6c727";"";"ONCE UPON A TIME IN SPACE (AMBIENT MIX)";"Main";"false";"Thierry Loshouarn (NS) · Emmanuel Berthe (NS)";"Thierry Loshouarn · Emmanuel Berthe";"update";"suffixe-société";"";"Parigo  (SACEM)";"";"pilot-pending"
"PGO0011";"3bac5275f333cf74";"New Wave Drive";"25c20e04ea2bb977";"";"SPACE JAWS";"Main";"false";"Thierry Loshouarn (NS) · Emmanuel Berthe (NS)";"Thierry Loshouarn · Emmanuel Berthe";"update";"suffixe-société-et-identité-structurée";"";"Parigo  (SACEM)";"Emmanuel Berthe|Composer|NS|00655232355| · Thierry Loshouarn|Composer|NS|147761650| · PARIGO|Original Publisher|SACEM|461629743|";"pilot-pending"
"PGO0011";"3bac5275f333cf74";"New Wave Drive";"166494461bb672fe";"";"POCKET GAME MELODY";"Main";"false";"Thierry Loshouarn (NS) · Emmanuel Berthe (NS)";"Thierry Loshouarn · Emmanuel Berthe";"update";"suffixe-société-et-identité-structurée";"";"Parigo  (SACEM)";"Thierry Loshouarn|Composer|NS|147761650| · Emmanuel Berthe|Composer|NS|00655232355| · PARIGO|Original Publisher|SACEM|461629743|";"pilot-pending"
"PGO0011";"3bac5275f333cf74";"New Wave Drive";"0bc9a6c442071915";"";"START UP AND DRIVE";"Main";"false";"Thierry Loshouarn (NS) · Emmanuel Berthe (NS)";"Thierry Loshouarn · Emmanuel Berthe";"update";"suffixe-société-et-identité-structurée";"";"Parigo  (SACEM)";"Emmanuel Berthe|Composer|NS|00655232355| · Thierry Loshouarn|Composer|NS|147761650| · PARIGO|Original Publisher|SACEM|461629743|";"pilot-pending"
"PGO0011";"3bac5275f333cf74";"New Wave Drive";"a66d97f4613c791f";"";"TUNNEL (AMBIENT MIX)";"Main";"false";"Thierry Loshouarn (NS) · Emmanuel Berthe (NS)";"Thierry Loshouarn · Emmanuel Berthe";"update";"suffixe-société";"";"Parigo  (SACEM)";"";"pilot-pending"
"PGO0011";"3bac5275f333cf74";"New Wave Drive";"cfb2e05deb0af978";"";"START UP AND DRIVE (AMBIENT MIX)";"Main";"false";"Thierry Loshouarn (NS) · Emmanuel Berthe (NS)";"Thierry Loshouarn · Emmanuel Berthe";"update";"suffixe-société";"";"Parigo  (SACEM)";"";"pilot-pending"
"PGO0011";"3bac5275f333cf74";"New Wave Drive";"74ecf36da159488f";"";"ROBOSCOPIC";"Main";"false";"Thierry Loshouarn (NS) · Emmanuel Berthe (NS)";"Thierry Loshouarn · Emmanuel Berthe";"update";"suffixe-société-et-identité-structurée";"";"Parigo  (SACEM)";"Thierry Loshouarn|Composer|NS|147761650| · Emmanuel Berthe|Composer|NS|00655232355| · PARIGO|Original Publisher|SACEM|461629743|";"pilot-pending"
"PGO0011";"3bac5275f333cf74";"New Wave Drive";"50084e6dc1b15913";"";"NIGHTWATCHER CHASE";"Main";"false";"Thierry Loshouarn (NS) · Emmanuel Berthe (NS)";"Thierry Loshouarn · Emmanuel Berthe";"update";"suffixe-société-et-identité-structurée";"";"Parigo  (SACEM)";"Emmanuel Berthe|Composer|NS|00655232355| · Thierry Loshouarn|Composer|NS|147761650| · PARIGO|Original Publisher|SACEM|461629743|";"pilot-pending"
"PGO0011";"3bac5275f333cf74";"New Wave Drive";"b31908f75c66ac8e";"";"NIGHTWATCHER CHASE (AMBIENT MIX)";"Main";"false";"Thierry Loshouarn (NS) · Emmanuel Berthe (NS)";"Thierry Loshouarn · Emmanuel Berthe";"update";"suffixe-société";"";"Parigo  (SACEM)";"";"pilot-pending"
"PGO0011";"3bac5275f333cf74";"New Wave Drive";"6164dbab9c36b3e2";"";"BOSSA NOVO";"Main";"false";"Thierry Loshouarn (NS) · Emmanuel Berthe (NS)";"Thierry Loshouarn · Emmanuel Berthe";"update";"suffixe-société-et-identité-structurée";"";"Parigo  (SACEM)";"Emmanuel Berthe|Composer|NS|00655232355| · Thierry Loshouarn|Composer|NS|147761650| · PARIGO|Original Publisher|SACEM|461629743|";"pilot-pending"
"PGO0011";"3bac5275f333cf74";"New Wave Drive";"a5b608be62747980";"";"GAS LEAK BEATS";"Main";"false";"Thierry Loshouarn (NS) · Emmanuel Berthe (NS)";"Thierry Loshouarn · Emmanuel Berthe";"update";"suffixe-société-et-identité-structurée";"";"Parigo  (SACEM)";"Thierry Loshouarn|Composer|NS|147761650| · Emmanuel Berthe|Composer|NS|00655232355| · PARIGO|Original Publisher|SACEM|461629743|";"pilot-pending"
"PGO0011";"3bac5275f333cf74";"New Wave Drive";"85940808a3032a0a";"";"BLUE ORDER";"Main";"false";"Thierry Loshouarn (NS) · Emmanuel Berthe (NS)";"Thierry Loshouarn · Emmanuel Berthe";"update";"suffixe-société-et-identité-structurée";"";"Parigo  (SACEM)";"Thierry Loshouarn|Composer|NS|147761650| · Emmanuel Berthe|Composer|NS|00655232355| · PARIGO|Original Publisher|SACEM|461629743|";"pilot-pending"
"PGO0011";"3bac5275f333cf74";"New Wave Drive";"7318a50e14892ac4";"";"GALACTIC GIRLS";"Main";"false";"Thierry Loshouarn (NS) · Emmanuel Berthe (NS)";"Thierry Loshouarn · Emmanuel Berthe";"update";"suffixe-société-et-identité-structurée";"";"Parigo  (SACEM)";"Thierry Loshouarn|Composer|NS|147761650| · Emmanuel Berthe|Composer|NS|00655232355| · PARIGO|Original Publisher|SACEM|461629743|";"pilot-pending"
"PGO0010";"962ae78becabb84b";"Dubstep Anthems";"5f5d8976a3b76a35";"";"INVESTIGATE THE CITY";"Main";"false";"DJ Troubl (SACEM)";"DJ Troubl";"update";"suffixe-société-et-identité-structurée";"";"Parigo  (SACEM)";"DJ Troubl|Composer|SACEM|00536163361| · PARIGO|Original Publisher|SACEM|461629743|";"pilot-pending"
"PGO0010";"962ae78becabb84b";"Dubstep Anthems";"288ed45260a2f879";"";"DUBSTEP ROMANCE";"Main";"false";"DJ Troubl (SACEM)";"DJ Troubl";"update";"suffixe-société-et-identité-structurée";"";"Parigo  (SACEM)";"DJ Troubl|Composer|SACEM|00536163361| · PARIGO|Original Publisher|SACEM|461629743|";"pilot-pending"
"PGO0010";"962ae78becabb84b";"Dubstep Anthems";"fe589fcc00f00210";"";"DAY N EVERY NIGHT";"Main";"false";"DJ Troubl (SACEM)";"DJ Troubl";"update";"suffixe-société-et-identité-structurée";"";"Parigo  (SACEM)";"DJ Troubl|Composer|SACEM|00536163361| · PARIGO|Original Publisher|SACEM|461629743|";"pilot-pending"
"PGO0010";"962ae78becabb84b";"Dubstep Anthems";"60f8759bc59463e4";"";"IN THE DUB OF THE MOUNTAIN STEP";"Main";"false";"DJ Troubl (SACEM)";"DJ Troubl";"update";"suffixe-société-et-identité-structurée";"";"Parigo  (SACEM)";"DJ Troubl|Composer|SACEM|00536163361| · PARIGO|Original Publisher|SACEM|461629743|";"pilot-pending"
"PGO0010";"962ae78becabb84b";"Dubstep Anthems";"17e4ce43a579791c";"";"FULL CLUBBING";"Main";"false";"DJ Troubl (SACEM)";"DJ Troubl";"update";"suffixe-société-et-identité-structurée";"";"Parigo  (SACEM)";"DJ Troubl|Composer|SACEM|00536163361| · PARIGO|Original Publisher|SACEM|461629743|";"pilot-pending"
"PGO0010";"962ae78becabb84b";"Dubstep Anthems";"7e0294d8a1ae93cf";"";"GLOSSY BEATS";"Main";"false";"DJ Troubl (SACEM)";"DJ Troubl";"update";"suffixe-société-et-identité-structurée";"";"Parigo  (SACEM)";"DJ Troubl|Composer|SACEM|00536163361| · PARIGO|Original Publisher|SACEM|461629743|";"pilot-pending"
"PGO0010";"962ae78becabb84b";"Dubstep Anthems";"df6079f5129e970c";"";"CANDYMAN MIRROR";"Main";"false";"DJ Troubl (SACEM)";"DJ Troubl";"update";"suffixe-société-et-identité-structurée";"";"Parigo  (SACEM)";"DJ Troubl|Composer|SACEM|00536163361| · PARIGO|Original Publisher|SACEM|461629743|";"pilot-pending"
"PGO0010";"962ae78becabb84b";"Dubstep Anthems";"5bd6118e62f081fc";"";"SEARCHING FOR THE PROOF";"Main";"false";"DJ Troubl (SACEM)";"DJ Troubl";"update";"suffixe-société-et-identité-structurée";"";"Parigo  (SACEM)";"DJ Troubl|Composer|SACEM|00536163361| · PARIGO|Original Publisher|SACEM|461629743|";"pilot-pending"
"PGO0010";"962ae78becabb84b";"Dubstep Anthems";"f12fe4f3545ea075";"";"POLICE DUB";"Main";"false";"DJ Troubl (SACEM)";"DJ Troubl";"update";"suffixe-société-et-identité-structurée";"";"Parigo  (SACEM)";"DJ Troubl|Composer|SACEM|00536163361| · PARIGO|Original Publisher|SACEM|461629743|";"pilot-pending"
"PGO0010";"962ae78becabb84b";"Dubstep Anthems";"297761167e993258";"";"SPACE TRIP";"Main";"false";"DJ Troubl (SACEM)";"DJ Troubl";"update";"suffixe-société-et-identité-structurée";"";"Parigo  (SACEM)";"DJ Troubl|Composer|SACEM|00536163361| · PARIGO|Original Publisher|SACEM|461629743|";"pilot-pending"
"PGO0010";"962ae78becabb84b";"Dubstep Anthems";"c7627f8db4b45acf";"";"COMING IN DA CLUB WIT DAT";"Main";"false";"DJ Troubl (SACEM)";"DJ Troubl";"update";"suffixe-société-et-identité-structurée";"";"Parigo  (SACEM)";"DJ Troubl|Composer|SACEM|00536163361| · PARIGO|Original Publisher|SACEM|461629743|";"pilot-pending"
"PGO0010";"962ae78becabb84b";"Dubstep Anthems";"58aa2c0fa477886e";"";"DESIRE";"Main";"false";"DJ Troubl (SACEM)";"DJ Troubl";"update";"suffixe-société-et-identité-structurée";"";"Parigo  (SACEM)";"DJ Troubl|Composer|SACEM|00536163361| · PARIGO|Original Publisher|SACEM|461629743|";"pilot-pending"
"PGO0010";"962ae78becabb84b";"Dubstep Anthems";"1b1b03e26d28279d";"";"ROBOTS WALK";"Main";"false";"DJ Troubl (SACEM)";"DJ Troubl";"update";"suffixe-société-et-identité-structurée";"";"Parigo  (SACEM)";"DJ Troubl|Composer|SACEM|00536163361| · PARIGO|Original Publisher|SACEM|461629743|";"pilot-pending"
"PGO0010";"962ae78becabb84b";"Dubstep Anthems";"60fa1ae9395f8371";"";"ZOMBIE DANCE";"Main";"false";"DJ Troubl (SACEM)";"DJ Troubl";"update";"suffixe-société-et-identité-structurée";"";"Parigo  (SACEM)";"DJ Troubl|Composer|SACEM|00536163361| · PARIGO|Original Publisher|SACEM|461629743|";"pilot-pending"
"PGO0010";"962ae78becabb84b";"Dubstep Anthems";"171e0ba74d907f05";"";"DUB FACTORY";"Main";"false";"DJ Troubl (SACEM)";"DJ Troubl";"update";"suffixe-société-et-identité-structurée";"";"Parigo  (SACEM)";"DJ Troubl|Composer|SACEM|00536163361| · PARIGO|Original Publisher|SACEM|461629743|";"pilot-pending"
"PGO0010";"962ae78becabb84b";"Dubstep Anthems";"e0660bb464b20a4e";"";"DIABOLO PARTY";"Main";"false";"DJ Troubl (SACEM)";"DJ Troubl";"update";"suffixe-société-et-identité-structurée";"";"Parigo  (SACEM)";"DJ Troubl|Composer|SACEM|00536163361| · PARIGO|Original Publisher|SACEM|461629743|";"pilot-pending"
"PGO0010";"962ae78becabb84b";"Dubstep Anthems";"0e6ddc74ead7f735";"";"TRANCE STEP";"Main";"false";"DJ Troubl (SACEM)";"DJ Troubl";"update";"suffixe-société-et-identité-structurée";"";"Parigo  (SACEM)";"DJ Troubl|Composer|SACEM|00536163361| · PARIGO|Original Publisher|SACEM|461629743|";"pilot-pending"
"PGO0010";"962ae78becabb84b";"Dubstep Anthems";"46a62302f83cadd6";"";"COMPUTER PARANOIA";"Main";"false";"DJ Troubl (SACEM)";"DJ Troubl";"update";"suffixe-société-et-identité-structurée";"";"Parigo  (SACEM)";"DJ Troubl|Composer|SACEM|00536163361| · PARIGO|Original Publisher|SACEM|461629743|";"pilot-pending"
"PGO0010";"962ae78becabb84b";"Dubstep Anthems";"59630f4c27e36a2c";"";"DRUMSTEP";"Main";"false";"DJ Troubl (SACEM)";"DJ Troubl";"update";"suffixe-société-et-identité-structurée";"";"Parigo  (SACEM)";"DJ Troubl|Composer|SACEM|00536163361| · PARIGO|Original Publisher|SACEM|461629743|";"pilot-pending"
"PGO0010";"962ae78becabb84b";"Dubstep Anthems";"37a1d62d7af0cbfd";"";"DUBSTEP ANTHEMS";"Main";"false";"DJ Troubl (SACEM)";"DJ Troubl";"update";"suffixe-société-et-identité-structurée";"";"Parigo  (SACEM)";"DJ Troubl|Composer|SACEM|00536163361| · PARIGO|Original Publisher|SACEM|461629743|";"pilot-pending"
"PGO0010";"962ae78becabb84b";"Dubstep Anthems";"68b5fedee2eaf3d4";"";"8 BIT PREDATOR";"Main";"false";"DJ Troubl (SACEM)";"DJ Troubl";"update";"suffixe-société-et-identité-structurée";"";"Parigo  (SACEM)";"DJ Troubl|Composer|SACEM|00536163361| · PARIGO|Original Publisher|SACEM|461629743|";"pilot-pending"
"PGO0010";"962ae78becabb84b";"Dubstep Anthems";"f790171f00a1bafe";"";"KENY'S HIP HOP";"Main";"false";"DJ Troubl (SACEM)";"DJ Troubl";"update";"suffixe-société-et-identité-structurée";"";"Parigo  (SACEM)";"DJ Troubl|Composer|SACEM|00536163361| · PARIGO|Original Publisher|SACEM|461629743|";"pilot-pending"
"PGO0010";"962ae78becabb84b";"Dubstep Anthems";"41cbb935f0389609";"";"INFERNO";"Main";"false";"DJ Troubl (SACEM)";"DJ Troubl";"update";"suffixe-société-et-identité-structurée";"";"Parigo  (SACEM)";"DJ Troubl|Composer|SACEM|00536163361| · PARIGO|Original Publisher|SACEM|461629743|";"pilot-pending"
"PGO0009";"c4b37d802bce2532";"Dance Fever";"591a47416644f743";"";"DO YOU WANNA DANCE";"Main";"false";"Thierry Loshouarn (NS)";"Thierry Loshouarn";"update";"suffixe-société";"";"Parigo  (SACEM)";"";"pilot-pending"
"PGO0009";"c4b37d802bce2532";"Dance Fever";"04405ea472eead64";"";"DON'T GIVE UP NOW (DISCO SONG)";"Main";"false";"Thierry Loshouarn (NS)";"Thierry Loshouarn";"update";"suffixe-société";"";"Parigo  (SACEM)";"";"pilot-pending"
"PGO0009";"c4b37d802bce2532";"Dance Fever";"6fdb4260aa603fe2";"";"DON'T GIVE UP NOW (DISCO INSTR.)";"Main";"false";"Thierry Loshouarn (NS)";"Thierry Loshouarn";"update";"suffixe-société-et-identité-structurée";"";"Parigo  (SACEM)";"Thierry Loshouarn|Composer|NS|147761650| · PARIGO|Original Publisher|SACEM|461629743|";"pilot-pending"
"PGO0009";"c4b37d802bce2532";"Dance Fever";"e52bae63f1c2a693";"";"DON'T GIVE UP NOW (CLUB SONG)";"Main";"false";"Thierry Loshouarn (NS)";"Thierry Loshouarn";"update";"suffixe-société";"";"Parigo  (SACEM)";"";"pilot-pending"
"PGO0009";"c4b37d802bce2532";"Dance Fever";"a7f696e7831bada1";"";"DON'T GIVE UP NOW (CLUB INSTR.)";"Main";"false";"Thierry Loshouarn (NS)";"Thierry Loshouarn";"update";"suffixe-société-et-identité-structurée";"";"Parigo  (SACEM)";"Thierry Loshouarn|Composer|NS|147761650| · PARIGO|Original Publisher|SACEM|461629743|";"pilot-pending"
"PGO0009";"c4b37d802bce2532";"Dance Fever";"f1d2ca85545843b4";"";"TEK PILLS";"Main";"false";"Philippe Hebrard (NS) · Yvan Tarlay (NS)";"Philippe Hebrard · Yvan Tarlay";"update";"suffixe-société-et-identité-structurée";"";"Parigo  (SACEM)";"Thierry Loshouarn|Arranger|NS|00147761650| · Philippe Hebrard|Composer|NS|00148793528| · Yvan Tarlay|Composer|NS|00056148870| · PARIGO|Original Publisher|SACEM|461629743|";"pilot-pending"
"PGO0009";"c4b37d802bce2532";"Dance Fever";"535f106d4476583c";"";"DO YOU WANNA DANCE";"Main";"false";"Thierry Loshouarn (NS)";"Thierry Loshouarn";"update";"suffixe-société-et-identité-structurée";"";"Parigo  (SACEM)";"Thierry Loshouarn|Composer|NS|147761650| · PARIGO|Original Publisher|SACEM|461629743|";"pilot-pending"
"PGO0009";"c4b37d802bce2532";"Dance Fever";"7a0856102eebc793";"";"3 BIKINIS";"Main";"false";"Thierry Loshouarn (NS)";"Thierry Loshouarn";"update";"suffixe-société-et-identité-structurée";"";"Parigo  (SACEM)";"Thierry Loshouarn|Composer|NS|147761650| · PARIGO|Original Publisher|SACEM|461629743|";"pilot-pending"
"PGO0009";"c4b37d802bce2532";"Dance Fever";"854d0dfb7ad8c9e7";"";"3 BIKINIS";"Main";"false";"Thierry Loshouarn (NS)";"Thierry Loshouarn";"update";"suffixe-société-et-identité-structurée";"";"Parigo  (SACEM)";"Thierry Loshouarn|Composer|NS|147761650| · PARIGO|Original Publisher|SACEM|461629743|";"pilot-pending"
"PGO0009";"c4b37d802bce2532";"Dance Fever";"866e4b99f3cec8d4";"";"3 BIKINIS";"Main";"false";"Thierry Loshouarn (NS)";"Thierry Loshouarn";"update";"suffixe-société-et-identité-structurée";"";"Parigo  (SACEM)";"Thierry Loshouarn|Composer|NS|147761650| · PARIGO|Original Publisher|SACEM|461629743|";"pilot-pending"
"PGO0009";"c4b37d802bce2532";"Dance Fever";"36c3c6fce7d7d039";"";"HAPPY BIRTHDAY";"Main";"false";"Thierry Loshouarn (NS) · Davide Loi (NS)";"Thierry Loshouarn · Davide Loi";"update";"suffixe-société";"";"Parigo  (SACEM)";"";"pilot-pending"
"PGO0009";"c4b37d802bce2532";"Dance Fever";"e1339f6e2c041dfe";"";"HAPPY BIRTHDAY";"Main";"false";"Thierry Loshouarn (NS) · Davide Loi (NS)";"Thierry Loshouarn · Davide Loi";"update";"suffixe-société-et-identité-structurée";"";"Parigo  (SACEM)";"Thierry Loshouarn|Composer|NS|147761650| · Davide Loi|Composer|NS|00449542139| · PARIGO|Original Publisher|SACEM|461629743|";"pilot-pending"
"PGO0009";"c4b37d802bce2532";"Dance Fever";"c7225d3406f03b2f";"";"STEP TONIC";"Main";"false";"Cyril Baud (NS) · Thierry Loshouarn (NS)";"Cyril Baud · Thierry Loshouarn";"update";"suffixe-société-et-identité-structurée";"";"Parigo  (SACEM)";"Cyril Baud|Composer|NS|00152103228| · Thierry Loshouarn|Composer|NS|147761650| · PARIGO|Original Publisher|SACEM|461629743|";"pilot-pending"
"PGO0009";"c4b37d802bce2532";"Dance Fever";"eda8eb835e5754f4";"";"STEP TONIC";"Main";"false";"Cyril Baud (NS) · Thierry Loshouarn (NS)";"Cyril Baud · Thierry Loshouarn";"update";"suffixe-société";"";"Parigo  (SACEM)";"";"pilot-pending"
"PGO0009";"c4b37d802bce2532";"Dance Fever";"b92fc91381dd2980";"";"DISCO KING";"Main";"false";"Thierry Loshouarn (NS) · François-Olivier Nolorgues (NS)";"Thierry Loshouarn · François-Olivier Nolorgues";"update";"suffixe-société-et-identité-structurée";"";"Parigo  (SACEM)";"Thierry Loshouarn|Composer|NS|147761650| · François-Olivier Nolorgues|Composer|NS|00148770447| · PARIGO|Original Publisher|SACEM|461629743|";"pilot-pending"
"PGO0009";"c4b37d802bce2532";"Dance Fever";"0e563d671fee1ec5";"";"DISCO KING";"Main";"false";"Thierry Loshouarn (NS) · François-Olivier Nolorgues (NS)";"Thierry Loshouarn · François-Olivier Nolorgues";"update";"suffixe-société-et-identité-structurée";"";"Parigo  (SACEM)";"François-Olivier Nolorgues|Composer|NS|00148770447| · Thierry Loshouarn|Composer|NS|147761650| · PARIGO|Original Publisher|SACEM|461629743|";"pilot-pending"
"PGO0009";"c4b37d802bce2532";"Dance Fever";"86064472525fbfdb";"";"DANCEFLOOR FEVER";"Main";"false";"Cyril Baud (NS)";"Cyril Baud";"update";"suffixe-société-et-identité-structurée";"";"Parigo  (SACEM)";"Thierry Loshouarn|Arranger|NS|00147761650| · Cyril Baud|Composer|NS|00152103228| · PARIGO|Original Publisher|SACEM|461629743|";"pilot-pending"
"PGO0009";"c4b37d802bce2532";"Dance Fever";"7dddc31634d9c1bd";"";"DANCEFLOOR FEVER";"Main";"false";"Cyril Baud (NS)";"Cyril Baud";"update";"suffixe-société";"";"Parigo  (SACEM)";"";"pilot-pending"
"PGO0009";"c4b37d802bce2532";"Dance Fever";"51a6d1d9c574f2f5";"";"FANTAISIE";"Main";"false";"Thierry Loshouarn (NS) · Davide Loi (NS)";"Thierry Loshouarn · Davide Loi";"update";"suffixe-société-et-identité-structurée";"";"Parigo  (SACEM)";"Davide Loi|Composer|NS|00449542139| · Thierry Loshouarn|Composer|NS|147761650| · PARIGO|Original Publisher|SACEM|461629743|";"pilot-pending"
"PGO0009";"c4b37d802bce2532";"Dance Fever";"70a4db0a917db1f4";"";"FANTAISIE";"Main";"false";"Thierry Loshouarn (NS) · Davide Loi (NS)";"Thierry Loshouarn · Davide Loi";"update";"suffixe-société-et-identité-structurée";"";"Parigo  (SACEM)";"Thierry Loshouarn|Composer|NS|147761650| · Davide Loi|Composer|NS|00449542139| · PARIGO|Original Publisher|SACEM|461629743|";"pilot-pending"
"PGO0009";"c4b37d802bce2532";"Dance Fever";"cfb1682881b20112";"";"SOS CALL";"Main";"false";"Thierry Loshouarn (NS) · Davide Loi (NS)";"Thierry Loshouarn · Davide Loi";"update";"suffixe-société-et-identité-structurée";"";"Parigo  (SACEM)";"Davide Loi|Composer|NS|00449542139| · Thierry Loshouarn|Composer|NS|147761650| · PARIGO|Original Publisher|SACEM|461629743|";"pilot-pending"
"PGO0009";"c4b37d802bce2532";"Dance Fever";"e926627e2b4f3da4";"";"SOS CALL";"Main";"false";"Thierry Loshouarn (NS) · Davide Loi (NS)";"Thierry Loshouarn · Davide Loi";"update";"suffixe-société";"";"Parigo  (SACEM)";"";"pilot-pending"
"PGO0009";"c4b37d802bce2532";"Dance Fever";"111d7af500e1f2d2";"";"DON'T GIVE UP NOW (ELECTRO SONG)";"Main";"false";"Thierry Loshouarn (NS)";"Thierry Loshouarn";"update";"suffixe-société";"";"Parigo  (SACEM)";"";"pilot-pending"
"PGO0009";"c4b37d802bce2532";"Dance Fever";"810223f602a70604";"";"THE NO CLUB";"Main";"false";"Thierry Loshouarn (NS)";"Thierry Loshouarn";"update";"suffixe-société-et-identité-structurée";"";"Parigo  (SACEM)";"Thierry Loshouarn|Composer|NS|147761650| · PARIGO|Original Publisher|SACEM|461629743|";"pilot-pending"
"PGO0009";"c4b37d802bce2532";"Dance Fever";"58d90ea7b977fb17";"";"THE NO CLUB";"Main";"false";"Thierry Loshouarn (NS)";"Thierry Loshouarn";"update";"suffixe-société";"";"Parigo  (SACEM)";"";"pilot-pending"
"PGO0009";"c4b37d802bce2532";"Dance Fever";"30d91c18a30dd331";"";"SHE'S DRIVIN' FAST";"Main";"false";"Thierry Loshouarn (NS) · Davide Loi (NS)";"Thierry Loshouarn · Davide Loi";"update";"suffixe-société";"";"Parigo  (SACEM)";"";"pilot-pending"
"PGO0009";"c4b37d802bce2532";"Dance Fever";"74733134feb2a95e";"";"DRIVIN' FAST";"Main";"false";"Thierry Loshouarn (NS) · Davide Loi (NS)";"Thierry Loshouarn · Davide Loi";"update";"suffixe-société";"";"Parigo  (SACEM)";"";"pilot-pending"
"PGO0009";"c4b37d802bce2532";"Dance Fever";"9cebbbd436999ae1";"";"DRIVIN' FAST";"Main";"false";"Thierry Loshouarn (NS) · Davide Loi (NS)";"Thierry Loshouarn · Davide Loi";"update";"suffixe-société-et-identité-structurée";"";"Parigo  (SACEM)";"Thierry Loshouarn|Composer|NS|147761650| · Davide Loi|Composer|NS|00449542139| · PARIGO|Original Publisher|SACEM|461629743|";"pilot-pending"
"PGO0009";"c4b37d802bce2532";"Dance Fever";"b766786532876cc2";"";"DON'T GIVE UP NOW (ELECTRO INSTR.)";"Main";"false";"Thierry Loshouarn (NS)";"Thierry Loshouarn";"update";"suffixe-société-et-identité-structurée";"";"Parigo  (SACEM)";"Thierry Loshouarn|Composer|NS|147761650| · PARIGO|Original Publisher|SACEM|461629743|";"pilot-pending"
"PGO0009";"c4b37d802bce2532";"Dance Fever";"6a3d29358272e4a3";"";"DISCO BOAT";"Main";"false";"Thierry Loshouarn (NS)";"Thierry Loshouarn";"update";"suffixe-société-et-identité-structurée";"";"Parigo  (SACEM)";"Thierry Loshouarn|Composer|NS|147761650| · PARIGO|Original Publisher|SACEM|461629743|";"pilot-pending"
"PGO0009";"c4b37d802bce2532";"Dance Fever";"52b6b3251d4b32f3";"";"DISCO BOAT";"Main";"false";"Thierry Loshouarn (NS)";"Thierry Loshouarn";"update";"suffixe-société";"";"Parigo  (SACEM)";"";"pilot-pending"
"PGO0008";"f8bf53afae79c5b5";"Paris Postcards";"26a81d8727b4c1ad";"";"BEAUBOURG MODERN ART";"Main";"false";"Patrick Chartol (SACEM) · Claire Michael (SACEM) · Jean-Michel Vallet (SACEM)";"Patrick Chartol · Claire Michael · Jean-Michel Vallet";"update";"suffixe-société-et-identité-structurée";"";"Parigo  (SACEM)";"Jean-Michel Vallet|Composer|SACEM|147167466| · Claire Michael|Composer|SACEM|148965034| · Patrick Chartol|Composer|SACEM|147553168| · PARIGO|Original Publisher|SACEM|461629743|";"pilot-pending"
"PGO0008";"f8bf53afae79c5b5";"Paris Postcards";"24a71ce9118cb64d";"";"PARIS MUSEUM";"Main";"false";"Patrick Chartol (SACEM) · Claire Michael (SACEM) · Jean-Michel Vallet (SACEM)";"Patrick Chartol · Claire Michael · Jean-Michel Vallet";"update";"suffixe-société-et-identité-structurée";"";"Parigo  (SACEM)";"Jean-Michel Vallet|Composer|SACEM|147167466| · Claire Michael|Composer|SACEM|148965034| · Patrick Chartol|Composer|SACEM|147553168| · PARIGO|Original Publisher|SACEM|461629743|";"pilot-pending"
"PGO0008";"f8bf53afae79c5b5";"Paris Postcards";"e38759fc33cb9da1";"";"CLIMBING THE EIFFEL TOWER";"Main";"false";"Patrick Chartol (SACEM) · Claire Michael (SACEM) · Jean-Michel Vallet (SACEM)";"Patrick Chartol · Claire Michael · Jean-Michel Vallet";"update";"suffixe-société-et-identité-structurée";"";"Parigo  (SACEM)";"Jean-Michel Vallet|Composer|SACEM|147167466| · Patrick Chartol|Composer|SACEM|147553168| · Claire Michael|Composer|SACEM|148965034| · PARIGO|Original Publisher|SACEM|461629743|";"pilot-pending"
"PGO0008";"f8bf53afae79c5b5";"Paris Postcards";"a0bb4b10fefbe5a7";"";"MEDITATION SUR SEINE";"Main";"false";"Patrick Chartol (SACEM) · Claire Michael (SACEM) · Jean-Michel Vallet (SACEM)";"Patrick Chartol · Claire Michael · Jean-Michel Vallet";"update";"suffixe-société-et-identité-structurée";"";"Parigo  (SACEM)";"Jean-Michel Vallet|Composer|SACEM|147167466| · Claire Michael|Composer|SACEM|148965034| · Patrick Chartol|Composer|SACEM|147553168| · PARIGO|Original Publisher|SACEM|461629743|";"pilot-pending"
"PGO0008";"f8bf53afae79c5b5";"Paris Postcards";"945736f137973e33";"";"FLYING OVER PARIS";"Main";"false";"Patrick Chartol (SACEM) · Claire Michael (SACEM) · Jean-Michel Vallet (SACEM)";"Patrick Chartol · Claire Michael · Jean-Michel Vallet";"update";"suffixe-société-et-identité-structurée";"";"Parigo  (SACEM)";"Jean-Michel Vallet|Composer|SACEM|147167466| · Patrick Chartol|Composer|SACEM|147553168| · Claire Michael|Composer|SACEM|148965034| · PARIGO|Original Publisher|SACEM|461629743|";"pilot-pending"
"PGO0008";"f8bf53afae79c5b5";"Paris Postcards";"a3f6c3d94aee6cf3";"";"NIGHT TIME AU PERE LACHAISE";"Main";"false";"Patrick Chartol (SACEM) · Claire Michael (SACEM) · Jean-Michel Vallet (SACEM)";"Patrick Chartol · Claire Michael · Jean-Michel Vallet";"update";"suffixe-société-et-identité-structurée";"";"Parigo  (SACEM)";"Jean-Michel Vallet|Composer|SACEM|147167466| · Claire Michael|Composer|SACEM|148965034| · Patrick Chartol|Composer|SACEM|147553168| · PARIGO|Original Publisher|SACEM|461629743|";"pilot-pending"
"PGO0008";"f8bf53afae79c5b5";"Paris Postcards";"5a6d0089dd405ad7";"";"GRAND PALAIS EXHIBITION";"Main";"false";"Patrick Chartol (SACEM) · Claire Michael (SACEM) · Jean-Michel Vallet (SACEM)";"Patrick Chartol · Claire Michael · Jean-Michel Vallet";"update";"suffixe-société-et-identité-structurée";"";"Parigo  (SACEM)";"Jean-Michel Vallet|Composer|SACEM|147167466| · Patrick Chartol|Composer|SACEM|147553168| · Claire Michael|Composer|SACEM|148965034| · PARIGO|Original Publisher|SACEM|461629743|";"pilot-pending"
"PGO0008";"f8bf53afae79c5b5";"Paris Postcards";"61f830b8afc4d747";"";"BRIDGE OF MEMORIES";"Main";"false";"Patrick Chartol (SACEM) · Claire Michael (SACEM) · Jean-Michel Vallet (SACEM)";"Patrick Chartol · Claire Michael · Jean-Michel Vallet";"update";"suffixe-société-et-identité-structurée";"";"Parigo  (SACEM)";"Jean-Michel Vallet|Composer|SACEM|147167466| · Claire Michael|Composer|SACEM|148965034| · Patrick Chartol|Composer|SACEM|147553168| · PARIGO|Original Publisher|SACEM|461629743|";"pilot-pending"
"PGO0008";"f8bf53afae79c5b5";"Paris Postcards";"1637a7ab07e6763d";"";"WEIRD SCULPTURES";"Main";"false";"Jean-Michel Haye (NS)";"Jean-Michel Haye";"update";"suffixe-société-et-identité-structurée";"";"Parigo  (SACEM)";"Jean-Michel Haye|Composer|NS|00243941468| · PARIGO|Original Publisher|SACEM|461629743|";"pilot-pending"
"PGO0008";"f8bf53afae79c5b5";"Paris Postcards";"849e5bb15ed7bd0b";"";"NOTRE DAME ANGELS";"Main";"false";"Patrick Chartol (SACEM) · Claire Michael (SACEM) · Jean-Michel Vallet (SACEM)";"Patrick Chartol · Claire Michael · Jean-Michel Vallet";"update";"suffixe-société-et-identité-structurée";"";"Parigo  (SACEM)";"Jean-Michel Vallet|Composer|SACEM|147167466| · Claire Michael|Composer|SACEM|148965034| · Patrick Chartol|Composer|SACEM|147553168| · PARIGO|Original Publisher|SACEM|461629743|";"pilot-pending"
"PGO0008";"f8bf53afae79c5b5";"Paris Postcards";"a45c829f4c632655";"";"NOTRE DAME ANGELS";"Main";"false";"Patrick Chartol (SACEM) · Claire Michael (SACEM) · Jean-Michel Vallet (SACEM)";"Patrick Chartol · Claire Michael · Jean-Michel Vallet";"update";"suffixe-société-et-identité-structurée";"";"Parigo  (SACEM)";"Jean-Michel Vallet|Composer|SACEM|147167466| · Patrick Chartol|Composer|SACEM|147553168| · Claire Michael|Composer|SACEM|148965034| · PARIGO|Original Publisher|SACEM|461629743|";"pilot-pending"
"PGO0008";"f8bf53afae79c5b5";"Paris Postcards";"793be9efab2ea881";"";"PROMENADE A ORSAY";"Main";"false";"Patrick Chartol (SACEM) · Claire Michael (SACEM) · Jean-Michel Vallet (SACEM)";"Patrick Chartol · Claire Michael · Jean-Michel Vallet";"update";"suffixe-société-et-identité-structurée";"";"Parigo  (SACEM)";"Jean-Michel Vallet|Composer|SACEM|147167466| · Patrick Chartol|Composer|SACEM|147553168| · Claire Michael|Composer|SACEM|148965034| · PARIGO|Original Publisher|SACEM|461629743|";"pilot-pending"
"PGO0008";"f8bf53afae79c5b5";"Paris Postcards";"fade39bd3780729c";"";"COURTESANS A VERSAILLES";"Main";"false";"Patrick Chartol (SACEM) · Claire Michael (SACEM) · Jean-Michel Vallet (SACEM)";"Patrick Chartol · Claire Michael · Jean-Michel Vallet";"update";"suffixe-société-et-identité-structurée";"";"Parigo  (SACEM)";"Jean-Michel Vallet|Composer|SACEM|147167466| · Patrick Chartol|Composer|SACEM|147553168| · Claire Michael|Composer|SACEM|148965034| · PARIGO|Original Publisher|SACEM|461629743|";"pilot-pending"
"PGO0008";"f8bf53afae79c5b5";"Paris Postcards";"ee77f2e280b0def5";"";"MUSEUM OF PRIMITIVE ART";"Main";"false";"Patrick Chartol (SACEM) · Claire Michael (SACEM) · Jean-Michel Vallet (SACEM)";"Patrick Chartol · Claire Michael · Jean-Michel Vallet";"update";"suffixe-société-et-identité-structurée";"";"Parigo  (SACEM)";"Jean-Michel Vallet|Composer|SACEM|147167466| · Patrick Chartol|Composer|SACEM|147553168| · Claire Michael|Composer|SACEM|148965034| · PARIGO|Original Publisher|SACEM|461629743|";"pilot-pending"
"PGO0008";"f8bf53afae79c5b5";"Paris Postcards";"54f1794f52686257";"";"LA MARSEILLAISE DE L'ARC DE TRIOMPHE";"Main";"false";"Patrick Chartol (SACEM) · Claire Michael (SACEM) · Jean-Michel Vallet (SACEM)";"Patrick Chartol · Claire Michael · Jean-Michel Vallet";"update";"suffixe-société-et-identité-structurée";"";"Parigo  (SACEM)";"Jean-Michel Vallet|Composer|SACEM|147167466| · Claire Michael|Composer|SACEM|148965034| · Patrick Chartol|Composer|SACEM|147553168| · PARIGO|Original Publisher|SACEM|461629743|";"pilot-pending"
"PGO0008";"f8bf53afae79c5b5";"Paris Postcards";"9af082848de59652";"";"MONTMARTRE CAN CAN";"Main";"false";"Patrick Chartol (SACEM) · Claire Michael (SACEM) · Jean-Michel Vallet (SACEM)";"Patrick Chartol · Claire Michael · Jean-Michel Vallet";"update";"suffixe-société-et-identité-structurée";"";"Parigo  (SACEM)";"Jean-Michel Vallet|Composer|SACEM|147167466| · Patrick Chartol|Composer|SACEM|147553168| · Claire Michael|Composer|SACEM|148965034| · PARIGO|Original Publisher|SACEM|461629743|";"pilot-pending"
"PGO0008";"f8bf53afae79c5b5";"Paris Postcards";"b2c6e299961e134a";"";"AT  THE LOUVRES";"Main";"false";"Patrick Chartol (SACEM) · Claire Michael (SACEM) · Jean-Michel Vallet (SACEM)";"Patrick Chartol · Claire Michael · Jean-Michel Vallet";"update";"suffixe-société-et-identité-structurée";"";"Parigo  (SACEM)";"Jean-Michel Vallet|Composer|SACEM|147167466| · Patrick Chartol|Composer|SACEM|147553168| · Claire Michael|Composer|SACEM|148965034| · PARIGO|Original Publisher|SACEM|461629743|";"pilot-pending"
"PGO0008";"f8bf53afae79c5b5";"Paris Postcards";"a23dbced0d6bb2d6";"";"SIGHTSEEING IN OLD PARIS";"Main";"false";"Patrick Chartol (SACEM) · Claire Michael (SACEM) · Jean-Michel Vallet (SACEM)";"Patrick Chartol · Claire Michael · Jean-Michel Vallet";"update";"suffixe-société-et-identité-structurée";"";"Parigo  (SACEM)";"Jean-Michel Vallet|Composer|SACEM|147167466| · Claire Michael|Composer|SACEM|148965034| · Patrick Chartol|Composer|SACEM|147553168| · PARIGO|Original Publisher|SACEM|461629743|";"pilot-pending"
"PGO0008";"f8bf53afae79c5b5";"Paris Postcards";"2abb4daa48f2b8fe";"";"IMPRESSIONIST FOUNTAIN";"Main";"false";"Patrick Chartol (SACEM) · Claire Michael (SACEM) · Jean-Michel Vallet (SACEM)";"Patrick Chartol · Claire Michael · Jean-Michel Vallet";"update";"suffixe-société-et-identité-structurée";"";"Parigo  (SACEM)";"Jean-Michel Vallet|Composer|SACEM|147167466| · Claire Michael|Composer|SACEM|148965034| · Patrick Chartol|Composer|SACEM|147553168| · PARIGO|Original Publisher|SACEM|461629743|";"pilot-pending"
"PGO0008";"f8bf53afae79c5b5";"Paris Postcards";"84aecb0dab270bea";"";"DISCOVERING THE CATACOMBES";"Main";"false";"Patrick Chartol (SACEM) · Claire Michael (SACEM) · Jean-Michel Vallet (SACEM)";"Patrick Chartol · Claire Michael · Jean-Michel Vallet";"update";"suffixe-société-et-identité-structurée";"";"Parigo  (SACEM)";"Claire Michael|Composer|SACEM|148965034| · Jean-Michel Vallet|Composer|SACEM|147167466| · Patrick Chartol|Composer|SACEM|147553168| · PARIGO|Original Publisher|SACEM|461629743|";"pilot-pending"
"PGO0008";"f8bf53afae79c5b5";"Paris Postcards";"ef960f747859ee9d";"";"WANDERING AU JARDIN DU LUXEMBOURG";"Main";"false";"Patrick Chartol (SACEM) · Claire Michael (SACEM) · Jean-Michel Vallet (SACEM)";"Patrick Chartol · Claire Michael · Jean-Michel Vallet";"update";"suffixe-société-et-identité-structurée";"";"Parigo  (SACEM)";"Jean-Michel Vallet|Composer|SACEM|147167466| · Patrick Chartol|Composer|SACEM|147553168| · Claire Michael|Composer|SACEM|148965034| · PARIGO|Original Publisher|SACEM|461629743|";"pilot-pending"
"PGO0008";"f8bf53afae79c5b5";"Paris Postcards";"bdfe2cb912b804c2";"";"PARISIAN LOST LOVE";"Main";"false";"Patrick Chartol (SACEM) · Claire Michael (SACEM) · Jean-Michel Vallet (SACEM)";"Patrick Chartol · Claire Michael · Jean-Michel Vallet";"update";"suffixe-société-et-identité-structurée";"";"Parigo  (SACEM)";"Jean-Michel Vallet|Composer|SACEM|147167466| · Claire Michael|Composer|SACEM|148965034| · Patrick Chartol|Composer|SACEM|147553168| · PARIGO|Original Publisher|SACEM|461629743|";"pilot-pending"
"PGO0008";"f8bf53afae79c5b5";"Paris Postcards";"801c969c4d2639e3";"";"PARIS POSTCARDS";"Main";"false";"Patrick Chartol (SACEM) · Claire Michael (SACEM) · Jean-Michel Vallet (SACEM)";"Patrick Chartol · Claire Michael · Jean-Michel Vallet";"update";"suffixe-société-et-identité-structurée";"";"Parigo  (SACEM)";"Jean-Michel Vallet|Composer|SACEM|147167466| · Claire Michael|Composer|SACEM|148965034| · Patrick Chartol|Composer|SACEM|147553168| · PARIGO|Original Publisher|SACEM|461629743|";"pilot-pending"
"PGO0007";"69dc8510bfe3bef2";"Diggin Hip Hop";"3a348575a12dc1f6";"";"NEW SHERIFF IN TOWN";"Main";"false";"Ugly Mac Beer (SACEM) · Mister Modo (NS)";"Ugly Mac Beer · Mister Modo";"update";"suffixe-société-et-identité-structurée";"";"Parigo  (SACEM)";"Mister Modo|Composer|NS|00572464241| · Ugly Mac Beer|Composer|SACEM|547737710| · PARIGO|Original Publisher|SACEM|461629743|";"pilot-pending"
"PGO0007";"69dc8510bfe3bef2";"Diggin Hip Hop";"5084f1ba51798a90";"";"MOZART IN DA GHETTO";"Main";"false";"Ugly Mac Beer (SACEM) · Mister Modo (NS)";"Ugly Mac Beer · Mister Modo";"update";"suffixe-société-et-identité-structurée";"";"Parigo  (SACEM)";"Ugly Mac Beer|Composer|SACEM|547737710| · Mister Modo|Composer|NS|00572464241| · PARIGO|Original Publisher|SACEM|461629743|";"pilot-pending"
"PGO0007";"69dc8510bfe3bef2";"Diggin Hip Hop";"cc13fb64a56c35a0";"";"WHEN SHADOWS FALL";"Main";"false";"Ugly Mac Beer (SACEM) · Mister Modo (NS)";"Ugly Mac Beer · Mister Modo";"update";"suffixe-société-et-identité-structurée";"";"Parigo  (SACEM)";"Mister Modo|Composer|NS|00572464241| · Ugly Mac Beer|Composer|SACEM|547737710| · PARIGO|Original Publisher|SACEM|461629743|";"pilot-pending"
"PGO0007";"69dc8510bfe3bef2";"Diggin Hip Hop";"cf0dc4d398c7ae44";"";"WHEN SHADOWS FALL";"Main";"false";"Ugly Mac Beer (SACEM) · Mister Modo (NS)";"Ugly Mac Beer · Mister Modo";"update";"suffixe-société-et-identité-structurée";"";"Parigo  (SACEM)";"Ugly Mac Beer|Composer|SACEM|547737710| · Mister Modo|Composer|NS|00572464241| · PARIGO|Original Publisher|SACEM|461629743|";"pilot-pending"
"PGO0007";"69dc8510bfe3bef2";"Diggin Hip Hop";"5cbb14822c38d2c4";"";"SOUVENIRS D'ECOLE";"Main";"false";"Ugly Mac Beer (SACEM) · Mister Modo (NS) · Jacques Sahloul (NS)";"Ugly Mac Beer · Mister Modo · Jacques Sahloul";"update";"suffixe-société";"";"Parigo  (SACEM)";"";"pilot-pending"
"PGO0007";"69dc8510bfe3bef2";"Diggin Hip Hop";"90a4258f1918fe30";"";"SUNLOUNGER";"Main";"false";"Ugly Mac Beer (SACEM) · Mister Modo (NS)";"Ugly Mac Beer · Mister Modo";"update";"suffixe-société-et-identité-structurée";"";"Parigo  (SACEM)";"Mister Modo|Composer|NS|00572464241| · Ugly Mac Beer|Composer|SACEM|547737710| · PARIGO|Original Publisher|SACEM|461629743|";"pilot-pending"
"PGO0007";"69dc8510bfe3bef2";"Diggin Hip Hop";"1b08beace9de6bba";"";"FILM NOIR JOURNEY";"Main";"false";"Ugly Mac Beer (SACEM) · Mister Modo (NS)";"Ugly Mac Beer · Mister Modo";"update";"suffixe-société-et-identité-structurée";"";"Parigo  (SACEM)";"Ugly Mac Beer|Composer|SACEM|547737710| · Mister Modo|Composer|NS|00572464241| · PARIGO|Original Publisher|SACEM|461629743|";"pilot-pending"
"PGO0007";"69dc8510bfe3bef2";"Diggin Hip Hop";"2bcc7917896446e4";"";"VIOLENT DEATH LOOP";"Main";"false";"Ugly Mac Beer (SACEM) · Mister Modo (NS)";"Ugly Mac Beer · Mister Modo";"update";"suffixe-société-et-identité-structurée";"";"Parigo  (SACEM)";"Mister Modo|Composer|NS|00572464241| · Ugly Mac Beer|Composer|SACEM|547737710| · PARIGO|Original Publisher|SACEM|461629743|";"pilot-pending"
"PGO0007";"69dc8510bfe3bef2";"Diggin Hip Hop";"de64d6e380833107";"";"BOLLYWOOD BLOC PARTY";"Main";"false";"Ugly Mac Beer (SACEM) · Mister Modo (NS)";"Ugly Mac Beer · Mister Modo";"update";"suffixe-société-et-identité-structurée";"";"Parigo  (SACEM)";"Ugly Mac Beer|Composer|SACEM|547737710| · Mister Modo|Composer|NS|00572464241| · PARIGO|Original Publisher|SACEM|461629743|";"pilot-pending"
"PGO0007";"69dc8510bfe3bef2";"Diggin Hip Hop";"2ea120c885f3d356";"";"PICNIC IN CENTRAL PARK";"Main";"false";"Ugly Mac Beer (SACEM) · Mister Modo (NS)";"Ugly Mac Beer · Mister Modo";"update";"suffixe-société-et-identité-structurée";"";"Parigo  (SACEM)";"Mister Modo|Composer|NS|00572464241| · Ugly Mac Beer|Composer|SACEM|547737710| · PARIGO|Original Publisher|SACEM|461629743|";"pilot-pending"
"PGO0007";"69dc8510bfe3bef2";"Diggin Hip Hop";"9b03b8ce72f1d119";"";"TURN UP THE TUBE";"Main";"false";"Ugly Mac Beer (SACEM) · Mister Modo (NS)";"Ugly Mac Beer · Mister Modo";"update";"suffixe-société-et-identité-structurée";"";"Parigo  (SACEM)";"Ugly Mac Beer|Composer|SACEM|547737710| · Mister Modo|Composer|NS|00572464241| · PARIGO|Original Publisher|SACEM|461629743|";"pilot-pending"
"PGO0007";"69dc8510bfe3bef2";"Diggin Hip Hop";"4d7b6b78524823a5";"";"URBAN HUNTERS";"Main";"false";"Ugly Mac Beer (SACEM) · Mister Modo (NS)";"Ugly Mac Beer · Mister Modo";"update";"suffixe-société-et-identité-structurée";"";"Parigo  (SACEM)";"Ugly Mac Beer|Composer|SACEM|547737710| · Mister Modo|Composer|NS|00572464241| · PARIGO|Original Publisher|SACEM|461629743|";"pilot-pending"
"PGO0007";"69dc8510bfe3bef2";"Diggin Hip Hop";"4d61b4ab2edae713";"";"SYMPHONIC BEATBOX";"Main";"false";"Ugly Mac Beer (SACEM) · Mister Modo (NS)";"Ugly Mac Beer · Mister Modo";"update";"suffixe-société-et-identité-structurée";"";"Parigo  (SACEM)";"Mister Modo|Composer|NS|00572464241| · Ugly Mac Beer|Composer|SACEM|547737710| · PARIGO|Original Publisher|SACEM|461629743|";"pilot-pending"
"PGO0007";"69dc8510bfe3bef2";"Diggin Hip Hop";"eb35b4c591906397";"";"AFRICAN FRONTIERS";"Main";"false";"Ugly Mac Beer (SACEM) · Mister Modo (NS)";"Ugly Mac Beer · Mister Modo";"update";"suffixe-société-et-identité-structurée";"";"Parigo  (SACEM)";"Ugly Mac Beer|Composer|SACEM|547737710| · Mister Modo|Composer|NS|00572464241| · PARIGO|Original Publisher|SACEM|461629743|";"pilot-pending"
"PGO0007";"69dc8510bfe3bef2";"Diggin Hip Hop";"d200f221afa4de18";"";"THE LONE RANGER";"Main";"false";"Ugly Mac Beer (SACEM) · Mister Modo (NS)";"Ugly Mac Beer · Mister Modo";"update";"suffixe-société-et-identité-structurée";"";"Parigo  (SACEM)";"Ugly Mac Beer|Composer|SACEM|547737710| · Mister Modo|Composer|NS|00572464241| · PARIGO|Original Publisher|SACEM|461629743|";"pilot-pending"
"PGO0007";"69dc8510bfe3bef2";"Diggin Hip Hop";"6b39af7098d09548";"";"COTE CONFITURE";"Main";"false";"Ugly Mac Beer (SACEM) · Mister Modo (NS) · Jacques Sahloul (NS)";"Ugly Mac Beer · Mister Modo · Jacques Sahloul";"update";"suffixe-société";"";"Parigo  (SACEM)";"";"pilot-pending"
"PGO0007";"69dc8510bfe3bef2";"Diggin Hip Hop";"2d41669ded51cf29";"";"COCONUT DETECTIVE";"Main";"false";"Ugly Mac Beer (SACEM) · Mister Modo (NS)";"Ugly Mac Beer · Mister Modo";"update";"suffixe-société-et-identité-structurée";"";"Parigo  (SACEM)";"Ugly Mac Beer|Composer|SACEM|547737710| · Mister Modo|Composer|NS|00572464241| · PARIGO|Original Publisher|SACEM|461629743|";"pilot-pending"
"PGO0007";"69dc8510bfe3bef2";"Diggin Hip Hop";"2e65b94566fa2206";"";"UNDER SURVEILLANCE";"Main";"false";"Ugly Mac Beer (SACEM) · Mister Modo (NS)";"Ugly Mac Beer · Mister Modo";"update";"suffixe-société-et-identité-structurée";"";"Parigo  (SACEM)";"Ugly Mac Beer|Composer|SACEM|547737710| · Mister Modo|Composer|NS|00572464241| · PARIGO|Original Publisher|SACEM|461629743|";"pilot-pending"
"PGO0007";"69dc8510bfe3bef2";"Diggin Hip Hop";"0da9d406fe7f2995";"";"PLAYGROUND BEATS";"Main";"false";"Ugly Mac Beer (SACEM) · Mister Modo (NS)";"Ugly Mac Beer · Mister Modo";"update";"suffixe-société-et-identité-structurée";"";"Parigo  (SACEM)";"Ugly Mac Beer|Composer|SACEM|547737710| · Mister Modo|Composer|NS|00572464241| · PARIGO|Original Publisher|SACEM|461629743|";"pilot-pending"
"PGO0007";"69dc8510bfe3bef2";"Diggin Hip Hop";"f95a745a7a94bb80";"";"COPS ON THE BEACH";"Main";"false";"Ugly Mac Beer (SACEM) · Mister Modo (NS)";"Ugly Mac Beer · Mister Modo";"update";"suffixe-société-et-identité-structurée";"";"Parigo  (SACEM)";"Ugly Mac Beer|Composer|SACEM|547737710| · Mister Modo|Composer|NS|00572464241| · PARIGO|Original Publisher|SACEM|461629743|";"pilot-pending"
"PGO0007";"69dc8510bfe3bef2";"Diggin Hip Hop";"37f71dc1ce4b1bc2";"";"ETHNO FACTORY";"Main";"false";"Ugly Mac Beer (SACEM) · Mister Modo (NS)";"Ugly Mac Beer · Mister Modo";"update";"suffixe-société-et-identité-structurée";"";"Parigo  (SACEM)";"Ugly Mac Beer|Composer|SACEM|547737710| · Mister Modo|Composer|NS|00572464241| · PARIGO|Original Publisher|SACEM|461629743|";"pilot-pending"
"PGO0007";"69dc8510bfe3bef2";"Diggin Hip Hop";"952fce9fce1e0cd2";"";"GOTHAM MAFIA";"Main";"false";"Ugly Mac Beer (SACEM) · Mister Modo (NS)";"Ugly Mac Beer · Mister Modo";"update";"suffixe-société-et-identité-structurée";"";"Parigo  (SACEM)";"Ugly Mac Beer|Composer|SACEM|547737710| · Mister Modo|Composer|NS|00572464241| · PARIGO|Original Publisher|SACEM|461629743|";"pilot-pending"
"PGO0007";"69dc8510bfe3bef2";"Diggin Hip Hop";"9c3d6bbce1a6be3b";"";"RAINCLOUDS";"Main";"false";"Ugly Mac Beer (SACEM) · Mister Modo (NS)";"Ugly Mac Beer · Mister Modo";"update";"suffixe-société-et-identité-structurée";"";"Parigo  (SACEM)";"Ugly Mac Beer|Composer|SACEM|547737710| · Mister Modo|Composer|NS|00572464241| · PARIGO|Original Publisher|SACEM|461629743|";"pilot-pending"
"PGO0007";"69dc8510bfe3bef2";"Diggin Hip Hop";"e14ec16085f0c040";"";"ALI BABA'S CAVE";"Main";"false";"Ugly Mac Beer (SACEM) · Mister Modo (NS)";"Ugly Mac Beer · Mister Modo";"update";"suffixe-société-et-identité-structurée";"";"Parigo  (SACEM)";"Mister Modo|Composer|NS|00572464241| · Ugly Mac Beer|Composer|SACEM|547737710| · PARIGO|Original Publisher|SACEM|461629743|";"pilot-pending"
"PGO0007";"69dc8510bfe3bef2";"Diggin Hip Hop";"b2c523f30e256915";"";"SUMMER TRIP LOOP";"Main";"false";"Ugly Mac Beer (SACEM) · Mister Modo (NS)";"Ugly Mac Beer · Mister Modo";"update";"suffixe-société-et-identité-structurée";"";"Parigo  (SACEM)";"Ugly Mac Beer|Composer|SACEM|547737710| · Mister Modo|Composer|NS|00572464241| · PARIGO|Original Publisher|SACEM|461629743|";"pilot-pending"
"PGO0007";"69dc8510bfe3bef2";"Diggin Hip Hop";"e75ccb9fda5cbcd8";"";"EASTERN CROSSING";"Main";"false";"Ugly Mac Beer (SACEM) · Mister Modo (NS)";"Ugly Mac Beer · Mister Modo";"update";"suffixe-société-et-identité-structurée";"";"Parigo  (SACEM)";"Ugly Mac Beer|Composer|SACEM|547737710| · Mister Modo|Composer|NS|00572464241| · PARIGO|Original Publisher|SACEM|461629743|";"pilot-pending"
"PGO0007";"69dc8510bfe3bef2";"Diggin Hip Hop";"eebf338df09d544d";"";"HIP JAZZ";"Main";"false";"Raphael Joly (NS)";"Raphael Joly";"update";"suffixe-société-et-identité-structurée";"";"Parigo  (SACEM)";"Raphael Joly|Composer|NS|00403164797| · PARIGO|Original Publisher|SACEM|461629743|";"pilot-pending"
"PGO0007";"69dc8510bfe3bef2";"Diggin Hip Hop";"8f1380332bff1200";"";"CHILDHOOD MEMORIES";"Main";"false";"Ugly Mac Beer (SACEM) · Mister Modo (NS)";"Ugly Mac Beer · Mister Modo";"update";"suffixe-société-et-identité-structurée";"";"Parigo  (SACEM)";"Ugly Mac Beer|Composer|SACEM|547737710| · Mister Modo|Composer|NS|00572464241| · PARIGO|Original Publisher|SACEM|461629743|";"pilot-pending"
"PGO0007";"69dc8510bfe3bef2";"Diggin Hip Hop";"50cbf3fb9232da34";"";"DIGGIN HIP HOP";"Main";"false";"Ugly Mac Beer (SACEM) · Mister Modo (NS)";"Ugly Mac Beer · Mister Modo";"update";"suffixe-société-et-identité-structurée";"";"Parigo  (SACEM)";"Ugly Mac Beer|Composer|SACEM|547737710| · Mister Modo|Composer|NS|00572464241| · PARIGO|Original Publisher|SACEM|461629743|";"pilot-pending"
"PGO0006";"f252ec3a4b6ba814";"Acoustic Trip";"8d72b60c35cb227e";"";"WE BELIEVE IN LOVE";"Main";"false";"Thierry Loshouarn (NS)";"Thierry Loshouarn";"update";"suffixe-société";"";"Parigo  (SACEM)";"";"pilot-pending"
"PGO0006";"f252ec3a4b6ba814";"Acoustic Trip";"79401646ddf67a45";"";"UN SOIR D'HIVER";"Main";"false";"Thierry Loshouarn (NS) · Eric Loshouarn (NS) · Massimo Guadalupi (NS)";"Thierry Loshouarn · Eric Loshouarn · Massimo Guadalupi";"update";"suffixe-société";"";"Parigo  (SACEM)";"";"pilot-pending"
"PGO0006";"f252ec3a4b6ba814";"Acoustic Trip";"625a9b3bd5d44a9c";"";"BUTTERFLY";"Main";"false";"Eric Loshouarn (NS)";"Eric Loshouarn";"update";"suffixe-société";"";"Parigo  (SACEM)";"";"pilot-pending"
"PGO0006";"f252ec3a4b6ba814";"Acoustic Trip";"be5c42b4fda7153f";"";"BUTTERFLY";"Main";"false";"Eric Loshouarn (NS)";"Eric Loshouarn";"update";"suffixe-société-et-identité-structurée";"";"Parigo  (SACEM)";"Thierry Loshouarn|Arranger|NS|00147761650| · Eric Loshouarn|Composer|NS|00149197148| · PARIGO|Original Publisher|SACEM|461629743|";"pilot-pending"
"PGO0006";"f252ec3a4b6ba814";"Acoustic Trip";"9ab8fff9e0bed24a";"";"STAY AWAY";"Main";"false";"Thierry Loshouarn (NS) · Yann Martin (NS)";"Thierry Loshouarn · Yann Martin";"update";"suffixe-société";"";"Parigo  (SACEM)";"";"pilot-pending"
"PGO0006";"f252ec3a4b6ba814";"Acoustic Trip";"b32f6267b65460eb";"";"STAY AWAY";"Main";"false";"Thierry Loshouarn (NS) · Yann Martin (NS)";"Thierry Loshouarn · Yann Martin";"update";"suffixe-société-et-identité-structurée";"";"Parigo  (SACEM)";"Yann Martin|Composer|NS|| · Thierry Loshouarn|Composer|NS|147761650| · PARIGO|Original Publisher|SACEM|461629743|";"pilot-pending"
"PGO0006";"f252ec3a4b6ba814";"Acoustic Trip";"a8ec937f09bb45ca";"";"WE BELIEVE IN LOVE";"Main";"false";"Thierry Loshouarn (NS)";"Thierry Loshouarn";"update";"suffixe-société-et-identité-structurée";"";"Parigo  (SACEM)";"Thierry Loshouarn|Composer|NS|147761650| · PARIGO|Original Publisher|SACEM|461629743|";"pilot-pending"
"PGO0006";"f252ec3a4b6ba814";"Acoustic Trip";"4d2aa0f6f5689393";"";"CAMPFIRE";"Main";"false";"Thierry Loshouarn (NS)";"Thierry Loshouarn";"update";"suffixe-société-et-identité-structurée";"";"Parigo  (SACEM)";"Thierry Loshouarn|Composer|NS|147761650| · PARIGO|Original Publisher|SACEM|461629743|";"pilot-pending"
"PGO0006";"f252ec3a4b6ba814";"Acoustic Trip";"219fa08577001175";"";"VALENTINA";"Main";"false";"Eric Loshouarn (NS)";"Eric Loshouarn";"update";"suffixe-société";"";"Parigo  (SACEM)";"";"pilot-pending"
"PGO0006";"f252ec3a4b6ba814";"Acoustic Trip";"6fcbed04160d6ee1";"";"VALENTINA";"Main";"false";"Eric Loshouarn (NS)";"Eric Loshouarn";"update";"suffixe-société-et-identité-structurée";"";"Parigo  (SACEM)";"Eric Loshouarn|Composer|NS|00149197148| · PARIGO|Original Publisher|SACEM|461629743|";"pilot-pending"
"PGO0006";"f252ec3a4b6ba814";"Acoustic Trip";"68729ccb18b7faac";"";"UNIQUE AMOUR";"Main";"false";"Thierry Loshouarn (NS) · Carla Andipatin (NS)";"Thierry Loshouarn · Carla Andipatin";"update";"suffixe-société-et-identité-structurée";"";"Parigo  (SACEM)";"Thierry Loshouarn|Composer|NS|147761650| · Carla Andipatin|Composer|NS|00243012029| · PARIGO|Original Publisher|SACEM|461629743|";"pilot-pending"
"PGO0006";"f252ec3a4b6ba814";"Acoustic Trip";"deff068d5b4d0142";"";"LONELY LOVE";"Main";"false";"Thierry Loshouarn (NS) · Carla Andipatin (NS)";"Thierry Loshouarn · Carla Andipatin";"update";"suffixe-société-et-identité-structurée";"";"Parigo  (SACEM)";"Thierry Loshouarn|Composer|NS|147761650| · Carla Andipatin|Composer|NS|00243012029| · PARIGO|Original Publisher|SACEM|461629743|";"pilot-pending"
"PGO0006";"f252ec3a4b6ba814";"Acoustic Trip";"a2baf41d0b3642cd";"";"SUMMER";"Main";"false";"Thierry Loshouarn (NS) · Eric Loshouarn (NS)";"Thierry Loshouarn · Eric Loshouarn";"update";"suffixe-société";"";"Parigo  (SACEM)";"";"pilot-pending"
"PGO0006";"f252ec3a4b6ba814";"Acoustic Trip";"2ad626767bf084b2";"";"SUMMER";"Main";"false";"Thierry Loshouarn (NS) · Eric Loshouarn (NS)";"Thierry Loshouarn · Eric Loshouarn";"update";"suffixe-société";"";"Parigo  (SACEM)";"";"pilot-pending"
"PGO0006";"f252ec3a4b6ba814";"Acoustic Trip";"837ef017e442183d";"";"SUMMER";"Main";"false";"Thierry Loshouarn (NS) · Eric Loshouarn (NS)";"Thierry Loshouarn · Eric Loshouarn";"update";"suffixe-société-et-identité-structurée";"";"Parigo  (SACEM)";"Thierry Loshouarn|Composer|NS|147761650| · Eric Loshouarn|Composer|NS|00149197148| · PARIGO|Original Publisher|SACEM|461629743|";"pilot-pending"
"PGO0006";"f252ec3a4b6ba814";"Acoustic Trip";"9bbd9d3ec75e1211";"";"VAUDEVILLE KAZOO";"Main";"false";"Thierry Loshouarn (NS) · Philippe Almosnino (NS)";"Thierry Loshouarn · Philippe Almosnino";"update";"suffixe-société-et-identité-structurée";"";"Parigo  (SACEM)";"Philippe Almosnino|Composer|NS|00147761454| · Thierry Loshouarn|Composer|NS|147761650| · PARIGO|Original Publisher|SACEM|461629743|";"pilot-pending"
"PGO0006";"f252ec3a4b6ba814";"Acoustic Trip";"4d4cd688134b2391";"";"MA TERRE";"Main";"false";"Thierry Loshouarn (NS)";"Thierry Loshouarn";"update";"suffixe-société-et-identité-structurée";"";"Parigo  (SACEM)";"Thierry Loshouarn|Composer|NS|147761650| · PARIGO|Original Publisher|SACEM|461629743|";"pilot-pending"
"PGO0006";"f252ec3a4b6ba814";"Acoustic Trip";"c763d2557d31c3e0";"";"MY PLANET";"Main";"false";"Thierry Loshouarn (NS)";"Thierry Loshouarn";"update";"suffixe-société";"";"Parigo  (SACEM)";"";"pilot-pending"
"PGO0006";"f252ec3a4b6ba814";"Acoustic Trip";"55e5810c23c7c0dd";"";"MY PLANET";"Main";"false";"Thierry Loshouarn (NS)";"Thierry Loshouarn";"update";"suffixe-société-et-identité-structurée";"";"Parigo  (SACEM)";"Thierry Loshouarn|Composer|NS|147761650| · PARIGO|Original Publisher|SACEM|461629743|";"pilot-pending"
"PGO0006";"f252ec3a4b6ba814";"Acoustic Trip";"16b43405809a0f57";"";"ACOUSTIC TRIP";"Main";"false";"Thierry Loshouarn (NS) · Eric Loshouarn (NS)";"Thierry Loshouarn · Eric Loshouarn";"update";"suffixe-société-et-identité-structurée";"";"Parigo  (SACEM)";"Thierry Loshouarn|Composer|NS|147761650| · Eric Loshouarn|Composer|NS|00149197148| · PARIGO|Original Publisher|SACEM|461629743|";"pilot-pending"
"PGO0006";"f252ec3a4b6ba814";"Acoustic Trip";"e70f440fc09c6215";"";"FRISCO NIGHT";"Main";"false";"Thierry Loshouarn (NS) · Philippe Almosnino (NS)";"Thierry Loshouarn · Philippe Almosnino";"update";"suffixe-société-et-identité-structurée";"";"Parigo  (SACEM)";"Thierry Loshouarn|Composer|NS|147761650| · Philippe Almosnino|Composer|NS|00147761454| · PARIGO|Original Publisher|SACEM|461629743|";"pilot-pending"
"PGO0006";"f252ec3a4b6ba814";"Acoustic Trip";"3e33503330ca46c3";"";"MY INSPIRATION";"Main";"false";"Thierry Loshouarn (NS) · Yann Martin (NS)";"Thierry Loshouarn · Yann Martin";"update";"suffixe-société-et-identité-structurée";"";"Parigo  (SACEM)";"Yann Martin|Composer|NS|| · Thierry Loshouarn|Composer|NS|147761650| · PARIGO|Original Publisher|SACEM|461629743|";"pilot-pending"
"PGO0006";"f252ec3a4b6ba814";"Acoustic Trip";"86e44a58531c71e3";"";"THREE MONTHS BY YOUR SIDE";"Main";"false";"Thierry Loshouarn (NS)";"Thierry Loshouarn";"update";"suffixe-société-et-identité-structurée";"";"Parigo  (SACEM)";"Thierry Loshouarn|Composer|NS|147761650| · PARIGO|Original Publisher|SACEM|461629743|";"pilot-pending"
"PGO0006";"f252ec3a4b6ba814";"Acoustic Trip";"9f6f0f026fb25ebf";"";"XYLOPHONIST WALK";"Main";"false";"Thierry Loshouarn (NS)";"Thierry Loshouarn";"update";"suffixe-société-et-identité-structurée";"";"Parigo  (SACEM)";"Thierry Loshouarn|Composer|NS|147761650| · PARIGO|Original Publisher|SACEM|461629743|";"pilot-pending"
"PGO0006";"f252ec3a4b6ba814";"Acoustic Trip";"a2896f140eab3830";"";"BAIKAL";"Main";"false";"Thierry Loshouarn (NS) · Maria Kouznetsova (NS)";"Thierry Loshouarn · Maria Kouznetsova";"update";"suffixe-société-et-identité-structurée";"";"Parigo  (SACEM)";"Thierry Loshouarn|Composer|NS|147761650| · Maria Kouznetsova|Composer|NS|00495279502| · PARIGO|Original Publisher|SACEM|461629743|";"pilot-pending"
"PGO0006";"f252ec3a4b6ba814";"Acoustic Trip";"d881b0c4f0a0d720";"";"FIRST KISS";"Main";"false";"Thierry Loshouarn (NS) · Alain Lubrano (NS)";"Thierry Loshouarn · Alain Lubrano";"update";"suffixe-société-et-identité-structurée";"";"Parigo  (SACEM)";"Alain Lubrano|Composer|NS|00148054282| · Thierry Loshouarn|Composer|NS|147761650| · PARIGO|Original Publisher|SACEM|461629743|";"pilot-pending"
"PGO0006";"f252ec3a4b6ba814";"Acoustic Trip";"6e8c5a0ed0d3e2f7";"";"I GET OLD";"Main";"false";"Thierry Loshouarn (NS) · Cedric Denis (NS)";"Thierry Loshouarn · Cedric Denis";"update";"suffixe-société-et-identité-structurée";"";"Parigo  (SACEM)";"Thierry Loshouarn|Composer|NS|147761650| · Cedric Denis|Composer|NS|| · PARIGO|Original Publisher|SACEM|461629743|";"pilot-pending"
"PGO0005";"6872552c0b88020e";"Electro Kitsch";"41c3922b81083a70";"";"KOOKY TANKINI";"Main";"false";"Grand David (NS)";"Grand David";"update";"suffixe-société-et-identité-structurée";"";"Parigo  (SACEM)";"Grand David|Composer|NS|00403706589| · PARIGO|Original Publisher|SACEM|461629743|";"pilot-pending"
"PGO0005";"6872552c0b88020e";"Electro Kitsch";"fe2cce3f7ddecba8";"";"SKAPITONE";"Main";"false";"Grand David (NS)";"Grand David";"update";"suffixe-société-et-identité-structurée";"";"Parigo  (SACEM)";"Grand David|Composer|NS|00403706589| · PARIGO|Original Publisher|SACEM|461629743|";"pilot-pending"
"PGO0005";"6872552c0b88020e";"Electro Kitsch";"1d819963ae080cc3";"";"80'S SPEEDO MAN";"Main";"false";"Grand David (NS)";"Grand David";"update";"suffixe-société-et-identité-structurée";"";"Parigo  (SACEM)";"Grand David|Composer|NS|00403706589| · PARIGO|Original Publisher|SACEM|461629743|";"pilot-pending"
"PGO0005";"6872552c0b88020e";"Electro Kitsch";"899d7039c42b053d";"";"SAINT-TROPEZ RALLY";"Main";"false";"Minimatic (NS)";"Minimatic";"update";"suffixe-société-et-identité-structurée";"";"Parigo  (SACEM)";"Minimatic|Composer|SACEM|535774330| · PARIGO|Original Publisher|SACEM|461629743|";"pilot-pending"
"PGO0005";"6872552c0b88020e";"Electro Kitsch";"bb3a77e5c83492f0";"";"CHA-CHA-CHA-A-GO-GO";"Main";"false";"Grand David (NS)";"Grand David";"update";"suffixe-société-et-identité-structurée";"";"Parigo  (SACEM)";"Grand David|Composer|NS|00403706589| · PARIGO|Original Publisher|SACEM|461629743|";"pilot-pending"
"PGO0005";"6872552c0b88020e";"Electro Kitsch";"e6ffbdaf1112582d";"";"BYOU BYOU";"Main";"false";"Grand David (NS)";"Grand David";"update";"suffixe-société-et-identité-structurée";"";"Parigo  (SACEM)";"Grand David|Composer|NS|00403706589| · PARIGO|Original Publisher|SACEM|461629743|";"pilot-pending"
"PGO0005";"6872552c0b88020e";"Electro Kitsch";"95fa8f055661c431";"";"COCKTAIL ON THE CROISETTE";"Main";"false";"Minimatic (NS)";"Minimatic";"update";"suffixe-société-et-identité-structurée";"";"Parigo  (SACEM)";"Minimatic|Composer|SACEM|535774330| · PARIGO|Original Publisher|SACEM|461629743|";"pilot-pending"
"PGO0005";"6872552c0b88020e";"Electro Kitsch";"51bf95c88d8113d2";"";"ONE TWO EIGHT";"Main";"false";"Grand David (NS)";"Grand David";"update";"suffixe-société-et-identité-structurée";"";"Parigo  (SACEM)";"Grand David|Composer|NS|00403706589| · PARIGO|Original Publisher|SACEM|461629743|";"pilot-pending"
"PGO0005";"6872552c0b88020e";"Electro Kitsch";"5937d2863f1e53d3";"";"ONE TWO EIGHT";"Main";"false";"Grand David (NS)";"Grand David";"update";"suffixe-société";"";"Parigo  (SACEM)";"";"pilot-pending"
"PGO0005";"6872552c0b88020e";"Electro Kitsch";"9b906f9ba89d6ecb";"";"ELECTRO KITSCH";"Main";"false";"Grand David (NS)";"Grand David";"update";"suffixe-société-et-identité-structurée";"";"Parigo  (SACEM)";"Grand David|Composer|NS|00403706589| · PARIGO|Original Publisher|SACEM|461629743|";"pilot-pending"
"PGO0005";"6872552c0b88020e";"Electro Kitsch";"d6dca6b4d910e6d8";"";"ROBOTRON";"Main";"false";"Minimatic (NS)";"Minimatic";"update";"suffixe-société-et-identité-structurée";"";"Parigo  (SACEM)";"Minimatic|Composer|SACEM|535774330| · PARIGO|Original Publisher|SACEM|461629743|";"pilot-pending"
"PGO0005";"6872552c0b88020e";"Electro Kitsch";"3ede8947b3f6960d";"";"HAWAIIAN BOSSA";"Main";"false";"Minimatic (NS)";"Minimatic";"update";"suffixe-société-et-identité-structurée";"";"Parigo  (SACEM)";"Minimatic|Composer|SACEM|535774330| · PARIGO|Original Publisher|SACEM|461629743|";"pilot-pending"
"PGO0005";"6872552c0b88020e";"Electro Kitsch";"71a4d1697e77003c";"";"LAST FLOOR ELEVATOR";"Main";"false";"Grand David (NS)";"Grand David";"update";"suffixe-société-et-identité-structurée";"";"Parigo  (SACEM)";"Grand David|Composer|NS|00403706589| · PARIGO|Original Publisher|SACEM|461629743|";"pilot-pending"
"PGO0005";"6872552c0b88020e";"Electro Kitsch";"a0c0a00cb7f5d9bf";"";"DISCO BANANAZ";"Main";"false";"Grand David (NS)";"Grand David";"update";"suffixe-société-et-identité-structurée";"";"Parigo  (SACEM)";"Grand David|Composer|NS|00403706589| · PARIGO|Original Publisher|SACEM|461629743|";"pilot-pending"
"PGO0005";"6872552c0b88020e";"Electro Kitsch";"286e8d844315f2b2";"";"JAZZY STUNTS";"Main";"false";"Minimatic (NS)";"Minimatic";"update";"suffixe-société-et-identité-structurée";"";"Parigo  (SACEM)";"Minimatic|Composer|SACEM|535774330| · PARIGO|Original Publisher|SACEM|461629743|";"pilot-pending"
"PGO0005";"6872552c0b88020e";"Electro Kitsch";"9d37ddea43a823d4";"";"MARTIAN LOVE";"Main";"false";"Grand David (NS)";"Grand David";"update";"suffixe-société-et-identité-structurée";"";"Parigo  (SACEM)";"Grand David|Composer|NS|00403706589| · PARIGO|Original Publisher|SACEM|461629743|";"pilot-pending"
"PGO0005";"6872552c0b88020e";"Electro Kitsch";"f9ff2ecf5a522f88";"";"SPACE DISCO 1999";"Main";"false";"Minimatic (NS)";"Minimatic";"update";"suffixe-société-et-identité-structurée";"";"Parigo  (SACEM)";"Minimatic|Composer|SACEM|535774330| · PARIGO|Original Publisher|SACEM|461629743|";"pilot-pending"
"PGO0004";"59b49894cf977b0e";"Paris Accordéon";"2e672977f1d1e154";"";"STROLLING ON THE CHAMPS ELYSÉES";"Main";"false";"Jean-Pierre Menager (NS)";"Jean-Pierre Menager";"update";"suffixe-société-et-identité-structurée";"";"Parigo  (SACEM)";"Jean-Pierre Menager|Composer|SACEM|033363210| · PARIGO|Original Publisher|SACEM|461629743|";"pilot-pending"
"PGO0004";"59b49894cf977b0e";"Paris Accordéon";"d05d3fecd5eb1f93";"";"OLD FLAME DE MONTMARTRE";"Main";"false";"Jean-Pierre Menager (NS)";"Jean-Pierre Menager";"update";"suffixe-société-et-identité-structurée";"";"Parigo  (SACEM)";"Jean-Pierre Menager|Composer|SACEM|033363210| · PARIGO|Original Publisher|SACEM|461629743|";"pilot-pending"
"PGO0004";"59b49894cf977b0e";"Paris Accordéon";"f3e6db150e4f73b2";"";"OLD FLAME DE MONTMARTRE";"Main";"false";"Jean-Pierre Menager (NS)";"Jean-Pierre Menager";"update";"suffixe-société";"";"Parigo  (SACEM)";"";"pilot-pending"
"PGO0004";"59b49894cf977b0e";"Paris Accordéon";"ca44bd56ef210ebb";"";"JAVA DE BASTILLE";"Main";"false";"Jean-Pierre Menager (NS)";"Jean-Pierre Menager";"update";"suffixe-société-et-identité-structurée";"";"Parigo  (SACEM)";"Jean-Pierre Menager|Composer|SACEM|033363210| · PARIGO|Original Publisher|SACEM|461629743|";"pilot-pending"
"PGO0004";"59b49894cf977b0e";"Paris Accordéon";"e3af0ef8ca97ddce";"";"JAVA DE BASTILLE";"Main";"false";"Jean-Pierre Menager (NS)";"Jean-Pierre Menager";"update";"suffixe-société";"";"Parigo  (SACEM)";"";"pilot-pending"
"PGO0004";"59b49894cf977b0e";"Paris Accordéon";"b84a56a2e3c9ca7e";"";"ON FAIT TOUJOURS LA JAVA";"Main";"false";"Jean-Pierre Menager (NS)";"Jean-Pierre Menager";"update";"suffixe-société";"";"Parigo  (SACEM)";"";"pilot-pending"
"PGO0004";"59b49894cf977b0e";"Paris Accordéon";"ca82602cd25f756b";"";"MONSIEUR LE COMMISSAIRE";"Main";"false";"Jean-Pierre Menager (NS)";"Jean-Pierre Menager";"update";"suffixe-société-et-identité-structurée";"";"Parigo  (SACEM)";"Jean-Pierre Menager|Composer|SACEM|033363210| · PARIGO|Original Publisher|SACEM|461629743|";"pilot-pending"
"PGO0004";"59b49894cf977b0e";"Paris Accordéon";"6586e7809342e8f1";"";"MONSIEUR LE COMMISSAIRE";"Main";"false";"Jean-Pierre Menager (NS)";"Jean-Pierre Menager";"update";"suffixe-société";"";"Parigo  (SACEM)";"";"pilot-pending"
"PGO0004";"59b49894cf977b0e";"Paris Accordéon";"acc19ff628542611";"";"STROLLING ON THE CHAMPS ELYSÉES";"Main";"false";"Jean-Pierre Menager (NS)";"Jean-Pierre Menager";"update";"suffixe-société";"";"Parigo  (SACEM)";"";"pilot-pending"
"PGO0004";"59b49894cf977b0e";"Paris Accordéon";"c8ddabe1423b80f2";"";"IN PARIS AND IN LOVE";"Main";"false";"Jean-Pierre Menager (NS)";"Jean-Pierre Menager";"update";"suffixe-société-et-identité-structurée";"";"Parigo  (SACEM)";"Jean-Pierre Menager|Composer|SACEM|033363210| · PARIGO|Original Publisher|SACEM|461629743|";"pilot-pending"
"PGO0004";"59b49894cf977b0e";"Paris Accordéon";"52d41516ba6b2c09";"";"IN PARIS AND IN LOVE";"Main";"false";"Jean-Pierre Menager (NS)";"Jean-Pierre Menager";"update";"suffixe-société";"";"Parigo  (SACEM)";"";"pilot-pending"
"PGO0004";"59b49894cf977b0e";"Paris Accordéon";"35dab22f2ddc0a13";"";"LET'S GO FOR LUNCH";"Main";"false";"Thierry Loshouarn (NS) · Maria Kouznetsova (NS)";"Thierry Loshouarn · Maria Kouznetsova";"update";"suffixe-société-et-identité-structurée";"";"Parigo  (SACEM)";"Thierry Loshouarn|Composer|NS|147761650| · Maria Kouznetsova|Composer|NS|00495279502| · PARIGO|Original Publisher|SACEM|461629743|";"pilot-pending"
"PGO0004";"59b49894cf977b0e";"Paris Accordéon";"614ba41cdc276c46";"";"LET'S GO FOR LUNCH";"Main";"false";"Thierry Loshouarn (NS) · Maria Kouznetsova (NS)";"Thierry Loshouarn · Maria Kouznetsova";"update";"suffixe-société";"";"Parigo  (SACEM)";"";"pilot-pending"
"PGO0004";"59b49894cf977b0e";"Paris Accordéon";"27e9e99993cb90b3";"";"ALLONS DEJEUNER";"Main";"false";"Thierry Loshouarn (NS) · Maria Kouznetsova (NS)";"Thierry Loshouarn · Maria Kouznetsova";"update";"suffixe-société";"";"Parigo  (SACEM)";"";"pilot-pending"
"PGO0004";"59b49894cf977b0e";"Paris Accordéon";"0c2b6a4158b81bda";"";"VODKA REGLISSE";"Main";"false";"Thierry Loshouarn (NS) · Maria Kouznetsova (NS)";"Thierry Loshouarn · Maria Kouznetsova";"update";"suffixe-société";"";"Parigo  (SACEM)";"";"pilot-pending"
"PGO0004";"59b49894cf977b0e";"Paris Accordéon";"bf5a28b42b4c7231";"";"CAFÉ DU MARCHÉ";"Main";"false";"Jean-Pierre Menager (NS)";"Jean-Pierre Menager";"update";"suffixe-société-et-identité-structurée";"";"Parigo  (SACEM)";"Jean-Pierre Menager|Composer|SACEM|033363210| · PARIGO|Original Publisher|SACEM|461629743|";"pilot-pending"
"PGO0004";"59b49894cf977b0e";"Paris Accordéon";"ce5c0a9102af0558";"";"CAFÉ DU MARCHÉ";"Main";"false";"Jean-Pierre Menager (NS)";"Jean-Pierre Menager";"update";"suffixe-société";"";"Parigo  (SACEM)";"";"pilot-pending"
"PGO0004";"59b49894cf977b0e";"Paris Accordéon";"2269c69bf426023b";"";"LA POIGNEE DE PORTE";"Main";"false";"Jean-Pierre Menager (NS) · Carla Andipatin (NS)";"Jean-Pierre Menager · Carla Andipatin";"update";"suffixe-société";"";"Parigo  (SACEM)";"";"pilot-pending"
"PGO0004";"59b49894cf977b0e";"Paris Accordéon";"46340f38b8315f20";"";"DANDY'S WALTZ";"Main";"false";"Jean-Pierre Menager (NS)";"Jean-Pierre Menager";"update";"suffixe-société-et-identité-structurée";"";"Parigo  (SACEM)";"Jean-Pierre Menager|Composer|SACEM|033363210| · PARIGO|Original Publisher|SACEM|461629743|";"pilot-pending"
"PGO0004";"59b49894cf977b0e";"Paris Accordéon";"3703e878b2360dee";"";"DANDY'S WALTZ";"Main";"false";"Jean-Pierre Menager (NS)";"Jean-Pierre Menager";"update";"suffixe-société";"";"Parigo  (SACEM)";"";"pilot-pending"
"PGO0004";"59b49894cf977b0e";"Paris Accordéon";"3b481dabbd84b31b";"";"LES BEAUX HABITS";"Main";"false";"Jean-Pierre Menager (NS) · Carla Andipatin (NS)";"Jean-Pierre Menager · Carla Andipatin";"update";"suffixe-société";"";"Parigo  (SACEM)";"";"pilot-pending"
"PGO0004";"59b49894cf977b0e";"Paris Accordéon";"9ec92c48722496fb";"";"LE MÔME";"Main";"false";"Jean-Pierre Menager (NS)";"Jean-Pierre Menager";"update";"suffixe-société-et-identité-structurée";"";"Parigo  (SACEM)";"Jean-Pierre Menager|Composer|SACEM|033363210| · PARIGO|Original Publisher|SACEM|461629743|";"pilot-pending"
"PGO0004";"59b49894cf977b0e";"Paris Accordéon";"b31b557bc9ec8ff4";"";"CIRCUS BOULEVARD";"Main";"false";"Jean-Pierre Menager (NS)";"Jean-Pierre Menager";"update";"suffixe-société-et-identité-structurée";"";"Parigo  (SACEM)";"Jean-Pierre Menager|Composer|SACEM|033363210| · PARIGO|Original Publisher|SACEM|461629743|";"pilot-pending"
"PGO0004";"59b49894cf977b0e";"Paris Accordéon";"52886dafc05e759f";"";"LA CHANSON DE LA MENAGERE";"Main";"false";"Jean-Pierre Menager (NS) · Carla Andipatin (NS)";"Jean-Pierre Menager · Carla Andipatin";"update";"suffixe-société";"";"Parigo  (SACEM)";"";"pilot-pending"
"PGO0004";"59b49894cf977b0e";"Paris Accordéon";"d0f68a028ffc6fe5";"";"CIRCUS BOULEVARD";"Main";"false";"Jean-Pierre Menager (NS)";"Jean-Pierre Menager";"update";"suffixe-société";"";"Parigo  (SACEM)";"";"pilot-pending"
"PGO0004";"59b49894cf977b0e";"Paris Accordéon";"b9b7591208c88142";"";"PARIS ACCORDÉON";"Main";"false";"Jean-Pierre Menager (NS)";"Jean-Pierre Menager";"update";"suffixe-société-et-identité-structurée";"";"Parigo  (SACEM)";"Jean-Pierre Menager|Composer|SACEM|033363210| · PARIGO|Original Publisher|SACEM|461629743|";"pilot-pending"
"PGO0004";"59b49894cf977b0e";"Paris Accordéon";"276105971a5e0731";"";"PARIS ACCORDÉON";"Main";"false";"Jean-Pierre Menager (NS)";"Jean-Pierre Menager";"update";"suffixe-société";"";"Parigo  (SACEM)";"";"pilot-pending"
"PGO0004";"59b49894cf977b0e";"Paris Accordéon";"e078ecd06bb690c4";"";"PARIS ROCKS";"Main";"false";"Thierry Loshouarn (NS)";"Thierry Loshouarn";"update";"suffixe-société";"";"Parigo  (SACEM)";"";"pilot-pending"
"PGO0004";"59b49894cf977b0e";"Paris Accordéon";"91d7606b405f2604";"";"SHOPPING IN ST GERMAIN";"Main";"false";"Jean-Pierre Menager (NS)";"Jean-Pierre Menager";"update";"suffixe-société-et-identité-structurée";"";"Parigo  (SACEM)";"Jean-Pierre Menager|Composer|SACEM|033363210| · PARIGO|Original Publisher|SACEM|461629743|";"pilot-pending"
"PGO0004";"59b49894cf977b0e";"Paris Accordéon";"bb6ec3070be9343b";"";"PONT NEUF KILLER";"Main";"false";"Jean-Pierre Menager (NS)";"Jean-Pierre Menager";"update";"suffixe-société-et-identité-structurée";"";"Parigo  (SACEM)";"Jean-Pierre Menager|Composer|SACEM|033363210| · PARIGO|Original Publisher|SACEM|461629743|";"pilot-pending"
"PGO0004";"59b49894cf977b0e";"Paris Accordéon";"0e42d70610c7ebb5";"";"BROKEN PROMISES";"Main";"false";"Jean-Pierre Menager (NS)";"Jean-Pierre Menager";"update";"suffixe-société-et-identité-structurée";"";"Parigo  (SACEM)";"Jean-Pierre Menager|Composer|SACEM|033363210| · PARIGO|Original Publisher|SACEM|461629743|";"pilot-pending"
"PGO0004";"59b49894cf977b0e";"Paris Accordéon";"28e7242a506cc89a";"";"THE ARTIST'S ACCORDEON";"Main";"false";"Jean-Pierre Menager (NS)";"Jean-Pierre Menager";"update";"suffixe-société-et-identité-structurée";"";"Parigo  (SACEM)";"Jean-Pierre Menager|Composer|SACEM|033363210| · PARIGO|Original Publisher|SACEM|461629743|";"pilot-pending"
"PGO0004";"59b49894cf977b0e";"Paris Accordéon";"9af2354561194226";"";"THE ARTIST'S ACCORDEON";"Main";"false";"Jean-Pierre Menager (NS)";"Jean-Pierre Menager";"update";"suffixe-société";"";"Parigo  (SACEM)";"";"pilot-pending"
"PGO0004";"59b49894cf977b0e";"Paris Accordéon";"18731083de8b93a7";"";"BALAJO'S TANGO";"Main";"false";"Jean-Pierre Menager (NS)";"Jean-Pierre Menager";"update";"suffixe-société-et-identité-structurée";"";"Parigo  (SACEM)";"Jean-Pierre Menager|Composer|SACEM|033363210| · PARIGO|Original Publisher|SACEM|461629743|";"pilot-pending"
"PGO0004";"59b49894cf977b0e";"Paris Accordéon";"d0c3ead15a43c6e7";"";"BALAJO'S TANGO";"Main";"false";"Jean-Pierre Menager (NS)";"Jean-Pierre Menager";"update";"suffixe-société";"";"Parigo  (SACEM)";"";"pilot-pending"
"PGO0004";"59b49894cf977b0e";"Paris Accordéon";"d970b8d8cb3e125d";"";"HARRY'S BAR BOOGIE";"Main";"false";"Jean-Pierre Menager (NS)";"Jean-Pierre Menager";"update";"suffixe-société-et-identité-structurée";"";"Parigo  (SACEM)";"Jean-Pierre Menager|Composer|SACEM|033363210| · PARIGO|Original Publisher|SACEM|461629743|";"pilot-pending"
"PGO0004";"59b49894cf977b0e";"Paris Accordéon";"b42af0e048ec11a0";"";"HARRY'S BAR BOOGIE";"Main";"false";"Jean-Pierre Menager (NS)";"Jean-Pierre Menager";"update";"suffixe-société";"";"Parigo  (SACEM)";"";"pilot-pending"
"PGO0004";"59b49894cf977b0e";"Paris Accordéon";"a9116090d492f498";"";"SHOPPING IN ST GERMAIN";"Main";"false";"Jean-Pierre Menager (NS)";"Jean-Pierre Menager";"update";"suffixe-société";"";"Parigo  (SACEM)";"";"pilot-pending"
"PGO0004";"59b49894cf977b0e";"Paris Accordéon";"dfc020bb4ec5622d";"";"CHARLESTON DE JOSEPHINE";"Main";"false";"Jean-Pierre Menager (NS)";"Jean-Pierre Menager";"update";"suffixe-société-et-identité-structurée";"";"Parigo  (SACEM)";"Jean-Pierre Menager|Composer|SACEM|033363210| · PARIGO|Original Publisher|SACEM|461629743|";"pilot-pending"
"PGO0004";"59b49894cf977b0e";"Paris Accordéon";"1e39ddd0e032a074";"";"PARIS DANCING";"Main";"false";"Thierry Loshouarn (NS)";"Thierry Loshouarn";"update";"suffixe-société";"";"Parigo  (SACEM)";"";"pilot-pending"
"PGO0003";"cfca9cd22ed282dd";"Electro Boutique";"28db8f10a9a84546";"";"DANGER SURF";"Main";"false";"Thierry Loshouarn (NS)";"Thierry Loshouarn";"update";"suffixe-société-et-identité-structurée";"";"Parigo  (SACEM)";"Jean-Michel Haye|Arranger|NS|00243941468| · Muriel Illouz|Arranger|NS|00149196935| · Gerard Gacoin|Arranger|NS|00147437169| · Thierry Loshouarn|Composer|NS|147761650| · PARIGO|Original Publisher|SACEM|461629743|";"pilot-pending"
"PGO0003";"cfca9cd22ed282dd";"Electro Boutique";"daaf0222473854ee";"";"NOT SORRY";"Main";"false";"Thierry Loshouarn (NS)";"Thierry Loshouarn";"update";"suffixe-société";"";"Parigo  (SACEM)";"";"pilot-pending"
"PGO0003";"cfca9cd22ed282dd";"Electro Boutique";"b274217613f3114f";"";"NOT SORRY";"Main";"false";"Thierry Loshouarn (NS)";"Thierry Loshouarn";"update";"suffixe-société-et-identité-structurée";"";"Parigo  (SACEM)";"Thierry Loshouarn|Composer|NS|147761650| · PARIGO|Original Publisher|SACEM|461629743|";"pilot-pending"
"PGO0003";"cfca9cd22ed282dd";"Electro Boutique";"4b2b1e1d6d4bb5b4";"";"PARIS DANCING";"Main";"false";"Thierry Loshouarn (NS)";"Thierry Loshouarn";"update";"suffixe-société-et-identité-structurée";"";"Parigo  (SACEM)";"Thierry Loshouarn|Composer|NS|147761650| · PARIGO|Original Publisher|SACEM|461629743|";"pilot-pending"
"PGO0003";"cfca9cd22ed282dd";"Electro Boutique";"e892504e52082bb6";"";"PARIS DANCING";"Main";"false";"Thierry Loshouarn (NS)";"Thierry Loshouarn";"update";"suffixe-société-et-identité-structurée";"";"Parigo  (SACEM)";"Thierry Loshouarn|Composer|NS|147761650| · PARIGO|Original Publisher|SACEM|461629743|";"pilot-pending"
"PGO0003";"cfca9cd22ed282dd";"Electro Boutique";"407b0876fb8384f1";"";"PARIS DANCING";"Main";"false";"Thierry Loshouarn (NS)";"Thierry Loshouarn";"update";"suffixe-société";"";"Parigo  (SACEM)";"";"pilot-pending"
"PGO0003";"cfca9cd22ed282dd";"Electro Boutique";"6b39a998bba2b0ee";"";"ELECTRO BOUTIQUE";"Main";"false";"Thierry Loshouarn (NS)";"Thierry Loshouarn";"update";"suffixe-société-et-identité-structurée";"";"Parigo  (SACEM)";"Thierry Loshouarn|Composer|NS|147761650| · PARIGO|Original Publisher|SACEM|461629743|";"pilot-pending"
"PGO0003";"cfca9cd22ed282dd";"Electro Boutique";"a2864c6926f2ae39";"";"FOR PARIS";"Main";"false";"Thierry Loshouarn (NS) · Muriel Illouz (NS) · Jean-Michel Haye (NS) · Gerard Gacoin (NS)";"Thierry Loshouarn · Muriel Illouz · Jean-Michel Haye · Gerard Gacoin";"update";"suffixe-société";"";"Parigo  (SACEM)";"";"pilot-pending"
"PGO0003";"cfca9cd22ed282dd";"Electro Boutique";"70c5d38311fda159";"";"FOR PARIS";"Main";"false";"Thierry Loshouarn (NS) · Muriel Illouz (NS) · Jean-Michel Haye (NS) · Gerard Gacoin (NS)";"Thierry Loshouarn · Muriel Illouz · Jean-Michel Haye · Gerard Gacoin";"update";"suffixe-société-et-identité-structurée";"";"Parigo  (SACEM)";"Thierry Loshouarn|Composer|NS|147761650| · Gerard Gacoin|Composer|NS|00147437169| · Jean-Michel Haye|Composer|NS|00243941468| · Muriel Illouz|Composer|NS|00149196935| · PARIGO|Original Publisher|SACEM|461629743|";"pilot-pending"
"PGO0003";"cfca9cd22ed282dd";"Electro Boutique";"d27920cb79ca9c5a";"";"SO BUSY";"Main";"false";"Thierry Loshouarn (NS)";"Thierry Loshouarn";"update";"suffixe-société-et-identité-structurée";"";"Parigo  (SACEM)";"Thierry Loshouarn|Composer|NS|147761650| · PARIGO|Original Publisher|SACEM|461629743|";"pilot-pending"
"PGO0003";"cfca9cd22ed282dd";"Electro Boutique";"9c20bfd2ee0a7443";"";"SO BUSY";"Main";"false";"Thierry Loshouarn (NS)";"Thierry Loshouarn";"update";"suffixe-société-et-identité-structurée";"";"Parigo  (SACEM)";"Thierry Loshouarn|Composer|NS|147761650| · PARIGO|Original Publisher|SACEM|461629743|";"pilot-pending"
"PGO0003";"cfca9cd22ed282dd";"Electro Boutique";"1885a12fd1bc7717";"";"YEAH GO";"Main";"false";"Thierry Loshouarn (NS) · Maria Kouznetsova (NS)";"Thierry Loshouarn · Maria Kouznetsova";"update";"suffixe-société-et-identité-structurée";"";"Parigo  (SACEM)";"Thierry Loshouarn|Composer|NS|147761650| · Maria Kouznetsova|Composer|NS|00495279502| · PARIGO|Original Publisher|SACEM|461629743|";"pilot-pending"
"PGO0003";"cfca9cd22ed282dd";"Electro Boutique";"5fde6bd64e29775f";"";"YEAH GO";"Main";"false";"Thierry Loshouarn (NS) · Maria Kouznetsova (NS)";"Thierry Loshouarn · Maria Kouznetsova";"update";"suffixe-société-et-identité-structurée";"";"Parigo  (SACEM)";"Maria Kouznetsova|Composer|NS|00495279502| · Thierry Loshouarn|Composer|NS|147761650| · PARIGO|Original Publisher|SACEM|461629743|";"pilot-pending"
"PGO0003";"cfca9cd22ed282dd";"Electro Boutique";"e2e8d0a7f13c2139";"";"MISS PEGGY IS BUSY";"Main";"false";"Thierry Loshouarn (NS) · Cyril Baud (NS)";"Thierry Loshouarn · Cyril Baud";"update";"suffixe-société-et-identité-structurée";"";"Parigo  (SACEM)";"Thierry Loshouarn|Composer|NS|147761650| · Cyril Baud|Composer|NS|00152103228| · PARIGO|Original Publisher|SACEM|461629743|";"pilot-pending"
"PGO0003";"cfca9cd22ed282dd";"Electro Boutique";"d5b91fc351a4408d";"";"PARIS PLAGE";"Main";"false";"Cyril Baud (NS) · Philippe Almosnino (NS) · Thierry Loshouarn (NS)";"Cyril Baud · Philippe Almosnino · Thierry Loshouarn";"update";"suffixe-société-et-identité-structurée";"";"Parigo  (SACEM)";"Cyril Baud|Composer|NS|00152103228| · Thierry Loshouarn|Composer|NS|147761650| · Philippe Almosnino|Composer|NS|00147761454| · PARIGO|Original Publisher|SACEM|461629743|";"pilot-pending"
"PGO0003";"cfca9cd22ed282dd";"Electro Boutique";"b80f7309bf3a1525";"";"PARIS PLAGE";"Main";"false";"Cyril Baud (NS) · Philippe Almosnino (NS) · Thierry Loshouarn (NS)";"Cyril Baud · Philippe Almosnino · Thierry Loshouarn";"update";"suffixe-société-et-identité-structurée";"";"Parigo  (SACEM)";"Thierry Loshouarn|Composer|NS|147761650| · Cyril Baud|Composer|NS|00152103228| · Philippe Almosnino|Composer|NS|00147761454| · PARIGO|Original Publisher|SACEM|461629743|";"pilot-pending"
"PGO0003";"cfca9cd22ed282dd";"Electro Boutique";"394d1217173bd587";"";"OCEAN SAFARI";"Main";"false";"Thierry Loshouarn (NS) · Muriel Illouz (NS) · Jean-Michel Haye (NS) · Gerard Gacoin (NS)";"Thierry Loshouarn · Muriel Illouz · Jean-Michel Haye · Gerard Gacoin";"update";"suffixe-société-et-identité-structurée";"";"Parigo  (SACEM)";"Gerard Gacoin|Composer|NS|00147437169| · Jean-Michel Haye|Composer|NS|00243941468| · Thierry Loshouarn|Composer|NS|147761650| · Muriel Illouz|Composer|NS|00149196935| · PARIGO|Original Publisher|SACEM|461629743|";"pilot-pending"
"PGO0003";"cfca9cd22ed282dd";"Electro Boutique";"dc49e36dc58dc3f0";"";"OCEAN SAFARI";"Main";"false";"Thierry Loshouarn (NS) · Muriel Illouz (NS) · Jean-Michel Haye (NS) · Gerard Gacoin (NS)";"Thierry Loshouarn · Muriel Illouz · Jean-Michel Haye · Gerard Gacoin";"update";"suffixe-société-et-identité-structurée";"";"Parigo  (SACEM)";"Thierry Loshouarn|Composer|NS|147761650| · Jean-Michel Haye|Composer|NS|00243941468| · Gerard Gacoin|Composer|NS|00147437169| · Muriel Illouz|Composer|NS|00149196935| · PARIGO|Original Publisher|SACEM|461629743|";"pilot-pending"
"PGO0003";"cfca9cd22ed282dd";"Electro Boutique";"b76b7fa7c711f063";"";"TRIPPY MOOD";"Main";"false";"Halim Talahari (NS)";"Halim Talahari";"update";"suffixe-société-et-identité-structurée";"";"Parigo  (SACEM)";"Halim Talahari|Composer|NS|00154457074| · PARIGO|Original Publisher|SACEM|461629743|";"pilot-pending"
"PGO0003";"cfca9cd22ed282dd";"Electro Boutique";"72fcd33b5a0a8c7f";"";"TEA TIME";"Main";"false";"Benoit Bernardi (NS) · Franck Lepretre (NS)";"Benoit Bernardi · Franck Lepretre";"update";"suffixe-société-et-identité-structurée";"";"Parigo  (SACEM)";"Benoit Bernardi|Composer|NS|00148356261| · Franck Lepretre|Composer|NS|00152870471| · PARIGO|Original Publisher|SACEM|461629743|";"pilot-pending"
"PGO0003";"cfca9cd22ed282dd";"Electro Boutique";"23bbf6592cca0b7f";"";"TOOLBOX";"Main";"false";"Thierry Loshouarn (NS)";"Thierry Loshouarn";"update";"suffixe-société-et-identité-structurée";"";"Parigo  (SACEM)";"Thierry Loshouarn|Composer|NS|147761650| · PARIGO|Original Publisher|SACEM|461629743|";"pilot-pending"
"PGO0003";"cfca9cd22ed282dd";"Electro Boutique";"54f212bf293534dc";"";"TOOLBOX";"Main";"false";"Thierry Loshouarn (NS)";"Thierry Loshouarn";"update";"suffixe-société-et-identité-structurée";"";"Parigo  (SACEM)";"Thierry Loshouarn|Composer|NS|147761650| · PARIGO|Original Publisher|SACEM|461629743|";"pilot-pending"
"PGO0003";"cfca9cd22ed282dd";"Electro Boutique";"e5c316455ec95823";"";"DANCE THE SURFIN ROBOT";"Main";"false";"Thierry Loshouarn (NS) · Muriel Illouz (NS) · Jean-Michel Haye (NS) · Gerard Gacoin (NS)";"Thierry Loshouarn · Muriel Illouz · Jean-Michel Haye · Gerard Gacoin";"update";"suffixe-société-et-identité-structurée";"";"Parigo  (SACEM)";"Thierry Loshouarn|Composer|NS|147761650| · Jean-Michel Haye|Composer|NS|00243941468| · Gerard Gacoin|Composer|NS|00147437169| · Muriel Illouz|Composer|NS|00149196935| · PARIGO|Original Publisher|SACEM|461629743|";"pilot-pending"
"PGO0003";"cfca9cd22ed282dd";"Electro Boutique";"4b4509398f7ed6f0";"";"DANCE THE SURFIN ROBOT";"Main";"false";"Thierry Loshouarn (NS) · Muriel Illouz (NS) · Jean-Michel Haye (NS) · Gerard Gacoin (NS)";"Thierry Loshouarn · Muriel Illouz · Jean-Michel Haye · Gerard Gacoin";"update";"suffixe-société-et-identité-structurée";"";"Parigo  (SACEM)";"Thierry Loshouarn|Composer|NS|147761650| · Jean-Michel Haye|Composer|NS|00243941468| · Muriel Illouz|Composer|NS|00149196935| · Gerard Gacoin|Composer|NS|00147437169| · PARIGO|Original Publisher|SACEM|461629743|";"pilot-pending"
"PGO0003";"cfca9cd22ed282dd";"Electro Boutique";"87ce421b1c587f75";"";"POOL POSITION";"Main";"false";"Benoit Bernardi (NS) · Franck Lepretre (NS)";"Benoit Bernardi · Franck Lepretre";"update";"suffixe-société-et-identité-structurée";"";"Parigo  (SACEM)";"Benoit Bernardi|Composer|NS|00148356261| · Franck Lepretre|Composer|NS|00152870471| · PARIGO|Original Publisher|SACEM|461629743|";"pilot-pending"
"PGO0002";"60763fe497bd648d";"Parfum Pop";"f0adfb6c71ff612c";"";"DRIVING IN PARIS";"Main";"false";"Thierry Loshouarn (NS)";"Thierry Loshouarn";"update";"suffixe-société-et-identité-structurée";"";"Parigo  (SACEM)";"Thierry Loshouarn|Composer|NS|147761650| · Parigo|Original Publisher|SACEM|461629743|";"pilot-pending"
"PGO0002";"60763fe497bd648d";"Parfum Pop";"28d32b75977d954f";"";"PARIS ROME (CHOIR BY CLARA GALANTE)";"Main";"false";"Massimo Guadalupi (NS)";"Massimo Guadalupi";"update";"suffixe-société";"";"Parigo  (SACEM)";"";"pilot-pending"
"PGO0002";"60763fe497bd648d";"Parfum Pop";"2e1421a5bbec9a95";"";"PARIS ROME";"Main";"false";"Massimo Guadalupi (NS)";"Massimo Guadalupi";"update";"suffixe-société-et-identité-structurée";"";"Parigo  (SACEM)";"Thierry Loshouarn|Arranger|NS|00147761650| · Massimo Guadalupi|Composer|NS|00495281326| · Parigo|Original Publisher|SACEM|461629743|";"pilot-pending"
"PGO0002";"60763fe497bd648d";"Parfum Pop";"a28abe10d6908ba3";"";"FRENCH RIVIERA";"Main";"false";"Thierry Loshouarn (NS) · Davide Loi (NS)";"Thierry Loshouarn · Davide Loi";"update";"suffixe-société-et-identité-structurée";"";"Parigo  (SACEM)";"Thierry Loshouarn|Composer|NS|147761650| · Davide Loi|Composer|NS|00449542139| · Parigo|Original Publisher|SACEM|461629743|";"pilot-pending"
"PGO0002";"60763fe497bd648d";"Parfum Pop";"6c35f24591526609";"";"FRENCH RIVIERA";"Main";"false";"Thierry Loshouarn (NS) · Davide Loi (NS)";"Thierry Loshouarn · Davide Loi";"update";"suffixe-société-et-identité-structurée";"";"Parigo  (SACEM)";"Thierry Loshouarn|Composer|NS|147761650| · Davide Loi|Composer|NS|00449542139| · Parigo|Original Publisher|SACEM|461629743|";"pilot-pending"
"PGO0002";"60763fe497bd648d";"Parfum Pop";"c96392e67b33fd4b";"";"DRIVING IN PARIS";"Main";"false";"Thierry Loshouarn (NS)";"Thierry Loshouarn";"update";"suffixe-société-et-identité-structurée";"";"Parigo  (SACEM)";"Thierry Loshouarn|Composer|NS|147761650| · Parigo|Original Publisher|SACEM|461629743|";"pilot-pending"
"PGO0002";"60763fe497bd648d";"Parfum Pop";"cee2da5cc17016e3";"";"NAPOLI RIDER";"Main";"false";"Thierry Loshouarn (NS) · Muriel Illouz (NS) · Jean-Michel Haye (NS) · Gerard Gacoin (NS)";"Thierry Loshouarn · Muriel Illouz · Jean-Michel Haye · Gerard Gacoin";"update";"suffixe-société-et-identité-structurée";"";"Parigo  (SACEM)";"Thierry Loshouarn|Composer|NS|147761650| · Gerard Gacoin|Composer|NS|00147437169| · Jean-Michel Haye|Composer|NS|00243941468| · Muriel Illouz|Composer|NS|00149196935| · Parigo|Original Publisher|SACEM|461629743|";"pilot-pending"
"PGO0002";"60763fe497bd648d";"Parfum Pop";"cff7fbfb7ba25af4";"";"A NEW HOPE";"Main";"false";"Thierry Loshouarn (NS) · Cedric Denis (NS)";"Thierry Loshouarn · Cedric Denis";"update";"suffixe-société-et-identité-structurée";"";"Parigo  (SACEM)";"Thierry Loshouarn|Composer|NS|147761650| · Cedric Denis|Composer|NS|| · Parigo|Original Publisher|SACEM|461629743|";"pilot-pending"
"PGO0002";"60763fe497bd648d";"Parfum Pop";"16b84e5f1928e6ab";"";"A NEW HOPE";"Main";"false";"Thierry Loshouarn (NS) · Cedric Denis (NS)";"Thierry Loshouarn · Cedric Denis";"update";"suffixe-société-et-identité-structurée";"";"Parigo  (SACEM)";"Cedric Denis|Composer|NS|| · Thierry Loshouarn|Composer|NS|147761650| · Parigo|Original Publisher|SACEM|461629743|";"pilot-pending"
"PGO0002";"60763fe497bd648d";"Parfum Pop";"9ae7029aaf940b44";"";"A NEW HOPE";"Main";"false";"Thierry Loshouarn (NS) · Cedric Denis (NS)";"Thierry Loshouarn · Cedric Denis";"update";"suffixe-société";"";"Parigo  (SACEM)";"";"pilot-pending"
"PGO0002";"60763fe497bd648d";"Parfum Pop";"b478fc386f850794";"";"BEAUTIFUL DAY";"Main";"false";"Thierry Loshouarn (NS)";"Thierry Loshouarn";"update";"suffixe-société-et-identité-structurée";"";"Parigo  (SACEM)";"Thierry Loshouarn|Composer|NS|147761650| · Parigo|Original Publisher|SACEM|461629743|";"pilot-pending"
"PGO0002";"60763fe497bd648d";"Parfum Pop";"9e8e40dd870f7e28";"";"BEAUTIFUL DAY";"Main";"false";"Thierry Loshouarn (NS)";"Thierry Loshouarn";"update";"suffixe-société-et-identité-structurée";"";"Parigo  (SACEM)";"Thierry Loshouarn|Composer|NS|147761650| · Parigo|Original Publisher|SACEM|461629743|";"pilot-pending"
"PGO0002";"60763fe497bd648d";"Parfum Pop";"b04fc7f14302689b";"";"BEAUTIFUL DAY";"Main";"false";"Thierry Loshouarn (NS)";"Thierry Loshouarn";"update";"suffixe-société-et-identité-structurée";"";"Parigo  (SACEM)";"Thierry Loshouarn|Composer|NS|147761650| · Parigo|Original Publisher|SACEM|461629743|";"pilot-pending"
"PGO0002";"60763fe497bd648d";"Parfum Pop";"99d304cdfe2af2f7";"";"BAIKAL";"Main";"false";"Thierry Loshouarn (NS) · Maria Kouznetsova (NS)";"Thierry Loshouarn · Maria Kouznetsova";"update";"suffixe-société";"";"Parigo  (SACEM)";"";"pilot-pending"
"PGO0002";"60763fe497bd648d";"Parfum Pop";"8a779799c9a9fb85";"";"BAIKAL";"Main";"false";"Thierry Loshouarn (NS) · Maria Kouznetsova (NS)";"Thierry Loshouarn · Maria Kouznetsova";"update";"suffixe-société-et-identité-structurée";"";"Parigo  (SACEM)";"Thierry Loshouarn|Composer|NS|147761650| · Maria Kouznetsova|Composer|NS|00495279502| · Parigo|Original Publisher|SACEM|461629743|";"pilot-pending"
"PGO0002";"60763fe497bd648d";"Parfum Pop";"69eb9ffcfa633a97";"";"HUG A TREE";"Main";"false";"Thierry Loshouarn (NS) · Maria Kouznetsova (NS)";"Thierry Loshouarn · Maria Kouznetsova";"update";"suffixe-société-et-identité-structurée";"";"Parigo  (SACEM)";"Maria Kouznetsova|Composer|NS|00495279502| · Thierry Loshouarn|Composer|NS|147761650| · Parigo|Original Publisher|SACEM|461629743|";"pilot-pending"
"PGO0002";"60763fe497bd648d";"Parfum Pop";"3aa1b0e0e8c06de6";"";"L'ARBRE QUI CHANTE";"Main";"false";"Thierry Loshouarn (NS) · Maria Kouznetsova (NS)";"Thierry Loshouarn · Maria Kouznetsova";"update";"suffixe-société";"";"Parigo  (SACEM)";"";"pilot-pending"
"PGO0002";"60763fe497bd648d";"Parfum Pop";"3250deea63895ae6";"";"SIREN LOUNGE";"Main";"false";"Thierry Loshouarn (NS) · Eric Loshouarn (NS)";"Thierry Loshouarn · Eric Loshouarn";"update";"suffixe-société-et-identité-structurée";"";"Parigo  (SACEM)";"Thierry Loshouarn|Composer|NS|147761650| · Eric Loshouarn|Composer|NS|00149197148| · Parigo|Original Publisher|SACEM|461629743|";"pilot-pending"
"PGO0002";"60763fe497bd648d";"Parfum Pop";"ed6bbe965a6c1011";"";"SIREN LOUNGE";"Main";"false";"Thierry Loshouarn (NS) · Eric Loshouarn (NS)";"Thierry Loshouarn · Eric Loshouarn";"update";"suffixe-société";"";"Parigo  (SACEM)";"";"pilot-pending"
"PGO0002";"60763fe497bd648d";"Parfum Pop";"f5f73f8e8c72acc5";"";"AMORE";"Main";"false";"Thierry Loshouarn (NS) · Muriel Illouz (NS) · Jean-Michel Haye (NS) · Laurent Levesque (NS) · Gerard Gacoin (NS)";"Thierry Loshouarn · Muriel Illouz · Jean-Michel Haye · Laurent Levesque · Gerard Gacoin";"update";"suffixe-société-et-identité-structurée";"";"Parigo  (SACEM)";"Gerard Gacoin|Composer|NS|00147437169| · Thierry Loshouarn|Composer|NS|147761650| · Laurent Levesque|Composer|NS|00148336661| · Muriel Illouz|Composer|NS|00149196935| · Jean-Michel Haye|Composer|NS|00243941468| · Parigo|Original Publisher|SACEM|461629743|";"pilot-pending"
"PGO0002";"60763fe497bd648d";"Parfum Pop";"58f024b5c5138ae7";"";"AMORE";"Main";"false";"Thierry Loshouarn (NS) · Muriel Illouz (NS) · Jean-Michel Haye (NS) · Laurent Levesque (NS) · Gerard Gacoin (NS)";"Thierry Loshouarn · Muriel Illouz · Jean-Michel Haye · Laurent Levesque · Gerard Gacoin";"update";"suffixe-société-et-identité-structurée";"";"Parigo  (SACEM)";"Thierry Loshouarn|Composer|NS|147761650| · Gerard Gacoin|Composer|NS|00147437169| · Jean-Michel Haye|Composer|NS|00243941468| · Muriel Illouz|Composer|NS|00149196935| · Laurent Levesque|Composer|NS|00148336661| · Parigo|Original Publisher|SACEM|461629743|";"pilot-pending"
"PGO0002";"60763fe497bd648d";"Parfum Pop";"a8727ba12d615c93";"";"LOULOU";"Main";"false";"Massimo Guadalupi (NS)";"Massimo Guadalupi";"update";"suffixe-société";"";"Parigo  (SACEM)";"";"pilot-pending"
"PGO0002";"60763fe497bd648d";"Parfum Pop";"e2d620ad02f93bff";"";"LOULOU";"Main";"false";"Massimo Guadalupi (NS)";"Massimo Guadalupi";"update";"suffixe-société-et-identité-structurée";"";"Parigo  (SACEM)";"Thierry Loshouarn|Arranger|NS|00147761650| · Massimo Guadalupi|Composer|NS|00495281326| · Parigo|Original Publisher|SACEM|461629743|";"pilot-pending"
"PGO0002";"60763fe497bd648d";"Parfum Pop";"ca024c7bed27918a";"";"REMEMBERING HELEN";"Main";"false";"Thierry Loshouarn (NS) · Carla Andipatin (NS)";"Thierry Loshouarn · Carla Andipatin";"update";"suffixe-société-et-identité-structurée";"";"Parigo  (SACEM)";"Thierry Loshouarn|Composer|NS|147761650| · Carla Andipatin|Composer|NS|00243012029| · Parigo|Original Publisher|SACEM|461629743|";"pilot-pending"
"PGO0002";"60763fe497bd648d";"Parfum Pop";"e0e3f51b0be288f1";"";"HELENE";"Main";"false";"Thierry Loshouarn (NS) · Carla Andipatin (NS)";"Thierry Loshouarn · Carla Andipatin";"update";"suffixe-société";"";"Parigo  (SACEM)";"";"pilot-pending"
"PGO0002";"60763fe497bd648d";"Parfum Pop";"bb790c54a9196443";"";"THE GOOD LIFE";"Main";"false";"Thierry Loshouarn (NS) · Carla Andipatin (NS)";"Thierry Loshouarn · Carla Andipatin";"update";"suffixe-société-et-identité-structurée";"";"Parigo  (SACEM)";"Thierry Loshouarn|Composer|NS|147761650| · Carla Andipatin|Composer|NS|00243012029| · Parigo|Original Publisher|SACEM|461629743|";"pilot-pending"
"PGO0002";"60763fe497bd648d";"Parfum Pop";"50d1dfd6b46d3cc1";"";"PARFUM POP";"Main";"false";"Thierry Loshouarn (NS)";"Thierry Loshouarn";"update";"suffixe-société-et-identité-structurée";"";"Parigo  (SACEM)";"Thierry Loshouarn|Composer|NS|147761650| · Parigo|Original Publisher|SACEM|461629743|";"pilot-pending"
"PGO0002";"60763fe497bd648d";"Parfum Pop";"6537ad38047d8f47";"";"SUMMER LOVE";"Main";"false";"Thierry Loshouarn (NS)";"Thierry Loshouarn";"update";"suffixe-société-et-identité-structurée";"";"Parigo  (SACEM)";"Thierry Loshouarn|Composer|NS|147761650| · Parigo|Original Publisher|SACEM|461629743|";"pilot-pending"
"PGO0002";"60763fe497bd648d";"Parfum Pop";"9b09600aa455c51b";"";"LA BELLE VIE";"Main";"false";"Thierry Loshouarn (NS) · Carla Andipatin (NS)";"Thierry Loshouarn · Carla Andipatin";"update";"suffixe-société";"";"Parigo  (SACEM)";"";"pilot-pending"
"PGO0002";"60763fe497bd648d";"Parfum Pop";"112ce386e039d80a";"";"LA SI TU VEUX";"Main";"false";"Thierry Loshouarn (NS) · Carla Andipatin (NS)";"Thierry Loshouarn · Carla Andipatin";"update";"suffixe-société";"";"Parigo  (SACEM)";"";"pilot-pending"
"PGO0002";"60763fe497bd648d";"Parfum Pop";"7a4bd15fee6bd9f0";"";"LOVE EROTIQUE";"Main";"false";"Thierry Loshouarn (NS) · Carla Andipatin (NS)";"Thierry Loshouarn · Carla Andipatin";"update";"suffixe-société-et-identité-structurée";"";"Parigo  (SACEM)";"Thierry Loshouarn|Composer|NS|147761650| · Carla Andipatin|Composer|NS|00243012029| · Parigo|Original Publisher|SACEM|461629743|";"pilot-pending"
"PGO0002";"60763fe497bd648d";"Parfum Pop";"54d8ac5dbb16cbc2";"";"LULLABY POP";"Main";"false";"Thierry Loshouarn (NS) · Cyril Baud (NS)";"Thierry Loshouarn · Cyril Baud";"update";"suffixe-société-et-identité-structurée";"";"Parigo  (SACEM)";"Cyril Baud|Composer|NS|00152103228| · Thierry Loshouarn|Composer|NS|147761650| · Parigo|Original Publisher|SACEM|461629743|";"pilot-pending"
"PGO0001";"3d401caa45dd4a4e";"Paris Rocks";"6d511a9a311b5297";"";"SEINE ROCK";"Main";"false";"Thierry Loshouarn (NS)";"Thierry Loshouarn";"update";"suffixe-société-et-identité-structurée";"";"Parigo  (SACEM)";"Thierry Loshouarn|Composer|NS|147761650| · PARIGO|Original Publisher|SACEM|461629743|";"pilot-pending"
"PGO0001";"3d401caa45dd4a4e";"Paris Rocks";"cb278d1b28a2332b";"";"SONIC HEADS";"Main";"false";"Thierry Loshouarn (NS)";"Thierry Loshouarn";"update";"suffixe-société-et-identité-structurée";"";"Parigo  (SACEM)";"Thierry Loshouarn|Composer|NS|147761650| · PARIGO|Original Publisher|SACEM|461629743|";"pilot-pending"
"PGO0001";"3d401caa45dd4a4e";"Paris Rocks";"07b8a7d50a0924c3";"";"WATCH ME";"Main";"false";"Thierry Loshouarn (NS) · Eric Loshouarn (NS)";"Thierry Loshouarn · Eric Loshouarn";"update";"suffixe-société-et-identité-structurée";"";"Parigo  (SACEM)";"Thierry Loshouarn|Composer|NS|147761650| · Eric Loshouarn|Composer|NS|00149197148| · PARIGO|Original Publisher|SACEM|461629743|";"pilot-pending"
"PGO0001";"3d401caa45dd4a4e";"Paris Rocks";"5b0df58a704d864f";"";"WATCH ME";"Main";"false";"Thierry Loshouarn (NS) · Eric Loshouarn (NS)";"Thierry Loshouarn · Eric Loshouarn";"update";"suffixe-société-et-identité-structurée";"";"Parigo  (SACEM)";"Thierry Loshouarn|Composer|NS|147761650| · Eric Loshouarn|Composer|NS|00149197148| · PARIGO|Original Publisher|SACEM|461629743|";"pilot-pending"
"PGO0001";"3d401caa45dd4a4e";"Paris Rocks";"825f0a4ecd300af3";"";"BLEUROSEROUJAUNE";"Main";"false";"Thierry Loshouarn (NS)";"Thierry Loshouarn";"update";"suffixe-société";"";"Parigo  (SACEM)";"";"pilot-pending"
"PGO0001";"3d401caa45dd4a4e";"Paris Rocks";"6469175e88381d46";"";"SHAKE YA BOOM";"Main";"false";"Thierry Loshouarn (NS) · Cyril Baud (NS)";"Thierry Loshouarn · Cyril Baud";"update";"suffixe-société-et-identité-structurée";"";"Parigo  (SACEM)";"Thierry Loshouarn|Composer|NS|147761650| · Cyril Baud|Composer|NS|00152103228| · PARIGO|Original Publisher|SACEM|461629743|";"pilot-pending"
"PGO0001";"3d401caa45dd4a4e";"Paris Rocks";"205c25fdf53d7f2e";"";"SHAKE YA BOOM";"Main";"false";"Thierry Loshouarn (NS) · Cyril Baud (NS)";"Thierry Loshouarn · Cyril Baud";"update";"suffixe-société-et-identité-structurée";"";"Parigo  (SACEM)";"Thierry Loshouarn|Composer|NS|147761650| · Cyril Baud|Composer|NS|00152103228| · PARIGO|Original Publisher|SACEM|461629743|";"pilot-pending"
"PGO0001";"3d401caa45dd4a4e";"Paris Rocks";"207391c6aa2e9fda";"";"LET ME IN";"Main";"false";"Thierry Loshouarn (NS)";"Thierry Loshouarn";"update";"suffixe-société-et-identité-structurée";"";"Parigo  (SACEM)";"Thierry Loshouarn|Composer|NS|147761650| · PARIGO|Original Publisher|SACEM|461629743|";"pilot-pending"
"PGO0001";"3d401caa45dd4a4e";"Paris Rocks";"d4d3e250c10e3de3";"";"LET ME IN";"Main";"false";"Thierry Loshouarn (NS)";"Thierry Loshouarn";"update";"suffixe-société-et-identité-structurée";"";"Parigo  (SACEM)";"Thierry Loshouarn|Composer|NS|147761650| · PARIGO|Original Publisher|SACEM|461629743|";"pilot-pending"
"PGO0001";"3d401caa45dd4a4e";"Paris Rocks";"0bb72f552678b5cd";"";"VODKA REGLISSE";"Main";"false";"Thierry Loshouarn (NS) · Maria Kouznetsova (NS)";"Thierry Loshouarn · Maria Kouznetsova";"update";"suffixe-société-et-identité-structurée";"";"Parigo  (SACEM)";"Thierry Loshouarn|Composer|NS|147761650| · Maria Kouznetsova|Composer|NS|00495279502| · PARIGO|Original Publisher|SACEM|461629743|";"pilot-pending"
"PGO0001";"3d401caa45dd4a4e";"Paris Rocks";"f72407861bfdb895";"";"VODKA REGLISSE";"Main";"false";"Thierry Loshouarn (NS) · Maria Kouznetsova (NS)";"Thierry Loshouarn · Maria Kouznetsova";"update";"suffixe-société-et-identité-structurée";"";"Parigo  (SACEM)";"Thierry Loshouarn|Composer|NS|147761650| · Maria Kouznetsova|Composer|NS|00495279502| · PARIGO|Original Publisher|SACEM|461629743|";"pilot-pending"
"PGO0001";"3d401caa45dd4a4e";"Paris Rocks";"a2e6fff23c17b9b3";"";"PARIS ROCKS";"Main";"false";"Thierry Loshouarn (NS)";"Thierry Loshouarn";"update";"suffixe-société-et-identité-structurée";"";"Parigo  (SACEM)";"Thierry Loshouarn|Composer|NS|147761650| · PARIGO|Original Publisher|SACEM|461629743|";"pilot-pending"
"PGO0001";"3d401caa45dd4a4e";"Paris Rocks";"7b1fd64651de3699";"";"WARM UP";"Main";"false";"Thierry Loshouarn (NS) · Gerard Gacoin (NS)";"Thierry Loshouarn · Gerard Gacoin";"update";"suffixe-société-et-identité-structurée";"";"Parigo  (SACEM)";"Thierry Loshouarn|Composer|NS|147761650| · Gerard Gacoin|Composer|NS|00147437169| · PARIGO|Original Publisher|SACEM|461629743|";"pilot-pending"
"PGO0001";"3d401caa45dd4a4e";"Paris Rocks";"c5a9b42847297940";"";"MOUTARDE";"Main";"false";"Thierry Loshouarn (NS) · Philippe Almosnino (NS)";"Thierry Loshouarn · Philippe Almosnino";"update";"suffixe-société-et-identité-structurée";"";"Parigo  (SACEM)";"Thierry Loshouarn|Composer|NS|147761650| · Philippe Almosnino|Composer|NS|00147761454| · PARIGO|Original Publisher|SACEM|461629743|";"pilot-pending"
"PGO0001";"3d401caa45dd4a4e";"Paris Rocks";"d246f93bffc12cc3";"";"QUELQUE CHOSE";"Main";"false";"Thierry Loshouarn (NS)";"Thierry Loshouarn";"update";"suffixe-société-et-identité-structurée";"";"Parigo  (SACEM)";"Thierry Loshouarn|Composer|NS|147761650| · PARIGO|Original Publisher|SACEM|461629743|";"pilot-pending"
"PGO0001";"3d401caa45dd4a4e";"Paris Rocks";"398fab2695d719be";"";"QUELQUE CHOSE";"Main";"false";"Thierry Loshouarn (NS)";"Thierry Loshouarn";"update";"suffixe-société";"";"Parigo  (SACEM)";"";"pilot-pending"
"PGO0001";"3d401caa45dd4a4e";"Paris Rocks";"5bedab986a8b107f";"";"FISHERMAN";"Main";"false";"Thierry Loshouarn (NS) · Eric Loshouarn (NS) · Muriel Illouz (NS)";"Thierry Loshouarn · Eric Loshouarn · Muriel Illouz";"update";"suffixe-société-et-identité-structurée";"";"Parigo  (SACEM)";"Thierry Loshouarn|Composer|NS|147761650| · Muriel Illouz|Composer|NS|00149196935| · Eric Loshouarn|Composer|NS|00149197148| · PARIGO|Original Publisher|SACEM|461629743|";"pilot-pending"
"PGO0001";"3d401caa45dd4a4e";"Paris Rocks";"6a64796e6b25f93e";"";"PECHEUR";"Main";"false";"Thierry Loshouarn (NS) · Eric Loshouarn (NS) · Muriel Illouz (NS)";"Thierry Loshouarn · Eric Loshouarn · Muriel Illouz";"update";"suffixe-société";"";"Parigo  (SACEM)";"";"pilot-pending"
"PGO0001";"3d401caa45dd4a4e";"Paris Rocks";"2bb08dd49c5128ed";"";"FISHERMAN";"Main";"false";"Thierry Loshouarn (NS) · Eric Loshouarn (NS) · Muriel Illouz (NS)";"Thierry Loshouarn · Eric Loshouarn · Muriel Illouz";"update";"suffixe-société-et-identité-structurée";"";"Parigo  (SACEM)";"Thierry Loshouarn|Composer|NS|147761650| · Eric Loshouarn|Composer|NS|00149197148| · Muriel Illouz|Composer|NS|00149196935| · PARIGO|Original Publisher|SACEM|461629743|";"pilot-pending"
"PGO0001";"3d401caa45dd4a4e";"Paris Rocks";"01beef5b4da883ec";"";"FACE TO FACE";"Main";"false";"Thierry Loshouarn (NS)";"Thierry Loshouarn";"update";"suffixe-société-et-identité-structurée";"";"Parigo  (SACEM)";"Thierry Loshouarn|Composer|NS|147761650| · PARIGO|Original Publisher|SACEM|461629743|";"pilot-pending"
"PGO0001";"3d401caa45dd4a4e";"Paris Rocks";"c2c901c63581997d";"";"FACE A FACE";"Main";"false";"Thierry Loshouarn (NS)";"Thierry Loshouarn";"update";"suffixe-société";"";"Parigo  (SACEM)";"";"pilot-pending"
"PGO0001";"3d401caa45dd4a4e";"Paris Rocks";"c7fe503eeeb0acac";"";"ROBOT SURFER";"Main";"false";"Thierry Loshouarn (NS)";"Thierry Loshouarn";"update";"suffixe-société-et-identité-structurée";"";"Parigo  (SACEM)";"Thierry Loshouarn|Composer|NS|147761650| · PARIGO|Original Publisher|SACEM|461629743|";"pilot-pending"
"PGO0001";"3d401caa45dd4a4e";"Paris Rocks";"77dd11dc455ba281";"";"GLORY";"Main";"false";"Thierry Loshouarn (NS) · Cyril Baud (NS)";"Thierry Loshouarn · Cyril Baud";"update";"suffixe-société-et-identité-structurée";"";"Parigo  (SACEM)";"Thierry Loshouarn|Composer|NS|147761650| · Cyril Baud|Composer|NS|00152103228| · PARIGO|Original Publisher|SACEM|461629743|";"pilot-pending"
"PGO0001";"3d401caa45dd4a4e";"Paris Rocks";"20a4a8b2faf34ef2";"";"GLORY";"Main";"false";"Thierry Loshouarn (NS) · Cyril Baud (NS)";"Thierry Loshouarn · Cyril Baud";"update";"suffixe-société-et-identité-structurée";"";"Parigo  (SACEM)";"Thierry Loshouarn|Composer|NS|147761650| · Cyril Baud|Composer|NS|00152103228| · PARIGO|Original Publisher|SACEM|461629743|";"pilot-pending"
"PGO0001";"3d401caa45dd4a4e";"Paris Rocks";"da617953426b0c20";"";"PARFUM ROCK";"Main";"false";"Thierry Loshouarn (NS)";"Thierry Loshouarn";"update";"suffixe-société-et-identité-structurée";"";"Parigo  (SACEM)";"Thierry Loshouarn|Composer|NS|147761650| · PARIGO|Original Publisher|SACEM|461629743|";"pilot-pending"
"PGO0001";"3d401caa45dd4a4e";"Paris Rocks";"781d75dc9de1c057";"";"DANSEZ LE ROBOT SURFER";"Main";"false";"Thierry Loshouarn (NS)";"Thierry Loshouarn";"update";"suffixe-société";"";"Parigo  (SACEM)";"";"pilot-pending"
"PGO0001";"3d401caa45dd4a4e";"Paris Rocks";"64f865fdd40e56b0";"";"HO HEY";"Main";"false";"Thierry Loshouarn (NS)";"Thierry Loshouarn";"update";"suffixe-société-et-identité-structurée";"";"Parigo  (SACEM)";"Thierry Loshouarn|Composer|NS|147761650| · PARIGO|Original Publisher|SACEM|461629743|";"pilot-pending"
"PGO0001";"3d401caa45dd4a4e";"Paris Rocks";"8cfa6377ec269bae";"";"HO HEY";"Main";"false";"Thierry Loshouarn (NS)";"Thierry Loshouarn";"update";"suffixe-société-et-identité-structurée";"";"Parigo  (SACEM)";"Thierry Loshouarn|Composer|NS|147761650| · PARIGO|Original Publisher|SACEM|461629743|";"pilot-pending"
"PGO0001";"3d401caa45dd4a4e";"Paris Rocks";"12160f3561bdbdd2";"";"PEOPLES ARMY";"Main";"false";"Thierry Loshouarn (NS) · Eric Loshouarn (NS)";"Thierry Loshouarn · Eric Loshouarn";"update";"suffixe-société-et-identité-structurée";"";"Parigo  (SACEM)";"Thierry Loshouarn|Composer|NS|147761650| · Eric Loshouarn|Composer|NS|00149197148| · PARIGO|Original Publisher|SACEM|461629743|";"pilot-pending"
"PGO0001";"3d401caa45dd4a4e";"Paris Rocks";"dc04e82f6a0dfcaa";"";"MYSTIC";"Main";"false";"Thierry Loshouarn (NS)";"Thierry Loshouarn";"update";"suffixe-société-et-identité-structurée";"";"Parigo  (SACEM)";"Thierry Loshouarn|Composer|NS|147761650| · PARIGO|Original Publisher|SACEM|461629743|";"pilot-pending"
"PGO0001";"3d401caa45dd4a4e";"Paris Rocks";"ab99d1f2b3a6251e";"";"VEGOMATIC THEME";"Main";"false";"Thierry Loshouarn (NS)";"Thierry Loshouarn";"update";"suffixe-société-et-identité-structurée";"";"Parigo  (SACEM)";"Thierry Loshouarn|Composer|NS|147761650| · PARIGO|Original Publisher|SACEM|461629743|";"pilot-pending"
