"api_family","section","endpoint_name","method_doc","documented_url","endpoint_key","documented_payload_fields","documented_json_status","parigo_status","parigo_code_refs","parigo_payload_or_query","conformance","live_evidence","evidence_or_note"
"Public API","Public API > Getting Started","Get Authorised","POST","{HM_ServiceAPI_AuthUrl}","oauth2/token","grant_type, client_id, client_secret","not-applicable","implemented","src/lib/harvest/client.ts:163","form: grant_type, client_id, client_secret","conforme","exécuté en live avec succès, ou mutation réversible confirmée par relecture puis nettoyage","Méthode, chemin, type de jeton et paramètres/payload conformes au contrat publié pour la variante utilisée."
"Public API","Public API > Getting Started","Get Service Token","GET","{HM_ServiceAPI_URL}/getservicetoken","getservicetoken","","not-applicable","implemented","src/lib/harvest/client.ts:263","aucun body; paramètres dans l'URL","conforme","exécuté en live avec succès, ou mutation réversible confirmée par relecture puis nettoyage","Méthode, chemin, type de jeton et paramètres/payload conformes au contrat publié pour la variante utilisée."
"Public API","Public API > Getting Started","Validate Service Token","GET","{HM_ServiceAPI_URL}/getservicetokeninfo/{HM_ServiceAPI_Token}","getservicetokeninfo","","not-applicable","not-implemented","","","not-applicable","non exécuté par Parigo","Aucun appel de production Parigo pour cette variante; contrôle documentaire statique seulement."
"Public API","Public API > Getting Started","Expire Service Token","GET","{HM_ServiceAPI_URL}/expiretoken/{HM_ServiceAPI_Token}","expiretoken","","not-applicable","not-implemented","","","not-applicable","non exécuté par Parigo","Aucun appel de production Parigo pour cette variante; contrôle documentaire statique seulement."
"Public API","Public API > Service Information","Get Service Info (Service Asset URLs and File Formats)","GET","{HM_ServiceAPI_URL}/getserviceinfo/{HM_ServiceAPI_Token}","getserviceinfo","","not-applicable","implemented","src/lib/harvest/client.ts:284","aucun body; paramètres dans l'URL","conforme","exécuté en live avec succès, ou mutation réversible confirmée par relecture puis nettoyage","Méthode, chemin, type de jeton et paramètres/payload conformes au contrat publié pour la variante utilisée."
"Public API","Public API > Service Information","Get Service Attributes","GET","{HM_ServiceAPI_URL}/getserviceattribute/{HM_ServiceAPI_Token}/{attributeTypeCode}","getserviceattribute","","not-applicable","not-implemented","","","not-applicable","non exécuté par Parigo","Aucun appel de production Parigo pour cette variante; contrôle documentaire statique seulement."
"Public API","Public API > Service Information","Get Short URL","POST","{HM_ServiceAPI_URL}/getshorturl/{HM_ServiceAPI_Token}","getshorturl","URL","valid","not-implemented","","","not-applicable","non exécuté par Parigo","Aucun appel de production Parigo pour cette variante; contrôle documentaire statique seulement."
"Public API","Public API > Regions & Countries","Get Regions","GET","{HM_ServiceAPI_URL}/getregions/{HM_ServiceAPI_Token}","getregions","","not-applicable","implemented","src/lib/harvest/client.ts:318 | src/lib/harvest/member.ts:245","aucun body; paramètres dans l'URL","conforme","exécuté en live avec succès, ou mutation réversible confirmée par relecture puis nettoyage","Méthode, chemin, type de jeton et paramètres/payload conformes au contrat publié pour la variante utilisée."
"Public API","Public API > Regions & Countries","Get Region","GET","{HM_ServiceAPI_URL}/getregion/{HM_ServiceAPI_Token}/{RegionID}","getregion","","not-applicable","not-implemented","","","not-applicable","non exécuté par Parigo","Aucun appel de production Parigo pour cette variante; contrôle documentaire statique seulement."
"Public API","Public API > Regions & Countries","Get Regions By IP","GET","{HM_ServiceAPI_URL}/getregionbyip/{HM_ServiceAPI_Token}?ip={IP}","getregionbyip","","not-applicable","not-implemented","","","not-applicable","non exécuté par Parigo","Aucun appel de production Parigo pour cette variante; contrôle documentaire statique seulement."
"Public API","Public API > Regions & Countries","Get Countries","GET","{HM_ServiceAPI_URL}/getcountries/{HM_ServiceAPI_Token}","getcountries","","not-applicable","not-implemented","","","not-applicable","non exécuté par Parigo","Aucun appel de production Parigo pour cette variante; contrôle documentaire statique seulement."
"Public API","Public API > Guest Management","Authenticate Guest Member","GET","{HM_ServiceAPI_URL}/getguestmembertoken/{HM_ServiceAPI_Token}/{Region_ID}","getguestmembertoken","","not-applicable","implemented","src/lib/harvest/client.ts:336","aucun body; paramètres dans l'URL","conforme","exécuté en live avec succès, ou mutation réversible confirmée par relecture puis nettoyage","Méthode, chemin, type de jeton et paramètres/payload conformes au contrat publié pour la variante utilisée."
"Public API","Public API > Accessing Metadata > Libraries","Get Labels/Libraries","GET","{HM_ServiceAPI_URL}/getlibraries/{HM_ServiceAPI_MemberToken}","getlibraries","","not-applicable","implemented","src/lib/harvest/catalog.ts:438","aucun body; paramètres dans l'URL","conforme","exécuté en live avec succès, ou mutation réversible confirmée par relecture puis nettoyage","Méthode, chemin, type de jeton et paramètres/payload conformes au contrat publié pour la variante utilisée."
"Public API","Public API > Accessing Metadata > Libraries","Get Labels/Libraries (Include Inactive)","GET","{HM_ServiceAPI_URL}/getlibraries/{HM_ServiceAPI_MemberToken}/includeinactive","getlibraries","","not-applicable","not-implemented","","","not-applicable","non exécuté par Parigo","Aucun appel de production Parigo pour cette variante; contrôle documentaire statique seulement."
"Public API","Public API > Accessing Metadata > Libraries","Get Label/Library","GET","{HM_ServiceAPI_URL}/getlibrary/{HM_ServiceAPI_MemberToken}/{LibraryID}?returnCodes={returnCodes}","getlibrary","","not-applicable","implemented","src/lib/harvest/catalog.ts:466","aucun body; paramètres dans l'URL","conforme","exécuté en live avec succès, ou mutation réversible confirmée par relecture puis nettoyage","Méthode, chemin, type de jeton et paramètres/payload conformes au contrat publié pour la variante utilisée."
"Public API","Public API > Accessing Metadata > Styles","Get Style Groups","GET","{HM_ServiceAPI_URL}/getstylegroups/{HM_ServiceAPI_MemberToken}","getstylegroups","","not-applicable","not-implemented","","","not-applicable","non exécuté par Parigo","Aucun appel de production Parigo pour cette variante; contrôle documentaire statique seulement."
"Public API","Public API > Accessing Metadata > Styles","Get Styles","GET","{HM_ServiceAPI_URL}/getstyles/{HM_ServiceAPI_MemberToken}?groupID={GroupID}&allowEmptyStyle=false","getstyles","","not-applicable","implemented","src/lib/harvest/catalog.ts:584","aucun body; paramètres dans l'URL","conforme","exécuté en live avec succès, ou mutation réversible confirmée par relecture puis nettoyage","Méthode, chemin, type de jeton et paramètres/payload conformes au contrat publié pour la variante utilisée."
"Public API","Public API > Accessing Metadata > Styles","Get Styles By Language Code","GET","{HM_ServiceAPI_URL}/getstyles/{HM_ServiceAPI_MemberToken}/{LanguageCode}?groupID={GroupID}","getstyles","","not-applicable","not-implemented","","","not-applicable","non exécuté par Parigo","Aucun appel de production Parigo pour cette variante; contrôle documentaire statique seulement."
"Public API","Public API > Accessing Metadata > Albums","Get Albums By Label/Library","GET","{HM_ServiceAPI_URL}/getalbums/{HM_ServiceAPI_MemberToken}/{LibraryID}","getalbums","","not-applicable","not-implemented","","","not-applicable","non exécuté par Parigo","Aucun appel de production Parigo pour cette variante; contrôle documentaire statique seulement."
"Public API","Public API > Accessing Metadata > Albums","Get Albums By Label/Library (Include Inactive)","GET","{HM_ServiceAPI_URL}/getalbums/{HM_ServiceAPI_MemberToken}/{LibraryID}/includeinactive","getalbums","","not-applicable","not-implemented","","","not-applicable","non exécuté par Parigo","Aucun appel de production Parigo pour cette variante; contrôle documentaire statique seulement."
"Public API","Public API > Accessing Metadata > Albums","Get Albums By Style","POST","{HM_ServiceAPI_URL}/getalbumsbystyles/{HM_ServiceAPI_MemberToken}","getalbumsbystyles","style, style[].id, mainOnly","valid","not-implemented","","","not-applicable","non exécuté par Parigo","Aucun appel de production Parigo pour cette variante; contrôle documentaire statique seulement."
"Public API","Public API > Accessing Metadata > Albums","Get Albums By Album","POST","{HM_ServiceAPI_URL}/getalbumsbyids/{HM_ServiceAPI_MemberToken}","getalbumsbyids","albumid, albumid[].id","valid","not-implemented","","","not-applicable","non exécuté par Parigo","Aucun appel de production Parigo pour cette variante; contrôle documentaire statique seulement."
"Public API","Public API > Accessing Metadata > Albums","Get Featured Albums","GET","{HM_ServiceAPI_URL}/getfeaturedalbums/{HM_ServiceAPI_MemberToken}/{Top}?returntrackcount={returnTrackCount}&mainonly={mainOnly}&sort={sortorder}","getfeaturedalbums","","not-applicable","implemented","src/lib/harvest/catalog.ts:323","aucun body; paramètres dans l'URL","conforme","exécuté en live avec succès, ou mutation réversible confirmée par relecture puis nettoyage","Méthode, chemin, type de jeton et paramètres/payload conformes au contrat publié pour la variante utilisée."
"Public API","Public API > Accessing Metadata > Albums","Get Latest Albums","GET","{HM_ServiceAPI_URL}/getlatestalbums/{HM_ServiceAPI_MemberToken}/{Top}","getlatestalbums","","not-applicable","not-implemented","","","not-applicable","non exécuté par Parigo","Aucun appel de production Parigo pour cette variante; contrôle documentaire statique seulement."
"Public API","Public API > Accessing Metadata > Albums","Get Album","GET","{HM_ServiceAPI_URL}/getalbum/{HM_ServiceAPI_MemberToken}/{AlbumID}?returnLibraryCodes={returnLibraryCodes}","getalbum","","not-applicable","implemented","src/lib/harvest/catalog.ts:384","aucun body; paramètres dans l'URL","conforme","exécuté en live avec succès, ou mutation réversible confirmée par relecture puis nettoyage","Méthode, chemin, type de jeton et paramètres/payload conformes au contrat publié pour la variante utilisée."
"Public API","Public API > Accessing Metadata > Albums","Get Album Tracks","GET","{HM_ServiceAPI_URL}/getalbumtracks/{HM_ServiceAPI_MemberToken}/{AlbumID}/mainonly?skip={skip}&limit={limit}","getalbumtracks","","not-applicable","implemented","src/lib/harvest/catalog.ts:388","aucun body; paramètres dans l'URL","conforme","exécuté en live avec succès, ou mutation réversible confirmée par relecture puis nettoyage","Méthode, chemin, type de jeton et paramètres/payload conformes au contrat publié pour la variante utilisée."
"Public API","Public API > Accessing Metadata > Albums","Get Album Tracks (Include Inactive)","GET","{HM_ServiceAPI_URL}/getalbumtracks/{HM_ServiceAPI_MemberToken}/{AlbumID}/includeinactive?skip={skip}&limit={limit}","getalbumtracks","","not-applicable","not-implemented","","","not-applicable","non exécuté par Parigo","Aucun appel de production Parigo pour cette variante; contrôle documentaire statique seulement."
"Public API","Public API > Accessing Metadata > Tracks","Get Tracks","POST","{HM_ServiceAPI_URL}/gettracks/{HM_ServiceAPI_MemberToken}","gettracks","ReturnAlternateVersions, ReturnAttributes, ReturnCategories, ReturnCategoryFacet, ReturnCodes, ReturnComposers, ReturnRelatedTracks, ReturnRightHolders, GetMainVersionFromAlternate, CuesheetOnlyCodesAndAttribute, ReturnInactiveTracks, ReturnRegionOnlyTracks, Offset, Limit, track","valid","implemented","src/lib/harvest/catalog.ts:294 | src/lib/harvest/catalog.ts:295","ReturnAlternateVersions, ReturnAttributes, ReturnCategories, ReturnCategoryFacet, ReturnCodes, ReturnComposers, ReturnRelatedTracks, ReturnRightHolders, GetMainVersionFromAlternate, CuesheetOnlyCodesAndAttribute, ReturnInactiveTracks, ReturnRegionOnlyTracks, Offset, Limit, track[]","conforme","exécuté en live avec succès, ou mutation réversible confirmée par relecture puis nettoyage","Méthode, chemin, type de jeton et paramètres/payload conformes au contrat publié pour la variante utilisée."
"Public API","Public API > Accessing Metadata > Tracks","Get Top Tracks","POST","{HM_ServiceAPI_URL}/gettoptracks/{HM_ServiceAPI_MemberToken}","gettoptracks","","invalid","not-implemented","","","not-applicable","non exécuté par Parigo","Aucun appel de production Parigo pour cette variante; contrôle documentaire statique seulement."
"Public API","Public API > Accessing Metadata > Categories","Get Categories","GET","{HM_ServiceAPI_URL}/getcategories/{HM_ServiceAPI_MemberToken}/hasactivetrackonly?languagecode={LanguageCode}","getcategories","","not-applicable","implemented","src/lib/harvest/catalog.ts:566","aucun body; paramètres dans l'URL","conforme","exécuté en live avec succès, ou mutation réversible confirmée par relecture puis nettoyage","Méthode, chemin, type de jeton et paramètres/payload conformes au contrat publié pour la variante utilisée."
"Public API","Public API > Accessing Metadata > Right Holders","Get Rightholders By Track","GET","{HM_ServiceAPI_URL}/getrightholders/{HM_ServiceAPI_MemberToken}/{TrackID}","getrightholders","","not-applicable","implemented","src/lib/harvest/activity.ts:1054 | src/lib/harvest/activity.ts:1057","aucun body; paramètres dans l'URL","conforme","exécuté en live avec succès, ou mutation réversible confirmée par relecture puis nettoyage","Méthode, chemin, type de jeton et paramètres/payload conformes au contrat publié pour la variante utilisée."
"Public API","Public API > Accessing Metadata > Featured Playlist Categories & Playlists > Playlist Categories","Get Featured Playlist Categories","GET","{HM_ServiceAPI_URL}/getfeaturedplaylistcategories/{HM_ServiceAPI_MemberToken}?returnplaylistcount={HM_ServiceAPI_ShowCounts}&skip={HM_ServiceAPI_Skip}&limit={HM_ServiceAPI_Limit}&sort={HM_ServiceAPI_PlaylistSortOrder}","getfeaturedplaylistcategories","","not-applicable","not-implemented","","","not-applicable","non exécuté par Parigo","Aucun appel de production Parigo pour cette variante; contrôle documentaire statique seulement."
"Public API","Public API > Accessing Metadata > Featured Playlist Categories & Playlists > Playlist Categories","Get Featured Playlist Categories & Playlists","GET","{HM_ServiceAPI_URL}/getfeaturedplaylistcategoriesandplaylists/{HM_ServiceAPI_MemberToken}?returnplaylistcount={HM_ServiceAPI_ShowCounts}&returntrackcount={HM_ServiceAPI_ShowCounts}&returnrootobjectsonly={HM_ServiceAPI_ShowCounts}&playlistcategoryid={HM_ServiceAPI_NewMemberPlaylistCategoryID}&skip={HM_ServiceAPI_Skip}&limit={HM_ServiceAPI_Limit}&sort={HM_ServiceAPI_PlaylistSortOrder}","getfeaturedplaylistcategoriesandplaylists","","not-applicable","not-implemented","","","not-applicable","non exécuté par Parigo","Aucun appel de production Parigo pour cette variante; contrôle documentaire statique seulement."
"Public API","Public API > Accessing Metadata > Featured Playlist Categories & Playlists > Playlists","Get Featured Playlists","GET","{HM_ServiceAPI_URL}/getfeaturedplaylistsplaylistonly/{HM_ServiceAPI_MemberToken}?showtrackcount={ShowTrackCount}&skip={Skip}&limit={Limit}&languagecode={LanguageCode}&style={StyleID}","getfeaturedplaylistsplaylistonly","","not-applicable","implemented","src/lib/harvest/catalog.ts:504","aucun body; paramètres dans l'URL","conforme","exécuté en live avec succès, ou mutation réversible confirmée par relecture puis nettoyage","Méthode, chemin, type de jeton et paramètres/payload conformes au contrat publié pour la variante utilisée."
"Public API","Public API > Accessing Metadata > Featured Playlist Categories & Playlists > Playlists","Get Featured Playlist","POST","{HM_ServiceAPI_URL}/getfeaturedplaylistandtracks/{HM_ServiceAPI_MemberToken}/{PlaylistID}","getfeaturedplaylistandtracks","ReturnTracks, ReturnAlbums, ReturnLibraries, AllowInactive, LanguageCode, OrderBy","valid","implemented","src/lib/harvest/catalog.ts:524","{} (POST vide; les options documentées ne sont pas envoyées)","compatible-confirme","payload officiel et payload Parigo {} exécutés en POST: HTTP 200 dans les deux cas","La méthode POST est correcte; Parigo envoie {} au lieu des six options de l'exemple officiel, forme également acceptée en live."
"Public API","Public API > Accessing Metadata > Featured Playlist Categories & Playlists > Playlists","Search Featured Playlist Tracks","POST","{HM_ServiceAPI_URL}/searchfeaturedplaylisttracks/{HM_ServiceAPI_MemberToken}/{HM_ServiceAPI_FeaturedPlaylistID}","searchfeaturedplaylisttracks","Keyword, Fields, ReturnTrackCount, Skip, Limit, OrderBy","valid","not-implemented","","","not-applicable","non exécuté par Parigo","Aucun appel de production Parigo pour cette variante; contrôle documentaire statique seulement."
"Public API","Public API > Accessing Metadata > Shared Playlists","Get Shared Playlist","GET","{HM_ServiceAPI_URL}/getsharedplaylistwithmembertoken/{HM_ServiceAPI_MemberToken}/{PlaylistID}?Skip={Skip}&Limit={Limit}","getsharedplaylistwithmembertoken","","not-applicable","not-implemented","","","not-applicable","non exécuté par Parigo","Aucun appel de production Parigo pour cette variante; contrôle documentaire statique seulement."
"Public API","Public API > Accessing Metadata > Cuesheets > Generate Cuesheet By Library","Get Generated Cuesheet By ID","POST","{HM_ServiceAPI_URL}/getcuesheet/{HM_ServiceAPI_MemberToken}?filename={Filename}","getcuesheet","track","valid","implemented","src/lib/harvest/activity.ts:1387","track[]","conforme","exécuté en live avec succès, ou mutation réversible confirmée par relecture puis nettoyage","Méthode, chemin, type de jeton et paramètres/payload conformes au contrat publié pour la variante utilisée."
"Public API","Public API > Accessing Metadata > Cuesheets > Generate Cuesheet By EDL Matching","Get EDL File Upload URL","POST","{HM_ServiceAPI_URL}/getpresigneduploadurl/{HM_ServiceAPI_MemberToken}","getpresigneduploadurl","AssetType, FileName, ContentType, ExpiresInSeconds, ObjectId","valid","not-implemented","","","not-applicable","non exécuté par Parigo","Aucun appel de production Parigo pour cette variante; contrôle documentaire statique seulement."
"Public API","Public API > Accessing Metadata > Cuesheets > Generate Cuesheet By EDL Matching","Confirm EDL File Upload Complete","POST","{HM_ServiceAPI_URL}/confirmpresignedupload/{HM_ServiceAPI_MemberToken}","confirmpresignedupload","AssetType, FileName, ContentType, FileUrl","valid","not-implemented","","","not-applicable","non exécuté par Parigo","Aucun appel de production Parigo pour cette variante; contrôle documentaire statique seulement."
"Public API","Public API > Accessing Metadata > Cuesheets > Generate Cuesheet By EDL Matching","Get Cuesheet Matches","POST","{HM_ServiceAPI_URL}/getcuesheetmatch/{HM_ServiceAPI_MemberToken}","getcuesheetmatch","CuesheetID, OutputEmail, OutputFileName","valid","not-implemented","","","not-applicable","non exécuté par Parigo","Aucun appel de production Parigo pour cette variante; contrôle documentaire statique seulement."
"Public API","Public API > Searching Metadata > Search","Search","POST","{HM_ServiceAPI_URL}/cloudsearch/{HM_ServiceAPI_MemberToken}","cloudsearch","Session, SaveSearchHistory, SearchFilters, SearchFilters.SearchType, SearchFilters.IncludeInactive, SearchFilters.MainOnly, SearchFilters.AlternateOnly, SearchFilters.FeaturedLibrariesOnly, SearchFilters.HasStems, SearchFilters.HasLyrics, SearchFilters.ExplicitOnly, SearchFilters.NearestBPM, SearchFilters.NearestDuration, SearchFilters.NearestAlternate, SearchFilters.ParentSearchHistoryID, SearchFilters.GeneratePlaylist, SearchFilters.SearchTermBundle, SearchFilters.SearchTermBundle.St_Keyword_Aggregated, SearchFilters.SearchTermBundle.St_Keyword_Aggregated.ExactPhrase, SearchFilters.SearchTermBundle.St_Keyword_Aggregated.Wildcard, SearchFilters.SearchTermBundle.St_Keyword_Aggregated.DisableKeywordGroup, SearchFilters.SearchTermBundle.St_Keyword_Aggregated.OrOperation, SearchFilters.SearchTermBundle.St_Keyword_Aggregated.Keywords, SearchFilters.SearchTermBundle.St_Keyword_Aggregated.Negative, SearchFilters.ResultView, SearchFilters.ResultView.View, SearchFilters.ResultView.View_Style_Album_Count, SearchFilters.ResultView.View_Style_Playlist_Count, SearchFilters.ResultView.Sort_Predefined, SearchFilters.ResultView.RankExpression, SearchFilters.ResultView.Skip, SearchFilters.ResultView.Limit, SearchFilters.ResultView.Facet_LibraryGroup, SearchFilters.ResultView.Facet_LibraryGroupSkip, SearchFilters.ResultView.Facet_LibraryGroupLimit, SearchFilters.ResultView.Facet_Library, SearchFilters.ResultView.Facet_LibrarySkip, SearchFilters.ResultView.Facet_LibraryLimit, SearchFilters.ResultView.Facet_Album, SearchFilters.ResultView.Facet_AlbumSkip, SearchFilters.ResultView.Facet_AlbumLimit, SearchFilters.ResultView.Facet_Style, SearchFilters.ResultView.Facet_StyleSkip, SearchFilters.ResultView.Facet_StyleLimit, SearchFilters.ResultView.Facet_Category, SearchFilters.ResultView.Facet_CategorySkip, SearchFilters.ResultView.Facet_CategoryLimit, SearchFilters.ResultView.Facet_Composer, SearchFilters.ResultView.Facet_ComposerSkip, SearchFilters.ResultView.Facet_ComposerLimit, SearchFilters.ResultView.Facet_BPM, SearchFilters.ResultView.Facet_Duration, SearchFilters.ResultView.Facet_ReleaseYear","valid","implemented","src/lib/harvest/catalog.ts:244 | src/lib/harvest/catalog.ts:245","SaveSearchHistory, RegionID, SearchFilters{SearchType, LibraryType, IncludeInactive, MainOnly, AlternateOnly, Nearest*, TranslateKeyword, ParentSearchHistoryID, PreviousSearchTermBundles?, SearchTermBundle, ResultView}","conforme-sous-ensemble","exécuté en live avec succès, ou mutation réversible confirmée par relecture puis nettoyage","Structure documentée; champs optionnels adaptés au besoin Parigo; variantes live validées."
"Public API","Public API > Searching Metadata > Search","Predictive Search","POST","{HM_ServiceAPI_URL}/autocomplete/{HM_ServiceAPI_MemberToken}","autocomplete","Keyword, Wildcard, ReturnTracks, ReturnTracks_MainOnly, ReturnTracks_Fields, ReturnTracks_Limit, ReturnTracks_Order, ReturnTracks_DisableKeywordGroup, ReturnTracks_Rank, ReturnAlbums, ReturnAlbums_Fields, ReturnAlbums_Limit, ReturnAlbums_Order, ReturnAlbums_DisableKeywordGroup, ReturnLibraries, ReturnLibraries_Fields, ReturnLibraries_Limit, ReturnLibraries_DisableKeywordGroup, ReturnStyles, ReturnStyles_Limit, ReturnStyles_Order, ReturnStyles_DisableKeywordGroup, ReturnCategoryAttributes, ReturnCategoryAttributes_Limit, ReturnCategoryAttributes_ShowOnPlayerOnly, ReturnCategoryAttributes_IncludeCategory, ReturnCategoryAttributes_Order, ReturnCategoryAttributes_DisableKeywordGroup, ReturnRightHolders, ReturnRightHolders_Fields, ReturnRightHolders_Limit, ReturnRightHolders_DisableKeywordGroup, RightHolderTypes, ReturnLyrics, ReturnLyrics_Limit, ReturnLyrics_MainOnly, ReturnLyrics_DisableKeywordGroup, ReturnKeywords, ReturnKeywordsMaxSize, ReturnKeywordsForMatch, ReturnKeywordsForMatch_Fields, ReturnKeywordsForMatch_HideWhenSearchTerm, ReturnKeywordsDisableKeywordGroup, ReturnFeaturedPlaylists, ReturnFeaturedPlaylist_Fields, ReturnFeaturedPlaylists_Limit, ReturnFeaturedPlaylist_Order, ReturnFeaturedPlaylists_DisableKeywordGroup","valid","implemented","src/app/api/autocomplete/route.ts:4 | src/app/api/autocomplete/route.ts:13 | src/lib/api-client.ts:314","Keyword, LibraryType et drapeaux ReturnTracks/Albums/Libraries/Styles/CategoryAttributes/RightHolders/Lyrics/Keywords/FeaturedPlaylists avec champs, limites et tris","conforme-sous-ensemble","exécuté en live avec succès, ou mutation réversible confirmée par relecture puis nettoyage","Structure documentée; options non utilisées omises; live 200."
"Public API","Public API > Searching Metadata > Search Similar > AIMS > Similarity (By TrackID)","Search Similar Tracks (By TrackID)","POST","{HM_ServiceAPI_URL}/cloudsearch/{HM_ServiceAPI_MemberToken}","cloudsearch","SearchFilters, SearchFilters.SearchTermBundle, SearchFilters.SearchTermBundle.St_Audio, SearchFilters.SearchTermBundle.St_Audio.Audio, SearchFilters.SearchTermBundle.St_Audio.Audio[].TrackID, SearchFilters.SearchTermBundle.St_Audio.Start, SearchFilters.SearchTermBundle.St_Audio.Duration, SearchFilters.ResultView, SearchFilters.ResultView.Sort_Predefined, SearchFilters.ResultView.Evoke_IncludeSeed, SearchFilters.ResultView.Evoke_PrioritizeBPM, SearchFilters.ResultView.Evoke_SuppressVocals, SearchFilters.ResultView.Limit","valid","not-implemented","","","not-applicable","non exécuté par Parigo","Aucun appel de production Parigo pour cette variante; contrôle documentaire statique seulement."
"Public API","Public API > Searching Metadata > Search Similar > AIMS > Similarity (By Audio File Upload)","Get Audio File Upload URL","POST","{HM_ServiceAPI_URL}/getpresigneduploadurl/{HM_ServiceAPI_MemberToken}","getpresigneduploadurl","AssetType, FileName, ContentType, ExpiresInSeconds, ObjectId","valid","not-implemented","","","not-applicable","non exécuté par Parigo","Aucun appel de production Parigo pour cette variante; contrôle documentaire statique seulement."
"Public API","Public API > Searching Metadata > Search Similar > AIMS > Similarity (By Audio File Upload)","Confirm Audio File Upload Complete","POST","{HM_ServiceAPI_URL}/confirmpresignedupload/{HM_ServiceAPI_MemberToken}","confirmpresignedupload","AssetType, FileName, ReturnWaveformDatapoints, ReturnWaveformDatapointsUrl, ObjectId","valid","not-implemented","","","not-applicable","non exécuté par Parigo","Aucun appel de production Parigo pour cette variante; contrôle documentaire statique seulement."
"Public API","Public API > Searching Metadata > Search Similar > AIMS > Similarity (By Audio File Upload)","Search Similar Tracks (By Audio File Upload)","POST","{HM_ServiceAPI_URL}/cloudsearch/{HM_ServiceAPI_MemberToken}","cloudsearch","SearchFilters, SearchFilters.SearchTermBundle, SearchFilters.SearchTermBundle.St_Audio, SearchFilters.SearchTermBundle.St_Audio.Audio, SearchFilters.SearchTermBundle.St_Audio.Audio[].Url, SearchFilters.SearchTermBundle.St_Audio.Audio[].Type, SearchFilters.SearchTermBundle.St_Audio.Audio[].Start, SearchFilters.SearchTermBundle.St_Audio.Audio[].Duration, SearchFilters.ResultView, SearchFilters.ResultView.Sort_Predefined, SearchFilters.ResultView.Evoke_IncludeSeed, SearchFilters.ResultView.Evoke_PrioritizeBPM, SearchFilters.ResultView.Evoke_SuppressVocals, SearchFilters.ResultView.Limit","valid","not-implemented","","","not-applicable","non exécuté par Parigo","Aucun appel de production Parigo pour cette variante; contrôle documentaire statique seulement."
"Public API","Public API > Searching Metadata > Search Similar > AIMS > Similarity (By URL)","Get External Audio File","POST","{HM_ServiceAPI_URL}/getexternalaudiobyurl/{HM_ServiceAPI_MemberToken}","getexternalaudiobyurl","Url, Type, ReturnWaveformDataPoints, ReturnWaveformDataPointsUrl","valid","not-implemented","","","not-applicable","non exécuté par Parigo","Aucun appel de production Parigo pour cette variante; contrôle documentaire statique seulement."
"Public API","Public API > Searching Metadata > Search Similar > AIMS > Similarity (By URL)","Search Similar Tracks (By URL)","POST","{HM_ServiceAPI_URL}/cloudsearch/{HM_ServiceAPI_MemberToken}","cloudsearch","SearchFilters, SearchFilters.SearchTermBundle, SearchFilters.SearchTermBundle.St_Audio, SearchFilters.SearchTermBundle.St_Audio.Audio, SearchFilters.SearchTermBundle.St_Audio.Audio[].Url, SearchFilters.SearchTermBundle.St_Audio.Audio[].Type, SearchFilters.SearchTermBundle.St_Audio.Audio[].Start, SearchFilters.SearchTermBundle.St_Audio.Audio[].Duration, SearchFilters.ResultView, SearchFilters.ResultView.Sort_Predefined, SearchFilters.ResultView.Evoke_IncludeSeed, SearchFilters.ResultView.Evoke_PrioritizeBPM, SearchFilters.ResultView.Evoke_SuppressVocals, SearchFilters.ResultView.Limit","valid","not-implemented","","","not-applicable","non exécuté par Parigo","Aucun appel de production Parigo pour cette variante; contrôle documentaire statique seulement."
"Public API","Public API > Searching Metadata > Search Similar > AIMS > Similarity (By Prompt)","Search Similar Tracks (By Prompt)","POST","{HM_ServiceAPI_URL}/cloudsearch/{HM_ServiceAPI_MemberToken}","cloudsearch","SearchFilters, SearchFilters.SearchTermBundle, SearchFilters.SearchTermBundle.St_Audio, SearchFilters.SearchTermBundle.St_Audio.Audio, SearchFilters.SearchTermBundle.St_Audio.Audio[].Prompt, SearchFilters.SearchTermBundle.St_Audio.Start, SearchFilters.SearchTermBundle.St_Audio.Duration, SearchFilters.ResultView, SearchFilters.ResultView.Sort_Predefined, SearchFilters.ResultView.Evoke_IncludeSeed, SearchFilters.ResultView.Evoke_PrioritizeBPM, SearchFilters.ResultView.Evoke_SuppressVocals, SearchFilters.ResultView.Skip, SearchFilters.ResultView.Limit","valid","not-implemented","","","not-applicable","non exécuté par Parigo","Aucun appel de production Parigo pour cette variante; contrôle documentaire statique seulement."
"Public API","Public API > Searching Metadata > Search Similar > CYANITE > Similarity (By TrackID)","Search Similar Tracks (By TrackID)","POST","{HM_ServiceAPI_URL}/cloudsearch/{HM_ServiceAPI_MemberToken}","cloudsearch","SearchFilters, SearchFilters.SearchTermBundle, SearchFilters.SearchTermBundle.St_Audio, SearchFilters.SearchTermBundle.St_Audio.Audio, SearchFilters.SearchTermBundle.St_Audio.Audio[].TrackID, SearchFilters.SearchTermBundle.St_Audio.Start, SearchFilters.SearchTermBundle.St_Audio.Duration, SearchFilters.ResultView, SearchFilters.ResultView.Sort_Predefined, SearchFilters.ResultView.Limit","valid","not-implemented","","","not-applicable","non exécuté par Parigo","Aucun appel de production Parigo pour cette variante; contrôle documentaire statique seulement."
"Public API","Public API > Searching Metadata > Search Similar > CYANITE > Similarity (By Uploaded Audio File)","Get Audio File Upload URL","POST","{HM_ServiceAPI_URL}/getpresigneduploadurl/{HM_ServiceAPI_MemberToken}","getpresigneduploadurl","AssetType, FileName, ContentType, ExpiresInSeconds, ObjectId","valid","not-implemented","","","not-applicable","non exécuté par Parigo","Aucun appel de production Parigo pour cette variante; contrôle documentaire statique seulement."
"Public API","Public API > Searching Metadata > Search Similar > CYANITE > Similarity (By Uploaded Audio File)","Confirm Audio File Upload Complete","POST","{HM_ServiceAPI_URL}/confirmpresignedupload/{HM_ServiceAPI_MemberToken}","confirmpresignedupload","AssetType, FileName, ReturnWaveformDatapoints, ReturnWaveformDatapointsUrl, ObjectId","valid","not-implemented","","","not-applicable","non exécuté par Parigo","Aucun appel de production Parigo pour cette variante; contrôle documentaire statique seulement."
"Public API","Public API > Searching Metadata > Search Similar > CYANITE > Similarity (By Uploaded Audio File)","Get External Audio File Ingestion Status","POST","{HM_ServiceAPI_URL}/getexternalaudiostatus/{HM_ServiceAPI_MemberToken}","getexternalaudiostatus","ExternalID","valid","not-implemented","","","not-applicable","non exécuté par Parigo","Aucun appel de production Parigo pour cette variante; contrôle documentaire statique seulement."
"Public API","Public API > Searching Metadata > Search Similar > CYANITE > Similarity (By Uploaded Audio File)","Search Similar Tracks (By Audio File Upload)","POST","{HM_ServiceAPI_URL}/cloudsearch/{HM_ServiceAPI_MemberToken}","cloudsearch","SearchFilters, SearchFilters.SearchTermBundle, SearchFilters.SearchTermBundle.St_Audio, SearchFilters.SearchTermBundle.St_Audio.Audio, SearchFilters.SearchTermBundle.St_Audio.Audio[].Url, SearchFilters.SearchTermBundle.St_Audio.Audio[].Type, SearchFilters.SearchTermBundle.St_Audio.Start, SearchFilters.SearchTermBundle.St_Audio.Duration, SearchFilters.ResultView, SearchFilters.ResultView.Sort_Predefined, SearchFilters.ResultView.Limit","valid","not-implemented","","","not-applicable","non exécuté par Parigo","Aucun appel de production Parigo pour cette variante; contrôle documentaire statique seulement."
"Public API","Public API > Searching Metadata > Search Similar > CYANITE > Similarity (By URL)","Get External Audio File Ingestion Status","POST","{HM_ServiceAPI_URL}/getexternalaudiostatus/{HM_ServiceAPI_MemberToken}","getexternalaudiostatus","ExternalID, ExternalType","valid","not-implemented","","","not-applicable","non exécuté par Parigo","Aucun appel de production Parigo pour cette variante; contrôle documentaire statique seulement."
"Public API","Public API > Searching Metadata > Search Similar > CYANITE > Similarity (By URL)","Search Similar Tracks (By URL)","POST","{HM_ServiceAPI_URL}/cloudsearch/{HM_ServiceAPI_MemberToken}","cloudsearch","SearchFilters, SearchFilters.SearchTermBundle, SearchFilters.SearchTermBundle.St_Audio, SearchFilters.SearchTermBundle.St_Audio.Audio, SearchFilters.SearchTermBundle.St_Audio.Audio[].Url, SearchFilters.SearchTermBundle.St_Audio.Audio[].Type, SearchFilters.ResultView, SearchFilters.ResultView.Sort_Predefined, SearchFilters.ResultView.Limit","valid","not-implemented","","","not-applicable","non exécuté par Parigo","Aucun appel de production Parigo pour cette variante; contrôle documentaire statique seulement."
"Public API","Public API > Searching Metadata > Search Similar > CYANITE > Similarity (By Free Text)","Search Similar Tracks (By Free Text)","POST","{HM_ServiceAPI_URL}/cloudsearch/{HM_ServiceAPI_MemberToken}","cloudsearch","SearchFilters, SearchFilters.SearchTermBundle, SearchFilters.SearchTermBundle.St_Audio, SearchFilters.SearchTermBundle.St_Audio.Audio, SearchFilters.SearchTermBundle.St_Audio.Audio[].Prompt, SearchFilters.SearchTermBundle.St_Audio.Start, SearchFilters.SearchTermBundle.St_Audio.Duration, SearchFilters.ResultView, SearchFilters.ResultView.Sort_Predefined, SearchFilters.ResultView.Evoke_IncludeSeed, SearchFilters.ResultView.Evoke_PrioritizeBPM, SearchFilters.ResultView.Evoke_SuppressVocals, SearchFilters.ResultView.Skip, SearchFilters.ResultView.Limit","valid","not-implemented","","","not-applicable","non exécuté par Parigo","Aucun appel de production Parigo pour cette variante; contrôle documentaire statique seulement."
"Public API","Public API > Searching Metadata > Search Similar > HARMIX > Similarity (By Track ID)","Search Similar Tracks (By TrackID)","POST","{HM_ServiceAPI_URL}/cloudsearch/{HM_ServiceAPI_MemberToken}","cloudsearch","SearchFilters, SearchFilters.SearchTermBundle, SearchFilters.SearchTermBundle.St_Audio, SearchFilters.SearchTermBundle.St_Audio.Audio, SearchFilters.SearchTermBundle.St_Audio.Audio[].TrackID, SearchFilters.SearchTermBundle.St_Audio.Start, SearchFilters.SearchTermBundle.St_Audio.Duration, SearchFilters.ResultView, SearchFilters.ResultView.Sort_Predefined, SearchFilters.ResultView.Evoke_IncludeSeed, SearchFilters.ResultView.Evoke_PrioritizeBPM, SearchFilters.ResultView.Evoke_SuppressVocals, SearchFilters.ResultView.Skip, SearchFilters.ResultView.Limit","valid","not-implemented","","","not-applicable","non exécuté par Parigo","Aucun appel de production Parigo pour cette variante; contrôle documentaire statique seulement."
"Public API","Public API > Searching Metadata > Search Similar > HARMIX > Similarity (By Audio File Upload)","Get Audio File Upload URL","POST","{HM_ServiceAPI_URL}/getpresigneduploadurl/{HM_ServiceAPI_MemberToken}","getpresigneduploadurl","AssetType, FileName, ContentType, ExpiresInSeconds, ObjectId","valid","not-implemented","","","not-applicable","non exécuté par Parigo","Aucun appel de production Parigo pour cette variante; contrôle documentaire statique seulement."
"Public API","Public API > Searching Metadata > Search Similar > HARMIX > Similarity (By Audio File Upload)","Confirm Audio File Upload Complete","POST","{HM_ServiceAPI_URL}/confirmpresignedupload/{HM_ServiceAPI_MemberToken}","confirmpresignedupload","AssetType, FileName, ReturnWaveformDatapoints, ReturnWaveformDatapointsUrl, ObjectId","valid","not-implemented","","","not-applicable","non exécuté par Parigo","Aucun appel de production Parigo pour cette variante; contrôle documentaire statique seulement."
"Public API","Public API > Searching Metadata > Search Similar > HARMIX > Similarity (By Audio File Upload)","Search Similar Tracks (By Audio File Upload)","POST","{HM_ServiceAPI_URL}/cloudsearch/{HM_ServiceAPI_MemberToken}","cloudsearch","SearchFilters, SearchFilters.SearchTermBundle, SearchFilters.SearchTermBundle.St_Audio, SearchFilters.SearchTermBundle.St_Audio.Audio, SearchFilters.SearchTermBundle.St_Audio.Audio[].Url, SearchFilters.SearchTermBundle.St_Audio.Audio[].Type, SearchFilters.SearchTermBundle.St_Audio.Audio[].Start, SearchFilters.SearchTermBundle.St_Audio.Audio[].Duration, SearchFilters.ResultView, SearchFilters.ResultView.Sort_Predefined, SearchFilters.ResultView.Evoke_IncludeSeed, SearchFilters.ResultView.Evoke_PrioritizeBPM, SearchFilters.ResultView.Evoke_SuppressVocals, SearchFilters.ResultView.Skip, SearchFilters.ResultView.Limit","valid","not-implemented","","","not-applicable","non exécuté par Parigo","Aucun appel de production Parigo pour cette variante; contrôle documentaire statique seulement."
"Public API","Public API > Searching Metadata > Search Similar > HARMIX > Similarity (By URL)","Get External Audio File","POST","{HM_ServiceAPI_URL}/getexternalaudiobyurl/{HM_ServiceAPI_MemberToken}","getexternalaudiobyurl","Url, Type, ReturnWaveformDataPoints, ReturnWaveformDataPointsUrl","valid","not-implemented","","","not-applicable","non exécuté par Parigo","Aucun appel de production Parigo pour cette variante; contrôle documentaire statique seulement."
"Public API","Public API > Searching Metadata > Search Similar > HARMIX > Similarity (By URL)","Search Similar Tracks (By URL)","POST","{HM_ServiceAPI_URL}/cloudsearch/{HM_ServiceAPI_MemberToken}","cloudsearch","SearchFilters, SearchFilters.SearchTermBundle, SearchFilters.SearchTermBundle.St_Audio, SearchFilters.SearchTermBundle.St_Audio.Audio, SearchFilters.SearchTermBundle.St_Audio.Audio[].Url, SearchFilters.SearchTermBundle.St_Audio.Audio[].Type, SearchFilters.SearchTermBundle.St_Audio.Audio[].Start, SearchFilters.SearchTermBundle.St_Audio.Audio[].Duration, SearchFilters.ResultView, SearchFilters.ResultView.Sort_Predefined, SearchFilters.ResultView.Evoke_IncludeSeed, SearchFilters.ResultView.Evoke_PrioritizeBPM, SearchFilters.ResultView.Evoke_SuppressVocals, SearchFilters.ResultView.Limit","valid","not-implemented","","","not-applicable","non exécuté par Parigo","Aucun appel de production Parigo pour cette variante; contrôle documentaire statique seulement."
"Public API","Public API > Searching Metadata > Search Similar > HARMIX > Similarity (By Prompt)","Search Similar Tracks (By Prompt)","POST","{HM_ServiceAPI_URL}/cloudsearch/{HM_ServiceAPI_MemberToken}","cloudsearch","SearchFilters, SearchFilters.SearchTermBundle, SearchFilters.SearchTermBundle.St_Audio, SearchFilters.SearchTermBundle.St_Audio.Audio, SearchFilters.SearchTermBundle.St_Audio.Audio[].Prompt, SearchFilters.SearchTermBundle.St_Audio.Start, SearchFilters.SearchTermBundle.St_Audio.Duration, SearchFilters.ResultView, SearchFilters.ResultView.Sort_Predefined, SearchFilters.ResultView.Evoke_IncludeSeed, SearchFilters.ResultView.Evoke_PrioritizeBPM, SearchFilters.ResultView.Evoke_SuppressVocals, SearchFilters.ResultView.Skip, SearchFilters.ResultView.Limit","valid","not-implemented","","","not-applicable","non exécuté par Parigo","Aucun appel de production Parigo pour cette variante; contrôle documentaire statique seulement."
"Public API","Public API > Member Management > Registration","Register Member","POST","{HM_ServiceAPI_URL}/registermember/{HM_ServiceAPI_Token}","registermember","MemberAccount, MemberAccount.FirstName, MemberAccount.LastName, MemberAccount.Email, MemberAccount.Company, MemberAccount.Production, MemberAccount.SubProduction, MemberAccount.Position, MemberAccount.Address1, MemberAccount.Address2, MemberAccount.Suburb, MemberAccount.State, MemberAccount.Postcode, MemberAccount.Country, MemberAccount.Phone, MemberAccount.Username, MemberAccount.Password, MemberAccount.TermsAccept, MemberAccount.PrivacyAccept, MemberAccount.Subscribe, MemberAccount.FileFormat, MemberAccount.SearchFormat, MemberAccount.SearchSort, MemberAccount.Attributes, MemberAccount.ExternalMemberID, MemberAccount.ExternalVerifyToken, MemberAccount.Freelancer, MemberAccount.PositionType, NoMemberEmail, VerifierEmail, RegistrationCode","valid","implemented","src/lib/harvest/member.ts:225","MemberAccount{Username, Email, Password, FirstName, LastName, Company, Country, Production, SubProduction, Position, Address1, Address2, Suburb, State, Postcode, Phone, FileFormat, SearchFormat, SearchSort, TermsAccept, PrivacyAccept, Subscribe, Attributes, ExternalMemberID, ExternalVerifyToken}, NoMemberEmail, VerifierEmail, RegistrationCode","conforme","non exécuté: créerait un compte et peut envoyer des e-mails","Méthode, chemin, type de jeton et paramètres/payload conformes au contrat publié pour la variante utilisée."
"Public API","Public API > Member Management > Registration","Validate Username","POST","{HM_ServiceAPI_URL}/validateusername/{HM_ServiceAPI_Token}","validateusername","Username, VerifyEmail","valid","implemented","src/lib/harvest/member.ts:216","Username, VerifyEmail","conforme","exécuté en live avec succès, ou mutation réversible confirmée par relecture puis nettoyage","Méthode, chemin, type de jeton et paramètres/payload conformes au contrat publié pour la variante utilisée."
"Public API","Public API > Member Management > Registration","Validate Email","POST","{HM_ServiceAPI_URL}/validatememberemail/{HM_ServiceAPI_Token}","validatememberemail","Email","valid","implemented","src/lib/harvest/member.ts:220","Email","conforme","exécuté en live avec succès, ou mutation réversible confirmée par relecture puis nettoyage","Méthode, chemin, type de jeton et paramètres/payload conformes au contrat publié pour la variante utilisée."
"Public API","Public API > Member Management > Verification","Send Verify Member Link Email","POST","{HM_ServiceAPI_URL}/sendmemberverifylinkemail/{HM_ServiceAPI_Token}","sendmemberverifylinkemail","Email, ExternalVerifyToken","valid","implemented","src/lib/harvest/member.ts:238","Email, ExternalVerifyToken","conforme","non exécuté: envoi d'e-mail réel","Méthode, chemin, type de jeton et paramètres/payload conformes au contrat publié pour la variante utilisée."
"Public API","Public API > Member Management > Verification","Validate Verify Member Token","GET","{HM_ServiceAPI_URL}/validateverifymembertoken/{HM_ServiceAPI_Token}/{VerifyMemberToken}","validateverifymembertoken","","empty","implemented","src/app/api/auth/verify/route.ts:11 | src/app/api/auth/verify/route.ts:21","aucun body; paramètres dans l'URL","conforme","contrat d'erreur testé; aucun token de vérification valide disponible","Méthode, chemin, type de jeton et paramètres/payload conformes au contrat publié pour la variante utilisée."
"Public API","Public API > Member Management > Verification","Verify Member","POST","{HM_ServiceAPI_URL}/verifymember/{HM_ServiceAPI_Token}","verifymember","Token","valid","implemented","src/app/api/auth/verify/route.ts:22","Token","conforme","non exécuté avec un token valide: changement irréversible de statut membre","Méthode, chemin, type de jeton et paramètres/payload conformes au contrat publié pour la variante utilisée."
"Public API","Public API > Member Management > Authentication","Authenticate Member & Generate Persistent Member Token","POST","{HM_ServiceAPI_URL}/getmembertoken/{HM_ServiceAPI_Token}","getmembertoken","UserName, Password, PersistentLogin, ReturnMemberDetails","valid","implemented","src/lib/harvest/member.ts:135","UserName, Password, PersistentLogin, ReturnMemberDetails","conforme-requete-reponse-divergente","exécuté en live avec succès, ou mutation réversible confirmée par relecture puis nettoyage","Requête conforme et live 200; la réponse live utilise MemberToken et PersistentLoginToken.Token, contrairement à l'exemple."
"Public API","Public API > Member Management > Authentication","Validate Member Token","GET","{HM_ServiceAPI_URL}/getservicetokeninfo/{HM_ServiceAPI_MemberToken}","getservicetokeninfo","","not-applicable","not-implemented","","","not-applicable","non exécuté par Parigo","Aucun appel de production Parigo pour cette variante; contrôle documentaire statique seulement."
"Public API","Public API > Member Management > Authentication","Expire Member Token","GET","{HM_ServiceAPI_URL}/expiretoken/{HM_ServiceAPI_MemberToken}","expiretoken","","not-applicable","implemented","src/lib/harvest/member.ts:393","aucun body; paramètres dans l'URL","conforme","exécuté en live avec succès, ou mutation réversible confirmée par relecture puis nettoyage","Méthode, chemin, type de jeton et paramètres/payload conformes au contrat publié pour la variante utilisée."
"Public API","Public API > Member Management > Authentication","Validate Persistent Member Token","POST","{HM_ServiceAPI_URL}/validatepersistentlogintoken/{HM_ServiceAPI_Token}","validatepersistentlogintoken","Token, RenewExpiry, GenerateMemberToken, ReturnMemberDetails","valid","implemented","src/lib/harvest/member.ts:173","Token, RenewExpiry, GenerateMemberToken, ReturnMemberDetails","conforme","exécuté en live avec succès, ou mutation réversible confirmée par relecture puis nettoyage","Méthode, chemin, type de jeton et paramètres/payload conformes au contrat publié pour la variante utilisée."
"Public API","Public API > Member Management > Authentication","Expire Persistent Member Token","POST","{HM_ServiceAPI_URL}/expirepersistentlogintoken/{HM_ServiceAPI_Token}","expirepersistentlogintoken","Token","valid","implemented","src/lib/harvest/member.ts:396","Token","conforme","exécuté en live avec succès, ou mutation réversible confirmée par relecture puis nettoyage","Méthode, chemin, type de jeton et paramètres/payload conformes au contrat publié pour la variante utilisée."
"Public API","Public API > Member Management > Single Sign-on","Get Single Sign-on Token","GET","{HM_ServiceAPI_URL}/getssotoken/{HM_ServiceAPI_MemberToken}","getssotoken","","not-applicable","not-implemented","","","not-applicable","non exécuté par Parigo","Aucun appel de production Parigo pour cette variante; contrôle documentaire statique seulement."
"Public API","Public API > Member Management > Single Sign-on","Validate Single Sign-on Token","POST","{HM_ServiceAPI_URL}/validatessotoken/{HM_ServiceAPI_Token}","validatessotoken","Token, GenerateMemberToken, ReturnMemberDetails","valid","not-implemented","","","not-applicable","non exécuté par Parigo","Aucun appel de production Parigo pour cette variante; contrôle documentaire statique seulement."
"Public API","Public API > Member Management > Profile","Get Member Details","GET","{HM_ServiceAPI_URL}/getmember/{HM_ServiceAPI_MemberToken}","getmember","","not-applicable","implemented","src/lib/harvest/assets.ts:75 | src/lib/harvest/member.ts:257","aucun body; paramètres dans l'URL","conforme","exécuté en live avec succès, ou mutation réversible confirmée par relecture puis nettoyage","Méthode, chemin, type de jeton et paramètres/payload conformes au contrat publié pour la variante utilisée."
"Public API","Public API > Member Management > Profile","Get Member Details (Invited)","POST","{HM_ServiceAPI_URL}/getinvitedmembertoken/{HM_ServiceAPI_Token}","getinvitedmembertoken","","non-json:xml","implemented","src/lib/harvest/activity.ts:646","Email, RegionID","conforme-via-exemple-duplique","exécuté en live avec succès, ou mutation réversible confirmée par relecture puis nettoyage","La page Profile ne publie qu'un exemple XML, mais la page Sharing publie le JSON Email/RegionID exact utilisé par Parigo; live 200."
"Public API","Public API > Member Management > Profile","Update Member Details","POST","{HM_ServiceAPI_URL}/updatemember/{HM_ServiceAPI_MemberToken}","updatemember","MemberAccount, MemberAccount.ID, MemberAccount.FirstName, MemberAccount.LastName, MemberAccount.Email, MemberAccount.Company, MemberAccount.Production, MemberAccount.SubProduction, MemberAccount.Position, MemberAccount.Address1, MemberAccount.Address2, MemberAccount.Suburb, MemberAccount.State, MemberAccount.Postcode, MemberAccount.Country, MemberAccount.Phone, MemberAccount.Username, MemberAccount.Password, MemberAccount.TermsAccept, MemberAccount.PrivacyAccept, MemberAccount.Subscribe, MemberAccount.Locked, MemberAccount.LockedType, MemberAccount.FileFormat, MemberAccount.SearchFormat, MemberAccount.SearchSort, MemberAccount.Attributes, MemberAccount.Status","valid","implemented","src/lib/harvest/member.ts:279","MemberAccount{ID, FirstName, LastName, Email, Username, Company, Country, Production, SubProduction, Position, Address1, Address2, Suburb, State, Postcode, Phone, FileFormat, Website, TermsAccept, PrivacyAccept, Subscribe, SearchFormat, SearchSort, Attributes, Status}","conforme-avec-extension","exécuté en live avec succès, ou mutation réversible confirmée par relecture puis nettoyage","Le code ajoute Website, accepté en live mais absent de l'exemple JSON publié."
"Public API","Public API > Member Management > Profile","Get Member Image Upload URL","POST","{HM_ServiceAPI_URL}/getpresigneduploadurl/{HM_ServiceAPI_MemberToken}","getpresigneduploadurl","AssetType, FileName, ContentType, ExpiresInSeconds, ObjectId","valid","implemented","src/lib/harvest/member.ts:325","AssetType=MemberProfileImage, FileName, ContentType, ExpiresInSeconds, ObjectId","conforme","exécuté en live avec succès, ou mutation réversible confirmée par relecture puis nettoyage","Méthode, chemin, type de jeton et paramètres/payload conformes au contrat publié pour la variante utilisée."
"Public API","Public API > Member Management > Profile","Confirm Member Image Upload Complete","POST","{HM_ServiceAPI_URL}/confirmpresignedupload/{HM_ServiceAPI_MemberToken}","confirmpresignedupload","AssetType, FileName, ObjectId","valid","implemented","src/lib/harvest/member.ts:362","AssetType=MemberProfileImage, FileName, ObjectId","conforme","exécuté en live avec succès, ou mutation réversible confirmée par relecture puis nettoyage","Méthode, chemin, type de jeton et paramètres/payload conformes au contrat publié pour la variante utilisée."
"Public API","Public API > Member Management > Profile","Remove Member Image","POST","{HM_ServiceAPI_URL}/removeassignedupload/{HM_ServiceAPI_MemberToken}","removeassignedupload","AssetType","valid","implemented","src/lib/harvest/member.ts:371","AssetType=MemberProfileImage","conforme","exécuté en live avec succès, ou mutation réversible confirmée par relecture puis nettoyage","Méthode, chemin, type de jeton et paramètres/payload conformes au contrat publié pour la variante utilisée."
"Public API","Public API > Member Management > Profile","Remove Member","POST","{HM_ServiceAPI_URL}/removememberverifypassword/{HM_ServiceAPI_MemberToken}","removememberverifypassword","","empty","implemented","src/app/api/user/delete/route.ts:19","Password, ArchiveOnly","conforme-statique-non-execute","non exécuté: archivage ou suppression du compte de test","Parigo exige le mot de passe actuel et transmet Password/ArchiveOnly en POST. L'appel destructif n'a volontairement pas été exécuté en live."
"Public API","Public API > Member Management > Reset Password","Send Reset Password Email","POST","{HM_ServiceAPI_URL}/sendpasswordresetemail/{HM_ServiceAPI_Token}","sendpasswordresetemail","Username, Email, ExternalResetToken","valid","implemented","src/app/api/auth/forgot-password/route.ts:13 | src/app/api/user/change-password/route.ts:12","Username, Email, ExternalResetToken","exemple-conforme-texte-contradictoire","exécuté: HTTP 200, Code=Failed, Required route not found; aucun e-mail reçu","Parigo envoie exactement Username/Email/ExternalResetToken; la description parle plutôt de ResetLink/ResetTokenExpiryHours et le service répond Required route not found."
"Public API","Public API > Member Management > Reset Password","Validate Reset Password Token","GET","{HM_ServiceAPI_URL}/validatepasswordresettoken/{HM_ServiceAPI_Token}/{ResetToken}","validatepasswordresettoken","","empty","implemented","src/app/api/auth/reset-password/route.ts:14","aucun body; paramètres dans l'URL","conforme","contrat d'erreur testé; aucun reset token valide disponible","Méthode, chemin, type de jeton et paramètres/payload conformes au contrat publié pour la variante utilisée."
"Public API","Public API > Member Management > Reset Password","Update Member Password (Reset)","POST","{HM_ServiceAPI_URL}/updatepasswordusingtoken/{HM_ServiceAPI_Token}","updatepasswordusingtoken","Token, Password","valid","implemented","src/app/api/auth/reset-password/route.ts:24","Token, Password","conforme","contrat d'erreur testé; aucun changement de mot de passe réel","Méthode, chemin, type de jeton et paramètres/payload conformes au contrat publié pour la variante utilisée."
"Public API","Public API > Member Management > Subscribe","Subscribe Member","POST","{HM_ServiceAPI_URL}/membersubscribe/{HM_ServiceAPI_MemberToken}","membersubscribe","Email, FirstName, LastName, Subscribe","valid","implemented","src/lib/harvest/member.ts:318","FirstName, LastName, Email, Subscribe","requete-conforme-effet-absent","exécuté et relu: HTTP 200 mais aucun changement de Subscribe","HTTP 200, mais Subscribe ne change pas lors de la relecture du membre."
"Public API","Public API > Member Management > Member Groups","Validate Verify Member Group Approval Token","GET","{HM_ServiceAPI_URL}/validatemembergroupmemberapprovaltoken/{HM_ServiceAPI_Token}/{VerifyMemberGroupApprovalToken}","validatemembergroupmemberapprovaltoken","","empty","not-implemented","","","not-applicable","non exécuté par Parigo","Aucun appel de production Parigo pour cette variante; contrôle documentaire statique seulement."
"Public API","Public API > Member Management > Member Groups","Verify Member Group Approval","POST","{HM_ServiceAPI_URL}/verifymembergroupmemberapproval/{HM_ServiceAPI_Token}","verifymembergroupmemberapproval","Token","valid","not-implemented","","","not-applicable","non exécuté par Parigo","Aucun appel de production Parigo pour cette variante; contrôle documentaire statique seulement."
"Public API","Public API > Member Management > Member Groups","Get Member Group Regions","GET","{HM_ServiceAPI_URL}/getmembergroupregions/{HM_ServiceAPI_MemberToken}/{MemberGroupID}","getmembergroupregions","","not-applicable","not-implemented","","","not-applicable","non exécuté par Parigo","Aucun appel de production Parigo pour cette variante; contrôle documentaire statique seulement."
"Public API","Public API > Member Management > Member Groups","Update Member Group Region","POST","{HM_ServiceAPI_URL}/updatemembergroupregion/{HM_ServiceAPI_MemberToken}/{MemberGroupID}","updatemembergroupregion","RegionID","valid","not-implemented","","","not-applicable","non exécuté par Parigo","Aucun appel de production Parigo pour cette variante; contrôle documentaire statique seulement."
"Public API","Public API > Member Management > Member Groups","Get Member Group Productions","GET","{HM_ServiceAPI_URL}/getmembergroupproductions/{HM_ServiceAPI_MemberToken}/{MemberGroupID}?sort={Sort}","getmembergroupproductions","","not-applicable","not-implemented","","","not-applicable","non exécuté par Parigo","Aucun appel de production Parigo pour cette variante; contrôle documentaire statique seulement."
"Public API","Public API > Member Management > Member Groups","Get Member Group Production Categories","GET","{HM_ServiceAPI_URL}/getmembergroupproductioncategories/{HM_ServiceAPI_MemberToken}/{MemberGroupID}/{MemberGroupProductionID}?returnplaylistcount={ReturnPlaylistCount}&skip={Skip}&limit={Limit}&sort={Sort}","getmembergroupproductioncategories","","not-applicable","not-implemented","","","not-applicable","non exécuté par Parigo","Aucun appel de production Parigo pour cette variante; contrôle documentaire statique seulement."
"Public API","Public API > Member Management > Member Groups","Get Member Group Production Categories & Playlists","GET","{HM_ServiceAPI_URL}/getmembergroupproductioncategoriesandplaylists/{HM_ServiceAPI_MemberToken}/{MemberGroupID}/{MemberGroupProductionID}?returnplaylistcount={ReturnPlaylistCount}&returntrackcount={ReturnTrackCount}&returnrootobjectsonly={ReturnRootObjectsOnly}&productioncategoryid={ProductionCategoryID}&skip={Skip}&limit={Limit}&sort={Sort}","getmembergroupproductioncategoriesandplaylists","","not-applicable","not-implemented","","","not-applicable","non exécuté par Parigo","Aucun appel de production Parigo pour cette variante; contrôle documentaire statique seulement."
"Public API","Public API > Member Management > Member Groups","Get Member Group Production Playlist & Tracks","GET","{HM_ServiceAPI_URL}/getmembergroupproductionplaylistandtracks/{HM_ServiceAPI_MemberToken}/{MemberGroupID}/{MemberGroupProductionID}/{FeaturedPlaylistID}?returntracks={ReturnTracks}&includeinactive={IncludeInactive}&languagecode={LanguageCode}&skip={Skip}&limit={Limit}&sort={Sort}","getmembergroupproductionplaylistandtracks","","not-applicable","not-implemented","","","not-applicable","non exécuté par Parigo","Aucun appel de production Parigo pour cette variante; contrôle documentaire statique seulement."
"Public API","Public API > Member Management > Member Groups","Search Member Group Production Playlist Tracks","POST","{HM_ServiceAPI_URL}/searchmembergroupproductionplaylisttracks/{HM_ServiceAPI_MemberToken}/{HM_ServiceAPI_MemberGroupID}/{HM_ServiceAPI_MemberGroupProductionID}/{HM_ServiceAPI_FeaturedPlaylistID}","searchmembergroupproductionplaylisttracks","Keyword, Fields, ReturnTrackCount, Skip, Limit, OrderBy","valid","not-implemented","","","not-applicable","non exécuté par Parigo","Aucun appel de production Parigo pour cette variante; contrôle documentaire statique seulement."
"Public API","Public API > Member Activity > Playlist Categories & Playlists > Playlist Categories","Create Member Playlist Category","POST","{HM_ServiceAPI_URL}/addmemberplaylistcategory/{HM_ServiceAPI_MemberToken}","addmemberplaylistcategory","PlaylistCategoryName, PlaylistCategoryDescription, ColorHex, AddToTop","valid","implemented","src/lib/harvest/activity.ts:235","PlaylistCategoryName, PlaylistCategoryDescription, ColorHex, AddToTop","conforme","exécuté en live avec succès, ou mutation réversible confirmée par relecture puis nettoyage","Méthode, chemin, type de jeton et paramètres/payload conformes au contrat publié pour la variante utilisée."
"Public API","Public API > Member Activity > Playlist Categories & Playlists > Playlist Categories","Update Member Playlist Category","POST","{HM_ServiceAPI_URL}/updatememberplaylistcategory/{HM_ServiceAPI_MemberToken}/{PlaylistCategoryID}","updatememberplaylistcategory","PlaylistCategoryName, PlaylistCategoryDescription, ColorHex","valid","implemented","src/lib/harvest/activity.ts:272","PlaylistCategoryName, PlaylistCategoryDescription, ColorHex","conforme","exécuté en live avec succès, ou mutation réversible confirmée par relecture puis nettoyage","Méthode, chemin, type de jeton et paramètres/payload conformes au contrat publié pour la variante utilisée."
"Public API","Public API > Member Activity > Playlist Categories & Playlists > Playlist Categories","Get Member Playlist Categories","GET","{HM_ServiceAPI_URL}/getmemberplaylistcategories/{HM_ServiceAPI_MemberToken}?returnplaylistcount={ReturnPlaylistCount}&skip={Skip}&limit={Limit}&sort={Sort}","getmemberplaylistcategories","","not-applicable","implemented","src/lib/harvest/activity.ts:220","aucun body; paramètres dans l'URL","conforme","exécuté en live avec succès, ou mutation réversible confirmée par relecture puis nettoyage","Méthode, chemin, type de jeton et paramètres/payload conformes au contrat publié pour la variante utilisée."
"Public API","Public API > Member Activity > Playlist Categories & Playlists > Playlist Categories","Get Member Playlist Categories & Playlists","GET","{HM_ServiceAPI_URL}/getmemberplaylistcategoriesandplaylists/{HM_ServiceAPI_MemberToken}?returnplaylistcount={ReturnPlaylistCount}&returntrackcount={ReturnTrackCount}&returnrootobjectsonly={RootObjectsOnly}&returnautosaveonly={AutoSaveOnly}&returnfirstautosave={FirstAutoSaveOnly}&returnhighlightonly={ReturnHighlightOnly}&playlistcategoryid={PlaylistCategoryID}&skip={Skip}&limit={Limit}&sort={Sort}","getmemberplaylistcategoriesandplaylists","","not-applicable","implemented","src/lib/harvest/activity.ts:145 | src/lib/harvest/activity.ts:332","aucun body; paramètres dans l'URL","conforme","exécuté en live avec succès, ou mutation réversible confirmée par relecture puis nettoyage","Méthode, chemin, type de jeton et paramètres/payload conformes au contrat publié pour la variante utilisée."
"Public API","Public API > Member Activity > Playlist Categories & Playlists > Playlist Categories","Search Member Playlist Categories & Playlists","POST","{HM_ServiceAPI_URL}/searchmemberplaylistcategoriesandplaylists/{HM_ServiceAPI_MemberToken}","searchmemberplaylistcategoriesandplaylists","Keywords, Fields, ReturnPlaylistCount, ReturnTrackCount, ReturnContentsOnCategoryMatch, Skip, Limit, Sort","valid","not-implemented","","","not-applicable","non exécuté par Parigo","Aucun appel de production Parigo pour cette variante; contrôle documentaire statique seulement."
"Public API","Public API > Member Activity > Playlist Categories & Playlists > Playlist Categories","Reorder Member Playlist Category","GET","{HM_ServiceAPI_URL}/reordermemberplaylistcategory/{HM_ServiceAPI_MemberToken}/{PlaylistCategoryID}?OrderID={OrderID}","reordermemberplaylistcategory","","not-applicable","not-implemented","","","not-applicable","non exécuté par Parigo","Aucun appel de production Parigo pour cette variante; contrôle documentaire statique seulement."
"Public API","Public API > Member Activity > Playlist Categories & Playlists > Playlist Categories","Remove Member Playlist Category","GET","{HM_ServiceAPI_URL}/removememberplaylistcategory/{HM_ServiceAPI_MemberToken}/{PlaylistCategoryID}?keepChildren={keepChildren}&giveShareCopy={giveShareCopy}","removememberplaylistcategory","","not-applicable","implemented","src/lib/harvest/activity.ts:300","aucun body; paramètres dans l'URL","conforme","exécuté en live avec succès, ou mutation réversible confirmée par relecture puis nettoyage","Méthode, chemin, type de jeton et paramètres/payload conformes au contrat publié pour la variante utilisée."
"Public API","Public API > Member Activity > Playlist Categories & Playlists > Playlists","Create Member Playlist","POST","{HM_ServiceAPI_URL}/addmemberplaylist/{HM_ServiceAPI_MemberToken}","addmemberplaylist","requestaddupdateplaylist, requestaddupdateplaylist.playlistname, requestaddupdateplaylist.playlistdescription, requestaddupdateplaylist.playlisttags, requestaddupdateplaylist.highlighttracks, requestaddupdateplaylist.autosave, requestaddupdateplaylist.autosavelimit, requestaddupdateplaylist.autosaveapplytohighlighttracks, requestaddupdateplaylist.playlistcategoryid, requestaddupdateplaylist.externalplaylistimageurl, requestaddupdateplaylist.orderby","valid","implemented","src/lib/harvest/activity.ts:448","requestaddupdateplaylist{playlistname, playlistdescription, playlisttags, highlighttracks, autosave, autosavelimit, autosaveapplytohighlighttracks, playlistcategoryid, externalplaylistimageurl, orderby}","conforme","exécuté en live avec succès, ou mutation réversible confirmée par relecture puis nettoyage","Méthode, chemin, type de jeton et paramètres/payload conformes au contrat publié pour la variante utilisée."
"Public API","Public API > Member Activity > Playlist Categories & Playlists > Playlists","Update Member Playlist","POST","{HM_ServiceAPI_URL}/updateplaylist/{HM_ServiceAPI_MemberToken}/{PlaylistID}","updateplaylist","playlistname, playlistdescription, playlisttags, highlighttracks, autosave, autosavelimit, autosaveapplytohighlighttracks, playlistcategoryid, externalplaylistimageurl, orderby","valid","implemented","src/lib/harvest/activity.ts:530","playlistname, playlistdescription, playlisttags, highlighttracks, autosave, autosavelimit, autosaveapplytohighlighttracks, playlistcategoryid, externalplaylistimageurl, orderby","conforme","exécuté en live avec succès, ou mutation réversible confirmée par relecture puis nettoyage","Méthode, chemin, type de jeton et paramètres/payload conformes au contrat publié pour la variante utilisée."
"Public API","Public API > Member Activity > Playlist Categories & Playlists > Playlists","Highlight Member Playlists","POST","{HM_ServiceAPI_URL}/highlightplaylists/{HM_ServiceAPI_MemberToken}","highlightplaylists","Playlists, HighlightTracks, HighlightReturnTracks","valid","not-implemented","","","not-applicable","non exécuté par Parigo","Aucun appel de production Parigo pour cette variante; contrôle documentaire statique seulement."
"Public API","Public API > Member Activity > Playlist Categories & Playlists > Playlists","AutoSave Member Playlists","POST","{HM_ServiceAPI_URL}/autosaveplaylists/{HM_ServiceAPI_MemberToken}","autosaveplaylists","Playlists, AutoSave, AutoSaveLimit, AutoSaveApplyToHighlightTracks, AutoSaveReturnTracks","valid","not-implemented","","","not-applicable","non exécuté par Parigo","Aucun appel de production Parigo pour cette variante; contrôle documentaire statique seulement."
"Public API","Public API > Member Activity > Playlist Categories & Playlists > Playlists","Get Member Playlist Image Upload URL","POST","{HM_ServiceAPI_URL}/getpresigneduploadurl/{HM_ServiceAPI_MemberToken}","getpresigneduploadurl","AssetType, FileName, ContentType, ExpiresInSeconds, ObjectID","valid","not-implemented","","","not-applicable","non exécuté par Parigo","Aucun appel de production Parigo pour cette variante; contrôle documentaire statique seulement."
"Public API","Public API > Member Activity > Playlist Categories & Playlists > Playlists","Confirm Member Playlist Image Upload Complete","POST","{HM_ServiceAPI_URL}/confirmpresignedupload/{HM_ServiceAPI_MemberToken}","confirmpresignedupload","AssetType, FileName, ObjectID","valid","not-implemented","","","not-applicable","non exécuté par Parigo","Aucun appel de production Parigo pour cette variante; contrôle documentaire statique seulement."
"Public API","Public API > Member Activity > Playlist Categories & Playlists > Playlists","Remove Member Playlist Image","POST","{HM_ServiceAPI_URL}/removeassignedupload/{HM_ServiceAPI_MemberToken}","removeassignedupload","AssetType, ObjectID","valid","not-implemented","","","not-applicable","non exécuté par Parigo","Aucun appel de production Parigo pour cette variante; contrôle documentaire statique seulement."
"Public API","Public API > Member Activity > Playlist Categories & Playlists > Playlists","Get Member Playlists","GET","{HM_ServiceAPI_URL}/getmemberplaylistsnotracks/{HM_ServiceAPI_MemberToken}?Skip={Skip}&Limit={Limit}","getmemberplaylistsnotracks","","not-applicable","implemented","src/lib/harvest/activity.ts:141","aucun body; paramètres dans l'URL","conforme","exécuté en live avec succès, ou mutation réversible confirmée par relecture puis nettoyage","Méthode, chemin, type de jeton et paramètres/payload conformes au contrat publié pour la variante utilisée."
"Public API","Public API > Member Activity > Playlist Categories & Playlists > Playlists","Get Member Playlists (Include Tracks)","GET","{HM_ServiceAPI_URL}/getmemberplaylists/{HM_ServiceAPI_MemberToken}?Skip={Skip}&Limit={Limit}","getmemberplaylists","","not-applicable","not-implemented","","","not-applicable","non exécuté par Parigo","Aucun appel de production Parigo pour cette variante; contrôle documentaire statique seulement."
"Public API","Public API > Member Activity > Playlist Categories & Playlists > Playlists","Get Member Playlist","GET","{HM_ServiceAPI_URL}/getmemberplaylist/{HM_ServiceAPI_MemberToken}/{PlaylistID}?returntracks=true&returnpublishlocations=false","getmemberplaylist","","not-applicable","implemented","src/lib/harvest/activity.ts:192","aucun body; paramètres dans l'URL","conforme","exécuté en live avec succès, ou mutation réversible confirmée par relecture puis nettoyage","Méthode, chemin, type de jeton et paramètres/payload conformes au contrat publié pour la variante utilisée."
"Public API","Public API > Member Activity > Playlist Categories & Playlists > Playlists","Reorder Member Playlist","GET","{HM_ServiceAPI_URL}/reordermemberplaylist/{HM_ServiceAPI_MemberToken}/{PlaylistID}?movetoplaylistcategoryid={PlaylistCategoryID}&orderid={OrderID}","reordermemberplaylist","","not-applicable","implemented","src/lib/harvest/activity.ts:325","aucun body; paramètres dans l'URL","conforme","exécuté en live avec succès, ou mutation réversible confirmée par relecture puis nettoyage","Méthode, chemin, type de jeton et paramètres/payload conformes au contrat publié pour la variante utilisée."
"Public API","Public API > Member Activity > Playlist Categories & Playlists > Playlists","Reorder Multiple Member Playlists","POST","{HM_ServiceAPI_URL}/reorderplaylists/{HM_ServiceAPI_MemberToken}","reorderplaylists","playlistids","valid","not-implemented","","","not-applicable","non exécuté par Parigo","Aucun appel de production Parigo pour cette variante; contrôle documentaire statique seulement."
"Public API","Public API > Member Activity > Playlist Categories & Playlists > Playlists","Remove Member Playlist","GET","{HM_ServiceAPI_URL}/removeplaylist/{HM_ServiceAPI_MemberToken}/{PlaylistID}","removeplaylist","","not-applicable","implemented","src/lib/harvest/activity.ts:518","aucun body; paramètres dans l'URL","conforme","exécuté en live avec succès, ou mutation réversible confirmée par relecture puis nettoyage","Méthode, chemin, type de jeton et paramètres/payload conformes au contrat publié pour la variante utilisée."
"Public API","Public API > Member Activity > Playlist Categories & Playlists > Playlists","Archive Member Playlist","GET","{HM_ServiceAPI_URL}/archiveplaylist/{HM_ServiceAPI_MemberToken}/{PlaylistID}","archiveplaylist","","not-applicable","implemented","src/lib/harvest/activity.ts:426","aucun body; paramètres dans l'URL","conforme","exécuté en live avec succès, ou mutation réversible confirmée par relecture puis nettoyage","Méthode, chemin, type de jeton et paramètres/payload conformes au contrat publié pour la variante utilisée."
"Public API","Public API > Member Activity > Playlist Categories & Playlists > Playlists","Restore Archived Member Playlist","GET","{HM_ServiceAPI_URL}/restorearchiveplaylist/{HM_ServiceAPI_MemberToken}/{PlaylistID}","restorearchiveplaylist","","not-applicable","implemented","src/lib/harvest/activity.ts:426","aucun body; paramètres dans l'URL","conforme","exécuté en live avec succès, ou mutation réversible confirmée par relecture puis nettoyage","Méthode, chemin, type de jeton et paramètres/payload conformes au contrat publié pour la variante utilisée."
"Public API","Public API > Member Activity > Playlist Categories & Playlists > Playlists","Duplicate Member Playlist","POST","{HM_ServiceAPI_URL}/duplicatememberplaylist/{HM_ServiceAPI_MemberToken}","duplicatememberplaylist","SourcePlaylistID, DuplicatePlaylistName","valid","implemented","src/lib/harvest/activity.ts:357","SourcePlaylistID, DuplicatePlaylistName?","conforme","exécuté en live avec succès, ou mutation réversible confirmée par relecture puis nettoyage","Méthode, chemin, type de jeton et paramètres/payload conformes au contrat publié pour la variante utilisée."
"Public API","Public API > Member Activity > Playlist Categories & Playlists > Playlists","Copy Featured Playlist to Member Playlist","POST","{HM_ServiceAPI_URL}/copytomemberplaylist/{HM_ServiceAPI_MemberToken}","copytomemberplaylist","PlaylistID, PlaylistName, CopyTracks","valid","implemented","src/lib/harvest/activity.ts:552","PlaylistID, PlaylistName?, CopyTracks","conforme","exécuté en live avec succès, ou mutation réversible confirmée par relecture puis nettoyage","Méthode, chemin, type de jeton et paramètres/payload conformes au contrat publié pour la variante utilisée."
"Public API","Public API > Member Activity > Playlist Categories & Playlists > Playlists","Publish Member Playlist","POST","{HM_ServiceAPI_URL}/publishmemberplaylist/{HM_ServiceAPI_MemberToken}/{PlaylistID}","publishmemberplaylist","Name, Status, CopyTracks, Locations, Locations[].Type, Locations[].ID, Locations[].Status, Schedule","valid","not-implemented","","","not-applicable","non exécuté par Parigo","Aucun appel de production Parigo pour cette variante; contrôle documentaire statique seulement."
"Public API","Public API > Member Activity > Playlist Categories & Playlists > Playlist Tracks","Search Member Playlist Tracks","POST","{HM_ServiceAPI_URL}/searchmemberplaylisttracks/{HM_ServiceAPI_MemberToken}/{PlaylistID}","searchmemberplaylisttracks","Keyword, Fields, ReturnTrackCount, InsertionType, Skip, Limit, OrderBy","valid","implemented","src/lib/harvest/activity.ts:405","Keyword, Fields, ReturnTrackCount, Skip, Limit, OrderBy","conforme","exécuté en live avec succès, ou mutation réversible confirmée par relecture puis nettoyage","Méthode, chemin, type de jeton et paramètres/payload conformes au contrat publié pour la variante utilisée."
"Public API","Public API > Member Activity > Playlist Categories & Playlists > Playlist Tracks","Compare Member Playlist Tracks","POST","{HM_ServiceAPI_URL}/filtermemberplaylisttracks/{HM_ServiceAPI_MemberToken}/{PlaylistID}","filtermemberplaylisttracks","Playlists, FilterBy, FilterAction, Skip, Limit, OrderBy","valid","not-implemented","","","not-applicable","non exécuté par Parigo","Aucun appel de production Parigo pour cette variante; contrôle documentaire statique seulement."
"Public API","Public API > Member Activity > Playlist Categories & Playlists > Playlist Tracks","Add to Member Playlists","POST","{HM_ServiceAPI_URL}/addtomemberplaylists/{HM_ServiceAPI_MemberToken}","addtomemberplaylists","ObjectType, ObjectIDs, AddToPlaylistIDs, ObjectTrimStart, ObjectTrimEnd, AddToAutoSavePlaylists","valid","implemented","src/lib/harvest/activity.ts:573","ObjectType, ObjectIDs[], AddToPlaylistIDs[], ObjectTrimStart, ObjectTrimEnd, AddToAutoSavePlaylists","conforme","exécuté en live avec succès, ou mutation réversible confirmée par relecture puis nettoyage","Méthode, chemin, type de jeton et paramètres/payload conformes au contrat publié pour la variante utilisée."
"Public API","Public API > Member Activity > Playlist Categories & Playlists > Playlist Tracks","Add Multiple Tracks to AutoSave Member Playlists","POST","{HM_ServiceAPI_URL}/addtrackstoautosaveplaylists/{HM_ServiceAPI_MemberToken}","addtrackstoautosaveplaylists","track, track[].id","valid","not-implemented","","","not-applicable","non exécuté par Parigo","Aucun appel de production Parigo pour cette variante; contrôle documentaire statique seulement."
"Public API","Public API > Member Activity > Playlist Categories & Playlists > Playlist Tracks","Reorder Multiple Tracks in Member Playlist","POST","{HM_ServiceAPI_URL}/reordermemberplaylisttracks/{HM_ServiceAPI_MemberToken}","reordermemberplaylisttracks","FromPlaylistID, ToPlaylistID, TrackIDs, PrecedingTrackID, SucceedingTrackID, OrderID, Copy","valid","implemented","src/lib/harvest/activity.ts:607","FromPlaylistID, ToPlaylistID, TrackIDs (chaîne), exactement un de PrecedingTrackID/SucceedingTrackID/OrderID, Copy","conforme","exécuté en live avec succès, ou mutation réversible confirmée par relecture puis nettoyage","Méthode, chemin, type de jeton et paramètres/payload conformes au contrat publié pour la variante utilisée."
"Public API","Public API > Member Activity > Playlist Categories & Playlists > Playlist Tracks","Remove Multiple Tracks from Member Playlist","POST","{HM_ServiceAPI_URL}/removeplaylisttracks/{HM_ServiceAPI_MemberToken}/{PlaylistID}","removeplaylisttracks","track, track[].id","valid","implemented","src/lib/harvest/activity.ts:580","track[{id}]","conforme","exécuté en live avec succès, ou mutation réversible confirmée par relecture puis nettoyage","Méthode, chemin, type de jeton et paramètres/payload conformes au contrat publié pour la variante utilisée."
"Public API","Public API > Member Activity > Playlist Categories & Playlists > Playlist Tracks","Suggest Member Playlist Tracks","POST","{HM_ServiceAPI_URL}/suggestmemberplaylisttracks/{HM_ServiceAPI_MemberToken}/{HM_ServiceAPI_NewMemberPlaylistID}","suggestmemberplaylisttracks","Skip, Limit, MainOnly, SeedDetermination, SeedLimit, SeedMin","valid","implemented","src/lib/harvest/activity.ts:623","Skip, Limit, MainOnly, SeedDetermination, SeedLimit, SeedMin","requete-conforme-capacite-desactivee","exécuté: HTTP 200, Error.Code=3, capacité non activée","Payload exact; Error.Code=3 car la fonctionnalité n'est pas activée."
"Public API","Public API > Member Activity > Playlist Categories & Playlists > Playlist Shares","Get Member Playlist Shares","GET","{HM_ServiceAPI_URL}/getmemberplaylistshares/{HM_ServiceAPI_MemberToken}/{HM_ServiceAPI_NewMemberPlaylistID}?skip={HM_ServiceAPI_Skip}&limit={HM_ServiceAPI_Limit}&sort={HM_ServiceAPI_PlaylistSortOrder}","getmemberplaylistshares","","not-applicable","not-implemented","","","not-applicable","non exécuté par Parigo","Aucun appel de production Parigo pour cette variante; contrôle documentaire statique seulement."
"Public API","Public API > Member Activity > Playlist Categories & Playlists > Playlist Shares","Update Member Playlist Share","POST","{HM_ServiceAPI_URL}/updatememberplaylistshare/{HM_ServiceAPI_MemberToken}/{HM_ServiceAPI_MemberPlaylistShareID}","updatememberplaylistshare","","empty","not-implemented","","","not-applicable","non exécuté par Parigo","Aucun appel de production Parigo pour cette variante; contrôle documentaire statique seulement."
"Public API","Public API > Member Activity > Playlist Categories & Playlists > Playlist Shares","Remove Member Playlist Share","GET","{HM_ServiceAPI_URL}/removememberplaylistshare/{HM_ServiceAPI_MemberToken}/{HM_ServiceAPI_MemberPlaylistShareID}?giveShareCopy={giveShareCopy}","removememberplaylistshare","","not-applicable","not-implemented","","","not-applicable","non exécuté par Parigo","Aucun appel de production Parigo pour cette variante; contrôle documentaire statique seulement."
"Public API","Public API > Member Activity > Playlist Categories & Playlists > Playlist Search History","Get Member Playlist Search History","GET","{HM_ServiceAPI_URL}/getmemberplaylistsearches/{HM_ServiceAPI_MemberToken}/{HM_ServiceAPI_NewMemberPlaylistID}?skip={HM_ServiceAPI_Skip}&limit={HM_ServiceAPI_Limit}&sort={HM_ServiceAPI_PlaylistSortOrder}","getmemberplaylistsearches","","not-applicable","not-implemented","","","not-applicable","non exécuté par Parigo","Aucun appel de production Parigo pour cette variante; contrôle documentaire statique seulement."
"Public API","Public API > Member Activity > Playlist Categories & Playlists > Playlist Schedule","Get Member Playlist Schedule","GET","{HM_ServiceAPI_URL}/getmemberplaylistschedule/{HM_ServiceAPI_MemberToken}/33da591b784f4330","getmemberplaylistschedule","","not-applicable","not-implemented","","","not-applicable","non exécuté par Parigo","Aucun appel de production Parigo pour cette variante; contrôle documentaire statique seulement."
"Public API","Public API > Member Activity > Playlist Categories & Playlists > Playlist Schedule","Update Member Playlist Schedule","POST","{HM_ServiceAPI_URL}/updatememberplaylistschedule/{HM_ServiceAPI_MemberToken}/699cd3bbe22ff336","updatememberplaylistschedule","Name, Description, Status, SearchHistoryID, RefreshType, GenerateType, GenerateCleanType, IntervalType, IntervalValue, IntervalStartDate, IntervalEndDate, TrackCount","valid","not-implemented","","","not-applicable","non exécuté par Parigo","Aucun appel de production Parigo pour cette variante; contrôle documentaire statique seulement."
"Public API","Public API > Member Activity > Playlist Categories & Playlists > Playlist Schedule","Remove Member Playlist Schedule","GET","{HM_ServiceAPI_URL}/deletememberplaylistschedule/{HM_ServiceAPI_MemberToken}/33da591b784f4330","deletememberplaylistschedule","","not-applicable","not-implemented","","","not-applicable","non exécuté par Parigo","Aucun appel de production Parigo pour cette variante; contrôle documentaire statique seulement."
"Public API","Public API > Member Activity > Playlist Categories & Playlists > Playlist Schedule","Get Member Playlist Schedule Runs","GET","{HM_ServiceAPI_URL}/getmemberplaylistschedulerun/{HM_ServiceAPI_MemberToken}/{PlaylistID}?skip={HM_ServiceAPI_Skip}&limit={HM_ServiceAPI_Limit}","getmemberplaylistschedulerun","","not-applicable","not-implemented","","","not-applicable","non exécuté par Parigo","Aucun appel de production Parigo pour cette variante; contrôle documentaire statique seulement."
"Public API","Public API > Member Activity > Playlist Categories & Playlists > Playlists & Disco","Send Member Playlist To Disco","GET","{HM_ServiceAPI_URL}/sendtodisco/{HM_ServiceAPI_MemberToken}/{PlaylistID}?fileformatid={FileFormatID}","sendtodisco","","empty","not-implemented","","","not-applicable","non exécuté par Parigo","Aucun appel de production Parigo pour cette variante; contrôle documentaire statique seulement."
"Public API","Public API > Member Activity > Playlist Categories & Playlists > Playlists & Disco","Share Member Playlist to Disco","POST","{HM_IntegrationAPI_URL}/sharetodisco/{HM_ServiceAPI_MemberToken}","sharetodisco","PlaylistID, FileFormatID, RecipientInboxURL, Note","valid","not-implemented","","","not-applicable","non exécuté par Parigo","Aucun appel de production Parigo pour cette variante; contrôle documentaire statique seulement."
"Public API","Public API > Member Activity > Playlist Categories & Playlists > Playlists & Disco","Get Member Playlist Disco Send History","POST","{HM_ServiceAPI_URL}/getexternalsharestatushistory/{HM_ServiceAPI_MemberToken}","getexternalsharestatushistory","","invalid","not-implemented","","","not-applicable","non exécuté par Parigo","Aucun appel de production Parigo pour cette variante; contrôle documentaire statique seulement."
"Public API","Public API > Member Activity > Downloads","Validate Music Download","POST","{HM_ServiceAPI_URL}/validatemusicdownloadrequest/{HM_ServiceAPI_MemberToken}","validatemusicdownloadrequest","Identifier, ContentIDs, DownloadType, Format, TrimEndSecs, TrimStartSecs, IncludeVersionCheck","valid","implemented","src/lib/harvest/activity.ts:1246","Identifier, ContentIDs, DownloadType, Format[], TrimEndSecs, TrimStartSecs, IncludeVersionCheck","conforme","exécuté en live avec succès, ou mutation réversible confirmée par relecture puis nettoyage","Méthode, chemin, type de jeton et paramètres/payload conformes au contrat publié pour la variante utilisée."
"Public API","Public API > Member Activity > Downloads","Get Music Download","POST","{HM_ServiceAPI_URL}/getmusicdownload/{HM_ServiceAPI_MemberToken}","getmusicdownload","Identifier, DownloadType, Format, TrimStartSecs, TrimEndSecs, Email, IsShare, Message, SenderEmail, ForceEmail, IncludeVersions, VersionFolderName, DownloadFileName, CuesheetFileName, IncludeCuesheetFile","valid","implemented","src/lib/harvest/activity.ts:1277","Identifier, DownloadType, Format, TrimStartSecs, TrimEndSecs, Email, IsShare, Message, SenderEmail, ForceEmail, IncludeVersions, VersionFolderName, DownloadFileName, CuesheetFileName, IncludeCuesheetFile","conforme","exécuté en live avec succès, ou mutation réversible confirmée par relecture puis nettoyage","Méthode, chemin, type de jeton et paramètres/payload conformes au contrat publié pour la variante utilisée."
"Public API","Public API > Member Activity > Downloads","Get Music Download Info","POST","{HM_ServiceAPI_URL}/getmusicdownloadinfo/{HM_ServiceAPI_Token}","getmusicdownloadinfo","Skip, Limit, DownloadID, DownloadGroupID","valid","implemented","src/lib/harvest/activity.ts:1334","Skip, Limit et DownloadID ou DownloadGroupID","conforme","non exécutable: aucun DownloadID/DownloadGroupID disponible","Méthode, chemin, type de jeton et paramètres/payload conformes au contrat publié pour la variante utilisée."
"Public API","Public API > Member Activity > Favourites","Add Track/Album to Member Favourites","GET","{HM_ServiceAPI_URL}/addtofavourites/{HM_ServiceAPI_MemberToken}/{Type}/{ID}","addtofavourites","","not-applicable","implemented","src/lib/harvest/activity.ts:130","aucun body; paramètres dans l'URL","conforme","exécuté en live avec succès, ou mutation réversible confirmée par relecture puis nettoyage","Méthode, chemin, type de jeton et paramètres/payload conformes au contrat publié pour la variante utilisée."
"Public API","Public API > Member Activity > Favourites","Get Member Favourites","GET","{HM_ServiceAPI_URL}/getfavourites/{HM_ServiceAPI_MemberToken}?Skip={Skip}&Limit={Limit}&Sort=Created_Desc","getfavourites","","not-applicable","implemented","src/lib/harvest/activity.ts:121","aucun body; paramètres dans l'URL","conforme","exécuté en live avec succès, ou mutation réversible confirmée par relecture puis nettoyage","Méthode, chemin, type de jeton et paramètres/payload conformes au contrat publié pour la variante utilisée."
"Public API","Public API > Member Activity > Favourites","Remove Track from Member Favourites","GET","{HM_ServiceAPI_URL}/removefavouritestrack/{HM_ServiceAPI_MemberToken}/{TrackID}","removefavouritestrack","","not-applicable","implemented","src/lib/harvest/activity.ts:134","aucun body; paramètres dans l'URL","conforme","exécuté en live avec succès, ou mutation réversible confirmée par relecture puis nettoyage","Méthode, chemin, type de jeton et paramètres/payload conformes au contrat publié pour la variante utilisée."
"Public API","Public API > Member Activity > Favourites","Remove All Tracks from Member Favourites","GET","{HM_ServiceAPI_URL}/removeallfavouritestracks/{HM_ServiceAPI_MemberToken}","removeallfavouritestracks","","not-applicable","not-implemented","","","not-applicable","non exécuté par Parigo","Aucun appel de production Parigo pour cette variante; contrôle documentaire statique seulement."
"Public API","Public API > Member Activity > Sharing","Authenticate Temporary Member","POST","{HM_ServiceAPI_URL}/getinvitedmembertoken/{HM_ServiceAPI_Token}","getinvitedmembertoken","Email, RegionID","valid","implemented","src/lib/harvest/activity.ts:646","Email, RegionID","conforme-via-exemple-duplique","exécuté en live avec succès, ou mutation réversible confirmée par relecture puis nettoyage","La page Profile ne publie qu'un exemple XML, mais la page Sharing publie le JSON Email/RegionID exact utilisé par Parigo; live 200."
"Public API","Public API > Member Activity > Sharing","Get Playlist Category Share URL","POST","{HM_ServiceAPI_URL}/getsharemusicurl/{HM_ServiceAPI_Token}","getsharemusicurl","FromMemberToken, ToMemberToken, ObjectIdentifier, ObjectType, ShareType, AllowDownload, AllowFollow, AllowSave, AllowShare","valid","not-implemented","","","not-applicable","non exécuté par Parigo","Aucun appel de production Parigo pour cette variante; contrôle documentaire statique seulement."
"Public API","Public API > Member Activity > Sharing","Get Playlist Share URL","POST","{HM_ServiceAPI_URL}/getsharemusicurl/{HM_ServiceAPI_Token}","getsharemusicurl","FromMemberToken, ToMemberToken, ObjectIdentifier, ObjectType, ShareType, AllowDownload, AllowFollow, AllowSave, AllowShare","valid","implemented","src/lib/harvest/activity.ts:652","FromMemberToken, ToMemberToken, ObjectIdentifier, ObjectType=Playlist, ShareType, AllowDownload, AllowFollow, AllowSave, AllowShare","requete-conforme-capacite-indisponible","exécuté: HTTP 200, Error.Code=2, aucune URL créée","Le payload Playlist correspond à l'exemple; le service Parigo répond Error.Code=2 sans URL."
"Public API","Public API > Member Activity > Sharing","Send Share Music Email","POST","{HM_ServiceAPI_URL}/sendsharemusiclinkemail/{HM_ServiceAPI_MemberToken}","sendsharemusiclinkemail","FromEmail, ToEmail, Message, Link, ContentType, ContentTitle, SelectEmailTemplateByMemberRegion","valid","implemented","src/lib/harvest/activity.ts:668","FromEmail, ToEmail, Message, Link, ContentType, ContentTitle, SelectEmailTemplateByMemberRegion","conforme","non exécuté: aucune URL de partage et envoi d'e-mail réel","Méthode, chemin, type de jeton et paramètres/payload conformes au contrat publié pour la variante utilisée."
"Public API","Public API > Member Activity > Sharing","Deliver Share Music","POST","{HM_ServiceAPI_URL}/deliversharemusic/{HM_ServiceAPI_MemberToken}","deliversharemusic","ToUsername, ObjectIdentifier, ObjectType, NotifyUser, Message","valid","not-implemented","","","not-applicable","non exécuté par Parigo","Aucun appel de production Parigo pour cette variante; contrôle documentaire statique seulement."
"Public API","Public API > Member Activity > Sharing","Get Playlist Folder & Playlist Share","GET","{HM_ServiceAPI_URL}/getsharemusic/{HM_ServiceAPI_MemberToken}/{HM_ServiceAPI_EnageAccessToken}","getsharemusic","","not-applicable","implemented","src/lib/harvest/activity.ts:1374","aucun body; paramètres dans l'URL","non-verifie-faute-partage","non exécutable: aucun EngageAccessToken produit","Parigo utilise un guest member token; aucune URL de partage n'a pu être créée pour vérifier le parcours complet."
"Public API","Public API > Member Activity > Sharing","Accept Shared Music","GET","{HM_ServiceAPI_URL}/acceptsharemusic/{HM_ServiceAPI_MemberToken}/{HM_ServiceAPI_EnageAccessToken}?acceptType={acceptType}","acceptsharemusic","","not-applicable","not-implemented","","","not-applicable","non exécuté par Parigo","Aucun appel de production Parigo pour cette variante; contrôle documentaire statique seulement."
"Public API","Public API > Member Activity > History","Get Member Audition History","GET","{HM_ServiceAPI_URL}/gethistorybymembertoken/{HM_ServiceAPI_MemberToken}?startdate={startDate}&enddate={endDate}&skip={Skip}&limit={Limit}","gethistorybymembertoken","","not-applicable","implemented","src/lib/harvest/activity.ts:1150","aucun body; paramètres dans l'URL","conforme","exécuté en live avec succès, ou mutation réversible confirmée par relecture puis nettoyage","Méthode, chemin, type de jeton et paramètres/payload conformes au contrat publié pour la variante utilisée."
"Public API","Public API > Member Activity > History","Get Member Download History","GET","{HM_ServiceAPI_URL}/getdownloadhistorybymembertoken/{HM_ServiceAPI_MemberToken}?startdate={startDate}&enddate={endDate}&skip={Skip}&limit={Limit}","getdownloadhistorybymembertoken","","not-applicable","implemented","src/lib/harvest/activity.ts:1230","aucun body; paramètres dans l'URL","conforme","exécuté en live avec succès, ou mutation réversible confirmée par relecture puis nettoyage","Méthode, chemin, type de jeton et paramètres/payload conformes au contrat publié pour la variante utilisée."
"Public API","Public API > Member Activity > History","Get Member Communication History","POST","{HM_ServiceAPI_URL}/gethistorybycommunications/{HM_ServiceAPI_MemberToken}","gethistorybycommunications","Skip, Limit, Sort, StartDate, EndDate","valid","implemented","src/lib/harvest/activity.ts:1349","Skip, Limit, Sort, StartDate, EndDate","conforme","exécuté en live avec succès, ou mutation réversible confirmée par relecture puis nettoyage","Méthode, chemin, type de jeton et paramètres/payload conformes au contrat publié pour la variante utilisée."
"Public API","Public API > Member Activity > Tagging","Create Member Tag","POST","{HM_ServiceAPI_URL}/addmembertag/{HM_ServiceAPI_MemberToken}","addmembertag","TagName","valid","implemented","src/lib/harvest/activity.ts:1065","TagName","conforme","exécuté en live avec succès, ou mutation réversible confirmée par relecture puis nettoyage","Méthode, chemin, type de jeton et paramètres/payload conformes au contrat publié pour la variante utilisée."
"Public API","Public API > Member Activity > Tagging","Update Member Tag","POST","{HM_ServiceAPI_URL}/updatemembertag/{HM_ServiceAPI_MemberToken}/12340397b5f68cf0","updatemembertag","TagName","valid","implemented","src/lib/harvest/activity.ts:1075","TagName","conforme","exécuté en live avec succès, ou mutation réversible confirmée par relecture puis nettoyage","Méthode, chemin, type de jeton et paramètres/payload conformes au contrat publié pour la variante utilisée."
"Public API","Public API > Member Activity > Tagging","Add to Member Tags","POST","{HM_ServiceAPI_URL}/addtomembertags/{HM_ServiceAPI_MemberToken}","addtomembertags","ObjectType, ObjectIDs, AddToTagIDs","valid","implemented","src/lib/harvest/activity.ts:1084","ObjectType, ObjectIDs[], AddToTagIDs[]","conforme","exécuté en live avec succès, ou mutation réversible confirmée par relecture puis nettoyage","Méthode, chemin, type de jeton et paramètres/payload conformes au contrat publié pour la variante utilisée."
"Public API","Public API > Member Activity > Tagging","Get Member Tags","GET","{HM_ServiceAPI_URL}/getmembertags/{HM_ServiceAPI_MemberToken}?Skip={Skip}&Limit={Limit}&Sort={Sort}","getmembertags","","not-applicable","implemented","src/lib/harvest/activity.ts:903","aucun body; paramètres dans l'URL","url-conforme-parametre-inefficace","exécuté en live avec succès, ou mutation réversible confirmée par relecture puis nettoyage","ReturnTagCount=1 est envoyé mais le live ne renvoie pas les comptes; Parigo compense par getmembertagtracks."
"Public API","Public API > Member Activity > Tagging","Get Member Tag Tracks","GET","{HM_ServiceAPI_URL}/getmembertagtracks/{HM_ServiceAPI_MemberToken}/{HM_ServiceAPI_NewMemberTagID}?Skip={Skip}&Limit={limit}&Sort={Sort}","getmembertagtracks","","not-applicable","implemented","src/lib/harvest/activity.ts:1111","aucun body; paramètres dans l'URL","conforme","exécuté en live avec succès, ou mutation réversible confirmée par relecture puis nettoyage","Méthode, chemin, type de jeton et paramètres/payload conformes au contrat publié pour la variante utilisée."
"Public API","Public API > Member Activity > Tagging","Get Member Tags By Track","GET","{HM_ServiceAPI_URL}/getmembertagsbytrack/{HM_ServiceAPI_MemberToken}/{HM_ServiceAPI_TrackID}","getmembertagsbytrack","","not-applicable","implemented","src/lib/harvest/activity.ts:934","aucun body; paramètres dans l'URL","conforme","exécuté en live avec succès, ou mutation réversible confirmée par relecture puis nettoyage","Méthode, chemin, type de jeton et paramètres/payload conformes au contrat publié pour la variante utilisée."
"Public API","Public API > Member Activity > Tagging","Remove Track Tag","GET","{HM_ServiceAPI_URL}/removetrackmembertag/{HM_ServiceAPI_MemberToken}/{HM_ServiceAPI_NewMemberTagID}/{HM_ServiceAPI_TrackID}","removetrackmembertag","","empty","implemented","src/lib/harvest/activity.ts:1119","aucun body; paramètres dans l'URL","conforme","exécuté en live avec succès, ou mutation réversible confirmée par relecture puis nettoyage","Méthode, chemin, type de jeton et paramètres/payload conformes au contrat publié pour la variante utilisée."
"Public API","Public API > Member Activity > Tagging","Remove Tag","GET","{HM_ServiceAPI_URL}/removemembertag/{HM_ServiceAPI_MemberToken}/{HM_ServiceAPI_NewMemberTagID}","removemembertag","","empty","implemented","src/lib/harvest/activity.ts:1134","aucun body; paramètres dans l'URL","conforme","exécuté en live avec succès, ou mutation réversible confirmée par relecture puis nettoyage","Méthode, chemin, type de jeton et paramètres/payload conformes au contrat publié pour la variante utilisée."
"Public API","Public API > Member Activity > Tagging","Remove All Tags","GET","{HM_ServiceAPI_URL}/removemembertags/{HM_ServiceAPI_MemberToken}","removemembertags","","empty","not-implemented","","","not-applicable","non exécuté par Parigo","Aucun appel de production Parigo pour cette variante; contrôle documentaire statique seulement."
"Public API","Public API > Member Activity > Comments","Create & Assign Member Comment to Track","POST","{HM_ServiceAPI_URL}/addtrackmembercomment/{HM_ServiceAPI_MemberToken}","addtrackmembercomment","TrackID, TagName","valid","implemented","src/lib/harvest/activity.ts:829","trackid, TagName (adaptation au contrat live case-sensitive)","correctif-parigo-confirme","BFF exécuté: HTTP 201, note relue chez Harvest; cycle complet nettoyé","La documentation reste incorrecte, mais Parigo envoie désormais trackid/TagName et vérifie la création par relecture."
"Public API","Public API > Member Activity > Comments","Update Member Comment","POST","{HM_ServiceAPI_URL}/updatetrackmembercomment/{HM_ServiceAPI_MemberToken}","updatetrackmembercomment","TrackID, TagName","valid","implemented","src/lib/harvest/activity.ts:852","TagID, TagName (ID du commentaire, pas ID de piste)","correctif-parigo-confirme","BFF exécuté: HTTP 200, nouveau texte relu chez Harvest; cycle complet nettoyé","La documentation reste incorrecte, mais Parigo envoie désormais TagID/TagName et vérifie la modification par relecture."
"Public API","Public API > Member Activity > Comments","Get Member Comments By Track","GET","{HM_ServiceAPI_URL}/gettrackmembercomments/{HM_ServiceAPI_MemberToken}/{TrackID}?includeadmin={IncludeAdmin}","gettrackmembercomments","","not-applicable","implemented","src/lib/harvest/activity.ts:809","aucun body; paramètres dans l'URL","conforme","exécuté en live avec succès, ou mutation réversible confirmée par relecture puis nettoyage","Méthode, chemin, type de jeton et paramètres/payload conformes au contrat publié pour la variante utilisée."
"Public API","Public API > Member Activity > Comments","Remove Comment","GET","{HM_ServiceAPI_URL}/removetrackmembercomment/{HM_ServiceAPI_MemberToken}/{TagID}","removetrackmembercomment","","empty","implemented","src/lib/harvest/activity.ts:874","aucun body; paramètres dans l'URL","conforme","exécuté en live avec succès, ou mutation réversible confirmée par relecture puis nettoyage","Méthode, chemin, type de jeton et paramètres/payload conformes au contrat publié pour la variante utilisée."
"Public API","Public API > Member Activity > Searches","Create Member Saved Search","POST","{HM_ServiceAPI_URL}/addmembersavesearch/{HM_ServiceAPI_MemberToken}","addmembersavesearch","Name, Description, SearchHistoryID","valid","implemented","src/lib/harvest/activity.ts:719","Name, Description, SearchHistoryID","conforme","exécuté en live avec succès, ou mutation réversible confirmée par relecture puis nettoyage","Méthode, chemin, type de jeton et paramètres/payload conformes au contrat publié pour la variante utilisée."
"Public API","Public API > Member Activity > Searches","Update Member Saved Search","POST","{HM_ServiceAPI_URL}/updatemembersavesearch/{HM_ServiceAPI_MemberToken}/{SearchHistoryID}","updatemembersavesearch","Name, Description, SearchHistoryID","valid","implemented","src/lib/harvest/activity.ts:772","ID (supplémentaire), Name, Description, SearchHistoryID","conforme-avec-extension","exécuté en live avec succès, ou mutation réversible confirmée par relecture puis nettoyage","Parigo ajoute ID dans le body alors que l'ID figure déjà dans l'URL et n'est pas dans l'exemple; la persistance live est confirmée."
"Public API","Public API > Member Activity > Searches","Search Member Saved Searches","POST","{HM_ServiceAPI_URL}/searchmembersavesearches/{HM_ServiceAPI_MemberToken}","searchmembersavesearches","Keywords, Skip, Limit, Sort","valid","implemented","src/lib/harvest/activity.ts:703","Keywords, Skip, Limit, Sort","conforme","exécuté en live avec succès, ou mutation réversible confirmée par relecture puis nettoyage","Méthode, chemin, type de jeton et paramètres/payload conformes au contrat publié pour la variante utilisée."
"Public API","Public API > Member Activity > Searches","Remove Member Saved Search Term","GET","{HM_ServiceAPI_URL}/removemembersavedsearchterm/{HM_ServiceAPI_MemberToken}/{SearchHistoryID}/{SearchTermID}","removemembersavedsearchterm","","not-applicable","not-implemented","","","not-applicable","non exécuté par Parigo","Aucun appel de production Parigo pour cette variante; contrôle documentaire statique seulement."
"Public API","Public API > Member Activity > Searches","Remove Member Saved Search","GET","{HM_ServiceAPI_URL}/removemembersavedsearch/{HM_ServiceAPI_MemberToken}/{SearchHistoryID}","removemembersavedsearch","","not-applicable","implemented","src/lib/harvest/activity.ts:744","aucun body; paramètres dans l'URL","conforme","exécuté en live avec succès, ou mutation réversible confirmée par relecture puis nettoyage","Méthode, chemin, type de jeton et paramètres/payload conformes au contrat publié pour la variante utilisée."
"Public API","Public API > Member Activity > Searches","Remove All Member Saved Searches","GET","{HM_ServiceAPI_URL}/removeallmembersavedsearch/{HM_ServiceAPI_MemberToken}","removeallmembersavedsearch","","not-applicable","not-implemented","","","not-applicable","non exécuté par Parigo","Aucun appel de production Parigo pour cette variante; contrôle documentaire statique seulement."
"Public API","Public API > Content Management","Get Web Content","GET","{HM_ServiceAPI_URL}/getwebcontent/{HM_ServiceAPI_Token}/{Code}/{RegionID}","getwebcontent","","not-applicable","not-implemented","","","not-applicable","non exécuté par Parigo","Aucun appel de production Parigo pour cette variante; contrôle documentaire statique seulement."
"Public API","Public API > Content Management","Get Web Content Children","GET","{HM_ServiceAPI_URL}/getchildwebcontent/{HM_ServiceAPI_Token}/{ParentCode}/{RegionID}","getchildwebcontent","","not-applicable","not-implemented","","","not-applicable","non exécuté par Parigo","Aucun appel de production Parigo pour cette variante; contrôle documentaire statique seulement."
"Public API","Public API > Ecommerce > Rates","Get Rates","GET","{HM_ServiceAPI_URL}/getrates/{HM_ServiceAPI_Token}/{Style}/{CurrencyCode}","getrates","","not-applicable","not-implemented","","","not-applicable","non exécuté par Parigo","Aucun appel de production Parigo pour cette variante; contrôle documentaire statique seulement."
"Public API","Public API > Ecommerce > Rates","Get Special Rate","GET","{HM_ServiceAPI_URL}/getspecialratebycode/{HM_ServiceAPI_Token}/{SpecialRateCode}/{CurrencyCode}","getspecialratebycode","","not-applicable","not-implemented","","","not-applicable","non exécuté par Parigo","Aucun appel de production Parigo pour cette variante; contrôle documentaire statique seulement."
"Public API","Public API > Ecommerce > Invoices","Create Invoice","POST","{HM_ServiceAPI_URL}/addinvoice/{HM_ServiceAPI_MemberToken}","addinvoice","invoice, invoice.invoicelineitems, invoice.invoicelineitems[].quantity, invoice.invoicelineitems[].amount, invoice.invoicelineitems[].amounttax, invoice.invoicelineitems[].description, invoice.invoicelineitems[].discountid, invoice.invoicelineitems[].discount, invoice.invoicelineitems[].invoiceitemreferences, invoice.invoicelineitems[].invoiceitemreferences[].referenceid, invoice.invoicelineitems[].invoiceitemreferences[].referencetype, invoice.invoicelineitems[].invoiceitemreferences[].value, invoice.invoiceproduction, invoice.invoiceproduction.client, invoice.invoiceproduction.title, invoice.invoiceproduction.productiondate, invoice.invoiceproduction.producer, invoice.invoiceproduction.length, invoice.invoiceproduction.po, invoice.currencycode, invoice.duedate, invoice.issuedate, invoice.discountid, invoice.discount, invoice.subtotal, invoice.totaltax, invoice.total, invoice.paymenttype, invoice.paymentreferencenumber","valid","not-implemented","","","not-applicable","non exécuté par Parigo","Aucun appel de production Parigo pour cette variante; contrôle documentaire statique seulement."
"Public API","Public API > Ecommerce > Invoices","Get Invoice","POST","{HM_ServiceAPI_URL}/getinvoice/{HM_ServiceAPI_MemberToken}","getinvoice","invoiceid, returntracks, returnrates, returndiscounts","valid","not-implemented","","","not-applicable","non exécuté par Parigo","Aucun appel de production Parigo pour cette variante; contrôle documentaire statique seulement."
"Public API","Public API > Ecommerce > Invoices","Void Invoice","POST","{HM_ServiceAPI_URL}/voidinvoice/{HM_ServiceAPI_MemberToken}","voidinvoice","invoiceid, reason","valid","not-implemented","","","not-applicable","non exécuté par Parigo","Aucun appel de production Parigo pour cette variante; contrôle documentaire statique seulement."
"Public API","Public API > Ecommerce > Invoices","Search Invoice","POST","{HM_ServiceAPI_URL}/searchinvoices/{HM_ServiceAPI_MemberToken}","searchinvoices","fromamount, fromdate, toamount, todate, limit, skip","valid","not-implemented","","","not-applicable","non exécuté par Parigo","Aucun appel de production Parigo pour cette variante; contrôle documentaire statique seulement."
"Public API","Public API > Ecommerce > Invoices","Pay Invoice","POST","{HM_ServiceAPI_URL}/payinvoice/{HM_ServiceAPI_MemberToken}","payinvoice","invoicepayment, invoicepayment.invoiceid, invoicepayment.amount, invoicepayment.contactname, invoicepayment.date, invoicepayment.paymenttype, invoicepayment.paymentreferencenumber, invoicepayment.paymentstatus, sendemail, bccemail","valid","not-implemented","","","not-applicable","non exécuté par Parigo","Aucun appel de production Parigo pour cette variante; contrôle documentaire statique seulement."
"Public API","Public API > Ecommerce > Invoices","Get Invoice Document","GET","{HM_ServiceAPI_URL}/getinvoicedownloadurl/{HM_ServiceAPI_MemberToken}/{HM_ServiceAPI_InvoiceID}","getinvoicedownloadurl","","not-applicable","not-implemented","","","not-applicable","non exécuté par Parigo","Aucun appel de production Parigo pour cette variante; contrôle documentaire statique seulement."
"Public API","Public API > Admin Management > Authentication","Authenticate Management Token","POST","{HM_ServiceAPI_URL}/getmanagementtoken/{HM_ServiceAPI_Token}","getmanagementtoken","UserName, Password","valid","not-implemented","","","not-applicable","non exécuté par Parigo","Aucun appel de production Parigo pour cette variante; contrôle documentaire statique seulement."
"Public API","Public API > Admin Management > Member Groups","Update Member Group Details","POST","{HM_ServiceAPI_URL}/updatemembergroup/{HM_ServiceAPI_ManagementToken}/{MemberGroupID}","updatemembergroup","MemberGroup, MemberGroup.DownloadEnabled, MemberGroup.DownloadStem, MemberGroup.DownloadLimit","valid","not-implemented","","","not-applicable","non exécuté par Parigo","Aucun appel de production Parigo pour cette variante; contrôle documentaire statique seulement."
"Export API","Export API > Getting Started","Get Access Token","GET","{HM_ExportAPI_URL}/getaccesstoken/{HM_ExportAPI_Key}","getaccesstoken","","not-applicable","not-implemented","","","not-applicable","non exécuté par Parigo","Aucun appel de production Parigo pour cette variante; contrôle documentaire statique seulement."
"Export API","Export API > Getting Started","Get Access Info (Download formats & URL)","GET","{HM_ExportAPI_URL}/getaccessinfo/{HM_ExportAPI_AccessToken}","getaccessinfo","","not-applicable","not-implemented","","","not-applicable","non exécuté par Parigo","Aucun appel de production Parigo pour cette variante; contrôle documentaire statique seulement."
"Export API","Export API > Getting Started","Get Access Accounts","GET","{HM_ExportAPI_URL}/getaccessaccounts/{HM_ExportAPI_AccessToken}","getaccessaccounts","","not-applicable","not-implemented","","","not-applicable","non exécuté par Parigo","Aucun appel de production Parigo pour cette variante; contrôle documentaire statique seulement."
"Export API","Export API > Getting Started","Get Session Token","GET","{HM_ExportAPI_URL}/getsessiontoken/{HM_ExportAPI_AccessToken}/{Username}/{Password}?accessaccountid=430f25d8e56cfadf","getsessiontoken","","not-applicable","not-implemented","","","not-applicable","non exécuté par Parigo","Aucun appel de production Parigo pour cette variante; contrôle documentaire statique seulement."
"Export API","Export API > Getting Started","Expire Session Token","GET","{HM_ExportAPI_URL}/expiretoken/{HM_ExportAPI_SessionToken}","expiretoken","","not-applicable","not-implemented","","","not-applicable","non exécuté par Parigo","Aucun appel de production Parigo pour cette variante; contrôle documentaire statique seulement."
"Export API","Export API > Getting Started","Validate Access Token","GET","{HM_ExportAPI_URL}/validateaccesstoken/{HM_ExportAPI_AccessToken}","validateaccesstoken","","not-applicable","not-implemented","","","not-applicable","non exécuté par Parigo","Aucun appel de production Parigo pour cette variante; contrôle documentaire statique seulement."
"Export API","Export API > Getting Started","Validate Session Token","GET","{HM_ExportAPI_URL}/validatesessiontoken/{HM_ExportAPI_AccessToken}","validatesessiontoken","","not-applicable","not-implemented","","","not-applicable","non exécuté par Parigo","Aucun appel de production Parigo pour cette variante; contrôle documentaire statique seulement."
"Export API","Export API > Getting Started","Expire Access Token","GET","{HM_ExportAPI_URL}/expireaccesstoken/{HM_ExportAPI_AccessToken}","expireaccesstoken","","not-applicable","not-implemented","","","not-applicable","non exécuté par Parigo","Aucun appel de production Parigo pour cette variante; contrôle documentaire statique seulement."
"Export API","Export API > Working within the Workspace","Get Labels/Libraries","GET","{HM_ExportAPI_URL}/getlibraries/{HM_ExportAPI_SessionToken}","getlibraries","","not-applicable","not-implemented","","","not-applicable","non exécuté par Parigo","Aucun appel de production Parigo pour cette variante; contrôle documentaire statique seulement."
"Export API","Export API > Working within the Workspace","Get Labels/Libraries All States","GET","{HM_ExportAPI_URL}/getlibrariesallstates/{HM_ExportAPI_SessionToken}","getlibrariesallstates","","not-applicable","not-implemented","","","not-applicable","non exécuté par Parigo","Aucun appel de production Parigo pour cette variante; contrôle documentaire statique seulement."
"Export API","Export API > Working within the Workspace","Get Albums By Workspace Status","POST","{HM_ExportAPI_URL}/getalbumsbyworkspacestatus/{HM_ExportAPI_SessionToken}","getalbumsbyworkspacestatus","","non-json:xml","not-implemented","","","not-applicable","non exécuté par Parigo","Aucun appel de production Parigo pour cette variante; contrôle documentaire statique seulement."
"Export API","Export API > Working within the Workspace","Get Workspace Items By Album","GET","{HM_ExportAPI_URL}/getworkspacealbumitems/{HM_ExportAPI_SessionToken}/{AlbumID}/{Format}","getworkspacealbumitems","","not-applicable","not-implemented","","","not-applicable","non exécuté par Parigo","Aucun appel de production Parigo pour cette variante; contrôle documentaire statique seulement."
"Export API","Export API > Working within the Workspace","Get Workspace Items By Track","GET","{HM_ExportAPI_URL}/getworkspacetrackitems/{HM_ExportAPI_SessionToken}/{TrackID}/{Format}","getworkspacetrackitems","","not-applicable","not-implemented","","","not-applicable","non exécuté par Parigo","Aucun appel de production Parigo pour cette variante; contrôle documentaire statique seulement."
"Export API","Export API > Working within the Workspace","Get Workspace Download","POST","{HM_ExportAPI_URL}/getmusicdownload/{HM_ExportAPI_SessionToken}","getmusicdownload","","invalid","not-implemented","","","not-applicable","non exécuté par Parigo","Aucun appel de production Parigo pour cette variante; contrôle documentaire statique seulement."
"Export API","Export API > Working within the Workspace","Set Album Tag","POST","{HM_ExportAPI_URL}/setalbumtag/{HM_ExportAPI_SessionToken}","setalbumtag","","invalid","not-implemented","","","not-applicable","non exécuté par Parigo","Aucun appel de production Parigo pour cette variante; contrôle documentaire statique seulement."
"Export API","Export API > Working within the Workspace","Remove Album Tag","POST","{HM_ExportAPI_URL}/removealbumtag/{HM_ExportAPI_SessionToken}","removealbumtag","","non-json:xml","not-implemented","","","not-applicable","non exécuté par Parigo","Aucun appel de production Parigo pour cette variante; contrôle documentaire statique seulement."
"Export API","Export API > Working within the Workspace","Upsert Track Categories","POST","{HM_ExportAPI_URL}/bulkupserttrackcategories/{HM_ExportAPI_SessionToken}","bulkupserttrackcategories","","non-json:xml","not-implemented","","","not-applicable","non exécuté par Parigo","Aucun appel de production Parigo pour cette variante; contrôle documentaire statique seulement."
"Import API","Import API > Getting Started","Get Access Token","GET","{HM_ImportAPI_URL}/getaccesstoken","getaccesstoken","","not-applicable","not-implemented","","","not-applicable","non exécuté par Parigo","Aucun appel de production Parigo pour cette variante; contrôle documentaire statique seulement."
"Import API","Import API > Getting Started","Get Session Token","GET","{HM_ImportAPI_URL}/getsessiontoken/{HM_ImportAPI_AccessToken}/{Username}/{Password}","getsessiontoken","","not-applicable","not-implemented","","","not-applicable","non exécuté par Parigo","Aucun appel de production Parigo pour cette variante; contrôle documentaire statique seulement."
"Import API","Import API > Getting Started","Expire Session Token","GET","{HM_ImportAPI_URL}/expiretoken/{HM_ImportAPI_SessionToken}","expiretoken","","not-applicable","not-implemented","","","not-applicable","non exécuté par Parigo","Aucun appel de production Parigo pour cette variante; contrôle documentaire statique seulement."
"Import API","Import API > Working within the Workspace > Labels/Libraries","Get Labels/Libraries","GET","{HM_ImportAPI_URL}/getlibraries/{HM_ImportAPI_SessionToken}","getlibraries","","not-applicable","not-implemented","","","not-applicable","non exécuté par Parigo","Aucun appel de production Parigo pour cette variante; contrôle documentaire statique seulement."
"Import API","Import API > Working within the Workspace > Labels/Libraries","Create Label/Library","POST","{HM_ImportAPI_URL}/library/{HM_ImportAPI_SessionToken}/insert","library","Name, DisplayName, Description, Code, Prefix, Manufacturer, Location, Website, Profile","valid","not-implemented","","","not-applicable","non exécuté par Parigo","Aucun appel de production Parigo pour cette variante; contrôle documentaire statique seulement."
"Import API","Import API > Working within the Workspace > Labels/Libraries","Update Label/Library","POST","{HM_ImportAPI_URL}/library/{HM_ImportAPI_SessionToken}/update","library","LibraryIdentity, Name, DisplayName, Description, Code, Prefix, Manufacturer, Location, Website, Profile","valid","not-implemented","","","not-applicable","non exécuté par Parigo","Aucun appel de production Parigo pour cette variante; contrôle documentaire statique seulement."
"Import API","Import API > Working within the Workspace > Albums","Get Albums By Workspace State","POST","{HM_ImportAPI_URL}/getalbumsbyworkspacestate/{HM_ImportAPI_SessionToken}","getalbumsbyworkspacestate","LibraryIdentity, WorkspaceState","valid","not-implemented","","","not-applicable","non exécuté par Parigo","Aucun appel de production Parigo pour cette variante; contrôle documentaire statique seulement."
"Import API","Import API > Working within the Workspace > Albums","Create Album","POST","{HM_ImportAPI_URL}/album/{HM_ImportAPI_SessionToken}/insert","album","LibraryIdentity, Title, DisplayTitle, Description, AlbumCode, Keywords, Tags, Styles, ReleaseDate","valid","not-implemented","","","not-applicable","non exécuté par Parigo","Aucun appel de production Parigo pour cette variante; contrôle documentaire statique seulement."
"Import API","Import API > Working within the Workspace > Albums","Update Album","POST","{HM_ImportAPI_URL}/album/{HM_ImportAPI_SessionToken}/update","album","LibraryIdentity, AlbumIdentity, Title, DisplayTitle, Description, AlbumCode, Keywords, Tags, Styles, ReleaseDate","valid","not-implemented","","","not-applicable","non exécuté par Parigo","Aucun appel de production Parigo pour cette variante; contrôle documentaire statique seulement."
"Import API","Import API > Working within the Workspace > Albums","Remove Album","DELETE","{HM_ImportAPI_URL}/album/{HM_ImportAPI_SessionToken}/{AlbumIdentity}","album","","empty","not-implemented","","","not-applicable","non exécuté par Parigo","Aucun appel de production Parigo pour cette variante; contrôle documentaire statique seulement."
"Import API","Import API > Working within the Workspace > Albums","Get Album Asset Upload URL","POST","{HM_ImportAPI_URL}/getpresigneduploadurl/{HM_ImportAPI_SessionToken}","getpresigneduploadurl","AssetType, Key, FileName, ContentType, ExpiresInSeconds, ObjectID","valid","not-implemented","","","not-applicable","non exécuté par Parigo","Aucun appel de production Parigo pour cette variante; contrôle documentaire statique seulement."
"Import API","Import API > Working within the Workspace > Albums","Confirm Album Asset Upload Complete","POST","{HM_ImportAPI_URL}/confirmpresignedupload/{HM_ImportAPI_SessionToken}","confirmpresignedupload","AssetType, Key, FileName, ObjectID","valid","not-implemented","","","not-applicable","non exécuté par Parigo","Aucun appel de production Parigo pour cette variante; contrôle documentaire statique seulement."
"Import API","Import API > Working within the Workspace > Albums","Set External Album Asset (URL)","POST","{HM_ImportAPI_URL}/setasseturl/{HM_ImportAPI_SessionToken}","setasseturl","AssetType, Url, ObjectID","valid","not-implemented","","","not-applicable","non exécuté par Parigo","Aucun appel de production Parigo pour cette variante; contrôle documentaire statique seulement."
"Import API","Import API > Working within the Workspace > Albums","Set External Album Asset (Amazon S3)","POST","{HM_ImportAPI_URL}/setexternals3asset/{HM_ImportAPI_SessionToken}","setexternals3asset","AssetType, Key, ObjectID","valid","not-implemented","","","not-applicable","non exécuté par Parigo","Aucun appel de production Parigo pour cette variante; contrôle documentaire statique seulement."
"Import API","Import API > Working within the Workspace > Tracks","Get Attribute Types","GET","{HM_ImportAPI_URL}/getattributetypes/{HM_ImportAPI_SessionToken}","getattributetypes","","not-applicable","not-implemented","","","not-applicable","non exécuté par Parigo","Aucun appel de production Parigo pour cette variante; contrôle documentaire statique seulement."
"Import API","Import API > Working within the Workspace > Tracks","Get Tracks By Workspace Album & State","POST","{HM_ImportAPI_URL}/getalbumtracksbyworkspacestate/{HM_ImportAPI_SessionToken}","getalbumtracksbyworkspacestate","AlbumIdentity, WorkspaceState","valid","not-implemented","","","not-applicable","non exécuté par Parigo","Aucun appel de production Parigo pour cette variante; contrôle documentaire statique seulement."
"Import API","Import API > Working within the Workspace > Tracks","Create Track","POST","{HM_ImportAPI_URL}/track/{HM_ImportAPI_SessionToken}/insert","track","tracks, tracks[].AlbumIdentity, tracks[].Title, tracks[].DisplayTitle, tracks[].TrackNumber, tracks[].Description, tracks[].Keywords, tracks[].Genre, tracks[].Mixout, tracks[].Version, tracks[].Mood, tracks[].MusicFor, tracks[].AlternateTitle, tracks[].OriginalFileName, tracks[].Writer, tracks[].Publisher, tracks[].Artist, tracks[].BPM, tracks[].Tempo, tracks[].Instrumentation, tracks[].Lyrics, tracks[].CategoryCodes, tracks[].IsMain, tracks[].MainTrackNumber, tracks[].Writers, tracks[].Writers[].FirstName, tracks[].Writers[].MiddleName, tracks[].Writers[].LastName, tracks[].Writers[].Capacity, tracks[].Writers[].PublisherName, tracks[].Writers[].Code, tracks[].Writers[].OwnerPerformanceShare, tracks[].Writers[].OwnerMechanicalShare, tracks[].Writers[].CollectingSocietyName, tracks[].Writers[].Territory, tracks[].Writers[].CollectionPerformanceShare, tracks[].Writers[].CollectionMechanicalShare, tracks[].Publishers, tracks[].Publishers[].Name, tracks[].Publishers[].Capacity, tracks[].Publishers[].Code, tracks[].Publishers[].OwnerPerformanceShare, tracks[].Publishers[].OwnerMechanicalShare, tracks[].Publishers[].CollectingSocietyName, tracks[].Publishers[].CollectionPerformanceShare, tracks[].Publishers[].CollectionMechanicalShare, tracks[].Publishers[].Territory, tracks[].Publishers[].OriginalPublisherName, tracks[].Artists, tracks[].Artists[].FirstName, tracks[].Artists[].MiddleName, tracks[].Artists[].LastName, tracks[].Artists[].IPI, tracks[].Artists[].CollectingSocietyName, tracks[].CategoryAttributes, tracks[].CategoryAttributes[].Name, tracks[].CategoryAttributes[].Value, tracks[].Codes, tracks[].Codes[].AttributeTypeID, tracks[].Codes[].Value","valid","not-implemented","","","not-applicable","non exécuté par Parigo","Aucun appel de production Parigo pour cette variante; contrôle documentaire statique seulement."
"Import API","Import API > Working within the Workspace > Tracks","Update Track","POST","{HM_ImportAPI_URL}/track/{HM_ImportAPI_SessionToken}/update","track","tracks, tracks[].TrackIdentity, tracks[].AlbumIdentity, tracks[].Title, tracks[].DisplayTitle, tracks[].TrackNumber, tracks[].Description, tracks[].Keywords, tracks[].Genre, tracks[].Mixout, tracks[].Version, tracks[].Mood, tracks[].MusicFor, tracks[].AlternateTitle, tracks[].OriginalFileName, tracks[].Writer, tracks[].Publisher, tracks[].Artist, tracks[].BPM, tracks[].Tempo, tracks[].Instrumentation, tracks[].Lyrics, tracks[].CategoryCodes, tracks[].IsMain, tracks[].MainTrackNumber, tracks[].Writers, tracks[].Writers[].FirstName, tracks[].Writers[].MiddleName, tracks[].Writers[].LastName, tracks[].Writers[].Capacity, tracks[].Writers[].PublisherName, tracks[].Writers[].Code, tracks[].Writers[].OwnerPerformanceShare, tracks[].Writers[].OwnerMechanicalShare, tracks[].Writers[].CollectingSocietyName, tracks[].Writers[].Territory, tracks[].Writers[].CollectionPerformanceShare, tracks[].Writers[].CollectionMechanicalShare, tracks[].Publishers, tracks[].Publishers[].Name, tracks[].Publishers[].Capacity, tracks[].Publishers[].Code, tracks[].Publishers[].OwnerPerformanceShare, tracks[].Publishers[].OwnerMechanicalShare, tracks[].Publishers[].CollectingSocietyName, tracks[].Publishers[].CollectionPerformanceShare, tracks[].Publishers[].CollectionMechanicalShare, tracks[].Publishers[].Territory, tracks[].Publishers[].OriginalPublisherName, tracks[].Artists, tracks[].Artists[].FirstName, tracks[].Artists[].MiddleName, tracks[].Artists[].LastName, tracks[].Artists[].IPI, tracks[].Artists[].CollectingSocietyName, tracks[].CategoryAttributes, tracks[].CategoryAttributes[].Name, tracks[].CategoryAttributes[].Value, tracks[].Codes, tracks[].Codes[].AttributeTypeID, tracks[].Codes[].Value","valid","not-implemented","","","not-applicable","non exécuté par Parigo","Aucun appel de production Parigo pour cette variante; contrôle documentaire statique seulement."
"Import API","Import API > Working within the Workspace > Tracks","Remove Track","DELETE","{HM_ImportAPI_URL}/track/{HM_ImportAPI_SessionToken}/{TrackIdentity}","track","","empty","not-implemented","","","not-applicable","non exécuté par Parigo","Aucun appel de production Parigo pour cette variante; contrôle documentaire statique seulement."
"Import API","Import API > Working within the Workspace > Tracks","Move Tracks On Import Album","POST","{HM_ImportAPI_URL}/track/{HM_ImportAPI_SessionToken}/move","track","Tracks, Tracks[].DestinationAlbumIdentity, Tracks[].TrackIdentity","valid","not-implemented","","","not-applicable","non exécuté par Parigo","Aucun appel de production Parigo pour cette variante; contrôle documentaire statique seulement."
"Import API","Import API > Working within the Workspace > Tracks","Get Track Asset Upload URL","POST","{HM_ImportAPI_URL}/getpresigneduploadurl/{HM_ImportAPI_SessionToken}","getpresigneduploadurl","AssetType, Key, FileName, ContentType, ExpiresInSeconds, ObjectID","valid","not-implemented","","","not-applicable","non exécuté par Parigo","Aucun appel de production Parigo pour cette variante; contrôle documentaire statique seulement."
"Import API","Import API > Working within the Workspace > Tracks","Confirm Track Asset Upload Complete","POST","{HM_ImportAPI_URL}/confirmpresignedupload/{HM_ImportAPI_SessionToken}","confirmpresignedupload","AssetType, Key, FileName, ObjectID","valid","not-implemented","","","not-applicable","non exécuté par Parigo","Aucun appel de production Parigo pour cette variante; contrôle documentaire statique seulement."
"Import API","Import API > Working within the Workspace > Tracks","Set External Track Asset (URL)","POST","{HM_ImportAPI_URL}/setasseturl/{HM_ImportAPI_SessionToken}","setasseturl","AssetType, Url, ObjectID","valid","not-implemented","","","not-applicable","non exécuté par Parigo","Aucun appel de production Parigo pour cette variante; contrôle documentaire statique seulement."
"Import API","Import API > Working within the Workspace > Tracks","Set External Track Asset (Amazon S3)","POST","{HM_ImportAPI_URL}/setexternals3asset/{HM_ImportAPI_SessionToken}","setexternals3asset","AssetType, Key, ObjectID","valid","not-implemented","","","not-applicable","non exécuté par Parigo","Aucun appel de production Parigo pour cette variante; contrôle documentaire statique seulement."
"Import API","Import API > Working within the Workspace > Stems","Get Stems By Workspace Track & State","POST","{HM_ImportAPI_URL}/gettrackstemsbyworkspacestate/{HM_ImportAPI_SessionToken}","gettrackstemsbyworkspacestate","TrackIdentity","valid","not-implemented","","","not-applicable","non exécuté par Parigo","Aucun appel de production Parigo pour cette variante; contrôle documentaire statique seulement."
"Import API","Import API > Working within the Workspace > Stems","Create Stem","POST","{HM_ImportAPI_URL}/stem/{HM_ImportAPI_SessionToken}/insert","stem","Stems, Stems[].TrackIdentity, Stems[].Version","valid","not-implemented","","","not-applicable","non exécuté par Parigo","Aucun appel de production Parigo pour cette variante; contrôle documentaire statique seulement."
"Import API","Import API > Working within the Workspace > Stems","Update Stem","POST","{HM_ImportAPI_URL}/stem/{HM_ImportAPI_SessionToken}/update","stem","Stems, Stems[].TrackIdentity, Stems[].StemIdentity, Stems[].Version","valid","not-implemented","","","not-applicable","non exécuté par Parigo","Aucun appel de production Parigo pour cette variante; contrôle documentaire statique seulement."
"Import API","Import API > Working within the Workspace > Stems","Remove Stem","DELETE","{HM_ImportAPI_URL}/stem/{HM_ImportAPI_SessionToken}/{HM_ImportAPI_TempID}","stem","","empty","not-implemented","","","not-applicable","non exécuté par Parigo","Aucun appel de production Parigo pour cette variante; contrôle documentaire statique seulement."
"Import API","Import API > Working within the Workspace > Stems","Get Stem Asset Upload URL","POST","{HM_ImportAPI_URL}/getpresigneduploadurl/{HM_ImportAPI_SessionToken}","getpresigneduploadurl","AssetType, Key, FileName, ContentType, ExpiresInSeconds, ObjectID","valid","not-implemented","","","not-applicable","non exécuté par Parigo","Aucun appel de production Parigo pour cette variante; contrôle documentaire statique seulement."
"Import API","Import API > Working within the Workspace > Stems","Confirm Stem Asset Upload Complete","POST","{HM_ImportAPI_URL}/confirmpresignedupload/{HM_ImportAPI_SessionToken}","confirmpresignedupload","AssetType, Key, FileName, ObjectID","valid","not-implemented","","","not-applicable","non exécuté par Parigo","Aucun appel de production Parigo pour cette variante; contrôle documentaire statique seulement."
"Import API","Import API > Working within the Workspace > Stems","Set External Stem Asset (URL)","POST","{HM_ImportAPI_URL}/setasseturl/{HM_ImportAPI_SessionToken}","setasseturl","AssetType, Url, ObjectID","valid","not-implemented","","","not-applicable","non exécuté par Parigo","Aucun appel de production Parigo pour cette variante; contrôle documentaire statique seulement."
"Import API","Import API > Working within the Workspace > Stems","Set External Stem Asset (Amazon S3)","POST","{HM_ImportAPI_URL}/setexternals3asset/{HM_ImportAPI_SessionToken}","setexternals3asset","AssetType, Key, ObjectID","valid","not-implemented","","","not-applicable","non exécuté par Parigo","Aucun appel de production Parigo pour cette variante; contrôle documentaire statique seulement."
"Import API","Import API > Working within the Workspace > Publishing","Publish Album & Tracks","GET","{HM_ImportAPI_URL}/album/{HM_ImportAPI_SessionToken}/{AlbumIdentity}/publish","album","","not-applicable","not-implemented","","","not-applicable","non exécuté par Parigo","Aucun appel de production Parigo pour cette variante; contrôle documentaire statique seulement."
"Import API","Import API > Working within the Workspace > Publishing","Publish Track On Imported Album","GET","{HM_ImportAPI_URL}/track/{HM_ImportAPI_SessionToken}/{TrackIdentity}/publish","track","","not-applicable","not-implemented","","","not-applicable","non exécuté par Parigo","Aucun appel de production Parigo pour cette variante; contrôle documentaire statique seulement."
"Import API","Import API > Working within the Workspace > Publishing","Unpublish Track On Imported Album","GET","{HM_ImportAPI_URL}/track/{HM_ImportAPI_SessionToken}/{HM_ImportAPI_TrackID}/unpublish","track","","not-applicable","not-implemented","","","not-applicable","non exécuté par Parigo","Aucun appel de production Parigo pour cette variante; contrôle documentaire statique seulement."
"Import API","Import API > Working within the Workspace > Publishing","Publish Stem On Imported Track","GET","{HM_ImportAPI_URL}/stem/{HM_ImportAPI_SessionToken}/{HM_ImportAPI_StemID}/publish","stem","","not-applicable","not-implemented","","","not-applicable","non exécuté par Parigo","Aucun appel de production Parigo pour cette variante; contrôle documentaire statique seulement."
"Agent API","Agent API > Getting Started","Get Authorised","POST","{HM_IntegrationAPI_AuthUrl}","oauth2/token","grant_type, client_id, client_secret","not-applicable","not-implemented","","","not-applicable","non exécuté par Parigo","Aucun appel de production Parigo pour cette variante; contrôle documentaire statique seulement."
"Agent API","Agent API > Getting Started","Get Service Token","GET","{HM_IntegrationAPI_URL}/getservicetoken","getservicetoken","","not-applicable","not-implemented","","","not-applicable","non exécuté par Parigo","Aucun appel de production Parigo pour cette variante; contrôle documentaire statique seulement."
"Agent API","Agent API > Getting Started","Get Service Token Info","GET","{HM_IntegrationAPI_URL}/getservicetokeninfo/{HM_IntegrationAPI_Token}","getservicetokeninfo","","not-applicable","not-implemented","","","not-applicable","non exécuté par Parigo","Aucun appel de production Parigo pour cette variante; contrôle documentaire statique seulement."
"Agent API","Agent API > Getting Started","Get Service Info (Download formats & URL)","GET","{HM_IntegrationAPI_URL}/getserviceinfo/{HM_IntegrationAPI_Token}","getserviceinfo","","not-applicable","not-implemented","","","not-applicable","non exécuté par Parigo","Aucun appel de production Parigo pour cette variante; contrôle documentaire statique seulement."
"Agent API","Agent API > Getting Started","Expire Service Token","GET","{HM_IntegrationAPI_URL}/expiretoken/{HM_IntegrationAPI_Token}","expiretoken","","not-applicable","not-implemented","","","not-applicable","non exécuté par Parigo","Aucun appel de production Parigo pour cette variante; contrôle documentaire statique seulement."
"Agent API","Agent API > Working within the Workspace","Get Labels/Libraries","GET","{HM_IntegrationAPI_URL}/getlibraries/{HM_IntegrationAPI_Token}","getlibraries","","not-applicable","not-implemented","","","not-applicable","non exécuté par Parigo","Aucun appel de production Parigo pour cette variante; contrôle documentaire statique seulement."
"Agent API","Agent API > Working within the Workspace","Get Labels/Libraries By Tag","POST","{HM_IntegrationAPI_URL}/getlibrariesbytag/{HM_IntegrationAPI_Token}","getlibrariesbytag","ContainsTags, NotContainsTags","valid","not-implemented","","","not-applicable","non exécuté par Parigo","Aucun appel de production Parigo pour cette variante; contrôle documentaire statique seulement."
"Agent API","Agent API > Working within the Workspace","Get Albums by Workspace Status","POST","{HM_IntegrationAPI_URL}/getalbumsbyworkspacestatus/{HM_IntegrationAPI_Token}","getalbumsbyworkspacestatus","LibraryID, Format, WorkspaceStatus, ContainsTags, NotContainsTags","valid","not-implemented","","","not-applicable","non exécuté par Parigo","Aucun appel de production Parigo pour cette variante; contrôle documentaire statique seulement."
"Agent API","Agent API > Working within the Workspace","Get Tracks By Workspace Album","GET","{HM_IntegrationAPI_URL}/getworkspacealbumtracks/{HM_IntegrationAPI_Token}/{AlbumID}/{Format}","getworkspacealbumtracks","","not-applicable","not-implemented","","","not-applicable","non exécuté par Parigo","Aucun appel de production Parigo pour cette variante; contrôle documentaire statique seulement."
"Agent API","Agent API > Working within the Workspace","Get Management User Token","GET","{HM_IntegrationAPI_URL}/getmanagementusertoken/{HM_IntegrationAPI_Token}/{username}/{password}","getmanagementusertoken","","not-applicable","not-implemented","","","not-applicable","non exécuté par Parigo","Aucun appel de production Parigo pour cette variante; contrôle documentaire statique seulement."
"Agent API","Agent API > Working within the Workspace","Get Management User Download","POST","{HM_IntegrationAPI_URL}/getmanagementuserdownload/{HM_IntegrationAPI_Token}","getmanagementuserdownload","ManagementUserToken, DownloadType, Identifier, Format","valid","not-implemented","","","not-applicable","non exécuté par Parigo","Aucun appel de production Parigo pour cette variante; contrôle documentaire statique seulement."
"Agent API","Agent API > Working within the Workspace","Set Album Tag","POST","{HM_IntegrationAPI_URL}/setalbumtag/{HM_IntegrationAPI_Token}","setalbumtag","AlbumID, Tag","valid","not-implemented","","","not-applicable","non exécuté par Parigo","Aucun appel de production Parigo pour cette variante; contrôle documentaire statique seulement."
"Agent API","Agent API > Working within the Workspace","Remove Album Tag","POST","{HM_IntegrationAPI_URL}/removealbumtag/{HM_IntegrationAPI_Token}","removealbumtag","AlbumID, Tag","valid","not-implemented","","","not-applicable","non exécuté par Parigo","Aucun appel de production Parigo pour cette variante; contrôle documentaire statique seulement."
"Agent API","Agent API > Working within the Workspace","Set Library Tag","POST","{HM_IntegrationAPI_URL}/setlibrarytag/{HM_IntegrationAPI_Token}","setlibrarytag","libraryid, tag","valid","not-implemented","","","not-applicable","non exécuté par Parigo","Aucun appel de production Parigo pour cette variante; contrôle documentaire statique seulement."
"Agent API","Agent API > Working within the Workspace","Remove Library Tag","POST","{HM_IntegrationAPI_URL}/removelibrarytag/{HM_IntegrationAPI_Token}","removelibrarytag","","non-json:xml","not-implemented","","","not-applicable","non exécuté par Parigo","Aucun appel de production Parigo pour cette variante; contrôle documentaire statique seulement."
