section,name,method,url,body_mode,input_fields,request_example_source,request_json_status,response_top_level_fields
Public API > Getting Started,Implementation Guide - Getting Started,INFO,,,,,not-applicable,
Public API > Getting Started,Get Authorised,POST,{HM_ServiceAPI_AuthUrl},urlencoded,"grant_type, client_id, client_secret",request,not-applicable,"access_token, expires_in, token_type"
Public API > Getting Started,Get Service Token,GET,{HM_ServiceAPI_URL}/getservicetoken,,,,not-applicable,"Token, Token.Value, Token.Expiry, Token.UTCOffset, Token.Type, Token.IsOfSingleUse"
Public API > Getting Started,Validate Service Token,GET,{HM_ServiceAPI_URL}/getservicetokeninfo/{HM_ServiceAPI_Token},,,,not-applicable,"Token, Token.Value, Token.Expiry, Token.UTCOffset, Token.Type, Token.IsOfSingleUse, Token.TokenUsageState"
Public API > Getting Started,Expire Service Token,GET,{HM_ServiceAPI_URL}/expiretoken/{HM_ServiceAPI_Token},,,,not-applicable,Code
Public API > Service Information,Implementation Guide - Waveform,INFO,,,,,not-applicable,
Public API > Service Information,Implementation Guide - Tracking Usage & Asset URLs,INFO,,,,,not-applicable,
Public API > Service Information,Get Service Info (Service Asset URLs and File Formats),GET,{HM_ServiceAPI_URL}/getserviceinfo/{HM_ServiceAPI_Token},,,,not-applicable,
Public API > Service Information,Get Service Attributes,GET,{HM_ServiceAPI_URL}/getserviceattribute/{HM_ServiceAPI_Token}/{attributeTypeCode},,,,not-applicable,"Attributes, Attributes[].ID, Attributes[].Value, Attributes[].Comments, Attributes[].AttributeTypeCode, Attributes[].AttributeTypeName"
Public API > Service Information,Get Short URL,POST,{HM_ServiceAPI_URL}/getshorturl/{HM_ServiceAPI_Token},raw,URL,response.originalRequest,valid,Url
Public API > Regions & Countries,Get Regions,GET,{HM_ServiceAPI_URL}/getregions/{HM_ServiceAPI_Token},,,,not-applicable,"Regions, Regions[].ID, Regions[].Name, Regions[].Countries, Regions[].Countries[].TLD, Regions[].Countries[].Name, Regions[].Countries[].IsTaxed, Regions[].Countries[].TaxRate, Regions[].SubscribeDefault, Regions[].LicensingModel, Regions[].Currency, Regions[].Currency.Name, Regions[].Currency.Code, Regions[].Currency.Symbol, Regions[].Blocked"
Public API > Regions & Countries,Get Region,GET,{HM_ServiceAPI_URL}/getregion/{HM_ServiceAPI_Token}/{RegionID},,,,not-applicable,"Region, Region.ID, Region.Name, Region.Countries, Region.Countries[].TLD, Region.Countries[].Name, Region.Countries[].IsTaxed, Region.Countries[].TaxRate, Region.LanguageCode, Region.SubscribeDefault, Region.LicensingModel, Region.Currency, Region.Currency.Name, Region.Currency.Code, Region.Currency.Symbol, Region.Blocked"
Public API > Regions & Countries,Get Regions By IP,GET,{HM_ServiceAPI_URL}/getregionbyip/{HM_ServiceAPI_Token}?ip={IP},,,,not-applicable,"Region, Region.ID, Region.Name, Region.Countries, Region.Countries[].TLD, Region.Countries[].Name, Region.Countries[].IsTaxed, Region.Countries[].TaxRate, Region.LanguageCode, Region.SubscribeDefault, Region.LicensingModel, Region.Currency, Region.Currency.Name, Region.Currency.Code, Region.Currency.Symbol, Region.Blocked, Country, Country.TLD, Country.Name"
Public API > Regions & Countries,Get Countries,GET,{HM_ServiceAPI_URL}/getcountries/{HM_ServiceAPI_Token},,,,not-applicable,"Countries, Countries[].TLD, Countries[].Name, Countries[].RegionID, Countries[].RegionName, Countries[].IsTaxed, Countries[].TaxRate"
Public API > Guest Management,Authenticate Guest Member,GET,{HM_ServiceAPI_URL}/getguestmembertoken/{HM_ServiceAPI_Token}/{Region_ID},,,,not-applicable,"Token, Token.Value, Token.Expiry, Token.UTCOffset, Token.Type, Token.IsOfSingleUse"
Public API > Accessing Metadata > Libraries,Get Labels/Libraries,GET,{HM_ServiceAPI_URL}/getlibraries/{HM_ServiceAPI_MemberToken},,,,not-applicable,"Libraries, Libraries[].Featured, Libraries[].Detail, Libraries[].Name, Libraries[].ID, Libraries[].Location, Libraries[].Website, Libraries[].LibraryLogoUrl, Libraries[].Status, Libraries[].LastUpdated"
Public API > Accessing Metadata > Libraries,Get Labels/Libraries (Include Inactive),GET,{HM_ServiceAPI_URL}/getlibraries/{HM_ServiceAPI_MemberToken}/includeinactive,,,,not-applicable,"Libraries, Libraries[].Featured, Libraries[].Detail, Libraries[].Name, Libraries[].ID, Libraries[].Location, Libraries[].Website, Libraries[].LibraryLogoUrl, Libraries[].Status, Libraries[].LastUpdated"
Public API > Accessing Metadata > Libraries,Get Label/Library,GET,{HM_ServiceAPI_URL}/getlibrary/{HM_ServiceAPI_MemberToken}/{LibraryID}?returnCodes={returnCodes},,,,not-applicable,"Library, Library.Featured, Library.Detail, Library.Profile, Library.Name, Library.ID, Library.Location, Library.Website, Library.LibraryLogoUrl, Library.Status, Library.LastUpdated, Library.LanguageItems, Library.Codes"
Public API > Accessing Metadata > Styles,Get Style Groups,GET,{HM_ServiceAPI_URL}/getstylegroups/{HM_ServiceAPI_MemberToken},,,,not-applicable,"Groups, Groups[].Name, Groups[].ID"
Public API > Accessing Metadata > Styles,Get Styles,GET,{HM_ServiceAPI_URL}/getstyles/{HM_ServiceAPI_MemberToken}?groupID={GroupID}&allowEmptyStyle=false,,,,not-applicable,"Styles, Styles[].ID, Styles[].Name, Styles[].LanguageItems, Styles[].HasArtwork"
Public API > Accessing Metadata > Styles,Get Styles By Language Code,GET,{HM_ServiceAPI_URL}/getstyles/{HM_ServiceAPI_MemberToken}/{LanguageCode}?groupID={GroupID},,,,not-applicable,"Styles, Styles[].ID, Styles[].Name, Styles[].LanguageItems, Styles[].HasArtwork"
Public API > Accessing Metadata > Albums,Get Albums By Label/Library,GET,{HM_ServiceAPI_URL}/getalbums/{HM_ServiceAPI_MemberToken}/{LibraryID},,,,not-applicable,"Albums, Albums[].LibraryID, Albums[].LibraryName, Albums[].LibraryFeatured, Albums[].Featured, Albums[].ReleaseDate, Albums[].Code, Albums[].Detail, Albums[].Name, Albums[].DisplayTitle, Albums[].Keywords, Albums[].ID, Albums[].Status, Albums[].LastUpdated"
Public API > Accessing Metadata > Albums,Get Albums By Label/Library (Include Inactive),GET,{HM_ServiceAPI_URL}/getalbums/{HM_ServiceAPI_MemberToken}/{LibraryID}/includeinactive,,,,not-applicable,"Albums, Albums[].LibraryID, Albums[].LibraryName, Albums[].LibraryFeatured, Albums[].Featured, Albums[].ReleaseDate, Albums[].Code, Albums[].Detail, Albums[].Name, Albums[].DisplayTitle, Albums[].Keywords, Albums[].ID, Albums[].Status, Albums[].LastUpdated"
Public API > Accessing Metadata > Albums,Get Albums By Style,POST,{HM_ServiceAPI_URL}/getalbumsbystyles/{HM_ServiceAPI_MemberToken},raw,"style, style[].id, mainOnly",response.originalRequest,valid,"Albums, Albums[].LibraryID, Albums[].LibraryName, Albums[].LibraryFeatured, Albums[].Featured, Albums[].ReleaseDate, Albums[].Code, Albums[].Detail, Albums[].Name, Albums[].DisplayTitle, Albums[].Keywords, Albums[].ID, Albums[].TrackCount, Albums[].LastUpdated"
Public API > Accessing Metadata > Albums,Get Albums By Album,POST,{HM_ServiceAPI_URL}/getalbumsbyids/{HM_ServiceAPI_MemberToken},raw,"albumid, albumid[].id",response.originalRequest,valid,"Albums, Albums[].LibraryID, Albums[].LibraryName, Albums[].LibraryFeatured, Albums[].Featured, Albums[].ReleaseDate, Albums[].Code, Albums[].Detail, Albums[].Name, Albums[].DisplayTitle, Albums[].Keywords, Albums[].ID, Albums[].LastUpdated, Albums[].Styles, Albums[].Styles[].ID, Albums[].Styles[].Name"
Public API > Accessing Metadata > Albums,Get Featured Albums,GET,{HM_ServiceAPI_URL}/getfeaturedalbums/{HM_ServiceAPI_MemberToken}/{Top}?returntrackcount={returnTrackCount}&mainonly={mainOnly}&sort={sortorder},,,,not-applicable,"Albums, Albums[].LibraryID, Albums[].LibraryFeatured, Albums[].Featured, Albums[].ReleaseDate, Albums[].Code, Albums[].Detail, Albums[].Name, Albums[].DisplayTitle, Albums[].Keywords, Albums[].ID, Albums[].Status, Albums[].LastUpdated, Albums[].Tags"
Public API > Accessing Metadata > Albums,Get Latest Albums,GET,{HM_ServiceAPI_URL}/getlatestalbums/{HM_ServiceAPI_MemberToken}/{Top},,,,not-applicable,"Albums, Albums[].LibraryID, Albums[].LibraryFeatured, Albums[].Featured, Albums[].ReleaseDate, Albums[].Code, Albums[].Detail, Albums[].Name, Albums[].DisplayTitle, Albums[].Keywords, Albums[].ID, Albums[].Status, Albums[].LastUpdated, Albums[].Tags"
Public API > Accessing Metadata > Albums,Get Album,GET,{HM_ServiceAPI_URL}/getalbum/{HM_ServiceAPI_MemberToken}/{AlbumID}?returnLibraryCodes={returnLibraryCodes},,,,not-applicable,"Album, Album.LibraryID, Album.LibraryName, Album.LibraryFeatured, Album.Featured, Album.ReleaseDate, Album.Code, Album.Detail, Album.Name, Album.DisplayTitle, Album.Keywords, Album.ID, Album.TrackCount, Album.LastUpdated, Album.Tags, Album.AlbumAttribute, Album.LibraryCodes"
Public API > Accessing Metadata > Albums,Get Album Tracks,GET,{HM_ServiceAPI_URL}/getalbumtracks/{HM_ServiceAPI_MemberToken}/{AlbumID}/mainonly?skip={skip}&limit={limit},,,,not-applicable,"Tracks, Tracks[].TrackNumber, Tracks[].Time, Tracks[].LengthSeconds, Tracks[].Comment, Tracks[].Composer, Tracks[].Publisher, Tracks[].Name, Tracks[].AlbumID, Tracks[].ID, Tracks[].Keywords, Tracks[].Lyrics, Tracks[].DisplayTitle, Tracks[].Genre, Tracks[].Tempo, Tracks[].Instrumentation, Tracks[].Bpm, Tracks[].Mixout, Tracks[].Frequency, Tracks[].DateIngested, Tracks[].Version, Tracks[].CdCode, Tracks[].AlbumName, Tracks[].LibraryName, Tracks[].LibraryFeatured, Tracks[].Status, Tracks[].LastUpdated, Tracks[].IsAlternate, Tracks[].AlternateCount, Tracks[].Highlighted, Tracks[].HighlightedInPlaylists, Tracks[].HasLyrics, Tracks[].IsExplicit, Tracks[].Tags, Tracks[].MainTrackID"
Public API > Accessing Metadata > Albums,Get Album Tracks (Include Inactive),GET,{HM_ServiceAPI_URL}/getalbumtracks/{HM_ServiceAPI_MemberToken}/{AlbumID}/includeinactive?skip={skip}&limit={limit},,,,not-applicable,"Tracks, Tracks[].TrackNumber, Tracks[].Time, Tracks[].LengthSeconds, Tracks[].Comment, Tracks[].Composer, Tracks[].Publisher, Tracks[].Name, Tracks[].AlbumID, Tracks[].ID, Tracks[].Keywords, Tracks[].Lyrics, Tracks[].DisplayTitle, Tracks[].Genre, Tracks[].Tempo, Tracks[].Instrumentation, Tracks[].Bpm, Tracks[].Mixout, Tracks[].Frequency, Tracks[].DateIngested, Tracks[].Version, Tracks[].CdCode, Tracks[].AlbumName, Tracks[].LibraryName, Tracks[].LibraryFeatured, Tracks[].Status, Tracks[].LastUpdated, Tracks[].IsAlternate, Tracks[].AlternateCount, Tracks[].Highlighted, Tracks[].HighlightedInPlaylists, Tracks[].HasLyrics, Tracks[].IsExplicit, Tracks[].Tags, Tracks[].MainTrackID"
Public API > Accessing Metadata > Tracks,Get Tracks,POST,{HM_ServiceAPI_URL}/gettracks/{HM_ServiceAPI_MemberToken},raw,"ReturnAlternateVersions, ReturnAttributes, ReturnCategories, ReturnCategoryFacet, ReturnCodes, ReturnComposers, ReturnRelatedTracks, ReturnRightHolders, GetMainVersionFromAlternate, CuesheetOnlyCodesAndAttribute, ReturnInactiveTracks, ReturnRegionOnlyTracks, Offset, Limit, track",response.originalRequest,valid,"Tracks, Tracks[].TrackNumber, Tracks[].Time, Tracks[].LengthSeconds, Tracks[].Comment, Tracks[].Composer, Tracks[].Publisher, Tracks[].Name, Tracks[].AlbumID, Tracks[].LibraryID, Tracks[].ID, Tracks[].Keywords, Tracks[].Lyrics, Tracks[].DisplayTitle, Tracks[].alternatetitle, Tracks[].Genre, Tracks[].Tempo, Tracks[].Instrumentation, Tracks[].Bpm, Tracks[].Mixout, Tracks[].Frequency, Tracks[].Bitrate, Tracks[].DateIngested, Tracks[].Version, Tracks[].AlternateTracks, Tracks[].AlternateTracks[].TrackNumber, Tracks[].AlternateTracks[].Time, Tracks[].AlternateTracks[].LengthSeconds, Tracks[].AlternateTracks[].Comment, Tracks[].AlternateTracks[].Composer, Tracks[].AlternateTracks[].Publisher, Tracks[].AlternateTracks[].Name, Tracks[].AlternateTracks[].AlbumID, Tracks[].AlternateTracks[].ID, Tracks[].AlternateTracks[].Keywords, Tracks[].AlternateTracks[].Lyrics, Tracks[].AlternateTracks[].DisplayTitle, Tracks[].AlternateTracks[].Genre, Tracks[].AlternateTracks[].Tempo, Tracks[].AlternateTracks[].Instrumentation, Tracks[].AlternateTracks[].Bpm, Tracks[].AlternateTracks[].Mixout, Tracks[].AlternateTracks[].Frequency, Tracks[].AlternateTracks[].Bitrate, Tracks[].AlternateTracks[].Version, Tracks[].AlternateTracks[].Status, Tracks[].AlternateTracks[].CDCode, Tracks[].AlternateTracks[].IsAlternate, Tracks[].AlternateTracks[].HasLyrics, Tracks[].AlternateTracks[].IsExplicit, Tracks[].AlternateTracks[].Tags, Tracks[].AlternateTracks[].MainTrackID, Tracks[].Status, Tracks[].CDCode, Tracks[].AlbumReleaseDate, Tracks[].AlbumName, Tracks[].LibraryName, Tracks[].LibraryFeatured, Tracks[].FileName, Tracks[].IsAlternate, Tracks[].TrackAttribute, Tracks[].TrackAttribute[].AttributeTypeName, Tracks[].TrackAttribute[].Value, Tracks[].Codes, Tracks[].Codes[].AttributeTypeName, Tracks[].Codes[].Value, Tracks[].AlternateCount, Tracks[].RightHolders, Tracks[].RightHolders[].OriginalPublisher, Tracks[].RightHolders[].ID, Tracks[].RightHolders[].FirstName, Tracks[].RightHolders[].MiddleName, Tracks[].RightHolders[].LastName, Tracks[].RightHolders[].CollectingSociety, Tracks[].RightHolders[].IPI, Tracks[].RightHolders[].Capacity, Tracks[].RightHolders[].OwnerPerformanceShare, Tracks[].RightHolders[].OwnerMechanicalShare, Tracks[].RightHolders[].Territory, Tracks[].Mood, Tracks[].MusicFor, Tracks[].Highlighted, Tracks[].HighlightedInPlaylists, Tracks[].HasLyrics, Tracks[].IsExplicit, Tracks[].Tags, Tracks[].MainTrackID"
Public API > Accessing Metadata > Tracks,Get Top Tracks,POST,{HM_ServiceAPI_URL}/gettoptracks/{HM_ServiceAPI_MemberToken},raw,,response.originalRequest,invalid,"Tracks, Tracks[].TrackNumber, Tracks[].Time, Tracks[].LengthSeconds, Tracks[].Comment, Tracks[].Composer, Tracks[].Publisher, Tracks[].Artist, Tracks[].Name, Tracks[].AlbumID, Tracks[].LibraryID, Tracks[].ID, Tracks[].Keywords, Tracks[].DisplayTitle, Tracks[].AlternateTitle, Tracks[].Genre, Tracks[].Tempo, Tracks[].Instrumentation, Tracks[].Bpm, Tracks[].Mixout, Tracks[].Filesize, Tracks[].Frequency, Tracks[].Bitrate, Tracks[].DateIngested, Tracks[].Version, Tracks[].Alternates, Tracks[].AlternateTracks, Tracks[].RelatedTracks, Tracks[].Categories, Tracks[].Status, Tracks[].Relations, Tracks[].CDCode, Tracks[].Composers, Tracks[].AlbumName, Tracks[].LibraryName, Tracks[].IsAlternate, Tracks[].AlternateCount, Tracks[].RightHolderIDs, Tracks[].RightHolders, Tracks[].Mood, Tracks[].MusicFor, Tracks[].Tags, Tracks[].MainTrackID, Tracks[].IsCached, Tracks[].Title, Tracks[].StemCount, Tracks[].Stems, Tracks[].LanguageItems, Tracks[].LibraryFeatured, Tracks[].Highlighted, Tracks[].EvokeSegments, Tracks[].HighlightedInPlaylists, Tracks[].IsOriginator, Tracks[].HasLyrics, Tracks[].IsExplicit, Tracks[].LibraryType, Album, Album.LibraryFeatured, Library, Library.Featured"
Public API > Accessing Metadata > Categories,Get Categories,GET,{HM_ServiceAPI_URL}/getcategories/{HM_ServiceAPI_MemberToken}/hasactivetrackonly?languagecode={LanguageCode},,,,not-applicable,"Categories, Categories[].Name, Categories[].ID, Categories[].Attributes, Categories[].Attributes[].Name, Categories[].Attributes[].ID, Categories[].Attributes[].Attributes, Categories[].Attributes[].Attributes[].Name, Categories[].Attributes[].Attributes[].ID"
Public API > Accessing Metadata > Right Holders,Get Rightholders By Track,GET,{HM_ServiceAPI_URL}/getrightholders/{HM_ServiceAPI_MemberToken}/{TrackID},,,,not-applicable,"RightHolders, RightHolders[].ID, RightHolders[].FirstName, RightHolders[].MiddleName, RightHolders[].LastName, RightHolders[].Name, RightHolders[].CollectingSociety, RightHolders[].Share, RightHolders[].ShareType, RightHolders[].IPI, RightHolders[].Capacity, RightHolders[].CapacityGroup"
Public API > Accessing Metadata > Featured Playlist Categories & Playlists > Playlist Categories,Get Featured Playlist Categories,GET,{HM_ServiceAPI_URL}/getfeaturedplaylistcategories/{HM_ServiceAPI_MemberToken}?returnplaylistcount={HM_ServiceAPI_ShowCounts}&skip={HM_ServiceAPI_Skip}&limit={HM_ServiceAPI_Limit}&sort={HM_ServiceAPI_PlaylistSortOrder},,,,not-applicable,"PlaylistCategories, PlaylistCategories[].ID, PlaylistCategories[].Name, PlaylistCategories[].Description, PlaylistCategories[].CreatedDate, PlaylistCategories[].PlaylistCount"
Public API > Accessing Metadata > Featured Playlist Categories & Playlists > Playlist Categories,Get Featured Playlist Categories & Playlists,GET,{HM_ServiceAPI_URL}/getfeaturedplaylistcategoriesandplaylists/{HM_ServiceAPI_MemberToken}?returnplaylistcount={HM_ServiceAPI_ShowCounts}&returntrackcount={HM_ServiceAPI_ShowCounts}&returnrootobjectsonly={HM_ServiceAPI_ShowCounts}&playlistcategoryid={HM_ServiceAPI_NewMemberPlaylistCategoryID}&skip={HM_ServiceAPI_Skip}&limit={HM_ServiceAPI_Limit}&sort={HM_ServiceAPI_PlaylistSortOrder},,,,not-applicable,"PlaylistObjects, PlaylistObjects[].ID, PlaylistObjects[].Name, PlaylistObjects[].Description, PlaylistObjects[].ObjectType, PlaylistObjects[].HasImage, PlaylistObjects[].AutoSave, PlaylistObjects[].CreatedDate, PlaylistObjects[].PlaylistsCount, PlaylistObjects[].Playlists, PlaylistObjects[].Playlists[].Name, PlaylistObjects[].Playlists[].ID, PlaylistObjects[].Playlists[].Description, PlaylistObjects[].Playlists[].CreatedDate, PlaylistObjects[].Playlists[].TrackCount, PlaylistObjects[].Playlists[].Tracks, PlaylistObjects[].Playlists[].RelatedPlaylists, PlaylistObjects[].Playlists[].HasImage, PlaylistObjects[].Playlists[].LanguageItems, PlaylistObjects[].Playlists[].AutoSave, PlaylistObjects[].Playlists[].Type, PlaylistObjects[].Playlists[].ObjectType, PlaylistObjects[].Playlists[].OrderBy, TotalPlaylistsCount, TotalPlaylistCategoriesCount, TotalCount"
Public API > Accessing Metadata > Featured Playlist Categories & Playlists > Playlists,Get Featured Playlists,GET,{HM_ServiceAPI_URL}/getfeaturedplaylistsplaylistonly/{HM_ServiceAPI_MemberToken}?showtrackcount={ShowTrackCount}&skip={Skip}&limit={Limit}&languagecode={LanguageCode}&style={StyleID},,,,not-applicable,"Playlists, Playlists[].Name, Playlists[].ID, Playlists[].Description, Playlists[].Tags, Playlists[].CreatedDate, Playlists[].TrackCount, Playlists[].RelatedPlaylists, Playlists[].HasImage, Playlists[].Type"
Public API > Accessing Metadata > Featured Playlist Categories & Playlists > Playlists,Get Featured Playlist,POST,{HM_ServiceAPI_URL}/getfeaturedplaylistandtracks/{HM_ServiceAPI_MemberToken}/{PlaylistID},raw,"ReturnTracks, ReturnAlbums, ReturnLibraries, AllowInactive, LanguageCode, OrderBy",response.originalRequest,valid,"Playlists, Playlists[].Name, Playlists[].ID, Playlists[].Description, Playlists[].Tags, Playlists[].CreatedDate, Playlists[].Tracks, Playlists[].Tracks[].TrackNumber, Playlists[].Tracks[].Time, Playlists[].Tracks[].LengthSeconds, Playlists[].Tracks[].LengthSecondsTrimStart, Playlists[].Tracks[].LengthSecondsTrimEnd, Playlists[].Tracks[].Comment, Playlists[].Tracks[].Composer, Playlists[].Tracks[].Publisher, Playlists[].Tracks[].Name, Playlists[].Tracks[].AlbumID, Playlists[].Tracks[].LibraryID, Playlists[].Tracks[].ID, Playlists[].Tracks[].Keywords, Playlists[].Tracks[].Lyrics, Playlists[].Tracks[].DisplayTitle, Playlists[].Tracks[].Genre, Playlists[].Tracks[].Tempo, Playlists[].Tracks[].Instrumentation, Playlists[].Tracks[].Bpm, Playlists[].Tracks[].Mixout, Playlists[].Tracks[].Frequency, Playlists[].Tracks[].Bitrate, Playlists[].Tracks[].Version, Playlists[].Tracks[].CdCode, Playlists[].Tracks[].AlbumName, Playlists[].Tracks[].LibraryName, Playlists[].Tracks[].LibraryFeatured, Playlists[].Tracks[].Album, Playlists[].Tracks[].Album.LibraryFeatured, Playlists[].Tracks[].Album.Code, Playlists[].Tracks[].Album.Detail, Playlists[].Tracks[].Album.Name, Playlists[].Tracks[].Album.ID, Playlists[].Tracks[].Library, Playlists[].Tracks[].Library.Featured, Playlists[].Tracks[].Library.Detail, Playlists[].Tracks[].Library.Name, Playlists[].Tracks[].Library.ID, Playlists[].Tracks[].Library.Location, Playlists[].Tracks[].Library.Website, Playlists[].Tracks[].AlternateTracks, Playlists[].Tracks[].LastUpdated, Playlists[].Tracks[].Composers, Playlists[].Tracks[].IsAlternate, Playlists[].Tracks[].AlternateCount, Playlists[].Tracks[].Highlighted, Playlists[].Tracks[].HighlightedInPlaylists, Playlists[].Tracks[].HasLyrics, Playlists[].Tracks[].IsExplicit, Playlists[].Tracks[].Tags, Playlists[].Tracks[].MainTrackID, Playlists[].RelatedPlaylists, Playlists[].HasImage, Playlists[].Type"
Public API > Accessing Metadata > Featured Playlist Categories & Playlists > Playlists,Search Featured Playlist Tracks,POST,{HM_ServiceAPI_URL}/searchfeaturedplaylisttracks/{HM_ServiceAPI_MemberToken}/{HM_ServiceAPI_FeaturedPlaylistID},raw,"Keyword, Fields, ReturnTrackCount, Skip, Limit, OrderBy",request,valid,"Tracks, Tracks[].TrackNumber, Tracks[].Time, Tracks[].LengthSeconds, Tracks[].LengthSecondsTrimStart, Tracks[].LengthSecondsTrimEnd, Tracks[].Comment, Tracks[].Composer, Tracks[].Publisher, Tracks[].Name, Tracks[].AlbumID, Tracks[].LibraryID, Tracks[].ID, Tracks[].Keywords, Tracks[].Lyrics, Tracks[].DisplayTitle, Tracks[].Genre, Tracks[].Tempo, Tracks[].Instrumentation, Tracks[].Bpm, Tracks[].Mixout, Tracks[].Filesize, Tracks[].Frequency, Tracks[].Bitrate, Tracks[].DateIngested, Tracks[].Version, Tracks[].AlternateTracks, Tracks[].RelatedTracks, Tracks[].Categories, Tracks[].ISRC, Tracks[].Status, Tracks[].LastUpdated, Tracks[].CDCode, Tracks[].Composers, Tracks[].AlbumName, Tracks[].LibraryName, Tracks[].LibraryFeatured, Tracks[].Highlighted, Tracks[].HighlightedInPlaylists, Tracks[].HasLyrics, Tracks[].IsExplicit, Tracks[].Tags, Tracks[].IsCached, TotalTracks"
Public API > Accessing Metadata > Shared Playlists,Get Shared Playlist,GET,{HM_ServiceAPI_URL}/getsharedplaylistwithmembertoken/{HM_ServiceAPI_MemberToken}/{PlaylistID}?Skip={Skip}&Limit={Limit},,,,not-applicable,"Playlists, Playlists[].Name, Playlists[].ID, Playlists[].Description, Playlists[].CreatedDate, Playlists[].TrackCount, Playlists[].Tracks, Playlists[].Tracks[].TrackNumber, Playlists[].Tracks[].Time, Playlists[].Tracks[].LengthSeconds, Playlists[].Tracks[].LengthSecondsTrimStart, Playlists[].Tracks[].LengthSecondsTrimEnd, Playlists[].Tracks[].Comment, Playlists[].Tracks[].Composer, Playlists[].Tracks[].Publisher, Playlists[].Tracks[].Name, Playlists[].Tracks[].AlbumID, Playlists[].Tracks[].ID, Playlists[].Tracks[].Keywords, Playlists[].Tracks[].Lyrics, Playlists[].Tracks[].DisplayTitle, Playlists[].Tracks[].Genre, Playlists[].Tracks[].Tempo, Playlists[].Tracks[].Instrumentation, Playlists[].Tracks[].Bpm, Playlists[].Tracks[].Mixout, Playlists[].Tracks[].Frequency, Playlists[].Tracks[].Bitrate, Playlists[].Tracks[].Version, Playlists[].Tracks[].CdCode, Playlists[].Tracks[].AlbumName, Playlists[].Tracks[].LibraryName, Playlists[].Tracks[].LibraryFeatured, Playlists[].Tracks[].Album, Playlists[].Tracks[].Album.LibraryFeatured, Playlists[].Tracks[].Album.Code, Playlists[].Tracks[].Album.Detail, Playlists[].Tracks[].Album.Name, Playlists[].Tracks[].Album.ID, Playlists[].Tracks[].Library, Playlists[].Tracks[].Library.Featured, Playlists[].Tracks[].Library.Detail, Playlists[].Tracks[].Library.Name, Playlists[].Tracks[].Library.ID, Playlists[].Tracks[].AlternateTracks, Playlists[].Tracks[].CDCode, Playlists[].Tracks[].Composers, Playlists[].Tracks[].IsAlternate, Playlists[].Tracks[].AlternateCount, Playlists[].Tracks[].Highlighted, Playlists[].Tracks[].HighlightedInPlaylists, Playlists[].Tracks[].HasLyrics, Playlists[].Tracks[].IsExplicit, Playlists[].Tracks[].Tags, Playlists[].Tracks[].MainTrackID, Playlists[].RelatedPlaylists, Playlists[].HasImage, Playlists[].ExternalPlaylistImageUrl, Playlists[].OrderBy"
Public API > Accessing Metadata > Cuesheets > Generate Cuesheet By Library,Get Generated Cuesheet By ID,POST,{HM_ServiceAPI_URL}/getcuesheet/{HM_ServiceAPI_MemberToken}?filename={Filename},raw,track,response.originalRequest,valid,FullUrl
Public API > Accessing Metadata > Cuesheets > Generate Cuesheet By EDL Matching,Get EDL File Upload URL,POST,{HM_ServiceAPI_URL}/getpresigneduploadurl/{HM_ServiceAPI_MemberToken},raw,"AssetType, FileName, ContentType, ExpiresInSeconds, ObjectId",response.originalRequest,valid,"PresignedUploadUrl, ResourceUrl"
Public API > Accessing Metadata > Cuesheets > Generate Cuesheet By EDL Matching,Confirm EDL File Upload Complete,POST,{HM_ServiceAPI_URL}/confirmpresignedupload/{HM_ServiceAPI_MemberToken},raw,"AssetType, FileName, ContentType, FileUrl",response.originalRequest,valid,Code
Public API > Accessing Metadata > Cuesheets > Generate Cuesheet By EDL Matching,Get Cuesheet Matches,POST,{HM_ServiceAPI_URL}/getcuesheetmatch/{HM_ServiceAPI_MemberToken},raw,"CuesheetID, OutputEmail, OutputFileName",response.originalRequest,valid,"Code, EmailSent, FullUrl, Items, ItemsFound, ItemsUniqueFileName, ItemsUniqueFileNameFound"
Public API > Searching Metadata > Search,Implementation Guide Search,INFO,,,,,not-applicable,
Public API > Searching Metadata > Search,Search,POST,{HM_ServiceAPI_URL}/cloudsearch/{HM_ServiceAPI_MemberToken},raw,"Session, SaveSearchHistory, SearchFilters, SearchFilters.SearchType, SearchFilters.IncludeInactive, SearchFilters.MainOnly, SearchFilters.AlternateOnly, SearchFilters.FeaturedLibrariesOnly, SearchFilters.HasStems, SearchFilters.HasLyrics, SearchFilters.ExplicitOnly, SearchFilters.NearestBPM, SearchFilters.NearestDuration, SearchFilters.NearestAlternate, SearchFilters.ParentSearchHistoryID, SearchFilters.GeneratePlaylist, SearchFilters.SearchTermBundle, SearchFilters.SearchTermBundle.St_Keyword_Aggregated, SearchFilters.SearchTermBundle.St_Keyword_Aggregated.ExactPhrase, SearchFilters.SearchTermBundle.St_Keyword_Aggregated.Wildcard, SearchFilters.SearchTermBundle.St_Keyword_Aggregated.DisableKeywordGroup, SearchFilters.SearchTermBundle.St_Keyword_Aggregated.OrOperation, SearchFilters.SearchTermBundle.St_Keyword_Aggregated.Keywords, SearchFilters.SearchTermBundle.St_Keyword_Aggregated.Negative, SearchFilters.ResultView, SearchFilters.ResultView.View, SearchFilters.ResultView.View_Style_Album_Count, SearchFilters.ResultView.View_Style_Playlist_Count, SearchFilters.ResultView.Sort_Predefined, SearchFilters.ResultView.RankExpression, SearchFilters.ResultView.Skip, SearchFilters.ResultView.Limit, SearchFilters.ResultView.Facet_LibraryGroup, SearchFilters.ResultView.Facet_LibraryGroupSkip, SearchFilters.ResultView.Facet_LibraryGroupLimit, SearchFilters.ResultView.Facet_Library, SearchFilters.ResultView.Facet_LibrarySkip, SearchFilters.ResultView.Facet_LibraryLimit, SearchFilters.ResultView.Facet_Album, SearchFilters.ResultView.Facet_AlbumSkip, SearchFilters.ResultView.Facet_AlbumLimit, SearchFilters.ResultView.Facet_Style, SearchFilters.ResultView.Facet_StyleSkip, SearchFilters.ResultView.Facet_StyleLimit, SearchFilters.ResultView.Facet_Category, SearchFilters.ResultView.Facet_CategorySkip, SearchFilters.ResultView.Facet_CategoryLimit, SearchFilters.ResultView.Facet_Composer, SearchFilters.ResultView.Facet_ComposerSkip, SearchFilters.ResultView.Facet_ComposerLimit, SearchFilters.ResultView.Facet_BPM, SearchFilters.ResultView.Facet_Duration, SearchFilters.ResultView.Facet_ReleaseYear",response.originalRequest,valid,"TotalTracks, TotalAlbums, TotalLibraries, TotalStyles, SearchParameters, SearchParameters.searchtype, SearchParameters.includeinactive, SearchParameters.mainonly, SearchParameters.alternativeonly, SearchParameters.featuredlibrariesonly, SearchParameters.hasstems, SearchParameters.haslyrics, SearchParameters.explicitonly, SearchParameters.nearestduration, SearchParameters.nearestbpm, SearchParameters.nearestalternate, SearchParameters.parentsearchhistoryid, SearchParameters.generateplaylist, SearchParameters.resultview, SearchParameters.resultview.view, SearchParameters.resultview.sort_predefined, SearchParameters.resultview.rankexpression, SearchParameters.resultview.skip, SearchParameters.resultview.limit, SearchParameters.resultview.saved, SearchParameters.resultview.mincount, SearchParameters.resultview.returntrackcategoryid, SearchParameters.resultview.facet_librarygroup, SearchParameters.resultview.facet_librarygroupskip, SearchParameters.resultview.facet_librarygrouplimit, SearchParameters.resultview.facet_library, SearchParameters.resultview.facet_libraryskip, SearchParameters.resultview.facet_librarylimit, SearchParameters.resultview.facet_album, SearchParameters.resultview.facet_albumskip, SearchParameters.resultview.facet_albumlimit, SearchParameters.resultview.facet_style, SearchParameters.resultview.facet_styleskip, SearchParameters.resultview.facet_stylelimit, SearchParameters.resultview.facet_category, SearchParameters.resultview.facet_categoryskip, SearchParameters.resultview.facet_categorylimit, SearchParameters.resultview.facet_composer, SearchParameters.resultview.facet_composerskip, SearchParameters.resultview.facet_composerlimit, SearchParameters.resultview.facet_bpm, SearchParameters.resultview.facet_duration, SearchParameters.resultview.facet_releaseyear, SearchParameters.resultview.view_style_album_count, SearchParameters.resultview.view_style_playlist_count, SearchParameters.PreviousSearchTermBundles, SearchParameters.PreviousSearchTermBundles[].SearchHistoryID, SearchParameters.PreviousSearchTermBundles[].st_keyword_aggregated, SearchParameters.PreviousSearchTermBundles[].st_keyword_aggregated.searchtermid, SearchParameters.PreviousSearchTermBundles[].st_keyword_aggregated.Keywords, SearchParameters.PreviousSearchTermBundles[].st_keyword_aggregated.exactphrase, SearchParameters.PreviousSearchTermBundles[].st_keyword_aggregated.oroperation, SearchParameters.PreviousSearchTermBundles[].st_keyword_aggregated.wildcard, SearchParameters.PreviousSearchTermBundles[].st_keyword_aggregated.disablekeywordgroup, Tracks, Tracks[].TrackNumber, Tracks[].LengthSeconds, Tracks[].Comment, Tracks[].Composer, Tracks[].AlbumID, Tracks[].LibraryID, Tracks[].ID, Tracks[].DisplayTitle, Tracks[].alternatetitle, Tracks[].Genre, Tracks[].Bpm, Tracks[].Version, Tracks[].CDCode, Tracks[].AlbumName, Tracks[].IsAlternate, Tracks[].AlternateCount, Tracks[].RightHolderIDs, Tracks[].RightHolderIDs[].ID, Tracks[].Highlighted, Tracks[].HighlightedInPlaylists, Tracks[].HasLyrics, Tracks[].IsExplicit, Tracks[].Tags, Tracks[].MainTrackID, Facets, UseDatabase"
Public API > Searching Metadata > Search,Predictive Search,POST,{HM_ServiceAPI_URL}/autocomplete/{HM_ServiceAPI_MemberToken},raw,"Keyword, Wildcard, ReturnTracks, ReturnTracks_MainOnly, ReturnTracks_Fields, ReturnTracks_Limit, ReturnTracks_Order, ReturnTracks_DisableKeywordGroup, ReturnTracks_Rank, ReturnAlbums, ReturnAlbums_Fields, ReturnAlbums_Limit, ReturnAlbums_Order, ReturnAlbums_DisableKeywordGroup, ReturnLibraries, ReturnLibraries_Fields, ReturnLibraries_Limit, ReturnLibraries_DisableKeywordGroup, ReturnStyles, ReturnStyles_Limit, ReturnStyles_Order, ReturnStyles_DisableKeywordGroup, ReturnCategoryAttributes, ReturnCategoryAttributes_Limit, ReturnCategoryAttributes_ShowOnPlayerOnly, ReturnCategoryAttributes_IncludeCategory, ReturnCategoryAttributes_Order, ReturnCategoryAttributes_DisableKeywordGroup, ReturnRightHolders, ReturnRightHolders_Fields, ReturnRightHolders_Limit, ReturnRightHolders_DisableKeywordGroup, RightHolderTypes, ReturnLyrics, ReturnLyrics_Limit, ReturnLyrics_MainOnly, ReturnLyrics_DisableKeywordGroup, ReturnKeywords, ReturnKeywordsMaxSize, ReturnKeywordsForMatch, ReturnKeywordsForMatch_Fields, ReturnKeywordsForMatch_HideWhenSearchTerm, ReturnKeywordsDisableKeywordGroup, ReturnFeaturedPlaylists, ReturnFeaturedPlaylist_Fields, ReturnFeaturedPlaylists_Limit, ReturnFeaturedPlaylist_Order, ReturnFeaturedPlaylists_DisableKeywordGroup",response.originalRequest,valid,"AlbumsFound, Albums, Albums[].AlbumID, Albums[].CDCode, Albums[].DisplayTitle, Albums[].TrackCount, TracksFound, Tracks, Tracks[].TrackID, Tracks[].CDCode, Tracks[].TrackNumber, Tracks[].DisplayTitle, Tracks[].AlternateTitle, Tracks[].Version, Tracks[].AlbumID, StylesFound, Styles, Styles[].StyleID, Styles[].Name, Styles[].AlbumCount, TagsFound, CategoryAttributesFound, LibraryFound, Libraries, Libraries[].LibraryID, Libraries[].Name, ComposerFound, RightHolderFound, rightHolders, rightHolders[].RightHolderID, rightHolders[].FirstName, rightHolders[].LastName, rightHolders[].Name, rightHolders[].MiddelName, rightHolders[].IPI, LyricFound, Lyrics, Lyrics[].TrackID, Lyrics[].CDCode, Lyrics[].Lyric, Lyrics[].Artist, Lyrics[].TrackNumber, Lyrics[].DisplayTitle, Lyrics[].Version, Lyrics[].AlbumID, Keywords, Keywords[].Keyword, Keywords[].Count, FeaturedPlaylistsFound, FeaturedPlaylists, FeaturedPlaylists[].PlaylistID, FeaturedPlaylists[].DisplayTitle, FeaturedPlaylists[].Description"
Public API > Searching Metadata > Search Similar > Overview,Implementation Guide,INFO:,,,,,not-applicable,
Public API > Searching Metadata > Search Similar > AIMS > Similarity (By TrackID),Search Similar Tracks (By TrackID),POST,{HM_ServiceAPI_URL}/cloudsearch/{HM_ServiceAPI_MemberToken},raw,"SearchFilters, SearchFilters.SearchTermBundle, SearchFilters.SearchTermBundle.St_Audio, SearchFilters.SearchTermBundle.St_Audio.Audio, SearchFilters.SearchTermBundle.St_Audio.Audio[].TrackID, SearchFilters.SearchTermBundle.St_Audio.Start, SearchFilters.SearchTermBundle.St_Audio.Duration, SearchFilters.ResultView, SearchFilters.ResultView.Sort_Predefined, SearchFilters.ResultView.Evoke_IncludeSeed, SearchFilters.ResultView.Evoke_PrioritizeBPM, SearchFilters.ResultView.Evoke_SuppressVocals, SearchFilters.ResultView.Limit",request,valid,
Public API > Searching Metadata > Search Similar > AIMS > Similarity (By Audio File Upload),Get Audio File Upload URL,POST,{HM_ServiceAPI_URL}/getpresigneduploadurl/{HM_ServiceAPI_MemberToken},raw,"AssetType, FileName, ContentType, ExpiresInSeconds, ObjectId",request,valid,"PresignedUploadUrl, ResourceUrl"
Public API > Searching Metadata > Search Similar > AIMS > Similarity (By Audio File Upload),Confirm Audio File Upload Complete,POST,{HM_ServiceAPI_URL}/confirmpresignedupload/{HM_ServiceAPI_MemberToken},raw,"AssetType, FileName, ReturnWaveformDatapoints, ReturnWaveformDatapointsUrl, ObjectId",request,valid,Code
Public API > Searching Metadata > Search Similar > AIMS > Similarity (By Audio File Upload),Search Similar Tracks (By Audio File Upload),POST,{HM_ServiceAPI_URL}/cloudsearch/{HM_ServiceAPI_MemberToken},raw,"SearchFilters, SearchFilters.SearchTermBundle, SearchFilters.SearchTermBundle.St_Audio, SearchFilters.SearchTermBundle.St_Audio.Audio, SearchFilters.SearchTermBundle.St_Audio.Audio[].Url, SearchFilters.SearchTermBundle.St_Audio.Audio[].Type, SearchFilters.SearchTermBundle.St_Audio.Audio[].Start, SearchFilters.SearchTermBundle.St_Audio.Audio[].Duration, SearchFilters.ResultView, SearchFilters.ResultView.Sort_Predefined, SearchFilters.ResultView.Evoke_IncludeSeed, SearchFilters.ResultView.Evoke_PrioritizeBPM, SearchFilters.ResultView.Evoke_SuppressVocals, SearchFilters.ResultView.Limit",request,valid,"TotalTracks, TotalAlbums, TotalLibraries, SearchParameters, SearchParameters.searchtype, SearchParameters.memberaccount, SearchParameters.region, SearchParameters.includeinactive, SearchParameters.mainonly, SearchParameters.alternativeonly, SearchParameters.parentsearchhistoryid, SearchParameters.resultview, SearchParameters.resultview.view, SearchParameters.resultview.sort_predefined, SearchParameters.resultview.skip, SearchParameters.resultview.limit, SearchParameters.resultview.saved, SearchParameters.resultview.mincount, SearchParameters.resultview.returntrackcategoryid, SearchParameters.resultview.facet_album, SearchParameters.resultview.facet_albumskip, SearchParameters.resultview.facet_albumlimit, SearchParameters.resultview.facet_library, SearchParameters.resultview.facet_libraryskip, SearchParameters.resultview.facet_librarylimit, SearchParameters.resultview.facet_style, SearchParameters.resultview.facet_styleskip, SearchParameters.resultview.facet_stylelimit, SearchParameters.resultview.facet_category, SearchParameters.resultview.facet_categoryskip, SearchParameters.resultview.facet_categorylimit, SearchParameters.resultview.facet_composer, SearchParameters.resultview.facet_composerskip, SearchParameters.resultview.facet_composerlimit, SearchParameters.resultview.bpm_range, SearchParameters.resultview.duration_range, SearchParameters.resultview.include_alternates, SearchParameters.resultview.include_rightholders, SearchParameters.resultview.include_lyrics, SearchParameters.resultview.include_keywords, SearchParameters.resultview.tracks_per_album, SearchParameters.resultview.facet_bpm, SearchParameters.resultview.facet_duration, SearchParameters.PreviousSearchTermBundles, SearchParameters.PreviousSearchTermBundles[].SearchHistoryID, SearchParameters.PreviousSearchTermBundles[].st_audio, SearchParameters.PreviousSearchTermBundles[].st_audio.searchtermid, SearchParameters.PreviousSearchTermBundles[].st_audio.audio, SearchParameters.PreviousSearchTermBundles[].st_audio.audio[].url, SearchParameters.PreviousSearchTermBundles[].st_audio.audio[].type, SearchParameters.PreviousSearchTermBundles[].st_audio.audio[].start, SearchParameters.PreviousSearchTermBundles[].st_audio.audio[].duration, Tracks, Tracks[].TrackNumber, Tracks[].LengthSeconds, Tracks[].Comment, Tracks[].Composer, Tracks[].AlbumID, Tracks[].LibraryID, Tracks[].ID, Tracks[].Keywords, Tracks[].DisplayTitle, Tracks[].alternatetitle, Tracks[].Genre, Tracks[].Bpm, Tracks[].Version, Tracks[].CDCode, Tracks[].AlbumName, Tracks[].LibraryName, Tracks[].IsAlternate, Tracks[].AlternateCount, Tracks[].RightHolderIDs, Tracks[].RightHolderIDs[].ID, Tracks[].HasLyrics, Tracks[].IsExplicit, Tracks[].Tags, Tracks[].MainTrackID, Tracks[].EvokeSegments, Tracks[].EvokeSegments[].Length, Tracks[].EvokeSegments[].Start, Tracks[].EvokeSegments[].Score, Facets, UseDatabase"
Public API > Searching Metadata > Search Similar > AIMS > Similarity (By URL),Get External Audio File,POST,{HM_ServiceAPI_URL}/getexternalaudiobyurl/{HM_ServiceAPI_MemberToken},raw,"Url, Type, ReturnWaveformDataPoints, ReturnWaveformDataPointsUrl",request,valid,"ResourceUrl, Asset, Asset.MaxDuration, Asset.WaveformDatapoints"
Public API > Searching Metadata > Search Similar > AIMS > Similarity (By URL),Search Similar Tracks (By URL),POST,{HM_ServiceAPI_URL}/cloudsearch/{HM_ServiceAPI_MemberToken},raw,"SearchFilters, SearchFilters.SearchTermBundle, SearchFilters.SearchTermBundle.St_Audio, SearchFilters.SearchTermBundle.St_Audio.Audio, SearchFilters.SearchTermBundle.St_Audio.Audio[].Url, SearchFilters.SearchTermBundle.St_Audio.Audio[].Type, SearchFilters.SearchTermBundle.St_Audio.Audio[].Start, SearchFilters.SearchTermBundle.St_Audio.Audio[].Duration, SearchFilters.ResultView, SearchFilters.ResultView.Sort_Predefined, SearchFilters.ResultView.Evoke_IncludeSeed, SearchFilters.ResultView.Evoke_PrioritizeBPM, SearchFilters.ResultView.Evoke_SuppressVocals, SearchFilters.ResultView.Limit",request,valid,
Public API > Searching Metadata > Search Similar > AIMS > Similarity (By Prompt),Search Similar Tracks (By Prompt),POST,{HM_ServiceAPI_URL}/cloudsearch/{HM_ServiceAPI_MemberToken},raw,"SearchFilters, SearchFilters.SearchTermBundle, SearchFilters.SearchTermBundle.St_Audio, SearchFilters.SearchTermBundle.St_Audio.Audio, SearchFilters.SearchTermBundle.St_Audio.Audio[].Prompt, SearchFilters.SearchTermBundle.St_Audio.Start, SearchFilters.SearchTermBundle.St_Audio.Duration, SearchFilters.ResultView, SearchFilters.ResultView.Sort_Predefined, SearchFilters.ResultView.Evoke_IncludeSeed, SearchFilters.ResultView.Evoke_PrioritizeBPM, SearchFilters.ResultView.Evoke_SuppressVocals, SearchFilters.ResultView.Skip, SearchFilters.ResultView.Limit",response.originalRequest,valid,
Public API > Searching Metadata > Search Similar > CYANITE > Similarity (By TrackID),Search Similar Tracks (By TrackID),POST,{HM_ServiceAPI_URL}/cloudsearch/{HM_ServiceAPI_MemberToken},raw,"SearchFilters, SearchFilters.SearchTermBundle, SearchFilters.SearchTermBundle.St_Audio, SearchFilters.SearchTermBundle.St_Audio.Audio, SearchFilters.SearchTermBundle.St_Audio.Audio[].TrackID, SearchFilters.SearchTermBundle.St_Audio.Start, SearchFilters.SearchTermBundle.St_Audio.Duration, SearchFilters.ResultView, SearchFilters.ResultView.Sort_Predefined, SearchFilters.ResultView.Limit",response.originalRequest,valid,
Public API > Searching Metadata > Search Similar > CYANITE > Similarity (By Uploaded Audio File),Get Audio File Upload URL,POST,{HM_ServiceAPI_URL}/getpresigneduploadurl/{HM_ServiceAPI_MemberToken},raw,"AssetType, FileName, ContentType, ExpiresInSeconds, ObjectId",response.originalRequest,valid,"PresignedUploadUrl, ResourceUrl"
Public API > Searching Metadata > Search Similar > CYANITE > Similarity (By Uploaded Audio File),Confirm Audio File Upload Complete,POST,{HM_ServiceAPI_URL}/confirmpresignedupload/{HM_ServiceAPI_MemberToken},raw,"AssetType, FileName, ReturnWaveformDatapoints, ReturnWaveformDatapointsUrl, ObjectId",response.originalRequest,valid,"Code, Asset, Asset.MaxDuration, Asset.WaveformDatapoints, Asset.WaveformDatapointsUrl, Asset.ExternalID"
Public API > Searching Metadata > Search Similar > CYANITE > Similarity (By Uploaded Audio File),Get External Audio File Ingestion Status,POST,{HM_ServiceAPI_URL}/getexternalaudiostatus/{HM_ServiceAPI_MemberToken},raw,ExternalID,response.originalRequest,valid,Code
Public API > Searching Metadata > Search Similar > CYANITE > Similarity (By Uploaded Audio File),Search Similar Tracks (By Audio File Upload),POST,{HM_ServiceAPI_URL}/cloudsearch/{HM_ServiceAPI_MemberToken},raw,"SearchFilters, SearchFilters.SearchTermBundle, SearchFilters.SearchTermBundle.St_Audio, SearchFilters.SearchTermBundle.St_Audio.Audio, SearchFilters.SearchTermBundle.St_Audio.Audio[].Url, SearchFilters.SearchTermBundle.St_Audio.Audio[].Type, SearchFilters.SearchTermBundle.St_Audio.Start, SearchFilters.SearchTermBundle.St_Audio.Duration, SearchFilters.ResultView, SearchFilters.ResultView.Sort_Predefined, SearchFilters.ResultView.Limit",response.originalRequest,valid,"TotalTracks, TotalAlbums, TotalLibraries, SearchParameters, SearchParameters.searchtype, SearchParameters.memberaccount, SearchParameters.region, SearchParameters.includeinactive, SearchParameters.mainonly, SearchParameters.alternativeonly, SearchParameters.parentsearchhistoryid, SearchParameters.resultview, SearchParameters.resultview.view, SearchParameters.resultview.sort_predefined, SearchParameters.resultview.skip, SearchParameters.resultview.limit, SearchParameters.resultview.saved, SearchParameters.resultview.mincount, SearchParameters.resultview.returntrackcategoryid, SearchParameters.resultview.facet_album, SearchParameters.resultview.facet_albumskip, SearchParameters.resultview.facet_albumlimit, SearchParameters.resultview.facet_library, SearchParameters.resultview.facet_libraryskip, SearchParameters.resultview.facet_librarylimit, SearchParameters.resultview.facet_style, SearchParameters.resultview.facet_styleskip, SearchParameters.resultview.facet_stylelimit, SearchParameters.resultview.facet_category, SearchParameters.resultview.facet_categoryskip, SearchParameters.resultview.facet_categorylimit, SearchParameters.resultview.facet_composer, SearchParameters.resultview.facet_composerskip, SearchParameters.resultview.facet_composerlimit, SearchParameters.resultview.bpm_range, SearchParameters.resultview.duration_range, SearchParameters.resultview.include_alternates, SearchParameters.resultview.include_rightholders, SearchParameters.resultview.include_lyrics, SearchParameters.resultview.include_keywords, SearchParameters.resultview.tracks_per_album, SearchParameters.resultview.facet_bpm, SearchParameters.resultview.facet_duration, SearchParameters.PreviousSearchTermBundles, SearchParameters.PreviousSearchTermBundles[].SearchHistoryID, SearchParameters.PreviousSearchTermBundles[].st_audio, SearchParameters.PreviousSearchTermBundles[].st_audio.searchtermid, SearchParameters.PreviousSearchTermBundles[].st_audio.audio, SearchParameters.PreviousSearchTermBundles[].st_audio.audio[].url, SearchParameters.PreviousSearchTermBundles[].st_audio.audio[].type, SearchParameters.PreviousSearchTermBundles[].st_audio.audio[].start, SearchParameters.PreviousSearchTermBundles[].st_audio.audio[].duration, Tracks, Tracks[].TrackNumber, Tracks[].LengthSeconds, Tracks[].Comment, Tracks[].Composer, Tracks[].AlbumID, Tracks[].LibraryID, Tracks[].ID, Tracks[].Keywords, Tracks[].DisplayTitle, Tracks[].alternatetitle, Tracks[].Genre, Tracks[].Bpm, Tracks[].Version, Tracks[].CDCode, Tracks[].AlbumName, Tracks[].LibraryName, Tracks[].IsAlternate, Tracks[].AlternateCount, Tracks[].RightHolderIDs, Tracks[].RightHolderIDs[].ID, Tracks[].HasLyrics, Tracks[].IsExplicit, Tracks[].Tags, Tracks[].MainTrackID, Tracks[].EvokeSegments, Tracks[].EvokeSegments[].Length, Tracks[].EvokeSegments[].Start, Tracks[].EvokeSegments[].Score, Facets, UseDatabase"
Public API > Searching Metadata > Search Similar > CYANITE > Similarity (By URL),Get External Audio File Ingestion Status,POST,{HM_ServiceAPI_URL}/getexternalaudiostatus/{HM_ServiceAPI_MemberToken},raw,"ExternalID, ExternalType",response.originalRequest,valid,Code
Public API > Searching Metadata > Search Similar > CYANITE > Similarity (By URL),Search Similar Tracks (By URL),POST,{HM_ServiceAPI_URL}/cloudsearch/{HM_ServiceAPI_MemberToken},raw,"SearchFilters, SearchFilters.SearchTermBundle, SearchFilters.SearchTermBundle.St_Audio, SearchFilters.SearchTermBundle.St_Audio.Audio, SearchFilters.SearchTermBundle.St_Audio.Audio[].Url, SearchFilters.SearchTermBundle.St_Audio.Audio[].Type, SearchFilters.ResultView, SearchFilters.ResultView.Sort_Predefined, SearchFilters.ResultView.Limit",response.originalRequest,valid,
Public API > Searching Metadata > Search Similar > CYANITE > Similarity (By Free Text),Search Similar Tracks (By Free Text),POST,{HM_ServiceAPI_URL}/cloudsearch/{HM_ServiceAPI_MemberToken},raw,"SearchFilters, SearchFilters.SearchTermBundle, SearchFilters.SearchTermBundle.St_Audio, SearchFilters.SearchTermBundle.St_Audio.Audio, SearchFilters.SearchTermBundle.St_Audio.Audio[].Prompt, SearchFilters.SearchTermBundle.St_Audio.Start, SearchFilters.SearchTermBundle.St_Audio.Duration, SearchFilters.ResultView, SearchFilters.ResultView.Sort_Predefined, SearchFilters.ResultView.Evoke_IncludeSeed, SearchFilters.ResultView.Evoke_PrioritizeBPM, SearchFilters.ResultView.Evoke_SuppressVocals, SearchFilters.ResultView.Skip, SearchFilters.ResultView.Limit",response.originalRequest,valid,
Public API > Searching Metadata > Search Similar > HARMIX > Similarity (By Track ID),Search Similar Tracks (By TrackID),POST,{HM_ServiceAPI_URL}/cloudsearch/{HM_ServiceAPI_MemberToken},raw,"SearchFilters, SearchFilters.SearchTermBundle, SearchFilters.SearchTermBundle.St_Audio, SearchFilters.SearchTermBundle.St_Audio.Audio, SearchFilters.SearchTermBundle.St_Audio.Audio[].TrackID, SearchFilters.SearchTermBundle.St_Audio.Start, SearchFilters.SearchTermBundle.St_Audio.Duration, SearchFilters.ResultView, SearchFilters.ResultView.Sort_Predefined, SearchFilters.ResultView.Evoke_IncludeSeed, SearchFilters.ResultView.Evoke_PrioritizeBPM, SearchFilters.ResultView.Evoke_SuppressVocals, SearchFilters.ResultView.Skip, SearchFilters.ResultView.Limit",request,valid,
Public API > Searching Metadata > Search Similar > HARMIX > Similarity (By Audio File Upload),Get Audio File Upload URL,POST,{HM_ServiceAPI_URL}/getpresigneduploadurl/{HM_ServiceAPI_MemberToken},raw,"AssetType, FileName, ContentType, ExpiresInSeconds, ObjectId",request,valid,"PresignedUploadUrl, ResourceUrl"
Public API > Searching Metadata > Search Similar > HARMIX > Similarity (By Audio File Upload),Confirm Audio File Upload Complete,POST,{HM_ServiceAPI_URL}/confirmpresignedupload/{HM_ServiceAPI_MemberToken},raw,"AssetType, FileName, ReturnWaveformDatapoints, ReturnWaveformDatapointsUrl, ObjectId",request,valid,Code
Public API > Searching Metadata > Search Similar > HARMIX > Similarity (By Audio File Upload),Search Similar Tracks (By Audio File Upload),POST,{HM_ServiceAPI_URL}/cloudsearch/{HM_ServiceAPI_MemberToken},raw,"SearchFilters, SearchFilters.SearchTermBundle, SearchFilters.SearchTermBundle.St_Audio, SearchFilters.SearchTermBundle.St_Audio.Audio, SearchFilters.SearchTermBundle.St_Audio.Audio[].Url, SearchFilters.SearchTermBundle.St_Audio.Audio[].Type, SearchFilters.SearchTermBundle.St_Audio.Audio[].Start, SearchFilters.SearchTermBundle.St_Audio.Audio[].Duration, SearchFilters.ResultView, SearchFilters.ResultView.Sort_Predefined, SearchFilters.ResultView.Evoke_IncludeSeed, SearchFilters.ResultView.Evoke_PrioritizeBPM, SearchFilters.ResultView.Evoke_SuppressVocals, SearchFilters.ResultView.Skip, SearchFilters.ResultView.Limit",request,valid,"TotalTracks, TotalAlbums, TotalLibraries, SearchParameters, SearchParameters.searchtype, SearchParameters.memberaccount, SearchParameters.region, SearchParameters.includeinactive, SearchParameters.mainonly, SearchParameters.alternativeonly, SearchParameters.parentsearchhistoryid, SearchParameters.resultview, SearchParameters.resultview.view, SearchParameters.resultview.sort_predefined, SearchParameters.resultview.skip, SearchParameters.resultview.limit, SearchParameters.resultview.saved, SearchParameters.resultview.mincount, SearchParameters.resultview.returntrackcategoryid, SearchParameters.resultview.facet_album, SearchParameters.resultview.facet_albumskip, SearchParameters.resultview.facet_albumlimit, SearchParameters.resultview.facet_library, SearchParameters.resultview.facet_libraryskip, SearchParameters.resultview.facet_librarylimit, SearchParameters.resultview.facet_style, SearchParameters.resultview.facet_styleskip, SearchParameters.resultview.facet_stylelimit, SearchParameters.resultview.facet_category, SearchParameters.resultview.facet_categoryskip, SearchParameters.resultview.facet_categorylimit, SearchParameters.resultview.facet_composer, SearchParameters.resultview.facet_composerskip, SearchParameters.resultview.facet_composerlimit, SearchParameters.resultview.bpm_range, SearchParameters.resultview.duration_range, SearchParameters.resultview.include_alternates, SearchParameters.resultview.include_rightholders, SearchParameters.resultview.include_lyrics, SearchParameters.resultview.include_keywords, SearchParameters.resultview.tracks_per_album, SearchParameters.resultview.facet_bpm, SearchParameters.resultview.facet_duration, SearchParameters.PreviousSearchTermBundles, SearchParameters.PreviousSearchTermBundles[].SearchHistoryID, SearchParameters.PreviousSearchTermBundles[].st_audio, SearchParameters.PreviousSearchTermBundles[].st_audio.searchtermid, SearchParameters.PreviousSearchTermBundles[].st_audio.audio, SearchParameters.PreviousSearchTermBundles[].st_audio.audio[].url, SearchParameters.PreviousSearchTermBundles[].st_audio.audio[].type, SearchParameters.PreviousSearchTermBundles[].st_audio.audio[].start, SearchParameters.PreviousSearchTermBundles[].st_audio.audio[].duration, Tracks, Tracks[].TrackNumber, Tracks[].LengthSeconds, Tracks[].Comment, Tracks[].Composer, Tracks[].AlbumID, Tracks[].LibraryID, Tracks[].ID, Tracks[].Keywords, Tracks[].DisplayTitle, Tracks[].alternatetitle, Tracks[].Genre, Tracks[].Bpm, Tracks[].Version, Tracks[].CDCode, Tracks[].AlbumName, Tracks[].LibraryName, Tracks[].IsAlternate, Tracks[].AlternateCount, Tracks[].RightHolderIDs, Tracks[].RightHolderIDs[].ID, Tracks[].HasLyrics, Tracks[].IsExplicit, Tracks[].Tags, Tracks[].MainTrackID, Tracks[].EvokeSegments, Tracks[].EvokeSegments[].Length, Tracks[].EvokeSegments[].Start, Tracks[].EvokeSegments[].Score, Facets, UseDatabase"
Public API > Searching Metadata > Search Similar > HARMIX > Similarity (By URL),Get External Audio File,POST,{HM_ServiceAPI_URL}/getexternalaudiobyurl/{HM_ServiceAPI_MemberToken},raw,"Url, Type, ReturnWaveformDataPoints, ReturnWaveformDataPointsUrl",request,valid,"ResourceUrl, Asset, Asset.MaxDuration, Asset.WaveformDatapoints"
Public API > Searching Metadata > Search Similar > HARMIX > Similarity (By URL),Search Similar Tracks (By URL),POST,{HM_ServiceAPI_URL}/cloudsearch/{HM_ServiceAPI_MemberToken},raw,"SearchFilters, SearchFilters.SearchTermBundle, SearchFilters.SearchTermBundle.St_Audio, SearchFilters.SearchTermBundle.St_Audio.Audio, SearchFilters.SearchTermBundle.St_Audio.Audio[].Url, SearchFilters.SearchTermBundle.St_Audio.Audio[].Type, SearchFilters.SearchTermBundle.St_Audio.Audio[].Start, SearchFilters.SearchTermBundle.St_Audio.Audio[].Duration, SearchFilters.ResultView, SearchFilters.ResultView.Sort_Predefined, SearchFilters.ResultView.Evoke_IncludeSeed, SearchFilters.ResultView.Evoke_PrioritizeBPM, SearchFilters.ResultView.Evoke_SuppressVocals, SearchFilters.ResultView.Limit",request,valid,
Public API > Searching Metadata > Search Similar > HARMIX > Similarity (By Prompt),Search Similar Tracks (By Prompt),POST,{HM_ServiceAPI_URL}/cloudsearch/{HM_ServiceAPI_MemberToken},raw,"SearchFilters, SearchFilters.SearchTermBundle, SearchFilters.SearchTermBundle.St_Audio, SearchFilters.SearchTermBundle.St_Audio.Audio, SearchFilters.SearchTermBundle.St_Audio.Audio[].Prompt, SearchFilters.SearchTermBundle.St_Audio.Start, SearchFilters.SearchTermBundle.St_Audio.Duration, SearchFilters.ResultView, SearchFilters.ResultView.Sort_Predefined, SearchFilters.ResultView.Evoke_IncludeSeed, SearchFilters.ResultView.Evoke_PrioritizeBPM, SearchFilters.ResultView.Evoke_SuppressVocals, SearchFilters.ResultView.Skip, SearchFilters.ResultView.Limit",request,valid,
Public API > Member Management > Registration,Implementation Guide Members,INFO,,,,,not-applicable,
Public API > Member Management > Registration,Register Member,POST,{HM_ServiceAPI_URL}/registermember/{HM_ServiceAPI_Token},raw,"MemberAccount, MemberAccount.FirstName, MemberAccount.LastName, MemberAccount.Email, MemberAccount.Company, MemberAccount.Production, MemberAccount.SubProduction, MemberAccount.Position, MemberAccount.Address1, MemberAccount.Address2, MemberAccount.Suburb, MemberAccount.State, MemberAccount.Postcode, MemberAccount.Country, MemberAccount.Phone, MemberAccount.Username, MemberAccount.Password, MemberAccount.TermsAccept, MemberAccount.PrivacyAccept, MemberAccount.Subscribe, MemberAccount.FileFormat, MemberAccount.SearchFormat, MemberAccount.SearchSort, MemberAccount.Attributes, MemberAccount.ExternalMemberID, MemberAccount.ExternalVerifyToken, MemberAccount.Freelancer, MemberAccount.PositionType, NoMemberEmail, VerifierEmail, RegistrationCode",response.originalRequest,valid,"MemberAccount, MemberAccount.ID, MemberAccount.FirstName, MemberAccount.LastName, MemberAccount.Email, MemberAccount.Company, MemberAccount.Production, MemberAccount.SubProduction, MemberAccount.Position, MemberAccount.Address1, MemberAccount.Address2, MemberAccount.Suburb, MemberAccount.State, MemberAccount.Postcode, MemberAccount.Country, MemberAccount.Phone, MemberAccount.Username, MemberAccount.TermsAccept, MemberAccount.Subscribe, MemberAccount.FileFormat, MemberAccount.SearchFormat, MemberAccount.SearchSort, MemberAccount.SampleEnabled, MemberAccount.Status, MemberAccount.RegionID, MemberAccount.ServiceInfoURLs, MemberAccount.ServiceInfoURLs.DirectDownloadURL, MemberAccount.ServiceInfoURLs.TrackStreamURL, MemberAccount.ServiceInfoURLs.ProfileImageURL, MemberAccount.ServiceInfoURLs.AlbumMontageSampleURL, MemberAccount.ServiceInfoURLs.AlbumArtURL, MemberAccount.ServiceInfoURLs.WaveformURL, MemberAccount.ServiceInfoURLs.MontageWaveformURL, MemberAccount.ServiceInfoURLs.LibraryLogoUrl, MemberAccount.ServiceInfoURLs.PlaylistArtUrl, MemberAccount.ServiceInfoURLs.PlaylistCategoryArtUrl, MemberAccount.ServiceInfoURLs.RightHolderProfileUrl, MemberAccount.ServiceInfoURLs.WaveformDataPointUrl, MemberAccount.ServiceInfoURLs.StyleArtUrl, MemberAccount.ServiceInfoURLs.MemberGroupLogoUrl, MemberAccount.ServiceInfoURLs.MemberGroupArtUrl, MemberAccount.ServiceInfoURLs.MemberGroupProductionArtUrl, MemberAccount.LanguageCode, MemberAccount.Salutation, MemberAccount.MemberTypeID, MemberAccount.FileFormats, MemberAccount.FileFormats[].ID, MemberAccount.FileFormats[].FileExtension, MemberAccount.FileFormats[].BitRate, MemberAccount.FileFormats[].SampleRate, MemberAccount.FileFormats[].SampleSize, MemberAccount.FileFormats[].Isdefaultdownload, MemberAccount.FileFormats[].isdefaultdownloadfortype, MemberAccount.HasProfileImage, MemberAccount.PrivacyAccept, MemberAccount.DownloadEnabled, MemberAccount.DownloadsRemaining, MemberAccount.DownloadEnabledType, MemberAccount.DownloadLimit, MemberAccount.DownloadsUsed, MemberAccount.DownloadStem, MemberAccount.MemberGroups, MemberAccount.MemberGroups[].ID, MemberAccount.MemberGroups[].Name, MemberAccount.MemberGroups[].AssignedRegionID, MemberAccount.MemberGroups[].AssignedRegionChangeEnabled, MemberAccount.MemberGroups[].Type, MemberAccount.MemberGroups[].ProductionsCount, MemberAccount.MemberGroups[].ProductionsTitle, MemberAccount.MemberGroups[].HasLogoArtWork, MemberAccount.MemberGroups[].HasArtWork, MemberAccount.MemberGroups[].HasSearchRankExpression, MemberAccount.PositionType, MemberAccount.Freelancer, MemberAccount.ManagedBy, MemberAccount.ManagedBy.Name, MemberAccount.ManagedBy.Email, MemberAccount.ManagedBy.Phone, MemberAccount.Attributes, MemberChannels"
Public API > Member Management > Registration,Validate Username,POST,{HM_ServiceAPI_URL}/validateusername/{HM_ServiceAPI_Token},raw,"Username, VerifyEmail",response.originalRequest,valid,Code
Public API > Member Management > Registration,Validate Email,POST,{HM_ServiceAPI_URL}/validatememberemail/{HM_ServiceAPI_Token},raw,Email,response.originalRequest,valid,Code
Public API > Member Management > Verification,Send Verify Member Link Email,POST,{HM_ServiceAPI_URL}/sendmemberverifylinkemail/{HM_ServiceAPI_Token},raw,"Email, ExternalVerifyToken",response.originalRequest,valid,Code
Public API > Member Management > Verification,Validate Verify Member Token,GET,{HM_ServiceAPI_URL}/validateverifymembertoken/{HM_ServiceAPI_Token}/{VerifyMemberToken},raw,,,empty,"Token, Token.Value, Token.Expiry, Token.UTCOffset, Token.IsOfSingleUse"
Public API > Member Management > Verification,Verify Member,POST,{HM_ServiceAPI_URL}/verifymember/{HM_ServiceAPI_Token},raw,Token,response.originalRequest,valid,Code
Public API > Member Management > Authentication,Authenticate Member & Generate Persistent Member Token,POST,{HM_ServiceAPI_URL}/getmembertoken/{HM_ServiceAPI_Token},raw,"UserName, Password, PersistentLogin, ReturnMemberDetails",request,valid,
Public API > Member Management > Authentication,Validate Member Token,GET,{HM_ServiceAPI_URL}/getservicetokeninfo/{HM_ServiceAPI_MemberToken},,,,not-applicable,"Token, Token.Value, Token.Expiry, Token.UTCOffset, Token.Type, Token.IsOfSingleUse, Token.TokenUsageState"
Public API > Member Management > Authentication,Expire Member Token,GET,{HM_ServiceAPI_URL}/expiretoken/{HM_ServiceAPI_MemberToken},,,,not-applicable,Code
Public API > Member Management > Authentication,Validate Persistent Member Token,POST,{HM_ServiceAPI_URL}/validatepersistentlogintoken/{HM_ServiceAPI_Token},raw,"Token, RenewExpiry, GenerateMemberToken, ReturnMemberDetails",response.originalRequest,valid,"MemberToken, MemberToken.Value, MemberToken.Expiry, MemberToken.UTCOffset, MemberToken.Type, MemberToken.IsOfSingleUse, PersistentLoginToken, PersistentLoginToken.Token, PersistentLoginToken.Expiry, PersistentLoginToken.UTCOffset"
Public API > Member Management > Authentication,Expire Persistent Member Token,POST,{HM_ServiceAPI_URL}/expirepersistentlogintoken/{HM_ServiceAPI_Token},raw,Token,response.originalRequest,valid,Code
Public API > Member Management > Single Sign-on,Get Single Sign-on Token,GET,{HM_ServiceAPI_URL}/getssotoken/{HM_ServiceAPI_MemberToken},,,,not-applicable,"Token, Token.Value, Token.Expiry, Token.UTCOffset, Token.Type, Token.IsOfSingleUse, Token.ForcePasswordReset"
Public API > Member Management > Single Sign-on,Validate Single Sign-on Token,POST,{HM_ServiceAPI_URL}/validatessotoken/{HM_ServiceAPI_Token},raw,"Token, GenerateMemberToken, ReturnMemberDetails",request,valid,"MemberToken, MemberToken.Value, MemberToken.Expiry, MemberToken.UTCOffset, MemberToken.Type, MemberToken.IsOfSingleUse, MemberToken.ForcePasswordReset, SSOToken, SSOToken.Token, SSOToken.Expiry, SSOToken.UTCOffset, MemberAccount, MemberAccount.HasProfileImage, MemberAccount.DownloadEnabledType"
Public API > Member Management > Profile,Get Member Details,GET,{HM_ServiceAPI_URL}/getmember/{HM_ServiceAPI_MemberToken},,,,not-applicable,"Member, Member.ID, Member.AccessID, Member.FirstName, Member.LastName, Member.Email, Member.Company, Member.Production, Member.SubProduction, Member.Position, Member.Address1, Member.Address2, Member.Suburb, Member.State, Member.Postcode, Member.Country, Member.Phone, Member.Username, Member.TermsAccept, Member.PrivacyAccept, Member.Subscribe, Member.FileFormat, Member.SearchFormat, Member.SearchSort, Member.SampleEnabled, Member.DownloadEnabled, Member.DownloadEnabledType, Member.DownloadLimit, Member.DownloadsUsed, Member.DownloadsRemaining, Member.DownloadStem, Member.MemberGroups, Member.Status, Member.RegionID, Member.PasswordType, Member.ServiceInfoURLs, Member.ServiceInfoURLs.DirectDownloadURL, Member.ServiceInfoURLs.TrackStreamURL, Member.ServiceInfoURLs.ProfileImageURL, Member.ServiceInfoURLs.AlbumMontageDownloadURL, Member.ServiceInfoURLs.AlbumArtURL, Member.ServiceInfoURLs.WaveformURL, Member.ServiceInfoURLs.MontageWaveformURL, Member.ServiceInfoURLs.LibraryLogoUrl, Member.ServiceInfoURLs.PlaylistArtUrl, Member.ServiceInfoURLs.PlaylistCategoryArtUrl, Member.ServiceInfoURLs.RightHolderProfileUrl, Member.ServiceInfoURLs.WaveformDataPointUrl, Member.ServiceInfoURLs.StyleArtUrl, Member.ServiceInfoURLs.MemberGroupLogoUrl, Member.ServiceInfoURLs.MemberGroupArtUrl, Member.ServiceInfoURLs.MemberGroupProductionArtUrl, Member.FileFormats, Member.FileFormats[].ID, Member.HasProfileImage, Member.PositionType, Member.Freelancer, Member.ManagedBy, Member.ManagedBy.Name, Member.ManagedBy.Email, Member.ManagedBy.Phone, Member.Attributes"
Public API > Member Management > Profile,Get Member Details (Invited),POST,{HM_ServiceAPI_URL}/getinvitedmembertoken/{HM_ServiceAPI_Token},raw,,response.originalRequest,non-json:xml,"Token, Token.Value, Token.Expiry, Token.UTCOffset, Token.Type, Token.IsOfSingleUse"
Public API > Member Management > Profile,Update Member Details,POST,{HM_ServiceAPI_URL}/updatemember/{HM_ServiceAPI_MemberToken},raw,"MemberAccount, MemberAccount.ID, MemberAccount.FirstName, MemberAccount.LastName, MemberAccount.Email, MemberAccount.Company, MemberAccount.Production, MemberAccount.SubProduction, MemberAccount.Position, MemberAccount.Address1, MemberAccount.Address2, MemberAccount.Suburb, MemberAccount.State, MemberAccount.Postcode, MemberAccount.Country, MemberAccount.Phone, MemberAccount.Username, MemberAccount.Password, MemberAccount.TermsAccept, MemberAccount.PrivacyAccept, MemberAccount.Subscribe, MemberAccount.Locked, MemberAccount.LockedType, MemberAccount.FileFormat, MemberAccount.SearchFormat, MemberAccount.SearchSort, MemberAccount.Attributes, MemberAccount.Status",response.originalRequest,valid,"MemberAccount, MemberAccount.ID, MemberAccount.FirstName, MemberAccount.LastName, MemberAccount.Email, MemberAccount.Company, MemberAccount.Production, MemberAccount.SubProduction, MemberAccount.Position, MemberAccount.Address1, MemberAccount.Address2, MemberAccount.Suburb, MemberAccount.State, MemberAccount.Postcode, MemberAccount.Country, MemberAccount.Phone, MemberAccount.Username, MemberAccount.TermsAccept, MemberAccount.PrivacyAccept, MemberAccount.Subscribe, MemberAccount.FileFormat, MemberAccount.SearchFormat, MemberAccount.SearchSort, MemberAccount.SampleEnabled, MemberAccount.DownloadEnabled, MemberAccount.DownloadEnabledType, MemberAccount.DownloadLimit, MemberAccount.DownloadsUsed, MemberAccount.DownloadsRemaining, MemberAccount.DownloadStem, MemberAccount.MemberGroups, MemberAccount.Status, MemberAccount.RegionID, MemberAccount.ServiceInfoURLs, MemberAccount.ServiceInfoURLs.DirectDownloadURL, MemberAccount.ServiceInfoURLs.TrackStreamURL, MemberAccount.ServiceInfoURLs.ProfileImageURL, MemberAccount.ServiceInfoURLs.AlbumMontageDownloadURL, MemberAccount.ServiceInfoURLs.AlbumArtURL, MemberAccount.ServiceInfoURLs.WaveformURL, MemberAccount.ServiceInfoURLs.MontageWaveformURL, MemberAccount.ServiceInfoURLs.LibraryLogoUrl, MemberAccount.ServiceInfoURLs.PlaylistArtUrl, MemberAccount.ServiceInfoURLs.PlaylistCategoryArtUrl, MemberAccount.ServiceInfoURLs.RightHolderProfileUrl, MemberAccount.ServiceInfoURLs.WaveformDataPointUrl, MemberAccount.ServiceInfoURLs.StyleArtUrl, MemberAccount.ServiceInfoURLs.MemberGroupLogoUrl, MemberAccount.ServiceInfoURLs.MemberGroupArtUrl, MemberAccount.ServiceInfoURLs.MemberGroupProductionArtUrl, MemberAccount.LanguageCode, MemberAccount.Salutation, MemberAccount.MemberTypeID, MemberAccount.FileFormats, MemberAccount.HasProfileImage, MemberAccount.Attributes"
Public API > Member Management > Profile,Get Member Image Upload URL,POST,{HM_ServiceAPI_URL}/getpresigneduploadurl/{HM_ServiceAPI_MemberToken},raw,"AssetType, FileName, ContentType, ExpiresInSeconds, ObjectId",response.originalRequest,valid,"PresignedUploadUrl, ResourceUrl"
Public API > Member Management > Profile,Confirm Member Image Upload Complete,POST,{HM_ServiceAPI_URL}/confirmpresignedupload/{HM_ServiceAPI_MemberToken},raw,"AssetType, FileName, ObjectId",response.originalRequest,valid,Code
Public API > Member Management > Profile,Remove Member Image,POST,{HM_ServiceAPI_URL}/removeassignedupload/{HM_ServiceAPI_MemberToken},raw,AssetType,response.originalRequest,valid,Code
Public API > Member Management > Profile,Remove Member,POST,{HM_ServiceAPI_URL}/removememberverifypassword/{HM_ServiceAPI_MemberToken},raw,,,empty,Code
Public API > Member Management > Reset Password,Send Reset Password Email,POST,{HM_ServiceAPI_URL}/sendpasswordresetemail/{HM_ServiceAPI_Token},raw,"Username, Email, ExternalResetToken",response.originalRequest,valid,Code
Public API > Member Management > Reset Password,Validate Reset Password Token,GET,{HM_ServiceAPI_URL}/validatepasswordresettoken/{HM_ServiceAPI_Token}/{ResetToken},raw,,,empty,"Token, Token.Value, Token.Expiry, Token.UTCOffset, Token.IsOfSingleUse"
Public API > Member Management > Reset Password,Update Member Password (Reset),POST,{HM_ServiceAPI_URL}/updatepasswordusingtoken/{HM_ServiceAPI_Token},raw,"Token, Password",response.originalRequest,valid,Code
Public API > Member Management > Subscribe,Subscribe Member,POST,{HM_ServiceAPI_URL}/membersubscribe/{HM_ServiceAPI_MemberToken},raw,"Email, FirstName, LastName, Subscribe",response.originalRequest,valid,Code
Public API > Member Management > Member Groups,Validate Verify Member Group Approval Token,GET,{HM_ServiceAPI_URL}/validatemembergroupmemberapprovaltoken/{HM_ServiceAPI_Token}/{VerifyMemberGroupApprovalToken},raw,,,empty,"Token, Token.Value, Token.Expiry, Token.UTCOffset, Token.IsOfSingleUse, Email, Action"
Public API > Member Management > Member Groups,Verify Member Group Approval,POST,{HM_ServiceAPI_URL}/verifymembergroupmemberapproval/{HM_ServiceAPI_Token},raw,Token,request,valid,"Code, Action, Status"
Public API > Member Management > Member Groups,Get Member Group Regions,GET,{HM_ServiceAPI_URL}/getmembergroupregions/{HM_ServiceAPI_MemberToken}/{MemberGroupID},,,,not-applicable,"Regions, Regions[].ID, Regions[].Name, Regions[].SubscribeDefault, Regions[].LicensingModel, Regions[].Blocked"
Public API > Member Management > Member Groups,Update Member Group Region,POST,{HM_ServiceAPI_URL}/updatemembergroupregion/{HM_ServiceAPI_MemberToken}/{MemberGroupID},raw,RegionID,response.originalRequest,valid,Code
Public API > Member Management > Member Groups,Get Member Group Productions,GET,{HM_ServiceAPI_URL}/getmembergroupproductions/{HM_ServiceAPI_MemberToken}/{MemberGroupID}?sort={Sort},,,,not-applicable,"Productions, Productions[].ID, Productions[].Name, Productions[].Description, Productions[].CreatedDate, Productions[].Featured, Productions[].HasArtwork, TotalProductionsCount"
Public API > Member Management > Member Groups,Get Member Group Production Categories,GET,{HM_ServiceAPI_URL}/getmembergroupproductioncategories/{HM_ServiceAPI_MemberToken}/{MemberGroupID}/{MemberGroupProductionID}?returnplaylistcount={ReturnPlaylistCount}&skip={Skip}&limit={Limit}&sort={Sort},,,,not-applicable,"ProductionCategories, ProductionCategories[].ID, ProductionCategories[].Name, ProductionCategories[].CreatedDate, ProductionCategories[].Playlists, ProductionCategories[].PlaylistCount, TotalProductionCategoriesCount"
Public API > Member Management > Member Groups,Get Member Group Production Categories & Playlists,GET,{HM_ServiceAPI_URL}/getmembergroupproductioncategoriesandplaylists/{HM_ServiceAPI_MemberToken}/{MemberGroupID}/{MemberGroupProductionID}?returnplaylistcount={ReturnPlaylistCount}&returntrackcount={ReturnTrackCount}&returnrootobjectsonly={ReturnRootObjectsOnly}&productioncategoryid={ProductionCategoryID}&skip={Skip}&limit={Limit}&sort={Sort},,,,not-applicable,"ProductionCategories, ProductionCategories[].ID, ProductionCategories[].Name, ProductionCategories[].CreatedDate, ProductionCategories[].Playlists, ProductionCategories[].Playlists[].Name, ProductionCategories[].Playlists[].ID, ProductionCategories[].Playlists[].Description, ProductionCategories[].Playlists[].CreatedDate, ProductionCategories[].Playlists[].Tracks, ProductionCategories[].Playlists[].RelatedPlaylists, ProductionCategories[].Playlists[].HasImage, ProductionCategories[].Playlists[].Tags, ProductionCategories[].Playlists[].LanguageItems, ProductionCategories[].Playlists[].AutoSave, ProductionCategories[].Playlists[].Type, ProductionCategories[].Playlists[].ObjectType, ProductionCategories[].Playlists[].OrderBy, ProductionCategories[].Playlists[].HighlightTracks, ProductionCategories[].PlaylistCount, TotalProductionCategoriesCount"
Public API > Member Management > Member Groups,Get Member Group Production Playlist & Tracks,GET,{HM_ServiceAPI_URL}/getmembergroupproductionplaylistandtracks/{HM_ServiceAPI_MemberToken}/{MemberGroupID}/{MemberGroupProductionID}/{FeaturedPlaylistID}?returntracks={ReturnTracks}&includeinactive={IncludeInactive}&languagecode={LanguageCode}&skip={Skip}&limit={Limit}&sort={Sort},,,,not-applicable,"Playlists, Playlists[].Name, Playlists[].ID, Playlists[].Description, Playlists[].CreatedDate, Playlists[].TrackCount, Playlists[].Tracks, Playlists[].Tracks[].LibraryFeatured, Playlists[].Tracks[].TrackNumber, Playlists[].Tracks[].Time, Playlists[].Tracks[].LengthSeconds, Playlists[].Tracks[].Comment, Playlists[].Tracks[].Composer, Playlists[].Tracks[].Publisher, Playlists[].Tracks[].Name, Playlists[].Tracks[].AlbumID, Playlists[].Tracks[].LibraryID, Playlists[].Tracks[].ID, Playlists[].Tracks[].Keywords, Playlists[].Tracks[].Lyrics, Playlists[].Tracks[].DisplayTitle, Playlists[].Tracks[].Genre, Playlists[].Tracks[].Tempo, Playlists[].Tracks[].Instrumentation, Playlists[].Tracks[].Bpm, Playlists[].Tracks[].Mixout, Playlists[].Tracks[].Frequency, Playlists[].Tracks[].Bitrate, Playlists[].Tracks[].Version, Playlists[].Tracks[].Album, Playlists[].Tracks[].Album.LibraryFeatured, Playlists[].Tracks[].Album.Code, Playlists[].Tracks[].Album.Detail, Playlists[].Tracks[].Album.Name, Playlists[].Tracks[].Album.ID, Playlists[].Tracks[].AlternateTracks, Playlists[].Tracks[].RelatedTracks, Playlists[].Tracks[].Categories, Playlists[].Tracks[].LastUpdated, Playlists[].Tracks[].CDCode, Playlists[].Tracks[].Composers, Playlists[].Tracks[].AlbumName, Playlists[].Tracks[].LibraryName, Playlists[].Tracks[].IsAlternate, Playlists[].Tracks[].AlternateCount, Playlists[].Tracks[].Mood, Playlists[].Tracks[].MusicFor, Playlists[].Tracks[].HasLyrics, Playlists[].Tracks[].IsExplicit, Playlists[].Tracks[].Tags, Playlists[].Tracks[].MainTrackID, Playlists[].Tracks[].IsCached, Playlists[].Tracks[].StemCount, Playlists[].Tracks[].Stems, Playlists[].Tracks[].LanguageItems, Playlists[].RelatedPlaylists, Playlists[].HasImage, Playlists[].Tags, Playlists[].LanguageItems, Playlists[].AutoSave, Playlists[].Type, Playlists[].HighlightTracks, Total"
Public API > Member Management > Member Groups,Search Member Group Production Playlist Tracks,POST,{HM_ServiceAPI_URL}/searchmembergroupproductionplaylisttracks/{HM_ServiceAPI_MemberToken}/{HM_ServiceAPI_MemberGroupID}/{HM_ServiceAPI_MemberGroupProductionID}/{HM_ServiceAPI_FeaturedPlaylistID},raw,"Keyword, Fields, ReturnTrackCount, Skip, Limit, OrderBy",response.originalRequest,valid,"Tracks, Tracks[].TrackNumber, Tracks[].Time, Tracks[].LengthSeconds, Tracks[].LengthSecondsTrimStart, Tracks[].LengthSecondsTrimEnd, Tracks[].Comment, Tracks[].Composer, Tracks[].Publisher, Tracks[].Name, Tracks[].AlbumID, Tracks[].LibraryID, Tracks[].ID, Tracks[].Keywords, Tracks[].Lyrics, Tracks[].DisplayTitle, Tracks[].Genre, Tracks[].Tempo, Tracks[].Instrumentation, Tracks[].Bpm, Tracks[].Mixout, Tracks[].Filesize, Tracks[].Frequency, Tracks[].Bitrate, Tracks[].DateIngested, Tracks[].Version, Tracks[].AlternateTracks, Tracks[].RelatedTracks, Tracks[].Categories, Tracks[].ISRC, Tracks[].Status, Tracks[].LastUpdated, Tracks[].CDCode, Tracks[].Composers, Tracks[].AlbumName, Tracks[].LibraryName, Tracks[].LibraryFeatured, Tracks[].Highlighted, Tracks[].HighlightedInPlaylists, Tracks[].HasLyrics, Tracks[].IsExplicit, Tracks[].Tags, Tracks[].IsCached, TotalTracks"
Public API > Member Activity > Playlist Categories & Playlists > Playlist Categories,Create Member Playlist Category,POST,{HM_ServiceAPI_URL}/addmemberplaylistcategory/{HM_ServiceAPI_MemberToken},raw,"PlaylistCategoryName, PlaylistCategoryDescription, ColorHex, AddToTop",response.originalRequest,valid,"PlaylistCategories, PlaylistCategories[].ID, PlaylistCategories[].Name, PlaylistCategories[].Description, PlaylistCategories[].CreatedDate, PlaylistCategories[].ColorHex, PlaylistCategories[].Playlists"
Public API > Member Activity > Playlist Categories & Playlists > Playlist Categories,Update Member Playlist Category,POST,{HM_ServiceAPI_URL}/updatememberplaylistcategory/{HM_ServiceAPI_MemberToken}/{PlaylistCategoryID},raw,"PlaylistCategoryName, PlaylistCategoryDescription, ColorHex",response.originalRequest,valid,"PlaylistCategories, PlaylistCategories[].ID, PlaylistCategories[].Name, PlaylistCategories[].Description, PlaylistCategories[].CreatedDate, PlaylistCategories[].ColorHex, PlaylistCategories[].Playlists"
Public API > Member Activity > Playlist Categories & Playlists > Playlist Categories,Get Member Playlist Categories,GET,{HM_ServiceAPI_URL}/getmemberplaylistcategories/{HM_ServiceAPI_MemberToken}?returnplaylistcount={ReturnPlaylistCount}&skip={Skip}&limit={Limit}&sort={Sort},,,,not-applicable,"PlaylistCategories, PlaylistCategories[].ID, PlaylistCategories[].Name, PlaylistCategories[].Description, PlaylistCategories[].CreatedDate, PlaylistCategories[].ColorHex, PlaylistCategories[].Playlists, PlaylistCategories[].PlaylistCount, TotalPlaylistsCount, TotalPlaylistCategoriesCount"
Public API > Member Activity > Playlist Categories & Playlists > Playlist Categories,Get Member Playlist Categories & Playlists,GET,{HM_ServiceAPI_URL}/getmemberplaylistcategoriesandplaylists/{HM_ServiceAPI_MemberToken}?returnplaylistcount={ReturnPlaylistCount}&returntrackcount={ReturnTrackCount}&returnrootobjectsonly={RootObjectsOnly}&returnautosaveonly={AutoSaveOnly}&returnfirstautosave={FirstAutoSaveOnly}&returnhighlightonly={ReturnHighlightOnly}&playlistcategoryid={PlaylistCategoryID}&skip={Skip}&limit={Limit}&sort={Sort},,,,not-applicable,"PlaylistObjects, PlaylistObjects[].ID, PlaylistObjects[].Name, PlaylistObjects[].Description, PlaylistObjects[].ObjectType, PlaylistObjects[].CreatedDate, PlaylistObjects[].PlaylistsCount, PlaylistObjects[].ColorHex, PlaylistObjects[].Playlists, PlaylistObjects[].Playlists[].Name, PlaylistObjects[].Playlists[].ID, PlaylistObjects[].Playlists[].Description, PlaylistObjects[].Playlists[].Tags, PlaylistObjects[].Playlists[].CreatedDate, PlaylistObjects[].Playlists[].TrackCount, PlaylistObjects[].Playlists[].Tracks, PlaylistObjects[].Playlists[].RelatedPlaylists, PlaylistObjects[].Playlists[].HasImage, PlaylistObjects[].Playlists[].LanguageItems, PlaylistObjects[].Playlists[].AutoSave, PlaylistObjects[].Playlists[].Type, PlaylistObjects[].Playlists[].ObjectType, PlaylistObjects[].Playlists[].ExternalPlaylistImageUrl, PlaylistObjects[].Playlists[].OrderBy, PlaylistObjects[].Playlists[].HighlightTracks, PlaylistObjects[].Playlists[].MaxOrderID, TotalPlaylistsCount, TotalPlaylistCategoriesCount, TotalCount"
Public API > Member Activity > Playlist Categories & Playlists > Playlist Categories,Search Member Playlist Categories & Playlists,POST,{HM_ServiceAPI_URL}/searchmemberplaylistcategoriesandplaylists/{HM_ServiceAPI_MemberToken},raw,"Keywords, Fields, ReturnPlaylistCount, ReturnTrackCount, ReturnContentsOnCategoryMatch, Skip, Limit, Sort",response.originalRequest,valid,"PlaylistObjects, PlaylistObjects[].ID, PlaylistObjects[].Name, PlaylistObjects[].Description, PlaylistObjects[].ObjectType, PlaylistObjects[].CreatedDate, PlaylistObjects[].PlaylistsCount, PlaylistObjects[].ColorHex, PlaylistObjects[].MatchedFields, PlaylistObjects[].Playlists, PlaylistObjects[].Playlists[].Name, PlaylistObjects[].Playlists[].ID, PlaylistObjects[].Playlists[].Description, PlaylistObjects[].Playlists[].Tags, PlaylistObjects[].Playlists[].CreatedDate, PlaylistObjects[].Playlists[].TrackCount, PlaylistObjects[].Playlists[].Tracks, PlaylistObjects[].Playlists[].RelatedPlaylists, PlaylistObjects[].Playlists[].HasImage, PlaylistObjects[].Playlists[].LanguageItems, PlaylistObjects[].Playlists[].AutoSave, PlaylistObjects[].Playlists[].Type, PlaylistObjects[].Playlists[].ObjectType, PlaylistObjects[].Playlists[].ExternalPlaylistImageUrl, PlaylistObjects[].Playlists[].OrderBy, PlaylistObjects[].Playlists[].HighlightTracks, PlaylistObjects[].Playlists[].MaxOrderID, PlaylistObjects[].Playlists[].MatchedFields, TotalPlaylistsCount, TotalPlaylistCategoriesCount, TotalCount"
Public API > Member Activity > Playlist Categories & Playlists > Playlist Categories,Reorder Member Playlist Category,GET,{HM_ServiceAPI_URL}/reordermemberplaylistcategory/{HM_ServiceAPI_MemberToken}/{PlaylistCategoryID}?OrderID={OrderID},,,,not-applicable,Code
Public API > Member Activity > Playlist Categories & Playlists > Playlist Categories,Remove Member Playlist Category,GET,{HM_ServiceAPI_URL}/removememberplaylistcategory/{HM_ServiceAPI_MemberToken}/{PlaylistCategoryID}?keepChildren={keepChildren}&giveShareCopy={giveShareCopy},,,,not-applicable,Code
Public API > Member Activity > Playlist Categories & Playlists > Playlists,Create Member Playlist,POST,{HM_ServiceAPI_URL}/addmemberplaylist/{HM_ServiceAPI_MemberToken},raw,"requestaddupdateplaylist, requestaddupdateplaylist.playlistname, requestaddupdateplaylist.playlistdescription, requestaddupdateplaylist.playlisttags, requestaddupdateplaylist.highlighttracks, requestaddupdateplaylist.autosave, requestaddupdateplaylist.autosavelimit, requestaddupdateplaylist.autosaveapplytohighlighttracks, requestaddupdateplaylist.playlistcategoryid, requestaddupdateplaylist.externalplaylistimageurl, requestaddupdateplaylist.orderby",response.originalRequest,valid,"Playlists, Playlists[].Name, Playlists[].ID, Playlists[].Description, Playlists[].Tags, Playlists[].CreatedDate, Playlists[].RelatedPlaylists, Playlists[].HasImage, Playlists[].LanguageItems, Playlists[].AutoSave, Playlists[].Type, Playlists[].ExternalPlaylistImageUrl, Playlists[].OrderBy, Playlists[].HighlightTracks, Playlists[].IsEditable, Playlists[].IsCollaboration, Playlists[].HasCollaborator, Playlists[].CollaboratingDate, Playlists[].IsOwner, Playlists[].IsPublishable, Playlists[].HasPublishMember, Playlists[].LastPublishDate, Playlists[].HasSchedule, Playlists[].IsActiveSchedule, Playlists[].EnableSchedule"
Public API > Member Activity > Playlist Categories & Playlists > Playlists,Update Member Playlist,POST,{HM_ServiceAPI_URL}/updateplaylist/{HM_ServiceAPI_MemberToken}/{PlaylistID},raw,"playlistname, playlistdescription, playlisttags, highlighttracks, autosave, autosavelimit, autosaveapplytohighlighttracks, playlistcategoryid, externalplaylistimageurl, orderby",response.originalRequest,valid,"Playlists, Playlists[].Name, Playlists[].ID, Playlists[].Description, Playlists[].Tags, Playlists[].CreatedDate, Playlists[].LastUpdateDate, Playlists[].RelatedPlaylists, Playlists[].HasImage, Playlists[].LanguageItems, Playlists[].AutoSave, Playlists[].Type, Playlists[].ExternalPlaylistImageUrl, Playlists[].OrderBy, Playlists[].HighlightTracks, Playlists[].IsEditable, Playlists[].IsCollaboration, Playlists[].HasCollaborator, Playlists[].CollaboratingDate, Playlists[].IsOwner, Playlists[].IsPublishable, Playlists[].HasPublishMember, Playlists[].LastPublishDate, Playlists[].HasSchedule, Playlists[].IsActiveSchedule, Playlists[].EnableSchedule"
Public API > Member Activity > Playlist Categories & Playlists > Playlists,Highlight Member Playlists,POST,{HM_ServiceAPI_URL}/highlightplaylists/{HM_ServiceAPI_MemberToken},raw,"Playlists, HighlightTracks, HighlightReturnTracks",response.originalRequest,valid,"Code, Playlists"
Public API > Member Activity > Playlist Categories & Playlists > Playlists,AutoSave Member Playlists,POST,{HM_ServiceAPI_URL}/autosaveplaylists/{HM_ServiceAPI_MemberToken},raw,"Playlists, AutoSave, AutoSaveLimit, AutoSaveApplyToHighlightTracks, AutoSaveReturnTracks",response.originalRequest,valid,"Code, Playlists"
Public API > Member Activity > Playlist Categories & Playlists > Playlists,Get Member Playlist Image Upload URL,POST,{HM_ServiceAPI_URL}/getpresigneduploadurl/{HM_ServiceAPI_MemberToken},raw,"AssetType, FileName, ContentType, ExpiresInSeconds, ObjectID",response.originalRequest,valid,"PresignedUploadUrl, ResourceUrl"
Public API > Member Activity > Playlist Categories & Playlists > Playlists,Confirm Member Playlist Image Upload Complete,POST,{HM_ServiceAPI_URL}/confirmpresignedupload/{HM_ServiceAPI_MemberToken},raw,"AssetType, FileName, ObjectID",response.originalRequest,valid,Code
Public API > Member Activity > Playlist Categories & Playlists > Playlists,Remove Member Playlist Image,POST,{HM_ServiceAPI_URL}/removeassignedupload/{HM_ServiceAPI_MemberToken},raw,"AssetType, ObjectID",response.originalRequest,valid,Code
Public API > Member Activity > Playlist Categories & Playlists > Playlists,Get Member Playlists,GET,{HM_ServiceAPI_URL}/getmemberplaylistsnotracks/{HM_ServiceAPI_MemberToken}?Skip={Skip}&Limit={Limit},,,,not-applicable,"Playlists, Playlists[].Name, Playlists[].ID, Playlists[].Description, Playlists[].Tags, Playlists[].CreatedDate, Playlists[].LastUpdateDate, Playlists[].TrackCount, Playlists[].Tracks, Playlists[].RelatedPlaylists, Playlists[].HasImage, Playlists[].LanguageItems, Playlists[].AutoSave, Playlists[].Type, Playlists[].ExternalPlaylistImageUrl, Playlists[].OrderBy, Playlists[].HighlightTracks, Playlists[].Featured, Playlists[].IsEditable, Playlists[].IsCollaboration, Playlists[].HasCollaborator, Playlists[].CollaboratingDate, Playlists[].IsOwner, Playlists[].IsPublishable, Playlists[].HasPublishMember, Playlists[].LastPublishDate, Playlists[].HasSchedule, Playlists[].IsActiveSchedule, Playlists[].EnableSchedule, Total"
Public API > Member Activity > Playlist Categories & Playlists > Playlists,Get Member Playlists (Include Tracks),GET,{HM_ServiceAPI_URL}/getmemberplaylists/{HM_ServiceAPI_MemberToken}?Skip={Skip}&Limit={Limit},,,,not-applicable,"Playlists, Playlists[].Name, Playlists[].ID, Playlists[].Description, Playlists[].Tags, Playlists[].CreatedDate, Playlists[].LastUpdateDate, Playlists[].TrackCount, Playlists[].Tracks, Playlists[].RelatedPlaylists, Playlists[].HasImage, Playlists[].LanguageItems, Playlists[].AutoSave, Playlists[].Type, Playlists[].ExternalPlaylistImageUrl, Playlists[].OrderBy, Playlists[].HighlightTracks, Playlists[].Featured, Playlists[].IsEditable, Playlists[].IsCollaboration, Playlists[].HasCollaborator, Playlists[].CollaboratingDate, Playlists[].IsOwner, Playlists[].IsPublishable, Playlists[].HasPublishMember, Playlists[].LastPublishDate, Playlists[].HasSchedule, Playlists[].IsActiveSchedule, Playlists[].EnableSchedule, Total"
Public API > Member Activity > Playlist Categories & Playlists > Playlists,Get Member Playlist,GET,{HM_ServiceAPI_URL}/getmemberplaylist/{HM_ServiceAPI_MemberToken}/{PlaylistID}?returntracks=true&returnpublishlocations=false,,,,not-applicable,"Playlists, Playlists[].Name, Playlists[].ID, Playlists[].Description, Playlists[].Tags, Playlists[].CreatedDate, Playlists[].LastUpdateDate, Playlists[].TrackCount, Playlists[].Tracks, Playlists[].Tracks[].InsertionType, Playlists[].Tracks[].TrackNumber, Playlists[].Tracks[].Time, Playlists[].Tracks[].LengthSeconds, Playlists[].Tracks[].LengthSecondsTrimStart, Playlists[].Tracks[].LengthSecondsTrimEnd, Playlists[].Tracks[].Comment, Playlists[].Tracks[].Composer, Playlists[].Tracks[].Publisher, Playlists[].Tracks[].Name, Playlists[].Tracks[].AlbumID, Playlists[].Tracks[].LibraryID, Playlists[].Tracks[].ID, Playlists[].Tracks[].Keywords, Playlists[].Tracks[].DisplayTitle, Playlists[].Tracks[].Genre, Playlists[].Tracks[].Tempo, Playlists[].Tracks[].Instrumentation, Playlists[].Tracks[].Bpm, Playlists[].Tracks[].Mixout, Playlists[].Tracks[].Frequency, Playlists[].Tracks[].Bitrate, Playlists[].Tracks[].Version, Playlists[].Tracks[].LastUpdated, Playlists[].Tracks[].CDCode, Playlists[].Tracks[].Composers, Playlists[].Tracks[].AlbumName, Playlists[].Tracks[].LibraryName, Playlists[].Tracks[].LibraryFeatured, Playlists[].Tracks[].IsAlternate, Playlists[].Tracks[].AlternateCount, Playlists[].Tracks[].Highlighted, Playlists[].Tracks[].HighlightedInPlaylists, Playlists[].Tracks[].HasLyrics, Playlists[].Tracks[].IsExplicit, Playlists[].Tracks[].Tags, Playlists[].Tracks[].MainTrackID, Playlists[].RelatedPlaylists, Playlists[].HasImage, Playlists[].LanguageItems, Playlists[].AutoSave, Playlists[].Type, Playlists[].ExternalPlaylistImageUrl, Playlists[].OrderBy, Playlists[].HighlightTracks, Playlists[].MaxOrderID, Playlists[].Featured, Playlists[].IsEditable, Playlists[].IsCollaboration, Playlists[].HasCollaborator, Playlists[].CollaboratingDate, Playlists[].IsOwner, Playlists[].IsPublishable, Playlists[].HasPublishMember, Playlists[].LastPublishDate, Playlists[].HasSchedule, Playlists[].IsActiveSchedule, Playlists[].EnableSchedule, Total"
Public API > Member Activity > Playlist Categories & Playlists > Playlists,Reorder Member Playlist,GET,{HM_ServiceAPI_URL}/reordermemberplaylist/{HM_ServiceAPI_MemberToken}/{PlaylistID}?movetoplaylistcategoryid={PlaylistCategoryID}&orderid={OrderID},,,,not-applicable,Code
Public API > Member Activity > Playlist Categories & Playlists > Playlists,Reorder Multiple Member Playlists,POST,{HM_ServiceAPI_URL}/reorderplaylists/{HM_ServiceAPI_MemberToken},raw,playlistids,response.originalRequest,valid,Code
Public API > Member Activity > Playlist Categories & Playlists > Playlists,Remove Member Playlist,GET,{HM_ServiceAPI_URL}/removeplaylist/{HM_ServiceAPI_MemberToken}/{PlaylistID},,,,not-applicable,Code
Public API > Member Activity > Playlist Categories & Playlists > Playlists,Archive Member Playlist,GET,{HM_ServiceAPI_URL}/archiveplaylist/{HM_ServiceAPI_MemberToken}/{PlaylistID},,,,not-applicable,Code
Public API > Member Activity > Playlist Categories & Playlists > Playlists,Restore Archived Member Playlist,GET,{HM_ServiceAPI_URL}/restorearchiveplaylist/{HM_ServiceAPI_MemberToken}/{PlaylistID},,,,not-applicable,Code
Public API > Member Activity > Playlist Categories & Playlists > Playlists,Duplicate Member Playlist,POST,{HM_ServiceAPI_URL}/duplicatememberplaylist/{HM_ServiceAPI_MemberToken},raw,"SourcePlaylistID, DuplicatePlaylistName",response.originalRequest,valid,"Playlists, Playlists[].Name, Playlists[].ID, Playlists[].Description, Playlists[].CreatedDate, Playlists[].LastUpdateDate, Playlists[].RelatedPlaylists, Playlists[].HasImage, Playlists[].Tags, Playlists[].LanguageItems, Playlists[].AutoSave, Playlists[].Type, Playlists[].OrderBy, Playlists[].ExternalPlaylistImageUrl, Playlists[].HighlightTracks, Playlists[].MaxOrderID, Playlists[].Featured, Playlists[].IsEditable, Playlists[].IsCollaboration, Playlists[].HasCollaborator, Playlists[].CollaboratingDate, Playlists[].IsOwner, Playlists[].IsPublishable, Playlists[].HasPublishMember, Playlists[].LastPublishDate, Playlists[].HasSchedule, Playlists[].IsActiveSchedule, Playlists[].EnableSchedule"
Public API > Member Activity > Playlist Categories & Playlists > Playlists,Copy Featured Playlist to Member Playlist,POST,{HM_ServiceAPI_URL}/copytomemberplaylist/{HM_ServiceAPI_MemberToken},raw,"PlaylistID, PlaylistName, CopyTracks",response.originalRequest,valid,"Playlists, Playlists[].Name, Playlists[].ID, Playlists[].Description, Playlists[].CreatedDate, Playlists[].LastUpdateDate, Playlists[].RelatedPlaylists, Playlists[].HasImage, Playlists[].Tags, Playlists[].LanguageItems, Playlists[].AutoSave, Playlists[].Type, Playlists[].OrderBy, Playlists[].HighlightTracks, Playlists[].MaxOrderID, Playlists[].Featured, Playlists[].IsEditable, Playlists[].IsCollaboration, Playlists[].HasCollaborator, Playlists[].CollaboratingDate, Playlists[].IsOwner, Playlists[].IsPublishable, Playlists[].HasPublishMember, Playlists[].LastPublishDate, Playlists[].HasSchedule, Playlists[].IsActiveSchedule, Playlists[].EnableSchedule"
Public API > Member Activity > Playlist Categories & Playlists > Playlists,Publish Member Playlist,POST,{HM_ServiceAPI_URL}/publishmemberplaylist/{HM_ServiceAPI_MemberToken}/{PlaylistID},raw,"Name, Status, CopyTracks, Locations, Locations[].Type, Locations[].ID, Locations[].Status, Schedule",response.originalRequest,valid,"Code, Identity"
Public API > Member Activity > Playlist Categories & Playlists > Playlist Tracks,Search Member Playlist Tracks,POST,{HM_ServiceAPI_URL}/searchmemberplaylisttracks/{HM_ServiceAPI_MemberToken}/{PlaylistID},raw,"Keyword, Fields, ReturnTrackCount, InsertionType, Skip, Limit, OrderBy",response.originalRequest,valid,"Tracks, Tracks[].InsertionType, Tracks[].TrackNumber, Tracks[].Time, Tracks[].LengthSeconds, Tracks[].LengthSecondsTrimStart, Tracks[].LengthSecondsTrimEnd, Tracks[].Comment, Tracks[].Composer, Tracks[].Publisher, Tracks[].Name, Tracks[].AlbumID, Tracks[].LibraryID, Tracks[].ID, Tracks[].Keywords, Tracks[].Lyrics, Tracks[].DisplayTitle, Tracks[].Genre, Tracks[].Tempo, Tracks[].Instrumentation, Tracks[].Bpm, Tracks[].Mixout, Tracks[].Filesize, Tracks[].Frequency, Tracks[].Bitrate, Tracks[].DateIngested, Tracks[].Version, Tracks[].AlternateTracks, Tracks[].RelatedTracks, Tracks[].Categories, Tracks[].ISRC, Tracks[].Status, Tracks[].LastUpdated, Tracks[].CDCode, Tracks[].Composers, Tracks[].AlbumName, Tracks[].LibraryName, Tracks[].LibraryFeatured, Tracks[].Highlighted, Tracks[].HighlightedInPlaylists, Tracks[].HasLyrics, Tracks[].IsExplicit, Tracks[].Tags, Tracks[].IsCached, TotalTracks"
Public API > Member Activity > Playlist Categories & Playlists > Playlist Tracks,Compare Member Playlist Tracks,POST,{HM_ServiceAPI_URL}/filtermemberplaylisttracks/{HM_ServiceAPI_MemberToken}/{PlaylistID},raw,"Playlists, FilterBy, FilterAction, Skip, Limit, OrderBy",response.originalRequest,valid,"Tracks, Tracks[].InsertionType, Tracks[].LibraryFeatured, Tracks[].Highlighted, Tracks[].EvokeSegments, Tracks[].HighlightedInPlaylists, Tracks[].TrackNumber, Tracks[].Time, Tracks[].LengthSeconds, Tracks[].LengthSecondsTrimStart, Tracks[].LengthSecondsTrimEnd, Tracks[].Comment, Tracks[].Composer, Tracks[].Publisher, Tracks[].Artist, Tracks[].Name, Tracks[].AlbumID, Tracks[].LibraryID, Tracks[].ID, Tracks[].Keywords, Tracks[].Lyrics, Tracks[].DisplayTitle, Tracks[].alternatetitle, Tracks[].Genre, Tracks[].Tempo, Tracks[].Instrumentation, Tracks[].Bpm, Tracks[].Mixout, Tracks[].Frequency, Tracks[].Bitrate, Tracks[].DateIngested, Tracks[].Version, Tracks[].AlternateTracks, Tracks[].RelatedTracks, Tracks[].Categories, Tracks[].Status, Tracks[].CDCode, Tracks[].Composers, Tracks[].AlbumName, Tracks[].LibraryName, Tracks[].FileName, Tracks[].IsAlternate, Tracks[].AlternateCount, Tracks[].Mood, Tracks[].MusicFor, Tracks[].HasLyrics, Tracks[].IsExplicit, Tracks[].Tags, Tracks[].MainTrackID, Tracks[].IsCached, Tracks[].StemCount, Tracks[].Stems, Tracks[].LanguageItems, Tracks[].OrderID, TotalTracks"
Public API > Member Activity > Playlist Categories & Playlists > Playlist Tracks,Add to Member Playlists,POST,{HM_ServiceAPI_URL}/addtomemberplaylists/{HM_ServiceAPI_MemberToken},raw,"ObjectType, ObjectIDs, AddToPlaylistIDs, ObjectTrimStart, ObjectTrimEnd, AddToAutoSavePlaylists",response.originalRequest,valid,"playlists, playlists[].playlistid, playlists[].playlistname, playlists[].addedtracks, playlists[].addedtracks[].objectid, playlists[].addedtracks[].objecttype, playlists[].addedtracks[].tracks, playlists[].existingtracks"
Public API > Member Activity > Playlist Categories & Playlists > Playlist Tracks,Add Multiple Tracks to AutoSave Member Playlists,POST,{HM_ServiceAPI_URL}/addtrackstoautosaveplaylists/{HM_ServiceAPI_MemberToken},raw,"track, track[].id",response.originalRequest,valid,Code
Public API > Member Activity > Playlist Categories & Playlists > Playlist Tracks,Reorder Multiple Tracks in Member Playlist,POST,{HM_ServiceAPI_URL}/reordermemberplaylisttracks/{HM_ServiceAPI_MemberToken},raw,"FromPlaylistID, ToPlaylistID, TrackIDs, PrecedingTrackID, SucceedingTrackID, OrderID, Copy",response.originalRequest,valid,Code
Public API > Member Activity > Playlist Categories & Playlists > Playlist Tracks,Remove Multiple Tracks from Member Playlist,POST,{HM_ServiceAPI_URL}/removeplaylisttracks/{HM_ServiceAPI_MemberToken}/{PlaylistID},raw,"track, track[].id",response.originalRequest,valid,Code
Public API > Member Activity > Playlist Categories & Playlists > Playlist Tracks,Suggest Member Playlist Tracks,POST,{HM_ServiceAPI_URL}/suggestmemberplaylisttracks/{HM_ServiceAPI_MemberToken}/{HM_ServiceAPI_NewMemberPlaylistID},raw,"Skip, Limit, MainOnly, SeedDetermination, SeedLimit, SeedMin",request,valid,"Tracks, Tracks[].LibraryFeatured, Tracks[].Highlighted, Tracks[].EvokeSegments, Tracks[].HighlightedInPlaylists, Tracks[].IsOriginator, Tracks[].HasLyrics, Tracks[].IsExplicit, Tracks[].LibraryType, Tracks[].TrackNumber, Tracks[].LengthSeconds, Tracks[].Comment, Tracks[].Composer, Tracks[].Publisher, Tracks[].Artist, Tracks[].Name, Tracks[].AlbumID, Tracks[].LibraryID, Tracks[].ID, Tracks[].Keywords, Tracks[].DisplayTitle, Tracks[].alternatetitle, Tracks[].Genre, Tracks[].Instrumentation, Tracks[].Bpm, Tracks[].Version, Tracks[].Relations, Tracks[].CDCode, Tracks[].AlbumName, Tracks[].LibraryName, Tracks[].IsAlternate, Tracks[].AlternateCount, Tracks[].RightHolderIDs, Tracks[].RightHolderIDs[].ID, Tracks[].RightHolders, Tracks[].Mood, Tracks[].MusicFor, Tracks[].Tags, Tracks[].MainTrackID, Tracks[].IsCached, Tracks[].Title, Tracks[].AlbumTitle, Tracks[].StemCount, Tracks[].Stems, Tracks[].LanguageItems, Tracks[].TrackRate, Tracks[].TrackRate.Fee, Tracks[].TrackRate.FeeWithTax, Album, Album.LibraryFeatured, Library, Library.Featured"
Public API > Member Activity > Playlist Categories & Playlists > Playlist Shares,Get Member Playlist Shares,GET,{HM_ServiceAPI_URL}/getmemberplaylistshares/{HM_ServiceAPI_MemberToken}/{HM_ServiceAPI_NewMemberPlaylistID}?skip={HM_ServiceAPI_Skip}&limit={HM_ServiceAPI_Limit}&sort={HM_ServiceAPI_PlaylistSortOrder},,,,not-applicable,
Public API > Member Activity > Playlist Categories & Playlists > Playlist Shares,Update Member Playlist Share,POST,{HM_ServiceAPI_URL}/updatememberplaylistshare/{HM_ServiceAPI_MemberToken}/{HM_ServiceAPI_MemberPlaylistShareID},raw,,,empty,
Public API > Member Activity > Playlist Categories & Playlists > Playlist Shares,Remove Member Playlist Share,GET,{HM_ServiceAPI_URL}/removememberplaylistshare/{HM_ServiceAPI_MemberToken}/{HM_ServiceAPI_MemberPlaylistShareID}?giveShareCopy={giveShareCopy},,,,not-applicable,
Public API > Member Activity > Playlist Categories & Playlists > Playlist Search History,Get Member Playlist Search History,GET,{HM_ServiceAPI_URL}/getmemberplaylistsearches/{HM_ServiceAPI_MemberToken}/{HM_ServiceAPI_NewMemberPlaylistID}?skip={HM_ServiceAPI_Skip}&limit={HM_ServiceAPI_Limit}&sort={HM_ServiceAPI_PlaylistSortOrder},,,,not-applicable,"ProjectSearches, ProjectSearches[].ID, ProjectSearches[].CreatedDate, ProjectSearches[].SearchParameters, ProjectSearches[].SearchParameters.searchtype, ProjectSearches[].SearchParameters.includeinactive, ProjectSearches[].SearchParameters.mainonly, ProjectSearches[].SearchParameters.alternateonly, ProjectSearches[].SearchParameters.parentsearchhistoryid, ProjectSearches[].SearchParameters.resultview, ProjectSearches[].SearchParameters.resultview.view, ProjectSearches[].SearchParameters.resultview.sort_predefined, ProjectSearches[].SearchParameters.resultview.skip, ProjectSearches[].SearchParameters.resultview.limit, ProjectSearches[].SearchParameters.resultview.saved, ProjectSearches[].SearchParameters.resultview.mincount, ProjectSearches[].SearchParameters.resultview.returntrackcategoryid, ProjectSearches[].SearchParameters.resultview.facet_album, ProjectSearches[].SearchParameters.resultview.facet_albumskip, ProjectSearches[].SearchParameters.resultview.facet_albumlimit, ProjectSearches[].SearchParameters.resultview.facet_library, ProjectSearches[].SearchParameters.resultview.facet_libraryskip, ProjectSearches[].SearchParameters.resultview.facet_librarylimit, ProjectSearches[].SearchParameters.resultview.facet_style, ProjectSearches[].SearchParameters.resultview.facet_styleskip, ProjectSearches[].SearchParameters.resultview.facet_stylelimit, ProjectSearches[].SearchParameters.resultview.facet_category, ProjectSearches[].SearchParameters.resultview.facet_categoryskip, ProjectSearches[].SearchParameters.resultview.facet_categorylimit, ProjectSearches[].SearchParameters.resultview.facet_composer, ProjectSearches[].SearchParameters.resultview.facet_composerskip, ProjectSearches[].SearchParameters.resultview.facet_composerlimit, ProjectSearches[].SearchParameters.resultview.bpm_range, ProjectSearches[].SearchParameters.resultview.duration_range, ProjectSearches[].SearchParameters.resultview.include_alternates, ProjectSearches[].SearchParameters.resultview.include_rightholders, ProjectSearches[].SearchParameters.resultview.include_lyrics, ProjectSearches[].SearchParameters.resultview.include_keywords, ProjectSearches[].SearchParameters.resultview.tracks_per_album, ProjectSearches[].SearchParameters.resultview.facet_bpm, ProjectSearches[].SearchParameters.resultview.facet_duration, ProjectSearches[].SearchParameters.resultview.facet_releaseyear, ProjectSearches[].SearchParameters.resultview.view_style_album_count, ProjectSearches[].SearchParameters.resultview.view_style_playlist_count, ProjectSearches[].SearchParameters.resultview.view_track_categories, ProjectSearches[].SearchParameters.resultview.evoke_prioritizebpm, ProjectSearches[].SearchParameters.resultview.evoke_suppressvocals, ProjectSearches[].SearchParameters.resultview.view_album_assigned_to_style, ProjectSearches[].SearchParameters.resultview.view_playlist_assigned_to_style, ProjectSearches[].SearchParameters.resultview.returnrates, ProjectSearches[].SearchParameters.nearestduration, ProjectSearches[].SearchParameters.nearestbpm, ProjectSearches[].SearchParameters.nearestalternate, ProjectSearches[].SearchParameters.LibraryType, ProjectSearches[].SearchParameters.PreviousSearchTermBundles, ProjectSearches[].SearchParameters.PreviousSearchTermBundles[].SearchHistoryID, ProjectSearches[].SearchParameters.PreviousSearchTermBundles[].st_keyword_aggregated, ProjectSearches[].SearchParameters.PreviousSearchTermBundles[].st_keyword_aggregated.searchtermid, ProjectSearches[].SearchParameters.PreviousSearchTermBundles[].st_keyword_aggregated.Keywords, ProjectSearches[].SearchParameters.PreviousSearchTermBundles[].st_keyword_aggregated.exactphrase, ProjectSearches[].SearchParameters.PreviousSearchTermBundles[].st_keyword_aggregated.oroperation, ProjectSearches[].SearchParameters.PreviousSearchTermBundles[].st_keyword_aggregated.wildcard, ProjectSearches[].SearchParameters.PreviousSearchTermBundles[].st_keyword_aggregated.disablekeywordgroup, ProjectSearches[].SearchParameters.PreviousSearchTermBundles[].st_keyword_aggregated.negative, TotalCount"
Public API > Member Activity > Playlist Categories & Playlists > Playlist Schedule,Get Member Playlist Schedule,GET,{HM_ServiceAPI_URL}/getmemberplaylistschedule/{HM_ServiceAPI_MemberToken}/33da591b784f4330,,,,not-applicable,"PlaylistSchedule, PlaylistSchedule.ID, PlaylistSchedule.ProjectID, PlaylistSchedule.SearchHistoryID, PlaylistSchedule.Name, PlaylistSchedule.Description, PlaylistSchedule.Status, PlaylistSchedule.RefreshType, PlaylistSchedule.GenerateType, PlaylistSchedule.GenerateCleanType, PlaylistSchedule.IntervalType, PlaylistSchedule.IntervalValue, PlaylistSchedule.IntervalStartDate, PlaylistSchedule.IntervalEndDate, PlaylistSchedule.IntervalNextDate, PlaylistSchedule.ContentCount, PlaylistSchedule.AttemptCount"
Public API > Member Activity > Playlist Categories & Playlists > Playlist Schedule,Update Member Playlist Schedule,POST,{HM_ServiceAPI_URL}/updatememberplaylistschedule/{HM_ServiceAPI_MemberToken}/699cd3bbe22ff336,raw,"Name, Description, Status, SearchHistoryID, RefreshType, GenerateType, GenerateCleanType, IntervalType, IntervalValue, IntervalStartDate, IntervalEndDate, TrackCount",response.originalRequest,valid,"PlaylistSchedule, PlaylistSchedule.ID, PlaylistSchedule.ProjectID, PlaylistSchedule.SearchHistoryID, PlaylistSchedule.Name, PlaylistSchedule.Description, PlaylistSchedule.Status, PlaylistSchedule.LastUpdateDate, PlaylistSchedule.RefreshType, PlaylistSchedule.GenerateType, PlaylistSchedule.GenerateCleanType, PlaylistSchedule.IntervalType, PlaylistSchedule.IntervalValue, PlaylistSchedule.IntervalStartDate, PlaylistSchedule.IntervalEndDate, PlaylistSchedule.IntervalNextDate, PlaylistSchedule.ContentCount, PlaylistSchedule.AttemptCount"
Public API > Member Activity > Playlist Categories & Playlists > Playlist Schedule,Remove Member Playlist Schedule,GET,{HM_ServiceAPI_URL}/deletememberplaylistschedule/{HM_ServiceAPI_MemberToken}/33da591b784f4330,,,,not-applicable,Code
Public API > Member Activity > Playlist Categories & Playlists > Playlist Schedule,Get Member Playlist Schedule Runs,GET,{HM_ServiceAPI_URL}/getmemberplaylistschedulerun/{HM_ServiceAPI_MemberToken}/{PlaylistID}?skip={HM_ServiceAPI_Skip}&limit={HM_ServiceAPI_Limit},,,,not-applicable,"PlaylistScheduleRun, PlaylistScheduleRun[].ID, PlaylistScheduleRun[].ProjectScheduleID, PlaylistScheduleRun[].StartDate, PlaylistScheduleRun[].EndDate, PlaylistScheduleRun[].Result, PlaylistScheduleRun[].ResultComment, PlaylistScheduleRun[].RunType, PlaylistScheduleRun[].RefreshType, PlaylistScheduleRun[].GenerateType, PlaylistScheduleRun[].GenerateCleanType, PlaylistScheduleRun[].ContentCount"
Public API > Member Activity > Playlist Categories & Playlists > Playlists & Disco,Implementation Guide,INFO:,,,,,not-applicable,
Public API > Member Activity > Playlist Categories & Playlists > Playlists & Disco,Send Member Playlist To Disco,GET,{HM_ServiceAPI_URL}/sendtodisco/{HM_ServiceAPI_MemberToken}/{PlaylistID}?fileformatid={FileFormatID},raw,,,empty,"token, url"
Public API > Member Activity > Playlist Categories & Playlists > Playlists & Disco,Share Member Playlist to Disco,POST,{HM_IntegrationAPI_URL}/sharetodisco/{HM_ServiceAPI_MemberToken},raw,"PlaylistID, FileFormatID, RecipientInboxURL, Note",request,valid,"ActivityID, Status"
Public API > Member Activity > Playlist Categories & Playlists > Playlists & Disco,Get Member Playlist Disco Send History,POST,{HM_ServiceAPI_URL}/getexternalsharestatushistory/{HM_ServiceAPI_MemberToken},raw,,request,invalid,"AccountServiceActivities, AccountServiceActivities[].ID, AccountServiceActivities[].Type, AccountServiceActivities[].Style, AccountServiceActivities[].DateAdded, AccountServiceActivities[].RelationType, AccountServiceActivities[].RelationID, AccountServiceActivities[].Message, AccountServiceActivities[].MessageDetail, AccountServiceActivities[].LastUpdateDate, AccountServiceActivities[].Status, AccountServiceActivities[].ErrorMessage"
Public API > Member Activity > Downloads,Implementation Guide Download Formats,INFO:,,,,,not-applicable,
Public API > Member Activity > Downloads,Implementation Guide - Stems,INFO:,,,,,not-applicable,
Public API > Member Activity > Downloads,Validate Music Download,POST,{HM_ServiceAPI_URL}/validatemusicdownloadrequest/{HM_ServiceAPI_MemberToken},raw,"Identifier, ContentIDs, DownloadType, Format, TrimEndSecs, TrimStartSecs, IncludeVersionCheck",response.originalRequest,valid,"ValidateMusicDownloads, ValidateMusicDownloads.ValidateMusicDownloadList, ValidateMusicDownloads.ValidateMusicDownloadList[].Format, ValidateMusicDownloads.ValidateMusicDownloadList[].IncludeVersions, ValidateMusicDownloads.ValidateMusicDownloadList[].DownloadAllowed, ValidateMusicDownloads.ValidateMusicDownloadList[].DirectDownloadAllowed, MaxDownloads, BlockedContentIDs"
Public API > Member Activity > Downloads,Get Music Download,POST,{HM_ServiceAPI_URL}/getmusicdownload/{HM_ServiceAPI_MemberToken},raw,"Identifier, DownloadType, Format, TrimStartSecs, TrimEndSecs, Email, IsShare, Message, SenderEmail, ForceEmail, IncludeVersions, VersionFolderName, DownloadFileName, CuesheetFileName, IncludeCuesheetFile",response.originalRequest,valid,"RequestSent, DownloadTokens, DownloadTokens[].TokenValue, BlockedContentIDs"
Public API > Member Activity > Downloads,Get Music Download Info,POST,{HM_ServiceAPI_URL}/getmusicdownloadinfo/{HM_ServiceAPI_Token},raw,"Skip, Limit, DownloadID, DownloadGroupID",response.originalRequest,valid,"Downloads, Downloads[].Name, Downloads[].Part, Downloads[].URL, Downloads[].Status, DownloadingObject, DownloadingObject.ID, DownloadingObject.Name, DownloadingObject.Type, TotalDownloads"
Public API > Member Activity > Favourites,Add Track/Album to Member Favourites,GET,{HM_ServiceAPI_URL}/addtofavourites/{HM_ServiceAPI_MemberToken}/{Type}/{ID},,,,not-applicable,Code
Public API > Member Activity > Favourites,Get Member Favourites,GET,{HM_ServiceAPI_URL}/getfavourites/{HM_ServiceAPI_MemberToken}?Skip={Skip}&Limit={Limit}&Sort=Created_Desc,,,,not-applicable,"Favourites, Favourites.trackcount, Favourites.Tracks, Favourites.Tracks[].TrackNumber, Favourites.Tracks[].Time, Favourites.Tracks[].LengthSeconds, Favourites.Tracks[].LengthSecondsTrimStart, Favourites.Tracks[].LengthSecondsTrimEnd, Favourites.Tracks[].AlbumID, Favourites.Tracks[].LibraryID, Favourites.Tracks[].LibraryFeatured, Favourites.Tracks[].ID, Favourites.Tracks[].DisplayTitle, Favourites.Tracks[].Composers, Favourites.Tracks[].IsAlternate, Favourites.Tracks[].Highlighted, Favourites.Tracks[].HighlightedInPlaylists, Favourites.Tracks[].HasLyrics, Favourites.Tracks[].IsExplicit, Favourites.Tracks[].Tags, Favourites.Tracks[].MainTrackID"
Public API > Member Activity > Favourites,Remove Track from Member Favourites,GET,{HM_ServiceAPI_URL}/removefavouritestrack/{HM_ServiceAPI_MemberToken}/{TrackID},,,,not-applicable,Code
Public API > Member Activity > Favourites,Remove All Tracks from Member Favourites,GET,{HM_ServiceAPI_URL}/removeallfavouritestracks/{HM_ServiceAPI_MemberToken},,,,not-applicable,Code
Public API > Member Activity > Sharing,Authenticate Temporary Member,POST,{HM_ServiceAPI_URL}/getinvitedmembertoken/{HM_ServiceAPI_Token},raw,"Email, RegionID",response.originalRequest,valid,"Token, Token.Value, Token.Expiry, Token.UTCOffset, Token.Type, Token.IsOfSingleUse"
Public API > Member Activity > Sharing,Get Playlist Category Share URL,POST,{HM_ServiceAPI_URL}/getsharemusicurl/{HM_ServiceAPI_Token},raw,"FromMemberToken, ToMemberToken, ObjectIdentifier, ObjectType, ShareType, AllowDownload, AllowFollow, AllowSave, AllowShare",response.originalRequest,valid,"Status, Url"
Public API > Member Activity > Sharing,Get Playlist Share URL,POST,{HM_ServiceAPI_URL}/getsharemusicurl/{HM_ServiceAPI_Token},raw,"FromMemberToken, ToMemberToken, ObjectIdentifier, ObjectType, ShareType, AllowDownload, AllowFollow, AllowSave, AllowShare",response.originalRequest,valid,"Status, Url"
Public API > Member Activity > Sharing,Send Share Music Email,POST,{HM_ServiceAPI_URL}/sendsharemusiclinkemail/{HM_ServiceAPI_MemberToken},raw,"FromEmail, ToEmail, Message, Link, ContentType, ContentTitle, SelectEmailTemplateByMemberRegion",response.originalRequest,valid,Code
Public API > Member Activity > Sharing,Deliver Share Music,POST,{HM_ServiceAPI_URL}/deliversharemusic/{HM_ServiceAPI_MemberToken},raw,"ToUsername, ObjectIdentifier, ObjectType, NotifyUser, Message",response.originalRequest,valid,Code
Public API > Member Activity > Sharing,Get Playlist Folder & Playlist Share,GET,{HM_ServiceAPI_URL}/getsharemusic/{HM_ServiceAPI_MemberToken}/{HM_ServiceAPI_EnageAccessToken},,,,not-applicable,"RequestEngageToken, RequestEngageToken.Value, RequestEngageToken.Expiry, RequestEngageToken.UTCOffset, RequestEngageToken.Type, RequestEngageToken.IsOfSingleUse, RequestEngageToken.TokenUsageState, ReferredPlaylistObject, ReferredPlaylistObject.ID, ReferredPlaylistObject.Name, ReferredPlaylistObject.Description, ReferredPlaylistObject.ObjectType, ReferredPlaylistObject.HasImage, ReferredPlaylistObject.AutoSave, ReferredPlaylistObject.CreatedDate, ReferredPlaylistObject.ColorHex, ReferredPlaylistObject.PlaylistsCount, ReferredPlaylistObject.Playlists, ReferredPlaylistObject.Playlists[].Name, ReferredPlaylistObject.Playlists[].ID, ReferredPlaylistObject.Playlists[].Description, ReferredPlaylistObject.Playlists[].CreatedDate, ReferredPlaylistObject.Playlists[].TrackCount, ReferredPlaylistObject.Playlists[].Tracks, ReferredPlaylistObject.Playlists[].RelatedPlaylists, ReferredPlaylistObject.Playlists[].HasImage, ReferredPlaylistObject.Playlists[].LanguageItems, ReferredPlaylistObject.Playlists[].AutoSave, ReferredPlaylistObject.Playlists[].Type, ReferredPlaylistObject.Playlists[].ObjectType, ReferredPlaylistObject.Playlists[].ExternalPlaylistImageUrl, ReferredPlaylistObject.Playlists[].OrderBy, ReferredPermission, ReferredPermission.AllowDownload, ReferredPermission.AllowSave, ReferredPermission.AllowFollow, ReferredPermission.AllowShare, ReferredPermission.AllowEdit, ReferredPermission.AllowCollaboration, ReferredPermission.AllowPublish, Referrer, Referrer.FirstName, Referrer.LastName"
Public API > Member Activity > Sharing,Accept Shared Music,GET,{HM_ServiceAPI_URL}/acceptsharemusic/{HM_ServiceAPI_MemberToken}/{HM_ServiceAPI_EnageAccessToken}?acceptType={acceptType},,,,not-applicable,"Code, Identity"
Public API > Member Activity > History,Get Member Audition History,GET,{HM_ServiceAPI_URL}/gethistorybymembertoken/{HM_ServiceAPI_MemberToken}?startdate={startDate}&enddate={endDate}&skip={Skip}&limit={Limit},,,,not-applicable,"History, History.Tracks, History.Tracks[].TrackNumber, History.Tracks[].Time, History.Tracks[].LengthSeconds, History.Tracks[].Comment, History.Tracks[].Composer, History.Tracks[].Publisher, History.Tracks[].Name, History.Tracks[].AlbumID, History.Tracks[].ID, History.Tracks[].Keywords, History.Tracks[].Lyrics, History.Tracks[].DisplayTitle, History.Tracks[].Genre, History.Tracks[].Tempo, History.Tracks[].Instrumentation, History.Tracks[].Bpm, History.Tracks[].Mixout, History.Tracks[].Frequency, History.Tracks[].DateIngested, History.Tracks[].Version, History.Tracks[].CdCode, History.Tracks[].AlbumName, History.Tracks[].LibraryName, History.Tracks[].LibraryFeatured, History.Tracks[].Status, History.Tracks[].LastUpdated, History.Tracks[].IsAlternate, History.Tracks[].AlternateCount, History.Tracks[].Highlighted, History.Tracks[].HighlightedInPlaylists, History.Tracks[].HasLyrics, History.Tracks[].IsExplicit, History.Tracks[].Tags, History.Tracks[].MainTrackID, History.HistoryItems, History.HistoryItems[].TrackID, History.HistoryItems[].DeliveryDate, History.HistoryItems[].UTCOffset, History.HistoryItems[].ItemType, History.HistoryItems[].TrimStartSecs, History.HistoryItems[].TrimEndSecs, History.TotalHistoryItems"
Public API > Member Activity > History,Get Member Download History,GET,{HM_ServiceAPI_URL}/getdownloadhistorybymembertoken/{HM_ServiceAPI_MemberToken}?startdate={startDate}&enddate={endDate}&skip={Skip}&limit={Limit},,,,not-applicable,"History, History.Tracks, History.Tracks[].TrackNumber, History.Tracks[].Time, History.Tracks[].LengthSeconds, History.Tracks[].Comment, History.Tracks[].Composer, History.Tracks[].Publisher, History.Tracks[].Name, History.Tracks[].AlbumID, History.Tracks[].ID, History.Tracks[].Keywords, History.Tracks[].Lyrics, History.Tracks[].DisplayTitle, History.Tracks[].Genre, History.Tracks[].Tempo, History.Tracks[].Instrumentation, History.Tracks[].Bpm, History.Tracks[].Mixout, History.Tracks[].Frequency, History.Tracks[].DateIngested, History.Tracks[].Version, History.Tracks[].CdCode, History.Tracks[].AlbumName, History.Tracks[].LibraryName, History.Tracks[].LibraryFeatured, History.Tracks[].Status, History.Tracks[].LastUpdated, History.Tracks[].IsAlternate, History.Tracks[].AlternateCount, History.Tracks[].Highlighted, History.Tracks[].HighlightedInPlaylists, History.Tracks[].HasLyrics, History.Tracks[].IsExplicit, History.Tracks[].Tags, History.Tracks[].MainTrackID, History.HistoryItems, History.HistoryItems[].TrackID, History.HistoryItems[].DeliveryDate, History.HistoryItems[].UTCOffset, History.HistoryItems[].ItemType, History.HistoryItems[].TrimStartSecs, History.HistoryItems[].TrimEndSecs, History.TotalHistoryItems"
Public API > Member Activity > History,Get Member Communication History,POST,{HM_ServiceAPI_URL}/gethistorybycommunications/{HM_ServiceAPI_MemberToken},raw,"Skip, Limit, Sort, StartDate, EndDate",request,valid,"History, History.HistoryItems, History.HistoryItems[].Type, History.HistoryItems[].From, History.HistoryItems[].To, History.HistoryItems[].Subject, History.HistoryItems[].Date, History.HistoryItems[].Status, History.TotalHistoryItems"
Public API > Member Activity > Tagging,Create Member Tag,POST,{HM_ServiceAPI_URL}/addmembertag/{HM_ServiceAPI_MemberToken},raw,TagName,response.originalRequest,valid,"Tags, Tags[].TagID, Tags[].TagName, Tags[].Type, Tags[].CreateDate, Tags[].LastUpdateDate"
Public API > Member Activity > Tagging,Update Member Tag,POST,{HM_ServiceAPI_URL}/updatemembertag/{HM_ServiceAPI_MemberToken}/12340397b5f68cf0,raw,TagName,response.originalRequest,valid,"Tags, Tags[].TagID, Tags[].TagName, Tags[].Type, Tags[].CreateDate, Tags[].LastUpdateDate"
Public API > Member Activity > Tagging,Add to Member Tags,POST,{HM_ServiceAPI_URL}/addtomembertags/{HM_ServiceAPI_MemberToken},raw,"ObjectType, ObjectIDs, AddToTagIDs",response.originalRequest,valid,"Tags, Tags[].TagID, Tags[].TagName, Tags[].Type, Tags[].AddedObjects, Tags[].AddedObjects[].ObjectID, Tags[].AddedObjects[].ObjectType"
Public API > Member Activity > Tagging,Get Member Tags,GET,{HM_ServiceAPI_URL}/getmembertags/{HM_ServiceAPI_MemberToken}?Skip={Skip}&Limit={Limit}&Sort={Sort},,,,not-applicable,"Tags, Tags[].TagID, Tags[].TagName, Tags[].Type, Tags[].CreateDate, Tags[].LastUpdateDate, TotalTagsCount"
Public API > Member Activity > Tagging,Get Member Tag Tracks,GET,{HM_ServiceAPI_URL}/getmembertagtracks/{HM_ServiceAPI_MemberToken}/{HM_ServiceAPI_NewMemberTagID}?Skip={Skip}&Limit={limit}&Sort={Sort},,,,not-applicable,"Tags, Tags[].TagID, Tags[].TagName, Tags[].Type, Tags[].CreateDate, Tags[].LastUpdateDate, Tags[].Tracks, Tags[].Tracks[].TrackNumber, Tags[].Tracks[].Time, Tags[].Tracks[].LengthSeconds, Tags[].Tracks[].Comment, Tags[].Tracks[].Composer, Tags[].Tracks[].Publisher, Tags[].Tracks[].Name, Tags[].Tracks[].AlbumID, Tags[].Tracks[].LibraryID, Tags[].Tracks[].ID, Tags[].Tracks[].Keywords, Tags[].Tracks[].Lyrics, Tags[].Tracks[].DisplayTitle, Tags[].Tracks[].alternatetitle, Tags[].Tracks[].Genre, Tags[].Tracks[].Tempo, Tags[].Tracks[].Instrumentation, Tags[].Tracks[].Bpm, Tags[].Tracks[].Mixout, Tags[].Tracks[].Frequency, Tags[].Tracks[].Bitrate, Tags[].Tracks[].DateIngested, Tags[].Tracks[].Version, Tags[].Tracks[].Status, Tags[].Tracks[].CDCode, Tags[].Tracks[].AlbumName, Tags[].Tracks[].LibraryName, Tags[].Tracks[].LibraryFeatured, Tags[].Tracks[].FileName, Tags[].Tracks[].AlternateCount, Tags[].Tracks[].Mood, Tags[].Tracks[].MusicFor, Tags[].Tracks[].Highlighted, Tags[].Tracks[].HighlightedInPlaylists, Tags[].Tracks[].HasLyrics, Tags[].Tracks[].IsExplicit, Tags[].Tracks[].Tags"
Public API > Member Activity > Tagging,Get Member Tags By Track,GET,{HM_ServiceAPI_URL}/getmembertagsbytrack/{HM_ServiceAPI_MemberToken}/{HM_ServiceAPI_TrackID},,,,not-applicable,"Tags, Tags[].TagID, Tags[].TagName, Tags[].Type, Tags[].CreateDate, Tags[].LastUpdateDate"
Public API > Member Activity > Tagging,Remove Track Tag,GET,{HM_ServiceAPI_URL}/removetrackmembertag/{HM_ServiceAPI_MemberToken}/{HM_ServiceAPI_NewMemberTagID}/{HM_ServiceAPI_TrackID},raw,,,empty,Code
Public API > Member Activity > Tagging,Remove Tag,GET,{HM_ServiceAPI_URL}/removemembertag/{HM_ServiceAPI_MemberToken}/{HM_ServiceAPI_NewMemberTagID},raw,,,empty,Code
Public API > Member Activity > Tagging,Remove All Tags,GET,{HM_ServiceAPI_URL}/removemembertags/{HM_ServiceAPI_MemberToken},raw,,,empty,Code
Public API > Member Activity > Comments,Create & Assign Member Comment to Track,POST,{HM_ServiceAPI_URL}/addtrackmembercomment/{HM_ServiceAPI_MemberToken},raw,"TrackID, TagName",response.originalRequest,valid,"Tags, Tags[].type, Tags[].tagid, Tags[].tagname, Tags[].CreateDate, Tags[].LastUpdateDate"
Public API > Member Activity > Comments,Update Member Comment,POST,{HM_ServiceAPI_URL}/updatetrackmembercomment/{HM_ServiceAPI_MemberToken},raw,"TrackID, TagName",response.originalRequest,valid,"Tags, Tags[].type, Tags[].tagid, Tags[].tagname, Tags[].CreateDate, Tags[].LastUpdateDate"
Public API > Member Activity > Comments,Get Member Comments By Track,GET,{HM_ServiceAPI_URL}/gettrackmembercomments/{HM_ServiceAPI_MemberToken}/{TrackID}?includeadmin={IncludeAdmin},,,,not-applicable,"Tags, Tags[].type, Tags[].tagid, Tags[].tagname, Tags[].CreateDate, Tags[].LastUpdateDate"
Public API > Member Activity > Comments,Remove Comment,GET,{HM_ServiceAPI_URL}/removetrackmembercomment/{HM_ServiceAPI_MemberToken}/{TagID},raw,,,empty,Code
Public API > Member Activity > Searches,Create Member Saved Search,POST,{HM_ServiceAPI_URL}/addmembersavesearch/{HM_ServiceAPI_MemberToken},raw,"Name, Description, SearchHistoryID",response.originalRequest,valid,"ID, Name, Description, CreatedDate, LastUpdateDate"
Public API > Member Activity > Searches,Update Member Saved Search,POST,{HM_ServiceAPI_URL}/updatemembersavesearch/{HM_ServiceAPI_MemberToken}/{SearchHistoryID},raw,"Name, Description, SearchHistoryID",response.originalRequest,valid,"ID, Name, Description, CreatedDate, LastUpdateDate"
Public API > Member Activity > Searches,Search Member Saved Searches,POST,{HM_ServiceAPI_URL}/searchmembersavesearches/{HM_ServiceAPI_MemberToken},raw,"Keywords, Skip, Limit, Sort",response.originalRequest,valid,"SavedSearches, SavedSearches[].ID, SavedSearches[].Name, SavedSearches[].Description, SavedSearches[].CreatedDate, SavedSearches[].LastUpdateDate, SavedSearches[].SearchTermsCount, SavedSearches[].SearchParameters, SavedSearches[].SearchParameters.searchtype, SavedSearches[].SearchParameters.memberaccount, SavedSearches[].SearchParameters.region, SavedSearches[].SearchParameters.includeinactive, SavedSearches[].SearchParameters.mainonly, SavedSearches[].SearchParameters.alternativeonly, SavedSearches[].SearchParameters.parentsearchhistoryid, SavedSearches[].SearchParameters.resultview, SavedSearches[].SearchParameters.resultview.view, SavedSearches[].SearchParameters.resultview.sort_predefined, SavedSearches[].SearchParameters.resultview.skip, SavedSearches[].SearchParameters.resultview.limit, SavedSearches[].SearchParameters.resultview.saved, SavedSearches[].SearchParameters.resultview.mincount, SavedSearches[].SearchParameters.resultview.returntrackcategoryid, SavedSearches[].SearchParameters.resultview.facet_album, SavedSearches[].SearchParameters.resultview.facet_albumskip, SavedSearches[].SearchParameters.resultview.facet_albumlimit, SavedSearches[].SearchParameters.resultview.facet_library, SavedSearches[].SearchParameters.resultview.facet_libraryskip, SavedSearches[].SearchParameters.resultview.facet_librarylimit, SavedSearches[].SearchParameters.resultview.facet_style, SavedSearches[].SearchParameters.resultview.facet_styleskip, SavedSearches[].SearchParameters.resultview.facet_stylelimit, SavedSearches[].SearchParameters.resultview.facet_category, SavedSearches[].SearchParameters.resultview.facet_categoryskip, SavedSearches[].SearchParameters.resultview.facet_categorylimit, SavedSearches[].SearchParameters.resultview.facet_composer, SavedSearches[].SearchParameters.resultview.facet_composerskip, SavedSearches[].SearchParameters.resultview.facet_composerlimit, SavedSearches[].SearchParameters.resultview.bpm_range, SavedSearches[].SearchParameters.resultview.duration_range, SavedSearches[].SearchParameters.resultview.include_alternates, SavedSearches[].SearchParameters.resultview.include_rightholders, SavedSearches[].SearchParameters.resultview.include_lyrics, SavedSearches[].SearchParameters.resultview.include_keywords, SavedSearches[].SearchParameters.resultview.tracks_per_album, SavedSearches[].SearchParameters.resultview.facet_bpm, SavedSearches[].SearchParameters.resultview.facet_duration, SavedSearches[].SearchParameters.resultview.facet_releaseyear, SavedSearches[].SearchParameters.resultview.view_style_album_count, SavedSearches[].SearchParameters.resultview.view_style_playlist_count, SavedSearches[].SearchParameters.resultview.view_track_categories, SavedSearches[].SearchParameters.resultview.evoke_prioritizebpm, SavedSearches[].SearchParameters.resultview.evoke_suppressvocals, SavedSearches[].SearchParameters.resultview.view_album_assigned_to_style, SavedSearches[].SearchParameters.resultview.view_playlist_assigned_to_style, SavedSearches[].SearchParameters.resultview.returnrates, SavedSearches[].SearchParameters.nearestduration, SavedSearches[].SearchParameters.nearestbpm, SavedSearches[].SearchParameters.nearestalternate, SavedSearches[].SearchParameters.LibraryType, SavedSearches[].SearchParameters.PreviousSearchTermBundles, SavedSearches[].SearchParameters.PreviousSearchTermBundles[].SearchHistoryID, SavedSearches[].SearchParameters.PreviousSearchTermBundles[].SearchHistoryIDEnc, SavedSearches[].SearchParameters.PreviousSearchTermBundles[].st_keyword_aggregated, SavedSearches[].SearchParameters.PreviousSearchTermBundles[].st_keyword_aggregated.searchtermid, SavedSearches[].SearchParameters.PreviousSearchTermBundles[].st_keyword_aggregated.searchtermidenc, SavedSearches[].SearchParameters.PreviousSearchTermBundles[].st_keyword_aggregated.Keywords, SavedSearches[].SearchParameters.PreviousSearchTermBundles[].st_keyword_aggregated.exactphrase, SavedSearches[].SearchParameters.PreviousSearchTermBundles[].st_keyword_aggregated.oroperation, SavedSearches[].SearchParameters.PreviousSearchTermBundles[].st_keyword_aggregated.wildcard, SavedSearches[].SearchParameters.PreviousSearchTermBundles[].st_keyword_aggregated.disablekeywordgroup, SavedSearches[].SearchParameters.PreviousSearchTermBundles[].st_keyword_aggregated.negative, TotalCount"
Public API > Member Activity > Searches,Remove Member Saved Search Term,GET,{HM_ServiceAPI_URL}/removemembersavedsearchterm/{HM_ServiceAPI_MemberToken}/{SearchHistoryID}/{SearchTermID},,,,not-applicable,Code
Public API > Member Activity > Searches,Remove Member Saved Search,GET,{HM_ServiceAPI_URL}/removemembersavedsearch/{HM_ServiceAPI_MemberToken}/{SearchHistoryID},,,,not-applicable,Code
Public API > Member Activity > Searches,Remove All Member Saved Searches,GET,{HM_ServiceAPI_URL}/removeallmembersavedsearch/{HM_ServiceAPI_MemberToken},,,,not-applicable,Code
Public API > Content Management,Get Web Content,GET,{HM_ServiceAPI_URL}/getwebcontent/{HM_ServiceAPI_Token}/{Code}/{RegionID},,,,not-applicable,"CssUrl, WebContents, WebContents[].Name, WebContents[].Code, WebContents[].Order, WebContents[].PublishDate, WebContents[].IncludeNav, WebContents[].Status, WebContents[].HTML, WebContents[].HasChildren, WebContents[].Type, WebContents[].Description, WebContents[].MetaKeywords, WebContents[].MetaDescription"
Public API > Content Management,Get Web Content Children,GET,{HM_ServiceAPI_URL}/getchildwebcontent/{HM_ServiceAPI_Token}/{ParentCode}/{RegionID},,,,not-applicable,"CssUrl, WebContents, WebContents[].Name, WebContents[].Code, WebContents[].Order, WebContents[].PublishDate, WebContents[].IncludeNav, WebContents[].Status, WebContents[].HTML, WebContents[].HasChildren, WebContents[].Type, WebContents[].ImageFilename, WebContents[].URL, WebContents[].Target, WebContents[].Tags, WebContents[].Description, WebContents[].MetaKeywords, WebContents[].MetaDescription"
Public API > Ecommerce > Rates,Get Rates,GET,{HM_ServiceAPI_URL}/getrates/{HM_ServiceAPI_Token}/{Style}/{CurrencyCode},,,,not-applicable,"Rates, Rates[].ID, Rates[].Style, Rates[].Code, Rates[].Description, Rates[].Fee, Rates[].RelatedRate, Rates[].RelatedRate.ID, Rates[].RelatedRate.Style, Rates[].RelatedRate.Code, Rates[].RelatedRate.Description, Rates[].RelatedRate.Duration, Rates[].RelatedRate.Fee, Rates[].RelatedRate.RelatedRateID, Rates[].RelatedRate.DatetimeStamp, Rates[].RelatedRate.OrderID, Rates[].DatetimeStamp, Rates[].OrderID, Rates[].CurrencyCode"
Public API > Ecommerce > Rates,Get Special Rate,GET,{HM_ServiceAPI_URL}/getspecialratebycode/{HM_ServiceAPI_Token}/{SpecialRateCode}/{CurrencyCode},,,,not-applicable,"Rates, Rates[].ID, Rates[].Style, Rates[].Code, Rates[].Description, Rates[].Duration, Rates[].Fee, Rates[].DatetimeStamp, Rates[].OrderID, Rates[].CurrencyCode, Rates[].ParentRate, Rates[].ParentRate.ID, Rates[].ParentRate.Description, Rates[].ParentRate.Fee, Rates[].ParentRate.OrderID"
Public API > Ecommerce > Invoices,Implementation Guide - Ecommerce,INFO,,,,,not-applicable,
Public API > Ecommerce > Invoices,Create Invoice,POST,{HM_ServiceAPI_URL}/addinvoice/{HM_ServiceAPI_MemberToken},raw,"invoice, invoice.invoicelineitems, invoice.invoicelineitems[].quantity, invoice.invoicelineitems[].amount, invoice.invoicelineitems[].amounttax, invoice.invoicelineitems[].description, invoice.invoicelineitems[].discountid, invoice.invoicelineitems[].discount, invoice.invoicelineitems[].invoiceitemreferences, invoice.invoicelineitems[].invoiceitemreferences[].referenceid, invoice.invoicelineitems[].invoiceitemreferences[].referencetype, invoice.invoicelineitems[].invoiceitemreferences[].value, invoice.invoiceproduction, invoice.invoiceproduction.client, invoice.invoiceproduction.title, invoice.invoiceproduction.productiondate, invoice.invoiceproduction.producer, invoice.invoiceproduction.length, invoice.invoiceproduction.po, invoice.currencycode, invoice.duedate, invoice.issuedate, invoice.discountid, invoice.discount, invoice.subtotal, invoice.totaltax, invoice.total, invoice.paymenttype, invoice.paymentreferencenumber",request,valid,"invoice, invoice.id, invoice.memberaccountid, invoice.issuedate, invoice.duedate, invoice.totaltax, invoice.subtotal, invoice.total, invoice.invoicenumber, invoice.status, invoice.currencycode"
Public API > Ecommerce > Invoices,Get Invoice,POST,{HM_ServiceAPI_URL}/getinvoice/{HM_ServiceAPI_MemberToken},raw,"invoiceid, returntracks, returnrates, returndiscounts",request,valid,"invoice, invoice.id, invoice.memberaccountid, invoice.issuedate, invoice.duedate, invoice.totaltax, invoice.subtotal, invoice.total, invoice.invoicelineitems, invoice.invoicelineitems[].amount, invoice.invoicelineitems[].description, invoice.invoicelineitems[].quantity, invoice.invoicelineitems[].amounttax, invoice.invoicelineitems[].track, invoice.invoicelineitems[].track.trackid, invoice.invoicelineitems[].track.albumid, invoice.invoicelineitems[].track.originalfilename, invoice.invoicelineitems[].track.filename, invoice.invoicelineitems[].track.title, invoice.invoicelineitems[].track.displaytitle, invoice.invoicelineitems[].track.tracknumber, invoice.invoicelineitems[].track.duration, invoice.invoicelineitems[].track.bitrate, invoice.invoicelineitems[].track.frequency, invoice.invoicelineitems[].track.description, invoice.invoicelineitems[].rate, invoice.invoicelineitems[].rate.id, invoice.invoicelineitems[].rate.style, invoice.invoicelineitems[].rate.code, invoice.invoicelineitems[].rate.description, invoice.invoicelineitems[].rate.duration, invoice.invoicelineitems[].rate.fee, invoice.invoicenumber, invoice.status, invoice.invoiceproduction, invoice.invoiceproduction.client, invoice.invoiceproduction.title, invoice.invoiceproduction.producer, invoice.invoiceproduction.productiondate, invoice.invoiceproduction.length, invoice.invoiceproduction.po, invoice.currencycode"
Public API > Ecommerce > Invoices,Void Invoice,POST,{HM_ServiceAPI_URL}/voidinvoice/{HM_ServiceAPI_MemberToken},raw,"invoiceid, reason",request,valid,Code
Public API > Ecommerce > Invoices,Search Invoice,POST,{HM_ServiceAPI_URL}/searchinvoices/{HM_ServiceAPI_MemberToken},raw,"fromamount, fromdate, toamount, todate, limit, skip",request,valid,"invoices, invoices[].id, invoices[].memberaccountid, invoices[].issuedate, invoices[].duedate, invoices[].totaltax, invoices[].subtotal, invoices[].total, invoices[].invoicenumber, invoices[].paidamount, invoices[].status, invoices[].membername, invoices[].currencycode"
Public API > Ecommerce > Invoices,Pay Invoice,POST,{HM_ServiceAPI_URL}/payinvoice/{HM_ServiceAPI_MemberToken},raw,"invoicepayment, invoicepayment.invoiceid, invoicepayment.amount, invoicepayment.contactname, invoicepayment.date, invoicepayment.paymenttype, invoicepayment.paymentreferencenumber, invoicepayment.paymentstatus, sendemail, bccemail",request,valid,"invoice, invoice.id, invoice.memberaccountid, invoice.issuedate, invoice.duedate, invoice.totaltax, invoice.subtotal, invoice.total, invoice.invoicenumber, invoice.status, invoice.currencycode"
Public API > Ecommerce > Invoices,Get Invoice Document,GET,{HM_ServiceAPI_URL}/getinvoicedownloadurl/{HM_ServiceAPI_MemberToken}/{HM_ServiceAPI_InvoiceID},,,,not-applicable,Url
Public API > Admin Management > Authentication,Authenticate Management Token,POST,{HM_ServiceAPI_URL}/getmanagementtoken/{HM_ServiceAPI_Token},raw,"UserName, Password",response.originalRequest,valid,"ManagementToken, ManagementToken.Value, ManagementToken.Expiry, ManagementToken.UTCOffset, ManagementToken.Type, ManagementToken.IsOfSingleUse, ManagementToken.ForcePasswordReset"
Public API > Admin Management > Member Groups,Update Member Group Details,POST,{HM_ServiceAPI_URL}/updatemembergroup/{HM_ServiceAPI_ManagementToken}/{MemberGroupID},raw,"MemberGroup, MemberGroup.DownloadEnabled, MemberGroup.DownloadStem, MemberGroup.DownloadLimit",response.originalRequest,valid,"MemberGroup, MemberGroup.ID, MemberGroup.AssignedRegionChangeEnabled, MemberGroup.Type, MemberGroup.ProductionsCount, MemberGroup.DownloadEnabled, MemberGroup.DownloadStem, MemberGroup.DownloadLimit, MemberGroup.DownloadsRemaining, MemberGroup.DownloadsUsed"
Export API > Getting Started,Implementation Guide - Getting Started,INFO,,,,,not-applicable,
Export API > Getting Started,Get Access Token,GET,{HM_ExportAPI_URL}/getaccesstoken/{HM_ExportAPI_Key},,,,not-applicable,
Export API > Getting Started,Get Access Info (Download formats & URL),GET,{HM_ExportAPI_URL}/getaccessinfo/{HM_ExportAPI_AccessToken},,,,not-applicable,
Export API > Getting Started,Get Access Accounts,GET,{HM_ExportAPI_URL}/getaccessaccounts/{HM_ExportAPI_AccessToken},,,,not-applicable,
Export API > Getting Started,Get Session Token,GET,{HM_ExportAPI_URL}/getsessiontoken/{HM_ExportAPI_AccessToken}/{Username}/{Password}?accessaccountid=430f25d8e56cfadf,,,,not-applicable,
Export API > Getting Started,Expire Session Token,GET,{HM_ExportAPI_URL}/expiretoken/{HM_ExportAPI_SessionToken},,,,not-applicable,
Export API > Getting Started,Validate Access Token,GET,{HM_ExportAPI_URL}/validateaccesstoken/{HM_ExportAPI_AccessToken},,,,not-applicable,
Export API > Getting Started,Validate Session Token,GET,{HM_ExportAPI_URL}/validatesessiontoken/{HM_ExportAPI_AccessToken},,,,not-applicable,
Export API > Getting Started,Expire Access Token,GET,{HM_ExportAPI_URL}/expireaccesstoken/{HM_ExportAPI_AccessToken},,,,not-applicable,
Export API > Process Steps,Album Workflows,INFO,,,,,not-applicable,
Export API > Process Steps,Track Workflows,INFO,,,,,not-applicable,
Export API > Process Steps,Download INFO,INFO,,,,,not-applicable,
Export API > Process Steps,Metadata INFO,INFO,,,,,not-applicable,
Export API > Working within the Workspace,Get Labels/Libraries,GET,{HM_ExportAPI_URL}/getlibraries/{HM_ExportAPI_SessionToken},,,,not-applicable,
Export API > Working within the Workspace,Get Labels/Libraries All States,GET,{HM_ExportAPI_URL}/getlibrariesallstates/{HM_ExportAPI_SessionToken},,,,not-applicable,
Export API > Working within the Workspace,Get Albums By Workspace Status,POST,{HM_ExportAPI_URL}/getalbumsbyworkspacestatus/{HM_ExportAPI_SessionToken},raw,,response.originalRequest,non-json:xml,
Export API > Working within the Workspace,Get Workspace Items By Album,GET,{HM_ExportAPI_URL}/getworkspacealbumitems/{HM_ExportAPI_SessionToken}/{AlbumID}/{Format},,,,not-applicable,
Export API > Working within the Workspace,Get Workspace Items By Track,GET,{HM_ExportAPI_URL}/getworkspacetrackitems/{HM_ExportAPI_SessionToken}/{TrackID}/{Format},,,,not-applicable,
Export API > Working within the Workspace,Get Workspace Download,POST,{HM_ExportAPI_URL}/getmusicdownload/{HM_ExportAPI_SessionToken},raw,,response.originalRequest,invalid,
Export API > Working within the Workspace,Set Album Tag,POST,{HM_ExportAPI_URL}/setalbumtag/{HM_ExportAPI_SessionToken},raw,,response.originalRequest,invalid,
Export API > Working within the Workspace,Remove Album Tag,POST,{HM_ExportAPI_URL}/removealbumtag/{HM_ExportAPI_SessionToken},raw,,response.originalRequest,non-json:xml,
Export API > Working within the Workspace,Upsert Track Categories,POST,{HM_ExportAPI_URL}/bulkupserttrackcategories/{HM_ExportAPI_SessionToken},raw,,response.originalRequest,non-json:xml,
Import API > Getting Started,Implementation Guide - Getting Started,INFO,,,,,not-applicable,
Import API > Getting Started,Get Access Token,GET,{HM_ImportAPI_URL}/getaccesstoken,,,,not-applicable,"Token, Token.Value, Token.Expiry, Token.UTCOffset, Token.IsOfSingleUse"
Import API > Getting Started,Get Session Token,GET,{HM_ImportAPI_URL}/getsessiontoken/{HM_ImportAPI_AccessToken}/{Username}/{Password},,,,not-applicable,"Token, Token.Value, Token.Expiry, Token.UTCOffset, Token.IsOfSingleUse"
Import API > Getting Started,Expire Session Token,GET,{HM_ImportAPI_URL}/expiretoken/{HM_ImportAPI_SessionToken},,,,not-applicable,Code
Import API > Process Steps,Primary Workflows,INFO,,,,,not-applicable,
Import API > Working within the Workspace > Labels/Libraries,Get Labels/Libraries,GET,{HM_ImportAPI_URL}/getlibraries/{HM_ImportAPI_SessionToken},,,,not-applicable,"Libraries, Libraries[].LibraryIdentity, Libraries[].Name, Libraries[].Codes, Libraries[].Codes[].SystemCode, Libraries[].Codes[].AttributeTypeName, Libraries[].Codes[].Value, Libraries[].Codes[].Comments"
Import API > Working within the Workspace > Labels/Libraries,Create Label/Library,POST,{HM_ImportAPI_URL}/library/{HM_ImportAPI_SessionToken}/insert,raw,"Name, DisplayName, Description, Code, Prefix, Manufacturer, Location, Website, Profile",response.originalRequest,valid,"Code, LibraryIdentity"
Import API > Working within the Workspace > Labels/Libraries,Update Label/Library,POST,{HM_ImportAPI_URL}/library/{HM_ImportAPI_SessionToken}/update,raw,"LibraryIdentity, Name, DisplayName, Description, Code, Prefix, Manufacturer, Location, Website, Profile",response.originalRequest,valid,"Code, LibraryIdentity"
Import API > Working within the Workspace > Albums,Get Albums By Workspace State,POST,{HM_ImportAPI_URL}/getalbumsbyworkspacestate/{HM_ImportAPI_SessionToken},raw,"LibraryIdentity, WorkspaceState",response.originalRequest,valid,"AlbumsWithWorkspaceState, AlbumsWithWorkspaceState[].Album, AlbumsWithWorkspaceState[].Album.ReleaseDate, AlbumsWithWorkspaceState[].Album.Code, AlbumsWithWorkspaceState[].Album.Detail, AlbumsWithWorkspaceState[].Album.Name, AlbumsWithWorkspaceState[].Album.DisplayTitle, AlbumsWithWorkspaceState[].Album.Keywords, AlbumsWithWorkspaceState[].Album.Tags, AlbumsWithWorkspaceState[].Album.Linebreaks, AlbumsWithWorkspaceState[].Album.Identity, AlbumsWithWorkspaceState[].AlbumTracksState"
Import API > Working within the Workspace > Albums,Create Album,POST,{HM_ImportAPI_URL}/album/{HM_ImportAPI_SessionToken}/insert,raw,"LibraryIdentity, Title, DisplayTitle, Description, AlbumCode, Keywords, Tags, Styles, ReleaseDate",response.originalRequest,valid,"Code, AlbumIdentity"
Import API > Working within the Workspace > Albums,Update Album,POST,{HM_ImportAPI_URL}/album/{HM_ImportAPI_SessionToken}/update,raw,"LibraryIdentity, AlbumIdentity, Title, DisplayTitle, Description, AlbumCode, Keywords, Tags, Styles, ReleaseDate",response.originalRequest,valid,"Code, AlbumIdentity"
Import API > Working within the Workspace > Albums,Remove Album,DELETE,{HM_ImportAPI_URL}/album/{HM_ImportAPI_SessionToken}/{AlbumIdentity},raw,,,empty,Code
Import API > Working within the Workspace > Albums,Get Album Asset Upload URL,POST,{HM_ImportAPI_URL}/getpresigneduploadurl/{HM_ImportAPI_SessionToken},raw,"AssetType, Key, FileName, ContentType, ExpiresInSeconds, ObjectID",response.originalRequest,valid,"PresignedUploadUrl, ResourceUrl"
Import API > Working within the Workspace > Albums,Confirm Album Asset Upload Complete,POST,{HM_ImportAPI_URL}/confirmpresignedupload/{HM_ImportAPI_SessionToken},raw,"AssetType, Key, FileName, ObjectID",response.originalRequest,valid,Code
Import API > Working within the Workspace > Albums,Set External Album Asset (URL),POST,{HM_ImportAPI_URL}/setasseturl/{HM_ImportAPI_SessionToken},raw,"AssetType, Url, ObjectID",response.originalRequest,valid,Code
Import API > Working within the Workspace > Albums,Set External Album Asset (Amazon S3),POST,{HM_ImportAPI_URL}/setexternals3asset/{HM_ImportAPI_SessionToken},raw,"AssetType, Key, ObjectID",response.originalRequest,valid,Code
Import API > Working within the Workspace > Tracks,Get Attribute Types,GET,{HM_ImportAPI_URL}/getattributetypes/{HM_ImportAPI_SessionToken},,,,not-applicable,"AttributeTypes, AttributeTypes[].ID, AttributeTypes[].AccountID, AttributeTypes[].AttributeTypeName, AttributeTypes[].AttributeTypeStyle, AttributeTypes[].AttributeTypeFormat, AttributeTypes[].Mandatory, AttributeTypes[].OneOnly, AttributeTypes[].SystemCode, AttributeTypes[].ParentID, AttributeTypes[].ParentType, AttributeTypes[].CategoryId, AttributeTypes[].AttributeTypeGroup, AttributeTypes[].Length, AttributeTypes[].Status, AttributeTypes[].MaxIteration, AttributeTypes[].Group, AttributeTypes[].OwnerAccountCode, AttributeTypes[].FormatRegex"
Import API > Working within the Workspace > Tracks,Get Tracks By Workspace Album & State,POST,{HM_ImportAPI_URL}/getalbumtracksbyworkspacestate/{HM_ImportAPI_SessionToken},raw,"AlbumIdentity, WorkspaceState",response.originalRequest,valid,"Tracks, Tracks[].TrackNumber, Tracks[].LengthSeconds, Tracks[].Comment, Tracks[].Composer, Tracks[].Publisher, Tracks[].Name, Tracks[].Keywords, Tracks[].Lyrics, Tracks[].DisplayTitle, Tracks[].Genre, Tracks[].Tempo, Tracks[].Instrumentation, Tracks[].Bpm, Tracks[].Version, Tracks[].Alternates, Tracks[].AlternateTracks, Tracks[].RelatedTracks, Tracks[].Categories, Tracks[].Composers, Tracks[].IsAlternate, Tracks[].TrackIdentity, Tracks[].Tags"
Import API > Working within the Workspace > Tracks,Create Track,POST,{HM_ImportAPI_URL}/track/{HM_ImportAPI_SessionToken}/insert,raw,"tracks, tracks[].AlbumIdentity, tracks[].Title, tracks[].DisplayTitle, tracks[].TrackNumber, tracks[].Description, tracks[].Keywords, tracks[].Genre, tracks[].Mixout, tracks[].Version, tracks[].Mood, tracks[].MusicFor, tracks[].AlternateTitle, tracks[].OriginalFileName, tracks[].Writer, tracks[].Publisher, tracks[].Artist, tracks[].BPM, tracks[].Tempo, tracks[].Instrumentation, tracks[].Lyrics, tracks[].CategoryCodes, tracks[].IsMain, tracks[].MainTrackNumber, tracks[].Writers, tracks[].Writers[].FirstName, tracks[].Writers[].MiddleName, tracks[].Writers[].LastName, tracks[].Writers[].Capacity, tracks[].Writers[].PublisherName, tracks[].Writers[].Code, tracks[].Writers[].OwnerPerformanceShare, tracks[].Writers[].OwnerMechanicalShare, tracks[].Writers[].CollectingSocietyName, tracks[].Writers[].Territory, tracks[].Writers[].CollectionPerformanceShare, tracks[].Writers[].CollectionMechanicalShare, tracks[].Publishers, tracks[].Publishers[].Name, tracks[].Publishers[].Capacity, tracks[].Publishers[].Code, tracks[].Publishers[].OwnerPerformanceShare, tracks[].Publishers[].OwnerMechanicalShare, tracks[].Publishers[].CollectingSocietyName, tracks[].Publishers[].CollectionPerformanceShare, tracks[].Publishers[].CollectionMechanicalShare, tracks[].Publishers[].Territory, tracks[].Publishers[].OriginalPublisherName, tracks[].Artists, tracks[].Artists[].FirstName, tracks[].Artists[].MiddleName, tracks[].Artists[].LastName, tracks[].Artists[].IPI, tracks[].Artists[].CollectingSocietyName, tracks[].CategoryAttributes, tracks[].CategoryAttributes[].Name, tracks[].CategoryAttributes[].Value, tracks[].Codes, tracks[].Codes[].AttributeTypeID, tracks[].Codes[].Value",response.originalRequest,valid,TrackIdentities
Import API > Working within the Workspace > Tracks,Update Track,POST,{HM_ImportAPI_URL}/track/{HM_ImportAPI_SessionToken}/update,raw,"tracks, tracks[].TrackIdentity, tracks[].AlbumIdentity, tracks[].Title, tracks[].DisplayTitle, tracks[].TrackNumber, tracks[].Description, tracks[].Keywords, tracks[].Genre, tracks[].Mixout, tracks[].Version, tracks[].Mood, tracks[].MusicFor, tracks[].AlternateTitle, tracks[].OriginalFileName, tracks[].Writer, tracks[].Publisher, tracks[].Artist, tracks[].BPM, tracks[].Tempo, tracks[].Instrumentation, tracks[].Lyrics, tracks[].CategoryCodes, tracks[].IsMain, tracks[].MainTrackNumber, tracks[].Writers, tracks[].Writers[].FirstName, tracks[].Writers[].MiddleName, tracks[].Writers[].LastName, tracks[].Writers[].Capacity, tracks[].Writers[].PublisherName, tracks[].Writers[].Code, tracks[].Writers[].OwnerPerformanceShare, tracks[].Writers[].OwnerMechanicalShare, tracks[].Writers[].CollectingSocietyName, tracks[].Writers[].Territory, tracks[].Writers[].CollectionPerformanceShare, tracks[].Writers[].CollectionMechanicalShare, tracks[].Publishers, tracks[].Publishers[].Name, tracks[].Publishers[].Capacity, tracks[].Publishers[].Code, tracks[].Publishers[].OwnerPerformanceShare, tracks[].Publishers[].OwnerMechanicalShare, tracks[].Publishers[].CollectingSocietyName, tracks[].Publishers[].CollectionPerformanceShare, tracks[].Publishers[].CollectionMechanicalShare, tracks[].Publishers[].Territory, tracks[].Publishers[].OriginalPublisherName, tracks[].Artists, tracks[].Artists[].FirstName, tracks[].Artists[].MiddleName, tracks[].Artists[].LastName, tracks[].Artists[].IPI, tracks[].Artists[].CollectingSocietyName, tracks[].CategoryAttributes, tracks[].CategoryAttributes[].Name, tracks[].CategoryAttributes[].Value, tracks[].Codes, tracks[].Codes[].AttributeTypeID, tracks[].Codes[].Value",response.originalRequest,valid,TrackIdentities
Import API > Working within the Workspace > Tracks,Remove Track,DELETE,{HM_ImportAPI_URL}/track/{HM_ImportAPI_SessionToken}/{TrackIdentity},raw,,,empty,Code
Import API > Working within the Workspace > Tracks,Move Tracks On Import Album,POST,{HM_ImportAPI_URL}/track/{HM_ImportAPI_SessionToken}/move,raw,"Tracks, Tracks[].DestinationAlbumIdentity, Tracks[].TrackIdentity",response.originalRequest,valid,Code
Import API > Working within the Workspace > Tracks,Get Track Asset Upload URL,POST,{HM_ImportAPI_URL}/getpresigneduploadurl/{HM_ImportAPI_SessionToken},raw,"AssetType, Key, FileName, ContentType, ExpiresInSeconds, ObjectID",response.originalRequest,valid,"PresignedUploadUrl, ResourceUrl"
Import API > Working within the Workspace > Tracks,Confirm Track Asset Upload Complete,POST,{HM_ImportAPI_URL}/confirmpresignedupload/{HM_ImportAPI_SessionToken},raw,"AssetType, Key, FileName, ObjectID",response.originalRequest,valid,Code
Import API > Working within the Workspace > Tracks,Set External Track Asset (URL),POST,{HM_ImportAPI_URL}/setasseturl/{HM_ImportAPI_SessionToken},raw,"AssetType, Url, ObjectID",response.originalRequest,valid,Code
Import API > Working within the Workspace > Tracks,Set External Track Asset (Amazon S3),POST,{HM_ImportAPI_URL}/setexternals3asset/{HM_ImportAPI_SessionToken},raw,"AssetType, Key, ObjectID",response.originalRequest,valid,Code
Import API > Working within the Workspace > Stems,Get Stems By Workspace Track & State,POST,{HM_ImportAPI_URL}/gettrackstemsbyworkspacestate/{HM_ImportAPI_SessionToken},raw,TrackIdentity,request,valid,"Stems, Stems[].Version, Stems[].WorkspaceState, Stems[].StemIdentity, Stems[].TrackIdentity"
Import API > Working within the Workspace > Stems,Create Stem,POST,{HM_ImportAPI_URL}/stem/{HM_ImportAPI_SessionToken}/insert,raw,"Stems, Stems[].TrackIdentity, Stems[].Version",request,valid,"Code, StemIdentities"
Import API > Working within the Workspace > Stems,Update Stem,POST,{HM_ImportAPI_URL}/stem/{HM_ImportAPI_SessionToken}/update,raw,"Stems, Stems[].TrackIdentity, Stems[].StemIdentity, Stems[].Version",request,valid,"Code, StemIdentities"
Import API > Working within the Workspace > Stems,Remove Stem,DELETE,{HM_ImportAPI_URL}/stem/{HM_ImportAPI_SessionToken}/{HM_ImportAPI_TempID},raw,,,empty,Code
Import API > Working within the Workspace > Stems,Get Stem Asset Upload URL,POST,{HM_ImportAPI_URL}/getpresigneduploadurl/{HM_ImportAPI_SessionToken},raw,"AssetType, Key, FileName, ContentType, ExpiresInSeconds, ObjectID",response.originalRequest,valid,"PresignedUploadUrl, ResourceUrl"
Import API > Working within the Workspace > Stems,Confirm Stem Asset Upload Complete,POST,{HM_ImportAPI_URL}/confirmpresignedupload/{HM_ImportAPI_SessionToken},raw,"AssetType, Key, FileName, ObjectID",response.originalRequest,valid,Code
Import API > Working within the Workspace > Stems,Set External Stem Asset (URL),POST,{HM_ImportAPI_URL}/setasseturl/{HM_ImportAPI_SessionToken},raw,"AssetType, Url, ObjectID",response.originalRequest,valid,Code
Import API > Working within the Workspace > Stems,Set External Stem Asset (Amazon S3),POST,{HM_ImportAPI_URL}/setexternals3asset/{HM_ImportAPI_SessionToken},raw,"AssetType, Key, ObjectID",response.originalRequest,valid,Code
Import API > Working within the Workspace > Publishing,Publish Album & Tracks,GET,{HM_ImportAPI_URL}/album/{HM_ImportAPI_SessionToken}/{AlbumIdentity}/publish,,,,not-applicable,Code
Import API > Working within the Workspace > Publishing,Publish Track On Imported Album,GET,{HM_ImportAPI_URL}/track/{HM_ImportAPI_SessionToken}/{TrackIdentity}/publish,,,,not-applicable,Code
Import API > Working within the Workspace > Publishing,Unpublish Track On Imported Album,GET,{HM_ImportAPI_URL}/track/{HM_ImportAPI_SessionToken}/{HM_ImportAPI_TrackID}/unpublish,,,,not-applicable,Code
Import API > Working within the Workspace > Publishing,Publish Stem On Imported Track,GET,{HM_ImportAPI_URL}/stem/{HM_ImportAPI_SessionToken}/{HM_ImportAPI_StemID}/publish,,,,not-applicable,Code
Agent API > Getting Started,Get Authorised,POST,{HM_IntegrationAPI_AuthUrl},urlencoded,"grant_type, client_id, client_secret",request,not-applicable,"access_token, expires_in, token_type"
Agent API > Getting Started,Get Service Token,GET,{HM_IntegrationAPI_URL}/getservicetoken,,,,not-applicable,"Token, Token.Value, Token.Expiry, Token.UTCOffset, Token.Type, Token.IsOfSingleUse"
Agent API > Getting Started,Get Service Token Info,GET,{HM_IntegrationAPI_URL}/getservicetokeninfo/{HM_IntegrationAPI_Token},,,,not-applicable,"Token, Token.Value, Token.Expiry, Token.UTCOffset, Token.Type, Token.IsOfSingleUse, Token.TokenUsageState"
Agent API > Getting Started,Get Service Info (Download formats & URL),GET,{HM_IntegrationAPI_URL}/getserviceinfo/{HM_IntegrationAPI_Token},,,,not-applicable,"ServiceInfoURLs, ServiceInfoURLs.DirectDownloadURL, FileFormats, FileFormats[].ID, FileFormats[].FileExtension, FileFormats[].BitRate, FileFormats[].SampleRate, FileFormats[].SampleSize, FileFormats[].IsMaster, FileFormats[].Isdefaultdownload, FileFormats[].isdefaultdownloadfortype"
Agent API > Getting Started,Expire Service Token,GET,{HM_IntegrationAPI_URL}/expiretoken/{HM_IntegrationAPI_Token},,,,not-applicable,Code
Agent API > Process Steps,Primary Workflows,INFO,,,,,not-applicable,
Agent API > Working within the Workspace,Get Labels/Libraries,GET,{HM_IntegrationAPI_URL}/getlibraries/{HM_IntegrationAPI_Token},,,,not-applicable,"Libraries, Libraries[].Detail, Libraries[].Name, Libraries[].ID, Libraries[].Location, Libraries[].Website, Libraries[].LibraryLogoUrl, Libraries[].Status, Libraries[].LastUpdated"
Agent API > Working within the Workspace,Get Labels/Libraries By Tag,POST,{HM_IntegrationAPI_URL}/getlibrariesbytag/{HM_IntegrationAPI_Token},raw,"ContainsTags, NotContainsTags",request,valid,"Libraries, Libraries[].Featured, Libraries[].Detail, Libraries[].Name, Libraries[].ID, Libraries[].Location, Libraries[].Website, Libraries[].LibraryLogoUrl, Libraries[].Status, Libraries[].LastUpdated, Libraries[].Codes, Libraries[].Type, Libraries[].Tags"
Agent API > Working within the Workspace,Get Albums by Workspace Status,POST,{HM_IntegrationAPI_URL}/getalbumsbyworkspacestatus/{HM_IntegrationAPI_Token},raw,"LibraryID, Format, WorkspaceStatus, ContainsTags, NotContainsTags",response.originalRequest,valid,"Albums, Albums[].Featured, Albums[].ReleaseDate, Albums[].Code, Albums[].Detail, Albums[].Name, Albums[].DisplayTitle, Albums[].ID, Albums[].Status, Albums[].Tags, Albums[].Linebreaks"
Agent API > Working within the Workspace,Get Tracks By Workspace Album,GET,{HM_IntegrationAPI_URL}/getworkspacealbumtracks/{HM_IntegrationAPI_Token}/{AlbumID}/{Format},,,,not-applicable,"workspaceAlbums, workspaceAlbums[].Code, workspaceAlbums[].Format, workspaceAlbums[].FormatName, workspaceAlbums[].Name, workspaceAlbums[].DisplayTitle, workspaceAlbums[].LibraryID, workspaceAlbums[].Tags, workspaceAlbums[].Status, workspaceAlbums[].WorkspaceAlbumItems, workspaceAlbums[].WorkspaceAlbumItems[].ItemType, workspaceAlbums[].WorkspaceAlbumItems[].TrackNumber, workspaceAlbums[].WorkspaceAlbumItems[].Name, workspaceAlbums[].WorkspaceAlbumItems[].FileName, workspaceAlbums[].WorkspaceAlbumItems[].FileSize, workspaceAlbums[].WorkspaceAlbumItems[].Bucket, workspaceAlbums[].WorkspaceAlbumItems[].Key, workspaceAlbums[].WorkspaceAlbumItems[].DownloadToken, workspaceAlbums[].WorkspaceAlbumItems[].TrackID"
Agent API > Working within the Workspace,Get Management User Token,GET,{HM_IntegrationAPI_URL}/getmanagementusertoken/{HM_IntegrationAPI_Token}/{username}/{password},,,,not-applicable,"Token, Token.Value, Token.Expiry, Token.UTCOffset, Token.IsOfSingleUse"
Agent API > Working within the Workspace,Get Management User Download,POST,{HM_IntegrationAPI_URL}/getmanagementuserdownload/{HM_IntegrationAPI_Token},raw,"ManagementUserToken, DownloadType, Identifier, Format",response.originalRequest,valid,RequestSent
Agent API > Working within the Workspace,Set Album Tag,POST,{HM_IntegrationAPI_URL}/setalbumtag/{HM_IntegrationAPI_Token},raw,"AlbumID, Tag",response.originalRequest,valid,Code
Agent API > Working within the Workspace,Remove Album Tag,POST,{HM_IntegrationAPI_URL}/removealbumtag/{HM_IntegrationAPI_Token},raw,"AlbumID, Tag",response.originalRequest,valid,Code
Agent API > Working within the Workspace,Set Library Tag,POST,{HM_IntegrationAPI_URL}/setlibrarytag/{HM_IntegrationAPI_Token},raw,"libraryid, tag",request,valid,Code
Agent API > Working within the Workspace,Remove Library Tag,POST,{HM_IntegrationAPI_URL}/removelibrarytag/{HM_IntegrationAPI_Token},raw,,response.originalRequest,non-json:xml,Code
Additional Information,Glossary,INFO:,,,,,not-applicable,
Additional Information,API Response Codes,INFO:,,,,,not-applicable,
Additional Information,API Rate Limiting,INFO,,,,,not-applicable,
Additional Information,API Health Status,INFO,,,,,not-applicable,
