"api_family","section","endpoint_name","method","documented_url","endpoint_key","parigo_relevance","audit_execution","evidence_source","rationale"
"Public API","Public API > Getting Started","Get Authorised","POST","{HM_ServiceAPI_AuthUrl}","oauth2/token","Implemented","Live through BFF/direct harness","Code + runtime route matrix","Endpoint name is referenced by the Parigo implementation or its audit harnesses."
"Public API","Public API > Getting Started","Get Service Token","GET","{HM_ServiceAPI_URL}/getservicetoken","getservicetoken","Implemented","Live through BFF/direct harness","Code + runtime route matrix","Endpoint name is referenced by the Parigo implementation or its audit harnesses."
"Public API","Public API > Getting Started","Validate Service Token","GET","{HM_ServiceAPI_URL}/getservicetokeninfo/{HM_ServiceAPI_Token}","getservicetokeninfo","Not required by current UI","Static only — outside current Parigo product","Harvest documentation snapshot","No current Parigo route or UI dependency found."
"Public API","Public API > Getting Started","Expire Service Token","GET","{HM_ServiceAPI_URL}/expiretoken/{HM_ServiceAPI_Token}","expiretoken","Implemented","Live through BFF/direct harness","Code + runtime route matrix","Endpoint name is referenced by the Parigo implementation or its audit harnesses."
"Public API","Public API > Service Information","Get Service Info (Service Asset URLs and File Formats)","GET","{HM_ServiceAPI_URL}/getserviceinfo/{HM_ServiceAPI_Token}","getserviceinfo","Implemented","Live through BFF/direct harness","Code + runtime route matrix","Endpoint name is referenced by the Parigo implementation or its audit harnesses."
"Public API","Public API > Service Information","Get Service Attributes","GET","{HM_ServiceAPI_URL}/getserviceattribute/{HM_ServiceAPI_Token}/{attributeTypeCode}","getserviceattribute","Not required by current UI","Static only — outside current Parigo product","Harvest documentation snapshot","No current Parigo route or UI dependency found."
"Public API","Public API > Service Information","Get Short URL","POST","{HM_ServiceAPI_URL}/getshorturl/{HM_ServiceAPI_Token}","getshorturl","Not required by current UI","Static only — outside current Parigo product","Harvest documentation snapshot","No current Parigo route or UI dependency found."
"Public API","Public API > Regions & Countries","Get Regions","GET","{HM_ServiceAPI_URL}/getregions/{HM_ServiceAPI_Token}","getregions","Implemented","Live through BFF/direct harness","Code + runtime route matrix","Endpoint name is referenced by the Parigo implementation or its audit harnesses."
"Public API","Public API > Regions & Countries","Get Region","GET","{HM_ServiceAPI_URL}/getregion/{HM_ServiceAPI_Token}/{RegionID}","getregion","Implemented","Live through BFF/direct harness","Code + runtime route matrix","Endpoint name is referenced by the Parigo implementation or its audit harnesses."
"Public API","Public API > Regions & Countries","Get Regions By IP","GET","{HM_ServiceAPI_URL}/getregionbyip/{HM_ServiceAPI_Token}?ip={IP}","getregionbyip","Not required by current UI","Static only — outside current Parigo product","Harvest documentation snapshot","No current Parigo route or UI dependency found."
"Public API","Public API > Regions & Countries","Get Countries","GET","{HM_ServiceAPI_URL}/getcountries/{HM_ServiceAPI_Token}","getcountries","Not required by current UI","Static only — outside current Parigo product","Harvest documentation snapshot","No current Parigo route or UI dependency found."
"Public API","Public API > Guest Management","Authenticate Guest Member","GET","{HM_ServiceAPI_URL}/getguestmembertoken/{HM_ServiceAPI_Token}/{Region_ID}","getguestmembertoken","Implemented","Live through BFF/direct harness","Code + runtime route matrix","Endpoint name is referenced by the Parigo implementation or its audit harnesses."
"Public API","Public API > Accessing Metadata > Libraries","Get Labels/Libraries","GET","{HM_ServiceAPI_URL}/getlibraries/{HM_ServiceAPI_MemberToken}","getlibraries","Implemented","Live through BFF/direct harness","Code + runtime route matrix","Endpoint name is referenced by the Parigo implementation or its audit harnesses."
"Public API","Public API > Accessing Metadata > Libraries","Get Labels/Libraries (Include Inactive)","GET","{HM_ServiceAPI_URL}/getlibraries/{HM_ServiceAPI_MemberToken}/includeinactive","getlibraries","Implemented","Live through BFF/direct harness","Code + runtime route matrix","Endpoint name is referenced by the Parigo implementation or its audit harnesses."
"Public API","Public API > Accessing Metadata > Libraries","Get Label/Library","GET","{HM_ServiceAPI_URL}/getlibrary/{HM_ServiceAPI_MemberToken}/{LibraryID}?returnCodes={returnCodes}","getlibrary","Implemented","Live through BFF/direct harness","Code + runtime route matrix","Endpoint name is referenced by the Parigo implementation or its audit harnesses."
"Public API","Public API > Accessing Metadata > Styles","Get Style Groups","GET","{HM_ServiceAPI_URL}/getstylegroups/{HM_ServiceAPI_MemberToken}","getstylegroups","Not required by current UI","Static only — outside current Parigo product","Harvest documentation snapshot","No current Parigo route or UI dependency found."
"Public API","Public API > Accessing Metadata > Styles","Get Styles","GET","{HM_ServiceAPI_URL}/getstyles/{HM_ServiceAPI_MemberToken}?groupID={GroupID}&allowEmptyStyle=false","getstyles","Implemented","Live through BFF/direct harness","Code + runtime route matrix","Endpoint name is referenced by the Parigo implementation or its audit harnesses."
"Public API","Public API > Accessing Metadata > Styles","Get Styles By Language Code","GET","{HM_ServiceAPI_URL}/getstyles/{HM_ServiceAPI_MemberToken}/{LanguageCode}?groupID={GroupID}","getstyles","Implemented","Live through BFF/direct harness","Code + runtime route matrix","Endpoint name is referenced by the Parigo implementation or its audit harnesses."
"Public API","Public API > Accessing Metadata > Albums","Get Albums By Label/Library","GET","{HM_ServiceAPI_URL}/getalbums/{HM_ServiceAPI_MemberToken}/{LibraryID}","getalbums","Implemented","Live through BFF/direct harness","Code + runtime route matrix","Endpoint name is referenced by the Parigo implementation or its audit harnesses."
"Public API","Public API > Accessing Metadata > Albums","Get Albums By Label/Library (Include Inactive)","GET","{HM_ServiceAPI_URL}/getalbums/{HM_ServiceAPI_MemberToken}/{LibraryID}/includeinactive","getalbums","Implemented","Live through BFF/direct harness","Code + runtime route matrix","Endpoint name is referenced by the Parigo implementation or its audit harnesses."
"Public API","Public API > Accessing Metadata > Albums","Get Albums By Style","POST","{HM_ServiceAPI_URL}/getalbumsbystyles/{HM_ServiceAPI_MemberToken}","getalbumsbystyles","Not required by current UI","Static only — outside current Parigo product","Harvest documentation snapshot","No current Parigo route or UI dependency found."
"Public API","Public API > Accessing Metadata > Albums","Get Albums By Album","POST","{HM_ServiceAPI_URL}/getalbumsbyids/{HM_ServiceAPI_MemberToken}","getalbumsbyids","Not required by current UI","Static only — outside current Parigo product","Harvest documentation snapshot","No current Parigo route or UI dependency found."
"Public API","Public API > Accessing Metadata > Albums","Get Featured Albums","GET","{HM_ServiceAPI_URL}/getfeaturedalbums/{HM_ServiceAPI_MemberToken}/{Top}?returntrackcount={returnTrackCount}&mainonly={mainOnly}&sort={sortorder}","getfeaturedalbums","Implemented","Live through BFF/direct harness","Code + runtime route matrix","Endpoint name is referenced by the Parigo implementation or its audit harnesses."
"Public API","Public API > Accessing Metadata > Albums","Get Latest Albums","GET","{HM_ServiceAPI_URL}/getlatestalbums/{HM_ServiceAPI_MemberToken}/{Top}","getlatestalbums","Not required by current UI","Static only — outside current Parigo product","Harvest documentation snapshot","No current Parigo route or UI dependency found."
"Public API","Public API > Accessing Metadata > Albums","Get Album","GET","{HM_ServiceAPI_URL}/getalbum/{HM_ServiceAPI_MemberToken}/{AlbumID}?returnLibraryCodes={returnLibraryCodes}","getalbum","Implemented","Live through BFF/direct harness","Code + runtime route matrix","Endpoint name is referenced by the Parigo implementation or its audit harnesses."
"Public API","Public API > Accessing Metadata > Albums","Get Album Tracks","GET","{HM_ServiceAPI_URL}/getalbumtracks/{HM_ServiceAPI_MemberToken}/{AlbumID}/mainonly?skip={skip}&limit={limit}","getalbumtracks","Implemented","Live through BFF/direct harness","Code + runtime route matrix","Endpoint name is referenced by the Parigo implementation or its audit harnesses."
"Public API","Public API > Accessing Metadata > Albums","Get Album Tracks (Include Inactive)","GET","{HM_ServiceAPI_URL}/getalbumtracks/{HM_ServiceAPI_MemberToken}/{AlbumID}/includeinactive?skip={skip}&limit={limit}","getalbumtracks","Implemented","Live through BFF/direct harness","Code + runtime route matrix","Endpoint name is referenced by the Parigo implementation or its audit harnesses."
"Public API","Public API > Accessing Metadata > Tracks","Get Tracks","POST","{HM_ServiceAPI_URL}/gettracks/{HM_ServiceAPI_MemberToken}","gettracks","Implemented","Live through BFF/direct harness","Code + runtime route matrix","Endpoint name is referenced by the Parigo implementation or its audit harnesses."
"Public API","Public API > Accessing Metadata > Tracks","Get Top Tracks","POST","{HM_ServiceAPI_URL}/gettoptracks/{HM_ServiceAPI_MemberToken}","gettoptracks","Not required by current UI","Static only — outside current Parigo product","Harvest documentation snapshot","No current Parigo route or UI dependency found."
"Public API","Public API > Accessing Metadata > Categories","Get Categories","GET","{HM_ServiceAPI_URL}/getcategories/{HM_ServiceAPI_MemberToken}/hasactivetrackonly?languagecode={LanguageCode}","getcategories","Implemented","Live through BFF/direct harness","Code + runtime route matrix","Endpoint name is referenced by the Parigo implementation or its audit harnesses."
"Public API","Public API > Accessing Metadata > Right Holders","Get Rightholders By Track","GET","{HM_ServiceAPI_URL}/getrightholders/{HM_ServiceAPI_MemberToken}/{TrackID}","getrightholders","Implemented","Live through BFF/direct harness","Code + runtime route matrix","Endpoint name is referenced by the Parigo implementation or its audit harnesses."
"Public API","Public API > Accessing Metadata > Featured Playlist Categories & Playlists > Playlist Categories","Get Featured Playlist Categories","GET","{HM_ServiceAPI_URL}/getfeaturedplaylistcategories/{HM_ServiceAPI_MemberToken}?returnplaylistcount={HM_ServiceAPI_ShowCounts}&skip={HM_ServiceAPI_Skip}&limit={HM_ServiceAPI_Limit}&sort={HM_ServiceAPI_PlaylistSortOrder}","getfeaturedplaylistcategories","Not required by current UI","Static only — outside current Parigo product","Harvest documentation snapshot","No current Parigo route or UI dependency found."
"Public API","Public API > Accessing Metadata > Featured Playlist Categories & Playlists > Playlist Categories","Get Featured Playlist Categories & Playlists","GET","{HM_ServiceAPI_URL}/getfeaturedplaylistcategoriesandplaylists/{HM_ServiceAPI_MemberToken}?returnplaylistcount={HM_ServiceAPI_ShowCounts}&returntrackcount={HM_ServiceAPI_ShowCounts}&returnrootobjectsonly={HM_ServiceAPI_ShowCounts}&playlistcategoryid={HM_ServiceAPI_NewMemberPlaylistCategoryID}&skip={HM_ServiceAPI_Skip}&limit={HM_ServiceAPI_Limit}&sort={HM_ServiceAPI_PlaylistSortOrder}","getfeaturedplaylistcategoriesandplaylists","Not required by current UI","Static only — outside current Parigo product","Harvest documentation snapshot","No current Parigo route or UI dependency found."
"Public API","Public API > Accessing Metadata > Featured Playlist Categories & Playlists > Playlists","Get Featured Playlists","GET","{HM_ServiceAPI_URL}/getfeaturedplaylistsplaylistonly/{HM_ServiceAPI_MemberToken}?showtrackcount={ShowTrackCount}&skip={Skip}&limit={Limit}&languagecode={LanguageCode}&style={StyleID}","getfeaturedplaylistsplaylistonly","Implemented","Live through BFF/direct harness","Code + runtime route matrix","Endpoint name is referenced by the Parigo implementation or its audit harnesses."
"Public API","Public API > Accessing Metadata > Featured Playlist Categories & Playlists > Playlists","Get Featured Playlist","POST","{HM_ServiceAPI_URL}/getfeaturedplaylistandtracks/{HM_ServiceAPI_MemberToken}/{PlaylistID}","getfeaturedplaylistandtracks","Implemented","Live through BFF/direct harness","Code + runtime route matrix","Endpoint name is referenced by the Parigo implementation or its audit harnesses."
"Public API","Public API > Accessing Metadata > Featured Playlist Categories & Playlists > Playlists","Search Featured Playlist Tracks","POST","{HM_ServiceAPI_URL}/searchfeaturedplaylisttracks/{HM_ServiceAPI_MemberToken}/{HM_ServiceAPI_FeaturedPlaylistID}","searchfeaturedplaylisttracks","Not required by current UI","Static only — outside current Parigo product","Harvest documentation snapshot","No current Parigo route or UI dependency found."
"Public API","Public API > Accessing Metadata > Shared Playlists","Get Shared Playlist","GET","{HM_ServiceAPI_URL}/getsharedplaylistwithmembertoken/{HM_ServiceAPI_MemberToken}/{PlaylistID}?Skip={Skip}&Limit={Limit}","getsharedplaylistwithmembertoken","Not required by current UI","Static only — outside current Parigo product","Harvest documentation snapshot","No current Parigo route or UI dependency found."
"Public API","Public API > Accessing Metadata > Cuesheets > Generate Cuesheet By Library","Get Generated Cuesheet By ID","POST","{HM_ServiceAPI_URL}/getcuesheet/{HM_ServiceAPI_MemberToken}?filename={Filename}","getcuesheet","Adjacent capability","Live through BFF/direct harness","Code + runtime route matrix","Endpoint name is referenced by the Parigo implementation or its audit harnesses."
"Public API","Public API > Accessing Metadata > Cuesheets > Generate Cuesheet By EDL Matching","Get EDL File Upload URL","POST","{HM_ServiceAPI_URL}/getpresigneduploadurl/{HM_ServiceAPI_MemberToken}","getpresigneduploadurl","Implemented","Live through BFF/direct harness","Code + runtime route matrix","Endpoint name is referenced by the Parigo implementation or its audit harnesses."
"Public API","Public API > Accessing Metadata > Cuesheets > Generate Cuesheet By EDL Matching","Confirm EDL File Upload Complete","POST","{HM_ServiceAPI_URL}/confirmpresignedupload/{HM_ServiceAPI_MemberToken}","confirmpresignedupload","Implemented","Live through BFF/direct harness","Code + runtime route matrix","Endpoint name is referenced by the Parigo implementation or its audit harnesses."
"Public API","Public API > Accessing Metadata > Cuesheets > Generate Cuesheet By EDL Matching","Get Cuesheet Matches","POST","{HM_ServiceAPI_URL}/getcuesheetmatch/{HM_ServiceAPI_MemberToken}","getcuesheetmatch","Not required by current UI","Static only — outside current Parigo product","Harvest documentation snapshot","No current Parigo route or UI dependency found."
"Public API","Public API > Searching Metadata > Search","Search","POST","{HM_ServiceAPI_URL}/cloudsearch/{HM_ServiceAPI_MemberToken}","cloudsearch","Implemented","Live through BFF/direct harness","Code + runtime route matrix","Endpoint name is referenced by the Parigo implementation or its audit harnesses."
"Public API","Public API > Searching Metadata > Search","Predictive Search","POST","{HM_ServiceAPI_URL}/autocomplete/{HM_ServiceAPI_MemberToken}","autocomplete","Implemented","Live through BFF/direct harness","Code + runtime route matrix","Endpoint name is referenced by the Parigo implementation or its audit harnesses."
"Public API","Public API > Searching Metadata > Search Similar > AIMS > Similarity (By TrackID)","Search Similar Tracks (By TrackID)","POST","{HM_ServiceAPI_URL}/cloudsearch/{HM_ServiceAPI_MemberToken}","cloudsearch","Adjacent capability","Static contract + live service capability check","Harvest documentation + ServiceInfo.SearchSimilarInfo","The shared endpoint name exists in Parigo, but this specialised search workflow is not implemented and SearchSimilarInfo is empty on the live service."
"Public API","Public API > Searching Metadata > Search Similar > AIMS > Similarity (By Audio File Upload)","Get Audio File Upload URL","POST","{HM_ServiceAPI_URL}/getpresigneduploadurl/{HM_ServiceAPI_MemberToken}","getpresigneduploadurl","Adjacent capability","Static contract + live service capability check","Harvest documentation + ServiceInfo.SearchSimilarInfo","The shared endpoint name exists in Parigo, but this specialised search workflow is not implemented and SearchSimilarInfo is empty on the live service."
"Public API","Public API > Searching Metadata > Search Similar > AIMS > Similarity (By Audio File Upload)","Confirm Audio File Upload Complete","POST","{HM_ServiceAPI_URL}/confirmpresignedupload/{HM_ServiceAPI_MemberToken}","confirmpresignedupload","Adjacent capability","Static contract + live service capability check","Harvest documentation + ServiceInfo.SearchSimilarInfo","The shared endpoint name exists in Parigo, but this specialised search workflow is not implemented and SearchSimilarInfo is empty on the live service."
"Public API","Public API > Searching Metadata > Search Similar > AIMS > Similarity (By Audio File Upload)","Search Similar Tracks (By Audio File Upload)","POST","{HM_ServiceAPI_URL}/cloudsearch/{HM_ServiceAPI_MemberToken}","cloudsearch","Adjacent capability","Static contract + live service capability check","Harvest documentation + ServiceInfo.SearchSimilarInfo","The shared endpoint name exists in Parigo, but this specialised search workflow is not implemented and SearchSimilarInfo is empty on the live service."
"Public API","Public API > Searching Metadata > Search Similar > AIMS > Similarity (By URL)","Get External Audio File","POST","{HM_ServiceAPI_URL}/getexternalaudiobyurl/{HM_ServiceAPI_MemberToken}","getexternalaudiobyurl","Adjacent capability","Static contract + live service capability check","Harvest documentation + ServiceInfo.SearchSimilarInfo","The shared endpoint name exists in Parigo, but this specialised search workflow is not implemented and SearchSimilarInfo is empty on the live service."
"Public API","Public API > Searching Metadata > Search Similar > AIMS > Similarity (By URL)","Search Similar Tracks (By URL)","POST","{HM_ServiceAPI_URL}/cloudsearch/{HM_ServiceAPI_MemberToken}","cloudsearch","Adjacent capability","Static contract + live service capability check","Harvest documentation + ServiceInfo.SearchSimilarInfo","The shared endpoint name exists in Parigo, but this specialised search workflow is not implemented and SearchSimilarInfo is empty on the live service."
"Public API","Public API > Searching Metadata > Search Similar > AIMS > Similarity (By Prompt)","Search Similar Tracks (By Prompt)","POST","{HM_ServiceAPI_URL}/cloudsearch/{HM_ServiceAPI_MemberToken}","cloudsearch","Adjacent capability","Static contract + live service capability check","Harvest documentation + ServiceInfo.SearchSimilarInfo","The shared endpoint name exists in Parigo, but this specialised search workflow is not implemented and SearchSimilarInfo is empty on the live service."
"Public API","Public API > Searching Metadata > Search Similar > CYANITE > Similarity (By TrackID)","Search Similar Tracks (By TrackID)","POST","{HM_ServiceAPI_URL}/cloudsearch/{HM_ServiceAPI_MemberToken}","cloudsearch","Adjacent capability","Static contract + live service capability check","Harvest documentation + ServiceInfo.SearchSimilarInfo","The shared endpoint name exists in Parigo, but this specialised search workflow is not implemented and SearchSimilarInfo is empty on the live service."
"Public API","Public API > Searching Metadata > Search Similar > CYANITE > Similarity (By Uploaded Audio File)","Get Audio File Upload URL","POST","{HM_ServiceAPI_URL}/getpresigneduploadurl/{HM_ServiceAPI_MemberToken}","getpresigneduploadurl","Adjacent capability","Static contract + live service capability check","Harvest documentation + ServiceInfo.SearchSimilarInfo","The shared endpoint name exists in Parigo, but this specialised search workflow is not implemented and SearchSimilarInfo is empty on the live service."
"Public API","Public API > Searching Metadata > Search Similar > CYANITE > Similarity (By Uploaded Audio File)","Confirm Audio File Upload Complete","POST","{HM_ServiceAPI_URL}/confirmpresignedupload/{HM_ServiceAPI_MemberToken}","confirmpresignedupload","Adjacent capability","Static contract + live service capability check","Harvest documentation + ServiceInfo.SearchSimilarInfo","The shared endpoint name exists in Parigo, but this specialised search workflow is not implemented and SearchSimilarInfo is empty on the live service."
"Public API","Public API > Searching Metadata > Search Similar > CYANITE > Similarity (By Uploaded Audio File)","Get External Audio File Ingestion Status","POST","{HM_ServiceAPI_URL}/getexternalaudiostatus/{HM_ServiceAPI_MemberToken}","getexternalaudiostatus","Adjacent capability","Static contract + live service capability check","Harvest documentation + ServiceInfo.SearchSimilarInfo","The shared endpoint name exists in Parigo, but this specialised search workflow is not implemented and SearchSimilarInfo is empty on the live service."
"Public API","Public API > Searching Metadata > Search Similar > CYANITE > Similarity (By Uploaded Audio File)","Search Similar Tracks (By Audio File Upload)","POST","{HM_ServiceAPI_URL}/cloudsearch/{HM_ServiceAPI_MemberToken}","cloudsearch","Adjacent capability","Static contract + live service capability check","Harvest documentation + ServiceInfo.SearchSimilarInfo","The shared endpoint name exists in Parigo, but this specialised search workflow is not implemented and SearchSimilarInfo is empty on the live service."
"Public API","Public API > Searching Metadata > Search Similar > CYANITE > Similarity (By URL)","Get External Audio File Ingestion Status","POST","{HM_ServiceAPI_URL}/getexternalaudiostatus/{HM_ServiceAPI_MemberToken}","getexternalaudiostatus","Adjacent capability","Static contract + live service capability check","Harvest documentation + ServiceInfo.SearchSimilarInfo","The shared endpoint name exists in Parigo, but this specialised search workflow is not implemented and SearchSimilarInfo is empty on the live service."
"Public API","Public API > Searching Metadata > Search Similar > CYANITE > Similarity (By URL)","Search Similar Tracks (By URL)","POST","{HM_ServiceAPI_URL}/cloudsearch/{HM_ServiceAPI_MemberToken}","cloudsearch","Adjacent capability","Static contract + live service capability check","Harvest documentation + ServiceInfo.SearchSimilarInfo","The shared endpoint name exists in Parigo, but this specialised search workflow is not implemented and SearchSimilarInfo is empty on the live service."
"Public API","Public API > Searching Metadata > Search Similar > CYANITE > Similarity (By Free Text)","Search Similar Tracks (By Free Text)","POST","{HM_ServiceAPI_URL}/cloudsearch/{HM_ServiceAPI_MemberToken}","cloudsearch","Adjacent capability","Static contract + live service capability check","Harvest documentation + ServiceInfo.SearchSimilarInfo","The shared endpoint name exists in Parigo, but this specialised search workflow is not implemented and SearchSimilarInfo is empty on the live service."
"Public API","Public API > Searching Metadata > Search Similar > HARMIX > Similarity (By Track ID)","Search Similar Tracks (By TrackID)","POST","{HM_ServiceAPI_URL}/cloudsearch/{HM_ServiceAPI_MemberToken}","cloudsearch","Adjacent capability","Static contract + live service capability check","Harvest documentation + ServiceInfo.SearchSimilarInfo","The shared endpoint name exists in Parigo, but this specialised search workflow is not implemented and SearchSimilarInfo is empty on the live service."
"Public API","Public API > Searching Metadata > Search Similar > HARMIX > Similarity (By Audio File Upload)","Get Audio File Upload URL","POST","{HM_ServiceAPI_URL}/getpresigneduploadurl/{HM_ServiceAPI_MemberToken}","getpresigneduploadurl","Adjacent capability","Static contract + live service capability check","Harvest documentation + ServiceInfo.SearchSimilarInfo","The shared endpoint name exists in Parigo, but this specialised search workflow is not implemented and SearchSimilarInfo is empty on the live service."
"Public API","Public API > Searching Metadata > Search Similar > HARMIX > Similarity (By Audio File Upload)","Confirm Audio File Upload Complete","POST","{HM_ServiceAPI_URL}/confirmpresignedupload/{HM_ServiceAPI_MemberToken}","confirmpresignedupload","Adjacent capability","Static contract + live service capability check","Harvest documentation + ServiceInfo.SearchSimilarInfo","The shared endpoint name exists in Parigo, but this specialised search workflow is not implemented and SearchSimilarInfo is empty on the live service."
"Public API","Public API > Searching Metadata > Search Similar > HARMIX > Similarity (By Audio File Upload)","Search Similar Tracks (By Audio File Upload)","POST","{HM_ServiceAPI_URL}/cloudsearch/{HM_ServiceAPI_MemberToken}","cloudsearch","Adjacent capability","Static contract + live service capability check","Harvest documentation + ServiceInfo.SearchSimilarInfo","The shared endpoint name exists in Parigo, but this specialised search workflow is not implemented and SearchSimilarInfo is empty on the live service."
"Public API","Public API > Searching Metadata > Search Similar > HARMIX > Similarity (By URL)","Get External Audio File","POST","{HM_ServiceAPI_URL}/getexternalaudiobyurl/{HM_ServiceAPI_MemberToken}","getexternalaudiobyurl","Adjacent capability","Static contract + live service capability check","Harvest documentation + ServiceInfo.SearchSimilarInfo","The shared endpoint name exists in Parigo, but this specialised search workflow is not implemented and SearchSimilarInfo is empty on the live service."
"Public API","Public API > Searching Metadata > Search Similar > HARMIX > Similarity (By URL)","Search Similar Tracks (By URL)","POST","{HM_ServiceAPI_URL}/cloudsearch/{HM_ServiceAPI_MemberToken}","cloudsearch","Adjacent capability","Static contract + live service capability check","Harvest documentation + ServiceInfo.SearchSimilarInfo","The shared endpoint name exists in Parigo, but this specialised search workflow is not implemented and SearchSimilarInfo is empty on the live service."
"Public API","Public API > Searching Metadata > Search Similar > HARMIX > Similarity (By Prompt)","Search Similar Tracks (By Prompt)","POST","{HM_ServiceAPI_URL}/cloudsearch/{HM_ServiceAPI_MemberToken}","cloudsearch","Adjacent capability","Static contract + live service capability check","Harvest documentation + ServiceInfo.SearchSimilarInfo","The shared endpoint name exists in Parigo, but this specialised search workflow is not implemented and SearchSimilarInfo is empty on the live service."
"Public API","Public API > Member Management > Registration","Register Member","POST","{HM_ServiceAPI_URL}/registermember/{HM_ServiceAPI_Token}","registermember","Implemented","Live through BFF/direct harness","Code + runtime route matrix","Endpoint name is referenced by the Parigo implementation or its audit harnesses."
"Public API","Public API > Member Management > Registration","Validate Username","POST","{HM_ServiceAPI_URL}/validateusername/{HM_ServiceAPI_Token}","validateusername","Adjacent capability","Live through BFF/direct harness","Code + runtime route matrix","Endpoint name is referenced by the Parigo implementation or its audit harnesses."
"Public API","Public API > Member Management > Registration","Validate Email","POST","{HM_ServiceAPI_URL}/validatememberemail/{HM_ServiceAPI_Token}","validatememberemail","Adjacent capability","Live through BFF/direct harness","Code + runtime route matrix","Endpoint name is referenced by the Parigo implementation or its audit harnesses."
"Public API","Public API > Member Management > Verification","Send Verify Member Link Email","POST","{HM_ServiceAPI_URL}/sendmemberverifylinkemail/{HM_ServiceAPI_Token}","sendmemberverifylinkemail","Implemented","Live through BFF/direct harness","Code + runtime route matrix","Endpoint name is referenced by the Parigo implementation or its audit harnesses."
"Public API","Public API > Member Management > Verification","Validate Verify Member Token","GET","{HM_ServiceAPI_URL}/validateverifymembertoken/{HM_ServiceAPI_Token}/{VerifyMemberToken}","validateverifymembertoken","Adjacent capability","Live through BFF/direct harness","Code + runtime route matrix","Endpoint name is referenced by the Parigo implementation or its audit harnesses."
"Public API","Public API > Member Management > Verification","Verify Member","POST","{HM_ServiceAPI_URL}/verifymember/{HM_ServiceAPI_Token}","verifymember","Implemented","Live through BFF/direct harness","Code + runtime route matrix","Endpoint name is referenced by the Parigo implementation or its audit harnesses."
"Public API","Public API > Member Management > Authentication","Authenticate Member & Generate Persistent Member Token","POST","{HM_ServiceAPI_URL}/getmembertoken/{HM_ServiceAPI_Token}","getmembertoken","Implemented","Live through BFF/direct harness","Code + runtime route matrix","Endpoint name is referenced by the Parigo implementation or its audit harnesses."
"Public API","Public API > Member Management > Authentication","Validate Member Token","GET","{HM_ServiceAPI_URL}/getservicetokeninfo/{HM_ServiceAPI_MemberToken}","getservicetokeninfo","Not required by current UI","Static only — outside current Parigo product","Harvest documentation snapshot","No current Parigo route or UI dependency found."
"Public API","Public API > Member Management > Authentication","Expire Member Token","GET","{HM_ServiceAPI_URL}/expiretoken/{HM_ServiceAPI_MemberToken}","expiretoken","Implemented","Live through BFF/direct harness","Code + runtime route matrix","Endpoint name is referenced by the Parigo implementation or its audit harnesses."
"Public API","Public API > Member Management > Authentication","Validate Persistent Member Token","POST","{HM_ServiceAPI_URL}/validatepersistentlogintoken/{HM_ServiceAPI_Token}","validatepersistentlogintoken","Implemented","Live through BFF/direct harness","Code + runtime route matrix","Endpoint name is referenced by the Parigo implementation or its audit harnesses."
"Public API","Public API > Member Management > Authentication","Expire Persistent Member Token","POST","{HM_ServiceAPI_URL}/expirepersistentlogintoken/{HM_ServiceAPI_Token}","expirepersistentlogintoken","Implemented","Live through BFF/direct harness","Code + runtime route matrix","Endpoint name is referenced by the Parigo implementation or its audit harnesses."
"Public API","Public API > Member Management > Single Sign-on","Get Single Sign-on Token","GET","{HM_ServiceAPI_URL}/getssotoken/{HM_ServiceAPI_MemberToken}","getssotoken","Not required by current UI","Static only — outside current Parigo product","Harvest documentation snapshot","No current Parigo route or UI dependency found."
"Public API","Public API > Member Management > Single Sign-on","Validate Single Sign-on Token","POST","{HM_ServiceAPI_URL}/validatessotoken/{HM_ServiceAPI_Token}","validatessotoken","Not required by current UI","Static only — outside current Parigo product","Harvest documentation snapshot","No current Parigo route or UI dependency found."
"Public API","Public API > Member Management > Profile","Get Member Details","GET","{HM_ServiceAPI_URL}/getmember/{HM_ServiceAPI_MemberToken}","getmember","Implemented","Live through BFF/direct harness","Code + runtime route matrix","Endpoint name is referenced by the Parigo implementation or its audit harnesses."
"Public API","Public API > Member Management > Profile","Get Member Details (Invited)","POST","{HM_ServiceAPI_URL}/getinvitedmembertoken/{HM_ServiceAPI_Token}","getinvitedmembertoken","Adjacent capability","Live through BFF/direct harness","Code + runtime route matrix","Endpoint name is referenced by the Parigo implementation or its audit harnesses."
"Public API","Public API > Member Management > Profile","Update Member Details","POST","{HM_ServiceAPI_URL}/updatemember/{HM_ServiceAPI_MemberToken}","updatemember","Implemented","Live through BFF/direct harness","Code + runtime route matrix","Endpoint name is referenced by the Parigo implementation or its audit harnesses."
"Public API","Public API > Member Management > Profile","Get Member Image Upload URL","POST","{HM_ServiceAPI_URL}/getpresigneduploadurl/{HM_ServiceAPI_MemberToken}","getpresigneduploadurl","Implemented","Live through BFF/direct harness","Code + runtime route matrix","Endpoint name is referenced by the Parigo implementation or its audit harnesses."
"Public API","Public API > Member Management > Profile","Confirm Member Image Upload Complete","POST","{HM_ServiceAPI_URL}/confirmpresignedupload/{HM_ServiceAPI_MemberToken}","confirmpresignedupload","Implemented","Live through BFF/direct harness","Code + runtime route matrix","Endpoint name is referenced by the Parigo implementation or its audit harnesses."
"Public API","Public API > Member Management > Profile","Remove Member Image","POST","{HM_ServiceAPI_URL}/removeassignedupload/{HM_ServiceAPI_MemberToken}","removeassignedupload","Implemented","Live through BFF/direct harness","Code + runtime route matrix","Endpoint name is referenced by the Parigo implementation or its audit harnesses."
"Public API","Public API > Member Management > Profile","Remove Member","POST","{HM_ServiceAPI_URL}/removememberverifypassword/{HM_ServiceAPI_MemberToken}","removememberverifypassword","Not required by current UI","Static only — outside current Parigo product","Harvest documentation snapshot","No current Parigo route or UI dependency found."
"Public API","Public API > Member Management > Reset Password","Send Reset Password Email","POST","{HM_ServiceAPI_URL}/sendpasswordresetemail/{HM_ServiceAPI_Token}","sendpasswordresetemail","Adjacent capability","Live through BFF/direct harness","Code + runtime route matrix","Endpoint name is referenced by the Parigo implementation or its audit harnesses."
"Public API","Public API > Member Management > Reset Password","Validate Reset Password Token","GET","{HM_ServiceAPI_URL}/validatepasswordresettoken/{HM_ServiceAPI_Token}/{ResetToken}","validatepasswordresettoken","Adjacent capability","Live through BFF/direct harness","Code + runtime route matrix","Endpoint name is referenced by the Parigo implementation or its audit harnesses."
"Public API","Public API > Member Management > Reset Password","Update Member Password (Reset)","POST","{HM_ServiceAPI_URL}/updatepasswordusingtoken/{HM_ServiceAPI_Token}","updatepasswordusingtoken","Implemented","Live through BFF/direct harness","Code + runtime route matrix","Endpoint name is referenced by the Parigo implementation or its audit harnesses."
"Public API","Public API > Member Management > Subscribe","Subscribe Member","POST","{HM_ServiceAPI_URL}/membersubscribe/{HM_ServiceAPI_MemberToken}","membersubscribe","Implemented","Live through BFF/direct harness","Code + runtime route matrix","Endpoint name is referenced by the Parigo implementation or its audit harnesses."
"Public API","Public API > Member Management > Member Groups","Validate Verify Member Group Approval Token","GET","{HM_ServiceAPI_URL}/validatemembergroupmemberapprovaltoken/{HM_ServiceAPI_Token}/{VerifyMemberGroupApprovalToken}","validatemembergroupmemberapprovaltoken","Not required by current UI","Static only — outside current Parigo product","Harvest documentation snapshot","No current Parigo route or UI dependency found."
"Public API","Public API > Member Management > Member Groups","Verify Member Group Approval","POST","{HM_ServiceAPI_URL}/verifymembergroupmemberapproval/{HM_ServiceAPI_Token}","verifymembergroupmemberapproval","Not required by current UI","Static only — outside current Parigo product","Harvest documentation snapshot","No current Parigo route or UI dependency found."
"Public API","Public API > Member Management > Member Groups","Get Member Group Regions","GET","{HM_ServiceAPI_URL}/getmembergroupregions/{HM_ServiceAPI_MemberToken}/{MemberGroupID}","getmembergroupregions","Not required by current UI","Static only — outside current Parigo product","Harvest documentation snapshot","No current Parigo route or UI dependency found."
"Public API","Public API > Member Management > Member Groups","Update Member Group Region","POST","{HM_ServiceAPI_URL}/updatemembergroupregion/{HM_ServiceAPI_MemberToken}/{MemberGroupID}","updatemembergroupregion","Not required by current UI","Static only — outside current Parigo product","Harvest documentation snapshot","No current Parigo route or UI dependency found."
"Public API","Public API > Member Management > Member Groups","Get Member Group Productions","GET","{HM_ServiceAPI_URL}/getmembergroupproductions/{HM_ServiceAPI_MemberToken}/{MemberGroupID}?sort={Sort}","getmembergroupproductions","Not required by current UI","Static only — outside current Parigo product","Harvest documentation snapshot","No current Parigo route or UI dependency found."
"Public API","Public API > Member Management > Member Groups","Get Member Group Production Categories","GET","{HM_ServiceAPI_URL}/getmembergroupproductioncategories/{HM_ServiceAPI_MemberToken}/{MemberGroupID}/{MemberGroupProductionID}?returnplaylistcount={ReturnPlaylistCount}&skip={Skip}&limit={Limit}&sort={Sort}","getmembergroupproductioncategories","Not required by current UI","Static only — outside current Parigo product","Harvest documentation snapshot","No current Parigo route or UI dependency found."
"Public API","Public API > Member Management > Member Groups","Get Member Group Production Categories & Playlists","GET","{HM_ServiceAPI_URL}/getmembergroupproductioncategoriesandplaylists/{HM_ServiceAPI_MemberToken}/{MemberGroupID}/{MemberGroupProductionID}?returnplaylistcount={ReturnPlaylistCount}&returntrackcount={ReturnTrackCount}&returnrootobjectsonly={ReturnRootObjectsOnly}&productioncategoryid={ProductionCategoryID}&skip={Skip}&limit={Limit}&sort={Sort}","getmembergroupproductioncategoriesandplaylists","Not required by current UI","Static only — outside current Parigo product","Harvest documentation snapshot","No current Parigo route or UI dependency found."
"Public API","Public API > Member Management > Member Groups","Get Member Group Production Playlist & Tracks","GET","{HM_ServiceAPI_URL}/getmembergroupproductionplaylistandtracks/{HM_ServiceAPI_MemberToken}/{MemberGroupID}/{MemberGroupProductionID}/{FeaturedPlaylistID}?returntracks={ReturnTracks}&includeinactive={IncludeInactive}&languagecode={LanguageCode}&skip={Skip}&limit={Limit}&sort={Sort}","getmembergroupproductionplaylistandtracks","Not required by current UI","Static only — outside current Parigo product","Harvest documentation snapshot","No current Parigo route or UI dependency found."
"Public API","Public API > Member Management > Member Groups","Search Member Group Production Playlist Tracks","POST","{HM_ServiceAPI_URL}/searchmembergroupproductionplaylisttracks/{HM_ServiceAPI_MemberToken}/{HM_ServiceAPI_MemberGroupID}/{HM_ServiceAPI_MemberGroupProductionID}/{HM_ServiceAPI_FeaturedPlaylistID}","searchmembergroupproductionplaylisttracks","Not required by current UI","Static only — outside current Parigo product","Harvest documentation snapshot","No current Parigo route or UI dependency found."
"Public API","Public API > Member Activity > Playlist Categories & Playlists > Playlist Categories","Create Member Playlist Category","POST","{HM_ServiceAPI_URL}/addmemberplaylistcategory/{HM_ServiceAPI_MemberToken}","addmemberplaylistcategory","Implemented","Live through BFF/direct harness","Code + runtime route matrix","Endpoint name is referenced by the Parigo implementation or its audit harnesses."
"Public API","Public API > Member Activity > Playlist Categories & Playlists > Playlist Categories","Update Member Playlist Category","POST","{HM_ServiceAPI_URL}/updatememberplaylistcategory/{HM_ServiceAPI_MemberToken}/{PlaylistCategoryID}","updatememberplaylistcategory","Implemented","Live through BFF/direct harness","Code + runtime route matrix","Endpoint name is referenced by the Parigo implementation or its audit harnesses."
"Public API","Public API > Member Activity > Playlist Categories & Playlists > Playlist Categories","Get Member Playlist Categories","GET","{HM_ServiceAPI_URL}/getmemberplaylistcategories/{HM_ServiceAPI_MemberToken}?returnplaylistcount={ReturnPlaylistCount}&skip={Skip}&limit={Limit}&sort={Sort}","getmemberplaylistcategories","Implemented","Live through BFF/direct harness","Code + runtime route matrix","Endpoint name is referenced by the Parigo implementation or its audit harnesses."
"Public API","Public API > Member Activity > Playlist Categories & Playlists > Playlist Categories","Get Member Playlist Categories & Playlists","GET","{HM_ServiceAPI_URL}/getmemberplaylistcategoriesandplaylists/{HM_ServiceAPI_MemberToken}?returnplaylistcount={ReturnPlaylistCount}&returntrackcount={ReturnTrackCount}&returnrootobjectsonly={RootObjectsOnly}&returnautosaveonly={AutoSaveOnly}&returnfirstautosave={FirstAutoSaveOnly}&returnhighlightonly={ReturnHighlightOnly}&playlistcategoryid={PlaylistCategoryID}&skip={Skip}&limit={Limit}&sort={Sort}","getmemberplaylistcategoriesandplaylists","Implemented","Live through BFF/direct harness","Code + runtime route matrix","Endpoint name is referenced by the Parigo implementation or its audit harnesses."
"Public API","Public API > Member Activity > Playlist Categories & Playlists > Playlist Categories","Search Member Playlist Categories & Playlists","POST","{HM_ServiceAPI_URL}/searchmemberplaylistcategoriesandplaylists/{HM_ServiceAPI_MemberToken}","searchmemberplaylistcategoriesandplaylists","Not required by current UI","Static only — outside current Parigo product","Harvest documentation snapshot","No current Parigo route or UI dependency found."
"Public API","Public API > Member Activity > Playlist Categories & Playlists > Playlist Categories","Reorder Member Playlist Category","GET","{HM_ServiceAPI_URL}/reordermemberplaylistcategory/{HM_ServiceAPI_MemberToken}/{PlaylistCategoryID}?OrderID={OrderID}","reordermemberplaylistcategory","Not required by current UI","Static only — outside current Parigo product","Harvest documentation snapshot","No current Parigo route or UI dependency found."
"Public API","Public API > Member Activity > Playlist Categories & Playlists > Playlist Categories","Remove Member Playlist Category","GET","{HM_ServiceAPI_URL}/removememberplaylistcategory/{HM_ServiceAPI_MemberToken}/{PlaylistCategoryID}?keepChildren={keepChildren}&giveShareCopy={giveShareCopy}","removememberplaylistcategory","Implemented","Live through BFF/direct harness","Code + runtime route matrix","Endpoint name is referenced by the Parigo implementation or its audit harnesses."
"Public API","Public API > Member Activity > Playlist Categories & Playlists > Playlists","Create Member Playlist","POST","{HM_ServiceAPI_URL}/addmemberplaylist/{HM_ServiceAPI_MemberToken}","addmemberplaylist","Implemented","Live through BFF/direct harness","Code + runtime route matrix","Endpoint name is referenced by the Parigo implementation or its audit harnesses."
"Public API","Public API > Member Activity > Playlist Categories & Playlists > Playlists","Update Member Playlist","POST","{HM_ServiceAPI_URL}/updateplaylist/{HM_ServiceAPI_MemberToken}/{PlaylistID}","updateplaylist","Implemented","Live through BFF/direct harness","Code + runtime route matrix","Endpoint name is referenced by the Parigo implementation or its audit harnesses."
"Public API","Public API > Member Activity > Playlist Categories & Playlists > Playlists","Highlight Member Playlists","POST","{HM_ServiceAPI_URL}/highlightplaylists/{HM_ServiceAPI_MemberToken}","highlightplaylists","Not required by current UI","Static only — outside current Parigo product","Harvest documentation snapshot","No current Parigo route or UI dependency found."
"Public API","Public API > Member Activity > Playlist Categories & Playlists > Playlists","AutoSave Member Playlists","POST","{HM_ServiceAPI_URL}/autosaveplaylists/{HM_ServiceAPI_MemberToken}","autosaveplaylists","Implemented","Live through BFF/direct harness","Code + runtime route matrix","Endpoint name is referenced by the Parigo implementation or its audit harnesses."
"Public API","Public API > Member Activity > Playlist Categories & Playlists > Playlists","Get Member Playlist Image Upload URL","POST","{HM_ServiceAPI_URL}/getpresigneduploadurl/{HM_ServiceAPI_MemberToken}","getpresigneduploadurl","Implemented","Live through BFF/direct harness","Code + runtime route matrix","Endpoint name is referenced by the Parigo implementation or its audit harnesses."
"Public API","Public API > Member Activity > Playlist Categories & Playlists > Playlists","Confirm Member Playlist Image Upload Complete","POST","{HM_ServiceAPI_URL}/confirmpresignedupload/{HM_ServiceAPI_MemberToken}","confirmpresignedupload","Implemented","Live through BFF/direct harness","Code + runtime route matrix","Endpoint name is referenced by the Parigo implementation or its audit harnesses."
"Public API","Public API > Member Activity > Playlist Categories & Playlists > Playlists","Remove Member Playlist Image","POST","{HM_ServiceAPI_URL}/removeassignedupload/{HM_ServiceAPI_MemberToken}","removeassignedupload","Implemented","Live through BFF/direct harness","Code + runtime route matrix","Endpoint name is referenced by the Parigo implementation or its audit harnesses."
"Public API","Public API > Member Activity > Playlist Categories & Playlists > Playlists","Get Member Playlists","GET","{HM_ServiceAPI_URL}/getmemberplaylistsnotracks/{HM_ServiceAPI_MemberToken}?Skip={Skip}&Limit={Limit}","getmemberplaylistsnotracks","Implemented","Live through BFF/direct harness","Code + runtime route matrix","Endpoint name is referenced by the Parigo implementation or its audit harnesses."
"Public API","Public API > Member Activity > Playlist Categories & Playlists > Playlists","Get Member Playlists (Include Tracks)","GET","{HM_ServiceAPI_URL}/getmemberplaylists/{HM_ServiceAPI_MemberToken}?Skip={Skip}&Limit={Limit}","getmemberplaylists","Implemented","Live through BFF/direct harness","Code + runtime route matrix","Endpoint name is referenced by the Parigo implementation or its audit harnesses."
"Public API","Public API > Member Activity > Playlist Categories & Playlists > Playlists","Get Member Playlist","GET","{HM_ServiceAPI_URL}/getmemberplaylist/{HM_ServiceAPI_MemberToken}/{PlaylistID}?returntracks=true&returnpublishlocations=false","getmemberplaylist","Implemented","Live through BFF/direct harness","Code + runtime route matrix","Endpoint name is referenced by the Parigo implementation or its audit harnesses."
"Public API","Public API > Member Activity > Playlist Categories & Playlists > Playlists","Reorder Member Playlist","GET","{HM_ServiceAPI_URL}/reordermemberplaylist/{HM_ServiceAPI_MemberToken}/{PlaylistID}?movetoplaylistcategoryid={PlaylistCategoryID}&orderid={OrderID}","reordermemberplaylist","Implemented","Live through BFF/direct harness","Code + runtime route matrix","Endpoint name is referenced by the Parigo implementation or its audit harnesses."
"Public API","Public API > Member Activity > Playlist Categories & Playlists > Playlists","Reorder Multiple Member Playlists","POST","{HM_ServiceAPI_URL}/reorderplaylists/{HM_ServiceAPI_MemberToken}","reorderplaylists","Not required by current UI","Static only — outside current Parigo product","Harvest documentation snapshot","No current Parigo route or UI dependency found."
"Public API","Public API > Member Activity > Playlist Categories & Playlists > Playlists","Remove Member Playlist","GET","{HM_ServiceAPI_URL}/removeplaylist/{HM_ServiceAPI_MemberToken}/{PlaylistID}","removeplaylist","Implemented","Live through BFF/direct harness","Code + runtime route matrix","Endpoint name is referenced by the Parigo implementation or its audit harnesses."
"Public API","Public API > Member Activity > Playlist Categories & Playlists > Playlists","Archive Member Playlist","GET","{HM_ServiceAPI_URL}/archiveplaylist/{HM_ServiceAPI_MemberToken}/{PlaylistID}","archiveplaylist","Implemented","Live through BFF/direct harness","Code + runtime route matrix","Endpoint name is referenced by the Parigo implementation or its audit harnesses."
"Public API","Public API > Member Activity > Playlist Categories & Playlists > Playlists","Restore Archived Member Playlist","GET","{HM_ServiceAPI_URL}/restorearchiveplaylist/{HM_ServiceAPI_MemberToken}/{PlaylistID}","restorearchiveplaylist","Implemented","Live through BFF/direct harness","Code + runtime route matrix","Endpoint name is referenced by the Parigo implementation or its audit harnesses."
"Public API","Public API > Member Activity > Playlist Categories & Playlists > Playlists","Duplicate Member Playlist","POST","{HM_ServiceAPI_URL}/duplicatememberplaylist/{HM_ServiceAPI_MemberToken}","duplicatememberplaylist","Implemented","Live through BFF/direct harness","Code + runtime route matrix","Endpoint name is referenced by the Parigo implementation or its audit harnesses."
"Public API","Public API > Member Activity > Playlist Categories & Playlists > Playlists","Copy Featured Playlist to Member Playlist","POST","{HM_ServiceAPI_URL}/copytomemberplaylist/{HM_ServiceAPI_MemberToken}","copytomemberplaylist","Implemented","Live through BFF/direct harness","Code + runtime route matrix","Endpoint name is referenced by the Parigo implementation or its audit harnesses."
"Public API","Public API > Member Activity > Playlist Categories & Playlists > Playlists","Publish Member Playlist","POST","{HM_ServiceAPI_URL}/publishmemberplaylist/{HM_ServiceAPI_MemberToken}/{PlaylistID}","publishmemberplaylist","Not required by current UI","Static only — outside current Parigo product","Harvest documentation snapshot","No current Parigo route or UI dependency found."
"Public API","Public API > Member Activity > Playlist Categories & Playlists > Playlist Tracks","Search Member Playlist Tracks","POST","{HM_ServiceAPI_URL}/searchmemberplaylisttracks/{HM_ServiceAPI_MemberToken}/{PlaylistID}","searchmemberplaylisttracks","Implemented","Live through BFF/direct harness","Code + runtime route matrix","Endpoint name is referenced by the Parigo implementation or its audit harnesses."
"Public API","Public API > Member Activity > Playlist Categories & Playlists > Playlist Tracks","Compare Member Playlist Tracks","POST","{HM_ServiceAPI_URL}/filtermemberplaylisttracks/{HM_ServiceAPI_MemberToken}/{PlaylistID}","filtermemberplaylisttracks","Not required by current UI","Static only — outside current Parigo product","Harvest documentation snapshot","No current Parigo route or UI dependency found."
"Public API","Public API > Member Activity > Playlist Categories & Playlists > Playlist Tracks","Add to Member Playlists","POST","{HM_ServiceAPI_URL}/addtomemberplaylists/{HM_ServiceAPI_MemberToken}","addtomemberplaylists","Implemented","Live through BFF/direct harness","Code + runtime route matrix","Endpoint name is referenced by the Parigo implementation or its audit harnesses."
"Public API","Public API > Member Activity > Playlist Categories & Playlists > Playlist Tracks","Add Multiple Tracks to AutoSave Member Playlists","POST","{HM_ServiceAPI_URL}/addtrackstoautosaveplaylists/{HM_ServiceAPI_MemberToken}","addtrackstoautosaveplaylists","Not required by current UI","Static only — outside current Parigo product","Harvest documentation snapshot","No current Parigo route or UI dependency found."
"Public API","Public API > Member Activity > Playlist Categories & Playlists > Playlist Tracks","Reorder Multiple Tracks in Member Playlist","POST","{HM_ServiceAPI_URL}/reordermemberplaylisttracks/{HM_ServiceAPI_MemberToken}","reordermemberplaylisttracks","Implemented","Live through BFF/direct harness","Code + runtime route matrix","Endpoint name is referenced by the Parigo implementation or its audit harnesses."
"Public API","Public API > Member Activity > Playlist Categories & Playlists > Playlist Tracks","Remove Multiple Tracks from Member Playlist","POST","{HM_ServiceAPI_URL}/removeplaylisttracks/{HM_ServiceAPI_MemberToken}/{PlaylistID}","removeplaylisttracks","Implemented","Live through BFF/direct harness","Code + runtime route matrix","Endpoint name is referenced by the Parigo implementation or its audit harnesses."
"Public API","Public API > Member Activity > Playlist Categories & Playlists > Playlist Tracks","Suggest Member Playlist Tracks","POST","{HM_ServiceAPI_URL}/suggestmemberplaylisttracks/{HM_ServiceAPI_MemberToken}/{HM_ServiceAPI_NewMemberPlaylistID}","suggestmemberplaylisttracks","Adjacent capability","Live through BFF/direct harness","Code + runtime route matrix","Endpoint name is referenced by the Parigo implementation or its audit harnesses."
"Public API","Public API > Member Activity > Playlist Categories & Playlists > Playlist Shares","Get Member Playlist Shares","GET","{HM_ServiceAPI_URL}/getmemberplaylistshares/{HM_ServiceAPI_MemberToken}/{HM_ServiceAPI_NewMemberPlaylistID}?skip={HM_ServiceAPI_Skip}&limit={HM_ServiceAPI_Limit}&sort={HM_ServiceAPI_PlaylistSortOrder}","getmemberplaylistshares","Not required by current UI","Static only — outside current Parigo product","Harvest documentation snapshot","No current Parigo route or UI dependency found."
"Public API","Public API > Member Activity > Playlist Categories & Playlists > Playlist Shares","Update Member Playlist Share","POST","{HM_ServiceAPI_URL}/updatememberplaylistshare/{HM_ServiceAPI_MemberToken}/{HM_ServiceAPI_MemberPlaylistShareID}","updatememberplaylistshare","Not required by current UI","Static only — outside current Parigo product","Harvest documentation snapshot","No current Parigo route or UI dependency found."
"Public API","Public API > Member Activity > Playlist Categories & Playlists > Playlist Shares","Remove Member Playlist Share","GET","{HM_ServiceAPI_URL}/removememberplaylistshare/{HM_ServiceAPI_MemberToken}/{HM_ServiceAPI_MemberPlaylistShareID}?giveShareCopy={giveShareCopy}","removememberplaylistshare","Not required by current UI","Static only — outside current Parigo product","Harvest documentation snapshot","No current Parigo route or UI dependency found."
"Public API","Public API > Member Activity > Playlist Categories & Playlists > Playlist Search History","Get Member Playlist Search History","GET","{HM_ServiceAPI_URL}/getmemberplaylistsearches/{HM_ServiceAPI_MemberToken}/{HM_ServiceAPI_NewMemberPlaylistID}?skip={HM_ServiceAPI_Skip}&limit={HM_ServiceAPI_Limit}&sort={HM_ServiceAPI_PlaylistSortOrder}","getmemberplaylistsearches","Not required by current UI","Static only — outside current Parigo product","Harvest documentation snapshot","No current Parigo route or UI dependency found."
"Public API","Public API > Member Activity > Playlist Categories & Playlists > Playlist Schedule","Get Member Playlist Schedule","GET","{HM_ServiceAPI_URL}/getmemberplaylistschedule/{HM_ServiceAPI_MemberToken}/33da591b784f4330","getmemberplaylistschedule","Not required by current UI","Static only — outside current Parigo product","Harvest documentation snapshot","No current Parigo route or UI dependency found."
"Public API","Public API > Member Activity > Playlist Categories & Playlists > Playlist Schedule","Update Member Playlist Schedule","POST","{HM_ServiceAPI_URL}/updatememberplaylistschedule/{HM_ServiceAPI_MemberToken}/699cd3bbe22ff336","updatememberplaylistschedule","Not required by current UI","Static only — outside current Parigo product","Harvest documentation snapshot","No current Parigo route or UI dependency found."
"Public API","Public API > Member Activity > Playlist Categories & Playlists > Playlist Schedule","Remove Member Playlist Schedule","GET","{HM_ServiceAPI_URL}/deletememberplaylistschedule/{HM_ServiceAPI_MemberToken}/33da591b784f4330","deletememberplaylistschedule","Not required by current UI","Static only — outside current Parigo product","Harvest documentation snapshot","No current Parigo route or UI dependency found."
"Public API","Public API > Member Activity > Playlist Categories & Playlists > Playlist Schedule","Get Member Playlist Schedule Runs","GET","{HM_ServiceAPI_URL}/getmemberplaylistschedulerun/{HM_ServiceAPI_MemberToken}/{PlaylistID}?skip={HM_ServiceAPI_Skip}&limit={HM_ServiceAPI_Limit}","getmemberplaylistschedulerun","Not required by current UI","Static only — outside current Parigo product","Harvest documentation snapshot","No current Parigo route or UI dependency found."
"Public API","Public API > Member Activity > Playlist Categories & Playlists > Playlists & Disco","Send Member Playlist To Disco","GET","{HM_ServiceAPI_URL}/sendtodisco/{HM_ServiceAPI_MemberToken}/{PlaylistID}?fileformatid={FileFormatID}","sendtodisco","Not required by current UI","Static only — outside current Parigo product","Harvest documentation snapshot","No current Parigo route or UI dependency found."
"Public API","Public API > Member Activity > Playlist Categories & Playlists > Playlists & Disco","Share Member Playlist to Disco","POST","{HM_IntegrationAPI_URL}/sharetodisco/{HM_ServiceAPI_MemberToken}","sharetodisco","Not required by current UI","Static only — outside current Parigo product","Harvest documentation snapshot","No current Parigo route or UI dependency found."
"Public API","Public API > Member Activity > Playlist Categories & Playlists > Playlists & Disco","Get Member Playlist Disco Send History","POST","{HM_ServiceAPI_URL}/getexternalsharestatushistory/{HM_ServiceAPI_MemberToken}","getexternalsharestatushistory","Not required by current UI","Static only — outside current Parigo product","Harvest documentation snapshot","No current Parigo route or UI dependency found."
"Public API","Public API > Member Activity > Downloads","Validate Music Download","POST","{HM_ServiceAPI_URL}/validatemusicdownloadrequest/{HM_ServiceAPI_MemberToken}","validatemusicdownloadrequest","Adjacent capability","Live through BFF/direct harness","Code + runtime route matrix","Endpoint name is referenced by the Parigo implementation or its audit harnesses."
"Public API","Public API > Member Activity > Downloads","Get Music Download","POST","{HM_ServiceAPI_URL}/getmusicdownload/{HM_ServiceAPI_MemberToken}","getmusicdownload","Implemented","Live through BFF/direct harness","Code + runtime route matrix","Endpoint name is referenced by the Parigo implementation or its audit harnesses."
"Public API","Public API > Member Activity > Downloads","Get Music Download Info","POST","{HM_ServiceAPI_URL}/getmusicdownloadinfo/{HM_ServiceAPI_Token}","getmusicdownloadinfo","Implemented","Live through BFF/direct harness","Code + runtime route matrix","Endpoint name is referenced by the Parigo implementation or its audit harnesses."
"Public API","Public API > Member Activity > Favourites","Add Track/Album to Member Favourites","GET","{HM_ServiceAPI_URL}/addtofavourites/{HM_ServiceAPI_MemberToken}/{Type}/{ID}","addtofavourites","Implemented","Live through BFF/direct harness","Code + runtime route matrix","Endpoint name is referenced by the Parigo implementation or its audit harnesses."
"Public API","Public API > Member Activity > Favourites","Get Member Favourites","GET","{HM_ServiceAPI_URL}/getfavourites/{HM_ServiceAPI_MemberToken}?Skip={Skip}&Limit={Limit}&Sort=Created_Desc","getfavourites","Implemented","Live through BFF/direct harness","Code + runtime route matrix","Endpoint name is referenced by the Parigo implementation or its audit harnesses."
"Public API","Public API > Member Activity > Favourites","Remove Track from Member Favourites","GET","{HM_ServiceAPI_URL}/removefavouritestrack/{HM_ServiceAPI_MemberToken}/{TrackID}","removefavouritestrack","Implemented","Live through BFF/direct harness","Code + runtime route matrix","Endpoint name is referenced by the Parigo implementation or its audit harnesses."
"Public API","Public API > Member Activity > Favourites","Remove All Tracks from Member Favourites","GET","{HM_ServiceAPI_URL}/removeallfavouritestracks/{HM_ServiceAPI_MemberToken}","removeallfavouritestracks","Not required by current UI","Static only — outside current Parigo product","Harvest documentation snapshot","No current Parigo route or UI dependency found."
"Public API","Public API > Member Activity > Sharing","Authenticate Temporary Member","POST","{HM_ServiceAPI_URL}/getinvitedmembertoken/{HM_ServiceAPI_Token}","getinvitedmembertoken","Adjacent capability","Live through BFF/direct harness","Code + runtime route matrix","Endpoint name is referenced by the Parigo implementation or its audit harnesses."
"Public API","Public API > Member Activity > Sharing","Get Playlist Category Share URL","POST","{HM_ServiceAPI_URL}/getsharemusicurl/{HM_ServiceAPI_Token}","getsharemusicurl","Adjacent capability","Live through BFF/direct harness","Code + runtime route matrix","Endpoint name is referenced by the Parigo implementation or its audit harnesses."
"Public API","Public API > Member Activity > Sharing","Get Playlist Share URL","POST","{HM_ServiceAPI_URL}/getsharemusicurl/{HM_ServiceAPI_Token}","getsharemusicurl","Adjacent capability","Live through BFF/direct harness","Code + runtime route matrix","Endpoint name is referenced by the Parigo implementation or its audit harnesses."
"Public API","Public API > Member Activity > Sharing","Send Share Music Email","POST","{HM_ServiceAPI_URL}/sendsharemusiclinkemail/{HM_ServiceAPI_MemberToken}","sendsharemusiclinkemail","Adjacent capability","Live through BFF/direct harness","Code + runtime route matrix","Endpoint name is referenced by the Parigo implementation or its audit harnesses."
"Public API","Public API > Member Activity > Sharing","Deliver Share Music","POST","{HM_ServiceAPI_URL}/deliversharemusic/{HM_ServiceAPI_MemberToken}","deliversharemusic","Not required by current UI","Static only — outside current Parigo product","Harvest documentation snapshot","No current Parigo route or UI dependency found."
"Public API","Public API > Member Activity > Sharing","Get Playlist Folder & Playlist Share","GET","{HM_ServiceAPI_URL}/getsharemusic/{HM_ServiceAPI_MemberToken}/{HM_ServiceAPI_EnageAccessToken}","getsharemusic","Implemented","Live through BFF/direct harness","Code + runtime route matrix","Endpoint name is referenced by the Parigo implementation or its audit harnesses."
"Public API","Public API > Member Activity > Sharing","Accept Shared Music","GET","{HM_ServiceAPI_URL}/acceptsharemusic/{HM_ServiceAPI_MemberToken}/{HM_ServiceAPI_EnageAccessToken}?acceptType={acceptType}","acceptsharemusic","Not required by current UI","Static only — outside current Parigo product","Harvest documentation snapshot","No current Parigo route or UI dependency found."
"Public API","Public API > Member Activity > History","Get Member Audition History","GET","{HM_ServiceAPI_URL}/gethistorybymembertoken/{HM_ServiceAPI_MemberToken}?startdate={startDate}&enddate={endDate}&skip={Skip}&limit={Limit}","gethistorybymembertoken","Implemented","Live through BFF/direct harness","Code + runtime route matrix","Endpoint name is referenced by the Parigo implementation or its audit harnesses."
"Public API","Public API > Member Activity > History","Get Member Download History","GET","{HM_ServiceAPI_URL}/getdownloadhistorybymembertoken/{HM_ServiceAPI_MemberToken}?startdate={startDate}&enddate={endDate}&skip={Skip}&limit={Limit}","getdownloadhistorybymembertoken","Implemented","Live through BFF/direct harness","Code + runtime route matrix","Endpoint name is referenced by the Parigo implementation or its audit harnesses."
"Public API","Public API > Member Activity > History","Get Member Communication History","POST","{HM_ServiceAPI_URL}/gethistorybycommunications/{HM_ServiceAPI_MemberToken}","gethistorybycommunications","Implemented","Live through BFF/direct harness","Code + runtime route matrix","Endpoint name is referenced by the Parigo implementation or its audit harnesses."
"Public API","Public API > Member Activity > Tagging","Create Member Tag","POST","{HM_ServiceAPI_URL}/addmembertag/{HM_ServiceAPI_MemberToken}","addmembertag","Implemented","Live through BFF/direct harness","Code + runtime route matrix","Endpoint name is referenced by the Parigo implementation or its audit harnesses."
"Public API","Public API > Member Activity > Tagging","Update Member Tag","POST","{HM_ServiceAPI_URL}/updatemembertag/{HM_ServiceAPI_MemberToken}/12340397b5f68cf0","updatemembertag","Implemented","Live through BFF/direct harness","Code + runtime route matrix","Endpoint name is referenced by the Parigo implementation or its audit harnesses."
"Public API","Public API > Member Activity > Tagging","Add to Member Tags","POST","{HM_ServiceAPI_URL}/addtomembertags/{HM_ServiceAPI_MemberToken}","addtomembertags","Implemented","Live through BFF/direct harness","Code + runtime route matrix","Endpoint name is referenced by the Parigo implementation or its audit harnesses."
"Public API","Public API > Member Activity > Tagging","Get Member Tags","GET","{HM_ServiceAPI_URL}/getmembertags/{HM_ServiceAPI_MemberToken}?Skip={Skip}&Limit={Limit}&Sort={Sort}","getmembertags","Implemented","Live through BFF/direct harness","Code + runtime route matrix","Endpoint name is referenced by the Parigo implementation or its audit harnesses."
"Public API","Public API > Member Activity > Tagging","Get Member Tag Tracks","GET","{HM_ServiceAPI_URL}/getmembertagtracks/{HM_ServiceAPI_MemberToken}/{HM_ServiceAPI_NewMemberTagID}?Skip={Skip}&Limit={limit}&Sort={Sort}","getmembertagtracks","Implemented","Live through BFF/direct harness","Code + runtime route matrix","Endpoint name is referenced by the Parigo implementation or its audit harnesses."
"Public API","Public API > Member Activity > Tagging","Get Member Tags By Track","GET","{HM_ServiceAPI_URL}/getmembertagsbytrack/{HM_ServiceAPI_MemberToken}/{HM_ServiceAPI_TrackID}","getmembertagsbytrack","Implemented","Live through BFF/direct harness","Code + runtime route matrix","Endpoint name is referenced by the Parigo implementation or its audit harnesses."
"Public API","Public API > Member Activity > Tagging","Remove Track Tag","GET","{HM_ServiceAPI_URL}/removetrackmembertag/{HM_ServiceAPI_MemberToken}/{HM_ServiceAPI_NewMemberTagID}/{HM_ServiceAPI_TrackID}","removetrackmembertag","Implemented","Live through BFF/direct harness","Code + runtime route matrix","Endpoint name is referenced by the Parigo implementation or its audit harnesses."
"Public API","Public API > Member Activity > Tagging","Remove Tag","GET","{HM_ServiceAPI_URL}/removemembertag/{HM_ServiceAPI_MemberToken}/{HM_ServiceAPI_NewMemberTagID}","removemembertag","Implemented","Live through BFF/direct harness","Code + runtime route matrix","Endpoint name is referenced by the Parigo implementation or its audit harnesses."
"Public API","Public API > Member Activity > Tagging","Remove All Tags","GET","{HM_ServiceAPI_URL}/removemembertags/{HM_ServiceAPI_MemberToken}","removemembertags","Not required by current UI","Static only — outside current Parigo product","Harvest documentation snapshot","No current Parigo route or UI dependency found."
"Public API","Public API > Member Activity > Comments","Create & Assign Member Comment to Track","POST","{HM_ServiceAPI_URL}/addtrackmembercomment/{HM_ServiceAPI_MemberToken}","addtrackmembercomment","Implemented","Live through BFF/direct harness","Code + runtime route matrix","Endpoint name is referenced by the Parigo implementation or its audit harnesses."
"Public API","Public API > Member Activity > Comments","Update Member Comment","POST","{HM_ServiceAPI_URL}/updatetrackmembercomment/{HM_ServiceAPI_MemberToken}","updatetrackmembercomment","Implemented","Live through BFF/direct harness","Code + runtime route matrix","Endpoint name is referenced by the Parigo implementation or its audit harnesses."
"Public API","Public API > Member Activity > Comments","Get Member Comments By Track","GET","{HM_ServiceAPI_URL}/gettrackmembercomments/{HM_ServiceAPI_MemberToken}/{TrackID}?includeadmin={IncludeAdmin}","gettrackmembercomments","Implemented","Live through BFF/direct harness","Code + runtime route matrix","Endpoint name is referenced by the Parigo implementation or its audit harnesses."
"Public API","Public API > Member Activity > Comments","Remove Comment","GET","{HM_ServiceAPI_URL}/removetrackmembercomment/{HM_ServiceAPI_MemberToken}/{TagID}","removetrackmembercomment","Implemented","Live through BFF/direct harness","Code + runtime route matrix","Endpoint name is referenced by the Parigo implementation or its audit harnesses."
"Public API","Public API > Member Activity > Searches","Create Member Saved Search","POST","{HM_ServiceAPI_URL}/addmembersavesearch/{HM_ServiceAPI_MemberToken}","addmembersavesearch","Implemented","Live through BFF/direct harness","Code + runtime route matrix","Endpoint name is referenced by the Parigo implementation or its audit harnesses."
"Public API","Public API > Member Activity > Searches","Update Member Saved Search","POST","{HM_ServiceAPI_URL}/updatemembersavesearch/{HM_ServiceAPI_MemberToken}/{SearchHistoryID}","updatemembersavesearch","Implemented","Live through BFF/direct harness","Code + runtime route matrix","Endpoint name is referenced by the Parigo implementation or its audit harnesses."
"Public API","Public API > Member Activity > Searches","Search Member Saved Searches","POST","{HM_ServiceAPI_URL}/searchmembersavesearches/{HM_ServiceAPI_MemberToken}","searchmembersavesearches","Implemented","Live through BFF/direct harness","Code + runtime route matrix","Endpoint name is referenced by the Parigo implementation or its audit harnesses."
"Public API","Public API > Member Activity > Searches","Remove Member Saved Search Term","GET","{HM_ServiceAPI_URL}/removemembersavedsearchterm/{HM_ServiceAPI_MemberToken}/{SearchHistoryID}/{SearchTermID}","removemembersavedsearchterm","Not required by current UI","Static only — outside current Parigo product","Harvest documentation snapshot","No current Parigo route or UI dependency found."
"Public API","Public API > Member Activity > Searches","Remove Member Saved Search","GET","{HM_ServiceAPI_URL}/removemembersavedsearch/{HM_ServiceAPI_MemberToken}/{SearchHistoryID}","removemembersavedsearch","Implemented","Live through BFF/direct harness","Code + runtime route matrix","Endpoint name is referenced by the Parigo implementation or its audit harnesses."
"Public API","Public API > Member Activity > Searches","Remove All Member Saved Searches","GET","{HM_ServiceAPI_URL}/removeallmembersavedsearch/{HM_ServiceAPI_MemberToken}","removeallmembersavedsearch","Not required by current UI","Static only — outside current Parigo product","Harvest documentation snapshot","No current Parigo route or UI dependency found."
"Public API","Public API > Content Management","Get Web Content","GET","{HM_ServiceAPI_URL}/getwebcontent/{HM_ServiceAPI_Token}/{Code}/{RegionID}","getwebcontent","Not required by current UI","Static only — outside current Parigo product","Harvest documentation snapshot","No current Parigo route or UI dependency found."
"Public API","Public API > Content Management","Get Web Content Children","GET","{HM_ServiceAPI_URL}/getchildwebcontent/{HM_ServiceAPI_Token}/{ParentCode}/{RegionID}","getchildwebcontent","Not required by current UI","Static only — outside current Parigo product","Harvest documentation snapshot","No current Parigo route or UI dependency found."
"Public API","Public API > Ecommerce > Rates","Get Rates","GET","{HM_ServiceAPI_URL}/getrates/{HM_ServiceAPI_Token}/{Style}/{CurrencyCode}","getrates","Not required by current UI","Static only — outside current Parigo product","Harvest documentation snapshot","No current Parigo route or UI dependency found."
"Public API","Public API > Ecommerce > Rates","Get Special Rate","GET","{HM_ServiceAPI_URL}/getspecialratebycode/{HM_ServiceAPI_Token}/{SpecialRateCode}/{CurrencyCode}","getspecialratebycode","Not required by current UI","Static only — outside current Parigo product","Harvest documentation snapshot","No current Parigo route or UI dependency found."
"Public API","Public API > Ecommerce > Invoices","Create Invoice","POST","{HM_ServiceAPI_URL}/addinvoice/{HM_ServiceAPI_MemberToken}","addinvoice","Not required by current UI","Static only — outside current Parigo product","Harvest documentation snapshot","No current Parigo route or UI dependency found."
"Public API","Public API > Ecommerce > Invoices","Get Invoice","POST","{HM_ServiceAPI_URL}/getinvoice/{HM_ServiceAPI_MemberToken}","getinvoice","Not required by current UI","Static only — outside current Parigo product","Harvest documentation snapshot","No current Parigo route or UI dependency found."
"Public API","Public API > Ecommerce > Invoices","Void Invoice","POST","{HM_ServiceAPI_URL}/voidinvoice/{HM_ServiceAPI_MemberToken}","voidinvoice","Not required by current UI","Static only — outside current Parigo product","Harvest documentation snapshot","No current Parigo route or UI dependency found."
"Public API","Public API > Ecommerce > Invoices","Search Invoice","POST","{HM_ServiceAPI_URL}/searchinvoices/{HM_ServiceAPI_MemberToken}","searchinvoices","Not required by current UI","Static only — outside current Parigo product","Harvest documentation snapshot","No current Parigo route or UI dependency found."
"Public API","Public API > Ecommerce > Invoices","Pay Invoice","POST","{HM_ServiceAPI_URL}/payinvoice/{HM_ServiceAPI_MemberToken}","payinvoice","Not required by current UI","Static only — outside current Parigo product","Harvest documentation snapshot","No current Parigo route or UI dependency found."
"Public API","Public API > Ecommerce > Invoices","Get Invoice Document","GET","{HM_ServiceAPI_URL}/getinvoicedownloadurl/{HM_ServiceAPI_MemberToken}/{HM_ServiceAPI_InvoiceID}","getinvoicedownloadurl","Not required by current UI","Static only — outside current Parigo product","Harvest documentation snapshot","No current Parigo route or UI dependency found."
"Public API","Public API > Admin Management > Authentication","Authenticate Management Token","POST","{HM_ServiceAPI_URL}/getmanagementtoken/{HM_ServiceAPI_Token}","getmanagementtoken","Not required by current UI","Static only — outside current Parigo product","Harvest documentation snapshot","No current Parigo route or UI dependency found."
"Public API","Public API > Admin Management > Member Groups","Update Member Group Details","POST","{HM_ServiceAPI_URL}/updatemembergroup/{HM_ServiceAPI_ManagementToken}/{MemberGroupID}","updatemembergroup","Not required by current UI","Static only — outside current Parigo product","Harvest documentation snapshot","No current Parigo route or UI dependency found."
"Export API","Export API > Getting Started","Get Access Token","GET","{HM_ExportAPI_URL}/getaccesstoken/{HM_ExportAPI_Key}","getaccesstoken","Separate API family","Static only — dedicated credentials unavailable","Harvest documentation snapshot","Management/CMS, Import, Export and Agent flows require credentials and product scope distinct from the Public API."
"Export API","Export API > Getting Started","Get Access Info (Download formats & URL)","GET","{HM_ExportAPI_URL}/getaccessinfo/{HM_ExportAPI_AccessToken}","getaccessinfo","Separate API family","Static only — dedicated credentials unavailable","Harvest documentation snapshot","Management/CMS, Import, Export and Agent flows require credentials and product scope distinct from the Public API."
"Export API","Export API > Getting Started","Get Access Accounts","GET","{HM_ExportAPI_URL}/getaccessaccounts/{HM_ExportAPI_AccessToken}","getaccessaccounts","Separate API family","Static only — dedicated credentials unavailable","Harvest documentation snapshot","Management/CMS, Import, Export and Agent flows require credentials and product scope distinct from the Public API."
"Export API","Export API > Getting Started","Get Session Token","GET","{HM_ExportAPI_URL}/getsessiontoken/{HM_ExportAPI_AccessToken}/{Username}/{Password}?accessaccountid=430f25d8e56cfadf","getsessiontoken","Separate API family","Static only — dedicated credentials unavailable","Harvest documentation snapshot","Management/CMS, Import, Export and Agent flows require credentials and product scope distinct from the Public API."
"Export API","Export API > Getting Started","Expire Session Token","GET","{HM_ExportAPI_URL}/expiretoken/{HM_ExportAPI_SessionToken}","expiretoken","Separate API family","Static only — dedicated credentials unavailable","Harvest documentation snapshot","Management/CMS, Import, Export and Agent flows require credentials and product scope distinct from the Public API."
"Export API","Export API > Getting Started","Validate Access Token","GET","{HM_ExportAPI_URL}/validateaccesstoken/{HM_ExportAPI_AccessToken}","validateaccesstoken","Separate API family","Static only — dedicated credentials unavailable","Harvest documentation snapshot","Management/CMS, Import, Export and Agent flows require credentials and product scope distinct from the Public API."
"Export API","Export API > Getting Started","Validate Session Token","GET","{HM_ExportAPI_URL}/validatesessiontoken/{HM_ExportAPI_AccessToken}","validatesessiontoken","Separate API family","Static only — dedicated credentials unavailable","Harvest documentation snapshot","Management/CMS, Import, Export and Agent flows require credentials and product scope distinct from the Public API."
"Export API","Export API > Getting Started","Expire Access Token","GET","{HM_ExportAPI_URL}/expireaccesstoken/{HM_ExportAPI_AccessToken}","expireaccesstoken","Separate API family","Static only — dedicated credentials unavailable","Harvest documentation snapshot","Management/CMS, Import, Export and Agent flows require credentials and product scope distinct from the Public API."
"Export API","Export API > Working within the Workspace","Get Labels/Libraries","GET","{HM_ExportAPI_URL}/getlibraries/{HM_ExportAPI_SessionToken}","getlibraries","Separate API family","Static only — dedicated credentials unavailable","Harvest documentation snapshot","Management/CMS, Import, Export and Agent flows require credentials and product scope distinct from the Public API."
"Export API","Export API > Working within the Workspace","Get Labels/Libraries All States","GET","{HM_ExportAPI_URL}/getlibrariesallstates/{HM_ExportAPI_SessionToken}","getlibrariesallstates","Separate API family","Static only — dedicated credentials unavailable","Harvest documentation snapshot","Management/CMS, Import, Export and Agent flows require credentials and product scope distinct from the Public API."
"Export API","Export API > Working within the Workspace","Get Albums By Workspace Status","POST","{HM_ExportAPI_URL}/getalbumsbyworkspacestatus/{HM_ExportAPI_SessionToken}","getalbumsbyworkspacestatus","Separate API family","Static only — dedicated credentials unavailable","Harvest documentation snapshot","Management/CMS, Import, Export and Agent flows require credentials and product scope distinct from the Public API."
"Export API","Export API > Working within the Workspace","Get Workspace Items By Album","GET","{HM_ExportAPI_URL}/getworkspacealbumitems/{HM_ExportAPI_SessionToken}/{AlbumID}/{Format}","getworkspacealbumitems","Separate API family","Static only — dedicated credentials unavailable","Harvest documentation snapshot","Management/CMS, Import, Export and Agent flows require credentials and product scope distinct from the Public API."
"Export API","Export API > Working within the Workspace","Get Workspace Items By Track","GET","{HM_ExportAPI_URL}/getworkspacetrackitems/{HM_ExportAPI_SessionToken}/{TrackID}/{Format}","getworkspacetrackitems","Separate API family","Static only — dedicated credentials unavailable","Harvest documentation snapshot","Management/CMS, Import, Export and Agent flows require credentials and product scope distinct from the Public API."
"Export API","Export API > Working within the Workspace","Get Workspace Download","POST","{HM_ExportAPI_URL}/getmusicdownload/{HM_ExportAPI_SessionToken}","getmusicdownload","Separate API family","Static only — dedicated credentials unavailable","Harvest documentation snapshot","Management/CMS, Import, Export and Agent flows require credentials and product scope distinct from the Public API."
"Export API","Export API > Working within the Workspace","Set Album Tag","POST","{HM_ExportAPI_URL}/setalbumtag/{HM_ExportAPI_SessionToken}","setalbumtag","Separate API family","Static only — dedicated credentials unavailable","Harvest documentation snapshot","Management/CMS, Import, Export and Agent flows require credentials and product scope distinct from the Public API."
"Export API","Export API > Working within the Workspace","Remove Album Tag","POST","{HM_ExportAPI_URL}/removealbumtag/{HM_ExportAPI_SessionToken}","removealbumtag","Separate API family","Static only — dedicated credentials unavailable","Harvest documentation snapshot","Management/CMS, Import, Export and Agent flows require credentials and product scope distinct from the Public API."
"Export API","Export API > Working within the Workspace","Upsert Track Categories","POST","{HM_ExportAPI_URL}/bulkupserttrackcategories/{HM_ExportAPI_SessionToken}","bulkupserttrackcategories","Separate API family","Static only — dedicated credentials unavailable","Harvest documentation snapshot","Management/CMS, Import, Export and Agent flows require credentials and product scope distinct from the Public API."
"Import API","Import API > Getting Started","Get Access Token","GET","{HM_ImportAPI_URL}/getaccesstoken","getaccesstoken","Separate API family","Static only — dedicated credentials unavailable","Harvest documentation snapshot","Management/CMS, Import, Export and Agent flows require credentials and product scope distinct from the Public API."
"Import API","Import API > Getting Started","Get Session Token","GET","{HM_ImportAPI_URL}/getsessiontoken/{HM_ImportAPI_AccessToken}/{Username}/{Password}","getsessiontoken","Separate API family","Static only — dedicated credentials unavailable","Harvest documentation snapshot","Management/CMS, Import, Export and Agent flows require credentials and product scope distinct from the Public API."
"Import API","Import API > Getting Started","Expire Session Token","GET","{HM_ImportAPI_URL}/expiretoken/{HM_ImportAPI_SessionToken}","expiretoken","Separate API family","Static only — dedicated credentials unavailable","Harvest documentation snapshot","Management/CMS, Import, Export and Agent flows require credentials and product scope distinct from the Public API."
"Import API","Import API > Working within the Workspace > Labels/Libraries","Get Labels/Libraries","GET","{HM_ImportAPI_URL}/getlibraries/{HM_ImportAPI_SessionToken}","getlibraries","Separate API family","Static only — dedicated credentials unavailable","Harvest documentation snapshot","Management/CMS, Import, Export and Agent flows require credentials and product scope distinct from the Public API."
"Import API","Import API > Working within the Workspace > Labels/Libraries","Create Label/Library","POST","{HM_ImportAPI_URL}/library/{HM_ImportAPI_SessionToken}/insert","library","Separate API family","Static only — dedicated credentials unavailable","Harvest documentation snapshot","Management/CMS, Import, Export and Agent flows require credentials and product scope distinct from the Public API."
"Import API","Import API > Working within the Workspace > Labels/Libraries","Update Label/Library","POST","{HM_ImportAPI_URL}/library/{HM_ImportAPI_SessionToken}/update","library","Separate API family","Static only — dedicated credentials unavailable","Harvest documentation snapshot","Management/CMS, Import, Export and Agent flows require credentials and product scope distinct from the Public API."
"Import API","Import API > Working within the Workspace > Albums","Get Albums By Workspace State","POST","{HM_ImportAPI_URL}/getalbumsbyworkspacestate/{HM_ImportAPI_SessionToken}","getalbumsbyworkspacestate","Separate API family","Static only — dedicated credentials unavailable","Harvest documentation snapshot","Management/CMS, Import, Export and Agent flows require credentials and product scope distinct from the Public API."
"Import API","Import API > Working within the Workspace > Albums","Create Album","POST","{HM_ImportAPI_URL}/album/{HM_ImportAPI_SessionToken}/insert","album","Separate API family","Static only — dedicated credentials unavailable","Harvest documentation snapshot","Management/CMS, Import, Export and Agent flows require credentials and product scope distinct from the Public API."
"Import API","Import API > Working within the Workspace > Albums","Update Album","POST","{HM_ImportAPI_URL}/album/{HM_ImportAPI_SessionToken}/update","album","Separate API family","Static only — dedicated credentials unavailable","Harvest documentation snapshot","Management/CMS, Import, Export and Agent flows require credentials and product scope distinct from the Public API."
"Import API","Import API > Working within the Workspace > Albums","Remove Album","DELETE","{HM_ImportAPI_URL}/album/{HM_ImportAPI_SessionToken}/{AlbumIdentity}","album","Separate API family","Static only — dedicated credentials unavailable","Harvest documentation snapshot","Management/CMS, Import, Export and Agent flows require credentials and product scope distinct from the Public API."
"Import API","Import API > Working within the Workspace > Albums","Get Album Asset Upload URL","POST","{HM_ImportAPI_URL}/getpresigneduploadurl/{HM_ImportAPI_SessionToken}","getpresigneduploadurl","Separate API family","Static only — dedicated credentials unavailable","Harvest documentation snapshot","Management/CMS, Import, Export and Agent flows require credentials and product scope distinct from the Public API."
"Import API","Import API > Working within the Workspace > Albums","Confirm Album Asset Upload Complete","POST","{HM_ImportAPI_URL}/confirmpresignedupload/{HM_ImportAPI_SessionToken}","confirmpresignedupload","Separate API family","Static only — dedicated credentials unavailable","Harvest documentation snapshot","Management/CMS, Import, Export and Agent flows require credentials and product scope distinct from the Public API."
"Import API","Import API > Working within the Workspace > Albums","Set External Album Asset (URL)","POST","{HM_ImportAPI_URL}/setasseturl/{HM_ImportAPI_SessionToken}","setasseturl","Separate API family","Static only — dedicated credentials unavailable","Harvest documentation snapshot","Management/CMS, Import, Export and Agent flows require credentials and product scope distinct from the Public API."
"Import API","Import API > Working within the Workspace > Albums","Set External Album Asset (Amazon S3)","POST","{HM_ImportAPI_URL}/setexternals3asset/{HM_ImportAPI_SessionToken}","setexternals3asset","Separate API family","Static only — dedicated credentials unavailable","Harvest documentation snapshot","Management/CMS, Import, Export and Agent flows require credentials and product scope distinct from the Public API."
"Import API","Import API > Working within the Workspace > Tracks","Get Attribute Types","GET","{HM_ImportAPI_URL}/getattributetypes/{HM_ImportAPI_SessionToken}","getattributetypes","Separate API family","Static only — dedicated credentials unavailable","Harvest documentation snapshot","Management/CMS, Import, Export and Agent flows require credentials and product scope distinct from the Public API."
"Import API","Import API > Working within the Workspace > Tracks","Get Tracks By Workspace Album & State","POST","{HM_ImportAPI_URL}/getalbumtracksbyworkspacestate/{HM_ImportAPI_SessionToken}","getalbumtracksbyworkspacestate","Separate API family","Static only — dedicated credentials unavailable","Harvest documentation snapshot","Management/CMS, Import, Export and Agent flows require credentials and product scope distinct from the Public API."
"Import API","Import API > Working within the Workspace > Tracks","Create Track","POST","{HM_ImportAPI_URL}/track/{HM_ImportAPI_SessionToken}/insert","track","Separate API family","Static only — dedicated credentials unavailable","Harvest documentation snapshot","Management/CMS, Import, Export and Agent flows require credentials and product scope distinct from the Public API."
"Import API","Import API > Working within the Workspace > Tracks","Update Track","POST","{HM_ImportAPI_URL}/track/{HM_ImportAPI_SessionToken}/update","track","Separate API family","Static only — dedicated credentials unavailable","Harvest documentation snapshot","Management/CMS, Import, Export and Agent flows require credentials and product scope distinct from the Public API."
"Import API","Import API > Working within the Workspace > Tracks","Remove Track","DELETE","{HM_ImportAPI_URL}/track/{HM_ImportAPI_SessionToken}/{TrackIdentity}","track","Separate API family","Static only — dedicated credentials unavailable","Harvest documentation snapshot","Management/CMS, Import, Export and Agent flows require credentials and product scope distinct from the Public API."
"Import API","Import API > Working within the Workspace > Tracks","Move Tracks On Import Album","POST","{HM_ImportAPI_URL}/track/{HM_ImportAPI_SessionToken}/move","track","Separate API family","Static only — dedicated credentials unavailable","Harvest documentation snapshot","Management/CMS, Import, Export and Agent flows require credentials and product scope distinct from the Public API."
"Import API","Import API > Working within the Workspace > Tracks","Get Track Asset Upload URL","POST","{HM_ImportAPI_URL}/getpresigneduploadurl/{HM_ImportAPI_SessionToken}","getpresigneduploadurl","Separate API family","Static only — dedicated credentials unavailable","Harvest documentation snapshot","Management/CMS, Import, Export and Agent flows require credentials and product scope distinct from the Public API."
"Import API","Import API > Working within the Workspace > Tracks","Confirm Track Asset Upload Complete","POST","{HM_ImportAPI_URL}/confirmpresignedupload/{HM_ImportAPI_SessionToken}","confirmpresignedupload","Separate API family","Static only — dedicated credentials unavailable","Harvest documentation snapshot","Management/CMS, Import, Export and Agent flows require credentials and product scope distinct from the Public API."
"Import API","Import API > Working within the Workspace > Tracks","Set External Track Asset (URL)","POST","{HM_ImportAPI_URL}/setasseturl/{HM_ImportAPI_SessionToken}","setasseturl","Separate API family","Static only — dedicated credentials unavailable","Harvest documentation snapshot","Management/CMS, Import, Export and Agent flows require credentials and product scope distinct from the Public API."
"Import API","Import API > Working within the Workspace > Tracks","Set External Track Asset (Amazon S3)","POST","{HM_ImportAPI_URL}/setexternals3asset/{HM_ImportAPI_SessionToken}","setexternals3asset","Separate API family","Static only — dedicated credentials unavailable","Harvest documentation snapshot","Management/CMS, Import, Export and Agent flows require credentials and product scope distinct from the Public API."
"Import API","Import API > Working within the Workspace > Stems","Get Stems By Workspace Track & State","POST","{HM_ImportAPI_URL}/gettrackstemsbyworkspacestate/{HM_ImportAPI_SessionToken}","gettrackstemsbyworkspacestate","Separate API family","Static only — dedicated credentials unavailable","Harvest documentation snapshot","Management/CMS, Import, Export and Agent flows require credentials and product scope distinct from the Public API."
"Import API","Import API > Working within the Workspace > Stems","Create Stem","POST","{HM_ImportAPI_URL}/stem/{HM_ImportAPI_SessionToken}/insert","stem","Separate API family","Static only — dedicated credentials unavailable","Harvest documentation snapshot","Management/CMS, Import, Export and Agent flows require credentials and product scope distinct from the Public API."
"Import API","Import API > Working within the Workspace > Stems","Update Stem","POST","{HM_ImportAPI_URL}/stem/{HM_ImportAPI_SessionToken}/update","stem","Separate API family","Static only — dedicated credentials unavailable","Harvest documentation snapshot","Management/CMS, Import, Export and Agent flows require credentials and product scope distinct from the Public API."
"Import API","Import API > Working within the Workspace > Stems","Remove Stem","DELETE","{HM_ImportAPI_URL}/stem/{HM_ImportAPI_SessionToken}/{HM_ImportAPI_TempID}","stem","Separate API family","Static only — dedicated credentials unavailable","Harvest documentation snapshot","Management/CMS, Import, Export and Agent flows require credentials and product scope distinct from the Public API."
"Import API","Import API > Working within the Workspace > Stems","Get Stem Asset Upload URL","POST","{HM_ImportAPI_URL}/getpresigneduploadurl/{HM_ImportAPI_SessionToken}","getpresigneduploadurl","Separate API family","Static only — dedicated credentials unavailable","Harvest documentation snapshot","Management/CMS, Import, Export and Agent flows require credentials and product scope distinct from the Public API."
"Import API","Import API > Working within the Workspace > Stems","Confirm Stem Asset Upload Complete","POST","{HM_ImportAPI_URL}/confirmpresignedupload/{HM_ImportAPI_SessionToken}","confirmpresignedupload","Separate API family","Static only — dedicated credentials unavailable","Harvest documentation snapshot","Management/CMS, Import, Export and Agent flows require credentials and product scope distinct from the Public API."
"Import API","Import API > Working within the Workspace > Stems","Set External Stem Asset (URL)","POST","{HM_ImportAPI_URL}/setasseturl/{HM_ImportAPI_SessionToken}","setasseturl","Separate API family","Static only — dedicated credentials unavailable","Harvest documentation snapshot","Management/CMS, Import, Export and Agent flows require credentials and product scope distinct from the Public API."
"Import API","Import API > Working within the Workspace > Stems","Set External Stem Asset (Amazon S3)","POST","{HM_ImportAPI_URL}/setexternals3asset/{HM_ImportAPI_SessionToken}","setexternals3asset","Separate API family","Static only — dedicated credentials unavailable","Harvest documentation snapshot","Management/CMS, Import, Export and Agent flows require credentials and product scope distinct from the Public API."
"Import API","Import API > Working within the Workspace > Publishing","Publish Album & Tracks","GET","{HM_ImportAPI_URL}/album/{HM_ImportAPI_SessionToken}/{AlbumIdentity}/publish","album","Separate API family","Static only — dedicated credentials unavailable","Harvest documentation snapshot","Management/CMS, Import, Export and Agent flows require credentials and product scope distinct from the Public API."
"Import API","Import API > Working within the Workspace > Publishing","Publish Track On Imported Album","GET","{HM_ImportAPI_URL}/track/{HM_ImportAPI_SessionToken}/{TrackIdentity}/publish","track","Separate API family","Static only — dedicated credentials unavailable","Harvest documentation snapshot","Management/CMS, Import, Export and Agent flows require credentials and product scope distinct from the Public API."
"Import API","Import API > Working within the Workspace > Publishing","Unpublish Track On Imported Album","GET","{HM_ImportAPI_URL}/track/{HM_ImportAPI_SessionToken}/{HM_ImportAPI_TrackID}/unpublish","track","Separate API family","Static only — dedicated credentials unavailable","Harvest documentation snapshot","Management/CMS, Import, Export and Agent flows require credentials and product scope distinct from the Public API."
"Import API","Import API > Working within the Workspace > Publishing","Publish Stem On Imported Track","GET","{HM_ImportAPI_URL}/stem/{HM_ImportAPI_SessionToken}/{HM_ImportAPI_StemID}/publish","stem","Separate API family","Static only — dedicated credentials unavailable","Harvest documentation snapshot","Management/CMS, Import, Export and Agent flows require credentials and product scope distinct from the Public API."
"Agent API","Agent API > Getting Started","Get Authorised","POST","{HM_IntegrationAPI_AuthUrl}","oauth2/token","Separate API family","Static only — dedicated credentials unavailable","Harvest documentation snapshot","Management/CMS, Import, Export and Agent flows require credentials and product scope distinct from the Public API."
"Agent API","Agent API > Getting Started","Get Service Token","GET","{HM_IntegrationAPI_URL}/getservicetoken","getservicetoken","Separate API family","Static only — dedicated credentials unavailable","Harvest documentation snapshot","Management/CMS, Import, Export and Agent flows require credentials and product scope distinct from the Public API."
"Agent API","Agent API > Getting Started","Get Service Token Info","GET","{HM_IntegrationAPI_URL}/getservicetokeninfo/{HM_IntegrationAPI_Token}","getservicetokeninfo","Separate API family","Static only — dedicated credentials unavailable","Harvest documentation snapshot","Management/CMS, Import, Export and Agent flows require credentials and product scope distinct from the Public API."
"Agent API","Agent API > Getting Started","Get Service Info (Download formats & URL)","GET","{HM_IntegrationAPI_URL}/getserviceinfo/{HM_IntegrationAPI_Token}","getserviceinfo","Separate API family","Static only — dedicated credentials unavailable","Harvest documentation snapshot","Management/CMS, Import, Export and Agent flows require credentials and product scope distinct from the Public API."
"Agent API","Agent API > Getting Started","Expire Service Token","GET","{HM_IntegrationAPI_URL}/expiretoken/{HM_IntegrationAPI_Token}","expiretoken","Separate API family","Static only — dedicated credentials unavailable","Harvest documentation snapshot","Management/CMS, Import, Export and Agent flows require credentials and product scope distinct from the Public API."
"Agent API","Agent API > Working within the Workspace","Get Labels/Libraries","GET","{HM_IntegrationAPI_URL}/getlibraries/{HM_IntegrationAPI_Token}","getlibraries","Separate API family","Static only — dedicated credentials unavailable","Harvest documentation snapshot","Management/CMS, Import, Export and Agent flows require credentials and product scope distinct from the Public API."
"Agent API","Agent API > Working within the Workspace","Get Labels/Libraries By Tag","POST","{HM_IntegrationAPI_URL}/getlibrariesbytag/{HM_IntegrationAPI_Token}","getlibrariesbytag","Separate API family","Static only — dedicated credentials unavailable","Harvest documentation snapshot","Management/CMS, Import, Export and Agent flows require credentials and product scope distinct from the Public API."
"Agent API","Agent API > Working within the Workspace","Get Albums by Workspace Status","POST","{HM_IntegrationAPI_URL}/getalbumsbyworkspacestatus/{HM_IntegrationAPI_Token}","getalbumsbyworkspacestatus","Separate API family","Static only — dedicated credentials unavailable","Harvest documentation snapshot","Management/CMS, Import, Export and Agent flows require credentials and product scope distinct from the Public API."
"Agent API","Agent API > Working within the Workspace","Get Tracks By Workspace Album","GET","{HM_IntegrationAPI_URL}/getworkspacealbumtracks/{HM_IntegrationAPI_Token}/{AlbumID}/{Format}","getworkspacealbumtracks","Separate API family","Static only — dedicated credentials unavailable","Harvest documentation snapshot","Management/CMS, Import, Export and Agent flows require credentials and product scope distinct from the Public API."
"Agent API","Agent API > Working within the Workspace","Get Management User Token","GET","{HM_IntegrationAPI_URL}/getmanagementusertoken/{HM_IntegrationAPI_Token}/{username}/{password}","getmanagementusertoken","Separate API family","Static only — dedicated credentials unavailable","Harvest documentation snapshot","Management/CMS, Import, Export and Agent flows require credentials and product scope distinct from the Public API."
"Agent API","Agent API > Working within the Workspace","Get Management User Download","POST","{HM_IntegrationAPI_URL}/getmanagementuserdownload/{HM_IntegrationAPI_Token}","getmanagementuserdownload","Separate API family","Static only — dedicated credentials unavailable","Harvest documentation snapshot","Management/CMS, Import, Export and Agent flows require credentials and product scope distinct from the Public API."
"Agent API","Agent API > Working within the Workspace","Set Album Tag","POST","{HM_IntegrationAPI_URL}/setalbumtag/{HM_IntegrationAPI_Token}","setalbumtag","Separate API family","Static only — dedicated credentials unavailable","Harvest documentation snapshot","Management/CMS, Import, Export and Agent flows require credentials and product scope distinct from the Public API."
"Agent API","Agent API > Working within the Workspace","Remove Album Tag","POST","{HM_IntegrationAPI_URL}/removealbumtag/{HM_IntegrationAPI_Token}","removealbumtag","Separate API family","Static only — dedicated credentials unavailable","Harvest documentation snapshot","Management/CMS, Import, Export and Agent flows require credentials and product scope distinct from the Public API."
"Agent API","Agent API > Working within the Workspace","Set Library Tag","POST","{HM_IntegrationAPI_URL}/setlibrarytag/{HM_IntegrationAPI_Token}","setlibrarytag","Separate API family","Static only — dedicated credentials unavailable","Harvest documentation snapshot","Management/CMS, Import, Export and Agent flows require credentials and product scope distinct from the Public API."
"Agent API","Agent API > Working within the Workspace","Remove Library Tag","POST","{HM_IntegrationAPI_URL}/removelibrarytag/{HM_IntegrationAPI_Token}","removelibrarytag","Separate API family","Static only — dedicated credentials unavailable","Harvest documentation snapshot","Management/CMS, Import, Export and Agent flows require credentials and product scope distinct from the Public API."
